-- phpMyAdmin SQL Dump
-- version 4.9.5deb2
-- https://www.phpmyadmin.net/
--
-- Hôte : localhost:3306
-- Généré le : ven. 30 avr. 2021 à 00:56
-- Version du serveur :  8.0.23-0ubuntu0.20.04.1
-- Version de PHP : 7.4.3

SET SQL_MODE = "NO_AUTO_VALUE_ON_ZERO";
SET AUTOCOMMIT = 0;
START TRANSACTION;
SET time_zone = "+00:00";


/*!40101 SET @OLD_CHARACTER_SET_CLIENT=@@CHARACTER_SET_CLIENT */;
/*!40101 SET @OLD_CHARACTER_SET_RESULTS=@@CHARACTER_SET_RESULTS */;
/*!40101 SET @OLD_COLLATION_CONNECTION=@@COLLATION_CONNECTION */;
/*!40101 SET NAMES utf8mb4 */;

--
-- Base de données : `asma`
--
CREATE DATABASE IF NOT EXISTS `asma` DEFAULT CHARACTER SET utf8mb4 COLLATE utf8mb4_0900_ai_ci;
USE `asma`;

-- --------------------------------------------------------

--
-- Structure de la table `contact`
--

CREATE TABLE `contact` (
  `id` int NOT NULL,
  `nom` varchar(255) CHARACTER SET utf8mb4 COLLATE utf8mb4_unicode_ci NOT NULL,
  `prenom` varchar(255) CHARACTER SET utf8mb4 COLLATE utf8mb4_unicode_ci NOT NULL,
  `email` varchar(255) CHARACTER SET utf8mb4 COLLATE utf8mb4_unicode_ci NOT NULL,
  `fonction` varchar(255) CHARACTER SET utf8mb4 COLLATE utf8mb4_unicode_ci NOT NULL,
  `type` int NOT NULL,
  `entreprise_id` int NOT NULL,
  `telephone` varchar(255) CHARACTER SET utf8mb4 COLLATE utf8mb4_unicode_ci NOT NULL
) ENGINE=InnoDB DEFAULT CHARSET=utf8mb4 COLLATE=utf8mb4_unicode_ci;

--
-- Déchargement des données de la table `contact`
--

INSERT INTO `contact` (`id`, `nom`, `prenom`, `email`, `fonction`, `type`, `entreprise_id`, `telephone`) VALUES
(2, 'Ndiaye', 'Ousmane', 'ndiaye@gmail.com', 'DAF', 1, 4, '775142365'),
(3, 'Mané', 'Yankhoba', 'yanmane@gmail.com', 'Responsable recrutement', 1, 5, '775142367'),
(4, 'Ndaw', 'Ibou', 'ndawIbou@gmail.com', 'Vice president', 1, 6, '775142363'),
(5, 'Cissé', 'Awa', 'cissAwa@gmail.com', 'Vice president', 1, 7, '775142363'),
(6, 'Ndoye', 'Assane', 'azou@gmail.com', 'DAF', 1, 8, '775192363'),
(7, 'Diop', 'Astou', 'diop@gmail.com', 'DG', 1, 9, '77 054 12 95'),
(8, 'Ndiaye', 'Abou', 'ndiayeabou@gmail.com', 'DAF', 1, 11, '775551235'),
(9, 'Ndoye', 'Assane', 'azouuu@gmail.com', 'Vice president', 1, 12, '775551231'),
(10, 'Mendes', 'David', 'DM@gmail.com', 'DRH', 1, 13, '775551232'),
(11, 'Mbaye', 'Omar', 'mbayeOmar@gmail.com', 'DAF', 1, 15, '775551233'),
(12, 'Ly', 'Yaya', 'yayaLy@hmail.com', 'DAF', 1, 16, '775551234'),
(13, 'Balde', 'Saliouf', 'balde@gmail.com', 'DAF', 1, 17, '775551236'),
(14, 'Ndiaye', 'Amadou', 'ndiayeAM@gmail.com', 'DAF', 1, 18, '775551237'),
(15, 'Ndiaye', 'Astou', 'ndiayeAs@gmail.com', 'DAF', 1, 19, '775551238'),
(18, 'Ndiaye', 'Aliou', 'aliouNdiaye@gmail.com', 'DRH', 1, 4, '7742056338'),
(19, 'Diagne', 'Modou', 'diagneMdou@gmail.com', 'Consultant', 1, 4, '774238965'),
(20, 'Diop', 'Omar', 'diopOmr28@gmail.com', 'Vice président', 1, 4, '777025869'),
(21, 'Faye', 'Amy', 'ddddd@gmail.com', 'qsde', 1, 4, '7785412635'),
(32, 'Mbaye', 'Aminata', 'astoumb@gmail.com', 'DAF', 1, 35, '775423697'),
(33, 'Amadou', 'Ndiaye', 'ndiayeama@gmail.com', 'DRH', 1, 35, '77452689'),
(34, 'Mbaye', 'Assane', 'mbaye@odc.com', 'DAF', 1, 5, '778546325'),
(35, 'Diouf', 'Adja', 'dioufAdja@gmail.com', 'DRH', 1, 5, '774589632'),
(36, 'GUEYE', 'Ababacar Sadikh', 'sadikhabou@gmail.com', 'Développeur', 1, 40, '775986069');

-- --------------------------------------------------------

--
-- Structure de la table `delegue_opp`
--

CREATE TABLE `delegue_opp` (
  `id` int NOT NULL,
  `collaborateur_id` int NOT NULL,
  `opportunite_id` int NOT NULL,
  `debut` date NOT NULL,
  `fin` date DEFAULT NULL,
  `status` varchar(255) CHARACTER SET utf8mb4 COLLATE utf8mb4_unicode_ci NOT NULL
) ENGINE=InnoDB DEFAULT CHARSET=utf8mb4 COLLATE=utf8mb4_unicode_ci;

--
-- Déchargement des données de la table `delegue_opp`
--

INSERT INTO `delegue_opp` (`id`, `collaborateur_id`, `opportunite_id`, `debut`, `fin`, `status`) VALUES
(15, 21, 28, '2020-02-26', '2020-04-12', 'end'),
(16, 36, 28, '2020-02-26', NULL, 'actif');

-- --------------------------------------------------------

--
-- Structure de la table `departement`
--

CREATE TABLE `departement` (
  `id` int NOT NULL,
  `libelle` varchar(255) CHARACTER SET utf8mb4 COLLATE utf8mb4_unicode_ci NOT NULL,
  `nom` varchar(255) CHARACTER SET utf8mb4 COLLATE utf8mb4_unicode_ci DEFAULT NULL
) ENGINE=InnoDB DEFAULT CHARSET=utf8mb4 COLLATE=utf8mb4_unicode_ci;

--
-- Déchargement des données de la table `departement`
--

INSERT INTO `departement` (`id`, `libelle`, `nom`) VALUES
(11, 'Audit', 'Audit'),
(12, 'Conseil', 'Consultant'),
(13, 'Juridique fiscal', 'Consultant'),
(14, 'Expertise comptable', 'Comptable'),
(15, 'Administration', 'Admin');

-- --------------------------------------------------------

--
-- Structure de la table `design_collabs`
--

CREATE TABLE `design_collabs` (
  `id` int NOT NULL,
  `dossier_client_id` int NOT NULL,
  `collaborateur_id` int DEFAULT NULL,
  `date_designation` datetime DEFAULT NULL,
  `date_fin` datetime DEFAULT NULL,
  `emetteur_id` int DEFAULT NULL,
  `admin_id` int DEFAULT NULL
) ENGINE=InnoDB DEFAULT CHARSET=utf8mb4 COLLATE=utf8mb4_unicode_ci;

--
-- Déchargement des données de la table `design_collabs`
--

INSERT INTO `design_collabs` (`id`, `dossier_client_id`, `collaborateur_id`, `date_designation`, `date_fin`, `emetteur_id`, `admin_id`) VALUES
(1, 1, 22, '2020-05-09 16:54:08', NULL, 7, 1),
(2, 2, NULL, NULL, NULL, 7, NULL),
(3, 3, 38, '2020-05-12 01:03:41', '2020-05-25 17:40:26', 4, 1),
(4, 4, 21, '2020-05-12 02:12:02', '2020-05-19 15:36:19', 4, 1),
(5, 5, 21, '2020-05-12 21:13:12', '2020-05-15 11:46:30', 4, 1),
(6, 6, NULL, NULL, NULL, 5, NULL),
(7, 7, 38, '2020-05-15 12:43:57', '2020-05-26 16:17:55', 4, 1),
(8, 8, 21, NULL, '2020-05-14 21:21:18', 4, 1),
(9, 9, 21, NULL, '2020-05-14 23:25:12', 4, 1),
(10, 10, 37, '2020-05-15 11:13:00', '2020-05-15 11:30:42', 5, 1),
(11, 11, 21, '2020-05-15 14:59:24', NULL, 4, 1),
(12, 12, 21, '2020-05-15 23:23:40', '2020-05-16 18:13:21', 4, 1),
(13, 13, 21, '2020-05-19 15:19:24', '2020-05-19 15:23:04', 7, 1),
(14, 14, 21, '2020-05-19 17:58:21', '2020-05-19 18:13:30', 4, 1),
(15, 15, 21, '2020-05-22 16:29:33', '2020-05-22 16:55:22', 4, 1),
(16, 16, 21, '2020-05-26 20:42:16', '2020-05-27 01:13:28', 4, 2),
(17, 17, 21, '2020-05-27 13:55:34', '2020-05-27 14:02:38', 7, 2),
(18, 18, 22, '2020-05-27 15:45:10', NULL, 7, 2),
(19, 19, 21, '2020-05-27 19:59:26', '2020-05-27 20:15:39', 7, 2),
(20, 20, 21, '2020-05-27 22:10:16', '2020-05-28 16:39:50', 7, 2),
(21, 21, 22, '2020-05-29 13:53:19', '2020-05-29 13:59:40', 4, 2),
(22, 22, 21, '2020-05-29 17:23:09', '2020-05-29 17:38:22', 4, 2),
(23, 23, 22, '2020-05-30 15:23:45', '2020-05-30 15:48:03', 7, 2),
(24, 24, 21, '2020-06-02 15:23:27', '2020-06-02 15:33:12', 4, 2),
(25, 25, 22, '2020-06-04 21:19:55', NULL, 7, 2),
(26, 26, 21, '2020-06-05 17:04:35', '2020-06-05 17:17:16', 7, 2),
(27, 27, 21, '2020-07-13 14:13:44', '2020-07-13 14:19:06', 4, 2);

-- --------------------------------------------------------

--
-- Structure de la table `disc_groupe`
--

CREATE TABLE `disc_groupe` (
  `id` int NOT NULL,
  `createur_id` int DEFAULT NULL,
  `nom` varchar(255) CHARACTER SET utf8mb4 COLLATE utf8mb4_unicode_ci NOT NULL,
  `date` date NOT NULL,
  `identifiant` varchar(255) CHARACTER SET utf8mb4 COLLATE utf8mb4_unicode_ci NOT NULL
) ENGINE=InnoDB DEFAULT CHARSET=utf8mb4 COLLATE=utf8mb4_unicode_ci;

-- --------------------------------------------------------

--
-- Structure de la table `document_client`
--

CREATE TABLE `document_client` (
  `id` int NOT NULL,
  `emetteur_id` int NOT NULL,
  `datenvoie` datetime NOT NULL,
  `datereception` datetime DEFAULT NULL,
  `statut` tinyint(1) NOT NULL,
  `fichiers` json NOT NULL,
  `message` varchar(255) CHARACTER SET utf8mb4 COLLATE utf8mb4_unicode_ci DEFAULT NULL,
  `collaborateur_id` int DEFAULT NULL
) ENGINE=InnoDB DEFAULT CHARSET=utf8mb4 COLLATE=utf8mb4_unicode_ci;

--
-- Déchargement des données de la table `document_client`
--

INSERT INTO `document_client` (`id`, `emetteur_id`, `datenvoie`, `datereception`, `statut`, `fichiers`, `message`, `collaborateur_id`) VALUES
(3, 4, '2020-05-02 18:43:34', NULL, 1, '[[\"Plan.docx\", \"b8b4cf5626878c5ec677d94ae99c833b.bin\"], [\"referencement.pdf\", \"2678b31af657d7f896ba413b8b7848e8.pdf\"]]', 'texte 1', 21),
(9, 4, '2020-05-03 20:10:44', NULL, 1, '[[\"Plan.docx\", \"c1a5a1e0cd6cd7dde1ac5349cd9c1110.bin\"], [\"loginadmin.png\", \"a8708832c0d677051b456c2f1717d9cd.png\"]]', 'azertyuoopp', 22),
(10, 5, '2020-05-04 15:08:09', NULL, 1, '[[\"uml.png\", \"0cb39c3bf87804984b483fee77781a33.png\"]]', 'Message concerné', 37),
(12, 4, '2020-05-07 00:57:18', NULL, 1, '[[\"ebook_referencement.pdf\", \"7c9d1458c6f4cfc70c898b123c782341.pdf\"], [\"Screenshot_20200202-145941_WhatsApp.jpg\", \"03dacae146f64059e1f954df56c9eae0.jpeg\"]]', 'Demande de clientel', 22),
(13, 4, '2020-05-07 01:48:30', '2020-05-08 10:54:59', 0, '[[\"mode_edit_grey_24x24.png\", \"695529f73b50cfacd57c2b8be33b8045.png\"]]', 'Mesage concerné', 37),
(14, 4, '2020-05-07 15:21:11', '2020-05-08 10:56:27', 0, '[[\"mode_edit_grey_24x24.png\", \"7fd75bb32c90e009e735483508ffd212.png\"]]', 'Mesage concerné', 37),
(15, 4, '2020-05-07 16:22:33', NULL, 1, '[[\"CERTIFICATION DEV WEB MOBILE.pdf\", \"310ec9b351a6b4c69c7e7a6946a3fd41.pdf\"]]', 'Pastel', 22),
(16, 4, '2020-05-07 16:50:35', NULL, 1, '[[\"Chambre.sql\", \"318f9d7710ec12fa267d7aa03e542c88.\"]]', 'Dans la perspective à contribuer au débat qui consiste à faire de vous des hommes de valeurs morales et spirituelles capable de servir justement fidèlement et sincèrement', 22),
(17, 4, '2020-05-07 20:35:33', NULL, 1, '[[\"document.pdf\", \"d1db09e1b14e164f4483f788aa3a69ec.pdf\"]]', 'demande d\'expert comptable', 39),
(18, 4, '2020-05-08 12:17:27', NULL, 1, '[[\"apprenant.php\", \"43f4a7b697822fd172b980a4a2ab082f.\"]]', 'Test nouveau form', 21),
(19, 5, '2020-05-08 14:11:02', NULL, 1, '[[\"apprenant.php\", \"d7eecb17338f8cd914d465961764d296.\"], [\"javaconnectBD.txt\", \"dfc2d94d290b8407fd25d676281d7436.txt\"]]', 'azerty', 37);

-- --------------------------------------------------------

--
-- Structure de la table `document_client_user`
--

CREATE TABLE `document_client_user` (
  `document_client_id` int NOT NULL,
  `user_id` int NOT NULL
) ENGINE=InnoDB DEFAULT CHARSET=utf8mb4 COLLATE=utf8mb4_unicode_ci;

--
-- Déchargement des données de la table `document_client_user`
--

INSERT INTO `document_client_user` (`document_client_id`, `user_id`) VALUES
(10, 1),
(10, 2),
(10, 20),
(10, 23),
(10, 24),
(10, 36),
(12, 1),
(12, 2),
(12, 20),
(12, 23),
(12, 24),
(12, 36),
(13, 1),
(13, 2),
(13, 20),
(13, 23),
(13, 24),
(13, 36),
(14, 1),
(14, 2),
(14, 20),
(14, 23),
(14, 24),
(14, 36),
(15, 1),
(15, 2),
(15, 20),
(15, 23),
(15, 24),
(15, 36),
(16, 1),
(16, 2),
(16, 20),
(16, 23),
(16, 24),
(16, 36),
(17, 1),
(17, 2),
(17, 20),
(17, 23),
(17, 24),
(17, 36),
(18, 1),
(18, 2),
(18, 20),
(18, 23),
(18, 24),
(18, 36),
(19, 1),
(19, 2),
(19, 20),
(19, 23),
(19, 24),
(19, 36);

-- --------------------------------------------------------

--
-- Structure de la table `dossier_client`
--

CREATE TABLE `dossier_client` (
  `id` int NOT NULL,
  `admin_id` int DEFAULT NULL,
  `emetteur_id` int NOT NULL,
  `titre` varchar(255) CHARACTER SET utf8mb4 COLLATE utf8mb4_unicode_ci NOT NULL,
  `message` varchar(255) CHARACTER SET utf8mb4 COLLATE utf8mb4_unicode_ci NOT NULL,
  `fichiers` json NOT NULL,
  `date_envoie` datetime NOT NULL,
  `date_reception` datetime DEFAULT NULL,
  `status` varchar(255) CHARACTER SET utf8mb4 COLLATE utf8mb4_unicode_ci NOT NULL,
  `progression` int NOT NULL,
  `fichier_traite` json DEFAULT NULL,
  `message_rec` varchar(255) CHARACTER SET utf8mb4 COLLATE utf8mb4_unicode_ci DEFAULT NULL
) ENGINE=InnoDB DEFAULT CHARSET=utf8mb4 COLLATE=utf8mb4_unicode_ci;

--
-- Déchargement des données de la table `dossier_client`
--

INSERT INTO `dossier_client` (`id`, `admin_id`, `emetteur_id`, `titre`, `message`, `fichiers`, `date_envoie`, `date_reception`, `status`, `progression`, `fichier_traite`, `message_rec`) VALUES
(1, 1, 7, 'Demande d\'audit imédiat', 'Lorem ipsum dolor sit amet, consectetur adipiscing elit. Integer eu eros nec nisl placerat dignissim. Vivamus vestibulum finibus magna sit amet egestas. Praesent vehicula neque aliquet magna finibus, eu auctor elit ultricies.', '[[\"projet-fil rouge.pdf\", \"e8cc65f8a2cdd22e033630d87f421c35.pdf\"], [\"SoleilCifres.csv\", \"0ddf04c5804037ac18a13c3ce0afeff1.txt\"]]', '2020-05-09 15:24:13', NULL, 'DA', 47, NULL, NULL),
(2, NULL, 7, 'Demande de comptable', 'Lorem ipsum dolor sit amet, consectetur adipiscing elit. Integer eu eros nec nisl placerat dignissim. Vivamus vestibulum finibus magna sit amet egestas. Praesent vehicula neque aliquet magna finibus, eu auctor elit ultricies.', '[[\"document.pdf\", \"ed24f1317c6408a77f6385fc2aceb07b.pdf\"]]', '2020-05-10 01:50:43', NULL, 'DS', 0, NULL, NULL),
(3, 1, 4, 'Demande de test', 'Le lorem ipsum est, en imprimerie, une suite de mots sans signification utilisée à titre provisoire pour calibrer une mise en page, le texte définitif venant remplacer le faux-texte dès qu\'il est prêt ou que la mise en page est achevée.', '[[\"e-tontine(1).pdf\", \"eb7e61a800a3ecfce4149333df57ca90.pdf\"], [\"apprenant.php\", \"3fd9e1ed510bcddeb836e4cf0319b74e.\"]]', '2020-05-10 02:50:00', '2020-05-25 17:40:26', 'DR', 100, '[[\"Administration des bases de donnés.pdf\", \"f93cd918f184f53cc40ae63bb2a18aaa.pdf\"], [\"CERTIFICATION DEV WEB MOBILE.pdf\", \"ca12d5823f72c06b1f699db62406f521.pdf\"]]', 'This example will write a link to either W3Schools or to the World Wildlife Foundation (WWF). By using a random number, there is a 50% chance for each of the links.'),
(4, 1, 4, 'Anti const', 'Azerty', '[[\"Plan.docx\", \"2702aeb16e50e876fee037a7a6870046.bin\"]]', '2020-05-10 15:51:29', '2020-05-19 15:36:19', 'DR', 100, '[[\"projet php 2.docx\", \"25a7ab187e96525cfee6f97bf2fe48d7.bin\"]]', 'Alii summum decus in carruchis solito altioribus et ambitioso vestium cultu ponentes sudant sub ponderibus lacernarum, quas in collis insertas cingulis ipsis adnectunt nimia subtegminum tenuitate perflabiles'),
(5, 1, 4, 'Conseil en Si', 'control values and listening to select control changes. The value accessor is used by the FormControlDirective FormControlName , and NgModel directives.', '[[\"basejava.odt\", \"5f67288c64827fbf3eba7f00f01d5d98.odt\"]]', '2020-05-12 20:49:59', '2020-05-15 11:46:30', 'DR', 100, NULL, NULL),
(6, NULL, 5, 'Demande d\'audit', 'Le lorem ipsum est, en imprimerie, une suite de mots sans signification utilisée à titre provisoire pour calibrer une mise en page, le texte définitif venant remplacer le faux-texte dès qu\'il est prêt ou que la mise en page est achevée', '[[\"Plan.docx\", \"25fb24d39f8995ec9c277cec0d33c8e3.bin\"], [\"referencement.pdf\", \"7e39e36ba06b58e2565eb21c2fcf14c1.pdf\"]]', '2020-05-12 22:48:37', NULL, 'DS', 0, NULL, NULL),
(7, 1, 4, 'Demande de Test SI', 'Lorem ipsum dolor sit amet, consectetur adipiscing elit. Integer eu eros nec nisl placerat dignissim. Vivamus vestibulum finibus magna sit amet egestas. Praesent vehicula neque aliquet magna finibus, eu auctor elit ultricies.', '[[\"GUEYE ,Sadikh,Ababacar.txt\", \"08847a137d8281962a2ccfbc089435b0.txt\"], [\"attestation de passage DST1.jpg\", \"295c2a47c45bf2a8193bd7b7ba161dc7.jpeg\"]]', '2020-05-13 16:25:44', '2020-05-26 16:17:55', 'DR', 100, '[[\"CoudPAN.pdf\", \"618f1d94c038c905201265d666eb2ca7.pdf\"], [\"CERTIFICATION DEV WEB MOBILE.pdf\", \"424cceb8f1765b0fadc3104546f9cb13.pdf\"], [\"sujetDeStage.docx\", \"a10911774ea3c8a2cc31c14b3db4b86b.bin\"], [\"assane.sql\", \"1608be7d4a41359c53a45951c50c7894.txt\"]]', 'Latin words, combined with a handful of model sentence structures, to generate Lorem Ipsum which looks reasonable. The generated Lorem Ipsum is therefore always free from repetition, injected humour, or non-characteristic words etc.'),
(8, 1, 4, 'Demande Si', 'Tres bien', '[[\"SujetDeStage.docx\", \"276895eccf6008e1ebbf4987418feaa6.bin\"]]', '2020-05-14 15:11:29', '2020-05-14 21:21:18', 'DR', 100, NULL, NULL),
(9, 1, 4, 'Création', 'uojb', '[[\"sujetDeStage.docx\", \"d6c1f257a25702758106a9a4df375b57.bin\"]]', '2020-05-14 22:33:20', '2020-05-14 23:25:12', 'DR', 100, NULL, NULL),
(10, 1, 5, 'Document A', 'L’hypocrisie ou ñaak xam-xam chez les soit disant intellectuelles\nL’état n’a pas fermé les frontières très tôt;\nL’état n’a pas bien distribué les vivres;', '[[\"Plan.docx\", \"76e3356ff0c4b367434a98e54d37d7bd.bin\"]]', '2020-05-15 11:06:13', '2020-05-15 11:30:42', 'DR', 100, NULL, NULL),
(11, 1, 4, 'Qsdfer', 'text A', '[[\"ebook_referencement.pdf\", \"51f277792da4837303c8482e3d7a2e69.pdf\"]]', '2020-05-15 14:53:02', NULL, 'DV', 100, '[]', NULL),
(12, 1, 4, 'Dans la Perspective', 'Dans la perspective à contribuer au débat qui consiste à faire de vous des hommes de valeurs morales et sprituelles, d\'aucuns ont orienté la réfléxion sur ...', '[[\"sujetDeStage.docx\", \"c03ddea8291615d7e2cce47df0379c30.bin\"], [\"Plan.docx\", \"262585c376a693e530ccdda46692f842.bin\"]]', '2020-05-15 23:22:36', '2020-05-16 18:13:21', 'DR', 100, '[[\"CUE.odt\", \"5eb2591caa101bfe683e0f01d6fa62b1.odt\"]]', 'Le lorem ipsum est, en imprimerie, une suite de mots sans signification utilisée à titre provisoire pour calibrer une mise en page, le texte définitif venant remplacer le faux-texte'),
(13, 1, 7, 'Demande renouvellement', 'Nemo quaeso miretur, si post exsudatos labores itinerum longos congestosque adfatim commeatus fiducia vestri ductante barbaricos pagos adventans velut mutato repente consilio ad placidiora deverti.', '[[\"TD Boucles.docx\", \"d43de4a72ec8b4664fd65fe28fd3de23.docx\"]]', '2020-05-19 15:18:54', '2020-05-19 15:23:04', 'DR', 100, '[[\"exemple.odt\", \"dce971a19893daffa332bb1ceaeebccb.odt\"]]', 'Eodem tempore etiam Hymetii praeclarae indolis viri negotium est actitatum, cuius hunc novimus esse textum. cum Africam pro consule regeret Carthaginiensibus victus inopia iam lassatis, '),
(14, 1, 4, 'Nouvelle Demande', 'azertyuiopd,', '[[\"TD Boucles.docx\", \"7121000b8a2ad8a9e27a6c2a63c5cba7.docx\"]]', '2020-05-19 17:54:50', '2020-05-19 18:13:30', 'DR', 100, '[[\"CUE.odt\", \"336ddf880d9b5004aa5c9df352c9d6db.odt\"]]', 'description fin'),
(15, 1, 4, 'Test A', 'text', '[[\"sujetDeStage.docx\", \"47854c266cb3a381b6b83a663c32d60b.bin\"]]', '2020-05-22 16:27:22', '2020-05-22 16:55:22', 'DR', 100, '[[\"Plan.docx\", \"f38f4624a291451e4d707d24c9ce5c2e.bin\"], [\"CoudPAN.pdf\", \"29f866b29fd0b36e9012930ba8a6fd86.pdf\"]]', 'travail fait'),
(16, 2, 4, 'Test Numero Z', 'The props of the ButtonBase component are also available. You can take advantage of this behavior to target nested components.', '[[\"sujetDeStage.docx\", \"e8592e2610368e98cd0b299ba731428a.bin\"]]', '2020-05-26 20:34:17', '2020-05-27 01:13:28', 'DR', 100, '[[\"sujetDeStage.docx\", \"b7deccc62e732dcb028493364b80e041.bin\"], [\"Plan.docx\", \"1d72cec03e3ecc4dadb4c8d99b8c1aa2.bin\"], [\"referencement.pdf\", \"061a0a0a24fa7d89466feaced1ded4cc.pdf\"]]', 'Pour la couverture et la retransmission en direct sur Bichri TV de vos événements religieux (les Magals, les Gamous, les Ziarras); la couverture et la retransmission en \'\'Live & Direct\'\' de vos activités politiques'),
(17, 2, 7, 'Avant Présentation', 'A progress bar is a user interface element. It is used to show the progression for various operation performed in web, mobile or software', '[[\"CoudPAN.pdf\", \"1b7d64531edecfcef246a4575cd9d275.pdf\"]]', '2020-05-27 13:51:30', '2020-05-27 14:02:38', 'DR', 100, '[[\"CoudPAN.pdf\", \"342ceee5b30724a8af1c8b31041d6990.pdf\"], [\"sujetDeStage.docx\", \"8bf86255b74026494e39a3519bf1d104.bin\"], [\"referencement.pdf\", \"6c6d51df8b91e41ddf4d1b66eb555ce8.pdf\"]]', 'Angular Bootstrap progress bar is a component which displays a progress of a process in which user is involved. Their color, shape, and animation can be customized.'),
(18, 2, 7, 'TEst Fichier X', 'Would you like to use the template without the attribution link in the footer? Or just want to say thanks?', '[[\"sujetDeStage.docx\", \"763b9bda01d1c01a29170f9065b432cb.bin\"]]', '2020-05-27 15:44:43', NULL, 'DAV', 93, '[[\"CoudPAN.pdf\", \"6cf998656aa96bcb26440761f7e5b24c.pdf\"], [\"referencement.pdf\", \"c06d8a2692e548dcddb957edc343b7cc.pdf\"], [\"CERTIFICATION DEV WEB MOBILE.pdf\", \"c4423f98c3450a5c76d69b2e3f78d297.pdf\"]]', NULL),
(19, 2, 7, 'Test KL', 'dans lnejbhdbh', '[[\"sujetDeStage.docx\", \"70f095915a12d8b8473198eef78c978f.bin\"]]', '2020-05-27 19:58:40', '2020-05-27 20:15:39', 'DR', 100, '[[\"CoudPAN.pdf\", \"ecc52359bd46608f23f077693900123b.pdf\"], [\"referencement.pdf\", \"847dfa6ad58ad325a7a51bac7a5d4446.pdf\"]]', 'hjusdgjsdgsdfj'),
(20, 2, 7, 'Anticonstitutionnellement', 'Copyright 2019 Google LLC. All Rights Reserved. Use of this source code is governed by an MIT-style license that can be found in the LICENSE file at http://angular.io/license', '[[\"CoudPAN.pdf\", \"616f98ab0ae10e10d4b5d57b9185b70e.pdf\"]]', '2020-05-27 22:08:23', '2020-05-28 16:39:50', 'DR', 100, '[[\"sujetDeStage.docx\", \"3fcc99906504fea385e56d3d51d9c672.bin\"], [\"referencement.pdf\", \"bdb5fadefc737ac798124250fb84a801.pdf\"], [\"Administration des bases de donnés.pdf\", \"3fdd4026880182a7d8c6f84aca6dab07.pdf\"], [\"referencement.pdf\", \"5323541ccedec48e1c4c8450c2870a97.pdf\"], [\"referencement.pdf\", \"482bcee7142b697250be6ae5f6c63792.pdf\"]]', 'Copyright 2019 Google LLC. All Rights Reserved. Use of this source code is governed by an MIT-style license that can be found in the LICENSE file at http://angular.io/license'),
(21, 2, 4, 'Test Avant présentation', 'Lorem Ipsum is simply dummy text of the printing and typesetting industry. Lorem Ipsum has been the industry\'s standard dummy text ever since the 1500s,', '[[\"Yahoo Mail - DEMANDE ADMISSION UQTR - CONFIRMATION DE RECEPTION.pdf\", \"46264c6db2d6991d29c92209425b783d.pdf\"], [\"Administration des bases de donnés.pdf\", \"79dc000ebbb55d3a66986892e9988560.pdf\"], [\"referencement.pdf\", \"60fac4ee92deb86d5f1bbae4e4749f17.pdf\"]]', '2020-05-29 13:40:26', '2020-05-29 13:59:40', 'DR', 100, '[[\"CoudPAN.pdf\", \"46a5f6115ff78827966404ae13647480.pdf\"], [\"referencement.pdf\", \"8109ab2ab60685a128165e211c642220.pdf\"], [\"CoudPAN.pdf\", \"0d639a33651765613150102d9d87d1fa.pdf\"]]', 'Contrary to popular belief, Lorem Ipsum is not simply random text. It has roots in a piece of classical Latin literature from 45 BC, making it over 2000 years old.'),
(22, 2, 4, 'Test Presentation', 'text b', '[[\"CoudPAN.pdf\", \"93d2c5ec2b333677c0121c220050c145.pdf\"], [\"referencement.pdf\", \"f26b210363e94f31a79cb5c00e523167.pdf\"]]', '2020-05-29 17:20:21', '2020-05-29 17:38:22', 'DR', 100, '[[\"CoudPAN.pdf\", \"d4adc26fe8c2aa0d029a09acf3bd847e.pdf\"], [\"CERTIFICATION DEV WEB MOBILE.pdf\", \"cccbd144a4895c6e61cc10051da17a13.pdf\"]]', 'Text 5'),
(23, 2, 7, 'Derniers réglages', 'There are many variations of passages of Lorem Ipsum available, but the majority have suffered alteration in some form, by injected humour,', '[[\"CoudPAN.pdf\", \"be126713bfba73f7fb07c738aa18594e.pdf\"], [\"Administration des bases de donnés.pdf\", \"79165175c4c658ccd36f01f8673880b2.pdf\"]]', '2020-05-30 15:12:47', '2020-05-30 15:48:03', 'DR', 100, '[[\"ebook_referencement.pdf\", \"b1fce3cc03a21df2cdd09d106b952505.pdf\"], [\"Administration des bases de donnés.pdf\", \"238f14f73b70e2d5608100b2b55b9055.pdf\"]]', 'Lorem Ipsum is simply dummy text of the printing and typesetting industry. Lorem Ipsum has been the industry\'s standard dummy text ever since the 1500s'),
(24, 2, 4, 'Test N', 'text n', '[[\"complementdossier-vapp-upsaclay.docx\", \"1853dd386967069c69dfd6cef22c728b.docx\"]]', '2020-06-02 15:22:55', '2020-06-02 15:33:12', 'DR', 100, '[[\"Cours.Java1.PDF\", \"b1376c927bcbd15efa423d7f89e3d184.pdf\"], [\"CoursJava2.PDF\", \"5bc073094a8242b4dfab4ea88c9fd391.pdf\"], [\"DS_LicenceGL.pdf\", \"a6be3c711f84bf9149f03891c06e9d7f.pdf\"]]', 'azerty'),
(25, 2, 7, 'Dernier Test', 'Lorem Ipsum is simply dummy text of the printing and typesetting industry. Lorem Ipsum has been the industry\'s standard dummy text ever since the 1500s,', '[[\"Administration des bases de donnés.pdf\", \"9592012cf012ccd73ffa5d635633a924.pdf\"], [\"sujetDeStage.docx\", \"11dd441fa4d2ac925321f4c4423781fb.bin\"], [\"referencement.pdf\", \"39ac008a992af9e9f5881698e1e78130.pdf\"], [\"CoudPAN.pdf\", \"c4b580eb6b707e4c7bdc6f7edc5996dd.pdf\"], [\"Plan.docx\", \"b90e16e95ae4b90b9d68256bc83300c7.bin\"]]', '2020-06-04 21:19:15', NULL, 'DAV', 94, '[[\"sujetDeStage.docx\", \"bc7775c9dd2d4ba35cdf61dc3bf48b39.bin\"], [\"Administration des bases de donnés.pdf\", \"c06373571942fa53222c35c712a750d1.pdf\"], [\"TD BIBLIO.docx\", \"01bc156c76f21112fca0ba3cdd336c4e.docx\"], [\"ORM.pptx\", \"f0fa2f27746d01326e915c0407b7bea3.bin\"], [\"projet.docx\", \"148c648e265cba6c4566f04841ff866f.bin\"]]', NULL),
(26, 2, 7, 'azertyy', 'Lorem Ipsum is simply dummy text of the printing and typesetting industry. Lorem Ipsum has been the industry\'s standard dummy text ever since the 1500s', '[[\"CoudPAN.pdf\", \"82fa0025d11e55e6badf75bea763d0d3.pdf\"], [\"sujetDeStage.docx\", \"61357073ac95aff1a82d40fdd1249657.bin\"]]', '2020-06-05 17:02:25', '2020-06-05 17:17:16', 'DR', 100, '[[\"sujetDeStage.docx\", \"45237484ec22716ca8711ca47eda1c0e.bin\"], [\"ebook_referencement.pdf\", \"61f110aa1754fe19097806e731f1aa42.pdf\"]]', 'Lorem Ipsum is simply dummy text of the printing and typesetting industry. Lorem Ipsum has been the industry\'s standard dummy text ever since the 1500s'),
(27, 2, 4, 'Demande audit', 'azeertyvgjb', '[[\"sujetDeStage.docx\", \"d4b7e769be238f1ba958fc88d0a7fd20.bin\"], [\"CoudPAN.pdf\", \"84c449fef98fb15c710c9e0ff795dc55.pdf\"]]', '2020-07-13 14:10:56', '2020-07-13 14:19:06', 'DR', 100, '[[\"sujetDeStage.docx\", \"64613da1b5c432563fd401e0a3762190.bin\"]]', 'qzdfghjkmjhv');

-- --------------------------------------------------------

--
-- Structure de la table `dossier_client_user`
--

CREATE TABLE `dossier_client_user` (
  `dossier_client_id` int NOT NULL,
  `user_id` int NOT NULL
) ENGINE=InnoDB DEFAULT CHARSET=utf8mb4 COLLATE=utf8mb4_unicode_ci;

--
-- Déchargement des données de la table `dossier_client_user`
--

INSERT INTO `dossier_client_user` (`dossier_client_id`, `user_id`) VALUES
(1, 1),
(1, 2),
(1, 20),
(1, 23),
(1, 24),
(1, 36),
(2, 1),
(2, 2),
(2, 20),
(2, 23),
(2, 24),
(2, 36),
(3, 1),
(3, 2),
(3, 20),
(3, 23),
(3, 24),
(3, 36),
(4, 1),
(4, 2),
(4, 20),
(4, 23),
(4, 24),
(4, 36),
(5, 1),
(5, 2),
(5, 20),
(5, 23),
(5, 24),
(5, 36),
(6, 1),
(6, 2),
(6, 20),
(6, 23),
(6, 24),
(6, 36),
(7, 1),
(7, 2),
(7, 20),
(7, 23),
(7, 24),
(7, 36),
(8, 1),
(8, 2),
(8, 20),
(8, 23),
(8, 24),
(8, 36),
(9, 1),
(9, 2),
(9, 20),
(9, 23),
(9, 24),
(9, 36),
(10, 1),
(10, 2),
(10, 20),
(10, 23),
(10, 24),
(10, 36),
(11, 1),
(11, 2),
(11, 20),
(11, 23),
(11, 24),
(11, 36),
(12, 1),
(12, 2),
(12, 20),
(12, 23),
(12, 24),
(12, 36),
(13, 1),
(13, 2),
(13, 20),
(13, 23),
(13, 24),
(13, 36),
(14, 1),
(14, 2),
(14, 20),
(14, 23),
(14, 24),
(14, 36),
(15, 1),
(15, 2),
(15, 20),
(15, 23),
(15, 24),
(15, 36),
(16, 1),
(16, 2),
(16, 20),
(16, 23),
(16, 24),
(16, 36),
(17, 1),
(17, 2),
(17, 20),
(17, 23),
(17, 24),
(17, 36),
(18, 1),
(18, 2),
(18, 20),
(18, 23),
(18, 24),
(18, 36),
(19, 1),
(19, 2),
(19, 20),
(19, 23),
(19, 24),
(19, 36),
(20, 1),
(20, 2),
(20, 20),
(20, 23),
(20, 24),
(20, 36),
(21, 1),
(21, 2),
(21, 20),
(21, 23),
(21, 24),
(21, 36),
(22, 1),
(22, 2),
(22, 20),
(22, 23),
(22, 24),
(22, 36),
(23, 1),
(23, 2),
(23, 20),
(23, 23),
(23, 24),
(23, 36),
(24, 1),
(24, 2),
(24, 20),
(24, 23),
(24, 24),
(24, 36),
(25, 1),
(25, 2),
(25, 20),
(25, 23),
(25, 24),
(25, 36),
(26, 1),
(26, 2),
(26, 20),
(26, 23),
(26, 24),
(26, 36),
(27, 1),
(27, 2),
(27, 20),
(27, 23),
(27, 24),
(27, 36);

-- --------------------------------------------------------

--
-- Structure de la table `dossier_msg`
--

CREATE TABLE `dossier_msg` (
  `id` int NOT NULL,
  `libelle` varchar(255) CHARACTER SET utf8mb4 COLLATE utf8mb4_unicode_ci NOT NULL,
  `icon` varchar(255) CHARACTER SET utf8mb4 COLLATE utf8mb4_unicode_ci NOT NULL
) ENGINE=InnoDB DEFAULT CHARSET=utf8mb4 COLLATE=utf8mb4_unicode_ci;

--
-- Déchargement des données de la table `dossier_msg`
--

INSERT INTO `dossier_msg` (`id`, `libelle`, `icon`) VALUES
(1, 'Boîte de réception', 'fa fa-inbox'),
(2, 'Messages envoyés', 'fa fa-envelope-o'),
(3, 'Important', 'fa fa-star'),
(4, 'Archive', 'fa fa-trash-o'),
(6, 'Sonatel', 'fa fa-folder-o'),
(7, 'Wave', 'fa fa-folder-o'),
(8, 'Sonatel', 'fa fa-folder-o');

-- --------------------------------------------------------

--
-- Structure de la table `engagement`
--

CREATE TABLE `engagement` (
  `id` int NOT NULL,
  `opportunite_id` int NOT NULL,
  `frais_total` double NOT NULL,
  `date_creation` datetime NOT NULL,
  `responsable_id` int DEFAULT NULL,
  `code` varchar(255) CHARACTER SET utf8mb4 COLLATE utf8mb4_unicode_ci NOT NULL,
  `createur_eng_id` int DEFAULT NULL,
  `entreprise_id` int DEFAULT NULL,
  `libelle` varchar(255) CHARACTER SET utf8mb4 COLLATE utf8mb4_unicode_ci DEFAULT NULL
) ENGINE=InnoDB DEFAULT CHARSET=utf8mb4 COLLATE=utf8mb4_unicode_ci;

--
-- Déchargement des données de la table `engagement`
--

INSERT INTO `engagement` (`id`, `opportunite_id`, `frais_total`, `date_creation`, `responsable_id`, `code`, `createur_eng_id`, `entreprise_id`, `libelle`) VALUES
(1, 50, 1050500, '2020-06-09 15:11:24', 2, 'AU8010520', 1, 4, 'Réglage S'),
(2, 5, 1000000, '2020-06-18 15:16:00', 22, 'CJ8000120', 21, 4, 'hgfd'),
(3, 11, 980350, '2020-06-18 15:18:00', 21, 'AU8000120', 22, 4, 'exemple Intitule');

-- --------------------------------------------------------

--
-- Structure de la table `event`
--

CREATE TABLE `event` (
  `id` int NOT NULL,
  `libelle` varchar(255) CHARACTER SET utf8mb4 COLLATE utf8mb4_unicode_ci DEFAULT NULL,
  `description` longtext CHARACTER SET utf8mb4 COLLATE utf8mb4_unicode_ci NOT NULL,
  `numero_event` varchar(255) CHARACTER SET utf8mb4 COLLATE utf8mb4_unicode_ci DEFAULT NULL,
  `date` datetime NOT NULL,
  `lieu` varchar(255) CHARACTER SET utf8mb4 COLLATE utf8mb4_unicode_ci DEFAULT NULL,
  `date_creation` datetime NOT NULL,
  `demandeur_id` int DEFAULT NULL,
  `status` varchar(255) CHARACTER SET utf8mb4 COLLATE utf8mb4_unicode_ci NOT NULL,
  `droit_edition` json DEFAULT NULL,
  `createur_id` int NOT NULL,
  `opportunite_id` int DEFAULT NULL,
  `depense` int DEFAULT NULL,
  `partenaire_id` int DEFAULT NULL,
  `type` varchar(255) CHARACTER SET utf8mb4 COLLATE utf8mb4_unicode_ci DEFAULT NULL,
  `plan_action` longtext CHARACTER SET utf8mb4 COLLATE utf8mb4_unicode_ci,
  `fin` datetime DEFAULT NULL,
  `contacts_ext` json DEFAULT NULL,
  `frais` double DEFAULT NULL,
  `code` varchar(255) CHARACTER SET utf8mb4 COLLATE utf8mb4_unicode_ci DEFAULT NULL
) ENGINE=InnoDB DEFAULT CHARSET=utf8mb4 COLLATE=utf8mb4_unicode_ci;

--
-- Déchargement des données de la table `event`
--

INSERT INTO `event` (`id`, `libelle`, `description`, `numero_event`, `date`, `lieu`, `date_creation`, `demandeur_id`, `status`, `droit_edition`, `createur_id`, `opportunite_id`, `depense`, `partenaire_id`, `type`, `plan_action`, `fin`, `contacts_ext`, `frais`, `code`) VALUES
(10, 'ffffff', 'nhbbb', '1', '2020-04-05 12:02:00', 'xxxxx', '2020-03-05 10:31:00', 2, 'actif', '[1]', 23, 24, NULL, NULL, 'event', NULL, NULL, NULL, NULL, 'EC8000220'),
(11, 'cgvbhjn', 'kkkkkkkkssssss', '2', '2020-04-13 11:00:00', 'AAAA', '2020-03-05 11:06:40', 2, 'actif', '[1, 2]', 23, 17, NULL, NULL, 'event', NULL, NULL, '[\"asdez\", \"qszed\"]', NULL, 'SE8000220'),
(12, 'qqqddzes', 'gggggfdcccdd ffghjkjgftyujhgy sedrftgyuhjikotvbn ftghjn,kgyhuj', '3', '2020-04-03 12:12:00', 'asdreee', '2020-03-11 09:43:54', 36, 'actif', '[1]', 23, 15, 0, NULL, 'event', NULL, NULL, NULL, NULL, 'CJ8010220'),
(13, 'Dîner de gala', 'Lorem ipsum dolor sit amet consectetur adipisicing elit. Harum, nulla minima aspernatur ipsam tempore illum nobis aperiam repellat necessitatibus quidem ullam officia impedit cumque atque provident repellendus. Dolor culpa, doloremque commodi in autem a, dignissimos, tempora enim impedit nemo optio molestiae suscipit omnis distinctio beatae quasi? Officia earum, quia reprehenderit delectus natus similique itaque! Placeat asperiores pariatur eius magnam, saepe eum, voluptas blanditiis recusandae est voluptatem eveniet sapiente, ducimus neque atque. Velit nemo nesciunt quasi quaerat laboriosam quos recusandae, iste unde illo ea similique, debitis!', '4', '2020-04-01 12:12:00', 'Radisson blu', '2020-03-11 11:06:45', 2, 'actif', '[1]', 23, 5, 0, NULL, 'event', NULL, NULL, NULL, 165980, 'CJ8000120'),
(14, 'Rencontre', 'qzsexdrctfvgybuhnji,ko;', '5', '2020-04-07 20:20:00', 'ntbhrvgefcdxbyv', '2020-03-11 11:46:02', 1, 'actif', '[1]', 23, 23, 0, NULL, 'event', NULL, NULL, '[\"sssqqzze\"]', NULL, 'SE8000220'),
(15, 'bbbbbbbbb', 'bbbbbdddddddd', NULL, '2020-04-02 08:00:00', NULL, '2020-03-17 11:28:23', NULL, 'actif', '[]', 1, NULL, NULL, 4, 'communication', 'bbbbbbbbbb', '2020-04-02 09:00:00', NULL, NULL, NULL),
(16, 'dfghjkl', 'aqzseffff fffffffffffffffffff ddddddddddddddddddddddddddddd ffffffffffffffffffffffvvv vvvvvv vvvvvvvvvvvvvv', '6', '2020-09-22 12:50:00', 'zsedrftgyhuji', '2020-03-19 08:50:04', 36, 'actif', '[1]', 23, 15, 0, NULL, 'event', NULL, NULL, NULL, NULL, 'CJ8010220'),
(17, 'kkkkkkk', 'f ffcfcf kkkkkkkkkkk n       nhggtgvgvgvgv   gvfcfff hhbvgyhuig  fvhbjnk fvhbjn tfvbhjn ctvhb jtv hb vbh tvhbn vbhjn vbhjtvhb jn v bhjn vbhjn', '7', '2020-04-10 22:00:00', 'mmmmoooo', '2020-03-19 09:54:55', 2, 'actif', '[1]', 23, 13, 0, NULL, 'event', NULL, NULL, NULL, NULL, 'SE8010120'),
(18, 'edxss', 'zertyuiopjhgvbnkl xdcfgvbhjn,k;l dfgjnh,k dfgyhujiko', '8', '2020-04-21 08:00:00', 'fffffddfg', '2020-03-19 10:01:44', 1, 'actif', '[1]', 23, 24, 0, NULL, 'event', NULL, NULL, NULL, NULL, 'EC8000220'),
(19, 'zsedrftgyhujikolp', 'zsedfghjkl', '9', '2020-04-13 07:00:00', 'lkjhgfds', '2020-03-19 10:06:39', 1, 'actif', '[1]', 23, 32, 0, NULL, 'event', NULL, NULL, NULL, NULL, 'CI8020220'),
(20, 'efvcxs', 'llllllnnn nnnbbbbb jjkjkoknji oijnj', '10', '2020-03-21 20:00:00', 'nnnnnn', '2020-03-19 10:14:01', 1, 'actif', '[1]', 23, 21, 0, NULL, 'event', NULL, NULL, NULL, NULL, 'EC8000220'),
(21, 'Séminaire', 'dfghjn,k;l', '11', '2020-04-06 12:00:00', 'rfghjkl', '2020-04-19 10:21:42', 1, 'actif', '[1]', 23, 23, 0, NULL, 'event', NULL, NULL, '[\"\"]', NULL, 'SE8000220'),
(22, 'szssxqq', 'ssssxxxwwww', NULL, '2020-04-20 20:00:00', NULL, '2020-04-19 10:49:13', NULL, 'actif', '[]', 1, NULL, NULL, 4, 'communication', 'bfd vcxd', '2020-04-20 22:05:00', NULL, NULL, NULL),
(23, 'Vidéo conférence', 'Lorem ipsum dolor sit amet consectetur adipisicing elit. Totam vero doloremque in aut libero, ea fugit illum consectetur hic earum modi ipsam mollitia, alias inventore ipsum assumenda quas fuga eum rem sequi officia! Repellendus dolorem ullam eaque hic voluptas accusamus, unde incidunt aperiam sint beatae asperiores deleniti voluptate ex laudantium quam earum libero esse rerum. Dolorem consectetur hic porro laudantium commodi quas animi sit quo deleniti reiciendis mollitia alias distinctio, eligendi asperiores fugiat, aliquid cum perspiciatis repellat? Facere non, perferendis distinctio quis neque repellat maiores, saepe dolorum adipisci, explicabo illo animi recusandae alias vel possimus cumque voluptates asperiores. Architecto, quam!', NULL, '2020-04-09 12:12:00', NULL, '2020-04-19 11:44:48', NULL, 'actif', '[]', 1, NULL, NULL, 35, 'communication', NULL, '2020-04-09 12:50:00', '[\"\"]', NULL, NULL),
(24, 'qqqqwww', 'ynutbrvte\nuyjnbhtgvrcf\nuk,yjnbhtgv', NULL, '2020-04-16 14:50:00', NULL, '2020-04-20 10:51:05', NULL, 'actif', '[]', 1, NULL, NULL, 7, 'communication', NULL, '2020-04-16 18:00:00', NULL, NULL, NULL),
(25, 'zsdfghjk', 'zsedrtfgyhjklm', NULL, '2020-04-30 14:52:00', NULL, '2020-04-20 11:05:35', NULL, 'actif', '[]', 1, NULL, NULL, 17, 'communication', 'zQWsxdcfbjhnk,l;m:', '2020-04-30 16:00:00', NULL, NULL, NULL),
(26, 'aqsedcvfd', 'aqsedcfdsdd', NULL, '2020-04-14 09:00:00', NULL, '2020-04-20 11:10:06', NULL, 'actif', '[]', 1, NULL, NULL, 8, 'communication', NULL, '2020-04-14 11:05:00', NULL, NULL, NULL),
(27, 'qsdfghjn', 'ssssssssssssssssssssss', NULL, '2020-04-20 12:17:00', NULL, '2020-04-23 18:05:02', NULL, 'actif', '[]', 2, NULL, NULL, 11, 'communication', NULL, '2020-04-20 15:00:00', NULL, NULL, NULL),
(28, 'xxxxxxxxxxxx', 'nnnnnnnnnnnnnnnnnn', NULL, '2020-04-12 14:00:00', NULL, '2020-04-23 18:05:51', NULL, 'actif', '[]', 2, NULL, NULL, 11, 'communication', NULL, '2020-04-12 15:00:00', NULL, NULL, NULL),
(29, 'vvvvvvvvvvvvvvvvvv', 'mmmmmmmmmmmmmmmmmm', NULL, '2020-04-14 09:00:00', NULL, '2020-04-23 18:06:22', NULL, 'actif', '[]', 2, NULL, NULL, 19, 'communication', NULL, '2020-04-14 12:00:00', NULL, NULL, NULL),
(30, 'Appel du directeur de HGM', 'Lorem ipsum dolor sit, amet consectetur adipisicing elit. Illo iste voluptates pariatur accusantium sint veritatis sit esse est non, doloremque ut id laborum enim maiores quasi dolorem, placeat optio assumenda totam voluptatibus iure officia hic dignissimos fuga! Doloremque eveniet praesentium ipsum magnam nulla enim ratione unde, atque aperiam in at.', NULL, '2020-04-01 08:00:00', NULL, '2020-04-01 18:52:37', NULL, 'actif', '[]', 1, NULL, NULL, 18, 'communication', 'Lorem ipsum dolor sit, amet consectetur adipisicing elit. Illo iste voluptates pariatur accusantium sint veritatis sit esse est non, doloremque ut id laborum enim maiores quasi dolorem, placeat optio assumenda totam voluptatibus iure officia hic dignissimos fuga! Doloremque eveniet praesentium ipsum magnam nulla enim ratione unde, atque aperiam in at.', '2020-04-01 12:20:00', NULL, NULL, NULL),
(31, 'Appel du DAF de la Sonatel', 'nnnnnnnnnnnnnnnnnnnnn', NULL, '2020-04-06 17:00:00', NULL, '2020-04-23 19:14:18', NULL, 'actif', '[]', 1, 4, NULL, 4, 'communication', NULL, '2020-04-06 18:00:00', '[\"\"]', NULL, 'AU8000120'),
(32, 'wwwww', 'qqqqqqqqqqqqqqqq', NULL, '2020-04-18 14:05:00', NULL, '2020-04-23 19:44:36', NULL, 'actif', '[]', 1, NULL, NULL, 6, 'communication', NULL, '2020-04-18 15:00:00', NULL, NULL, NULL),
(33, 'bbbbbbb', 'gggggggggggggggggggggggg vvvvvv', NULL, '2020-04-26 10:00:00', NULL, '2020-04-02 15:29:13', NULL, 'actif', '[]', 1, NULL, NULL, 35, 'communication', 'edfghjklmlkjgsdfh', '2020-04-26 12:00:00', NULL, NULL, NULL),
(34, 'fffffff', 'vvvvvvvvvv', NULL, '2020-04-15 10:15:00', NULL, '2020-04-02 15:47:05', NULL, 'actif', '[]', 2, NULL, NULL, 35, 'communication', NULL, '2020-04-15 11:00:00', NULL, NULL, NULL),
(35, 'rdddddd', 'ggggggg', NULL, '2020-04-23 08:00:00', NULL, '2020-04-02 15:49:21', NULL, 'actif', '[]', 2, NULL, NULL, 13, 'communication', NULL, '2020-04-23 11:00:00', NULL, NULL, NULL),
(36, 'ssssssss', 'qqqqqqqddd ffffffffff', '12', '2020-04-04 12:00:00', 'hhhhhh', '2020-04-03 11:55:03', 36, 'actif', '[1]', 23, 15, 0, NULL, 'event', NULL, NULL, NULL, NULL, 'CJ8010220'),
(37, 'vvvvvvvvvvvvv', 'bbbbbb', NULL, '2020-04-29 08:00:00', NULL, '2020-04-03 14:42:44', NULL, 'actif', '[]', 1, NULL, NULL, 35, 'communication', 'nnnnnnn', '2020-04-29 10:00:00', NULL, NULL, NULL),
(38, 'Email du responsable technique', 'nnnnnnn', NULL, '2020-04-06 19:00:00', NULL, '2020-04-06 20:24:10', NULL, 'actif', '[]', 1, 5, NULL, 4, 'communication', NULL, '2020-04-06 20:00:00', '[\"\"]', NULL, 'CJ8000120'),
(39, 'Vidéo conférence', 'mmmmmmm', NULL, '2020-04-06 21:00:00', NULL, '2020-04-06 23:17:49', NULL, 'actif', '[]', 1, 6, NULL, 4, 'communication', NULL, '2020-04-06 22:00:00', '[\"mmmmmmk\", \"\"]', 980000, 'EC8000120'),
(40, 'Dîner de gala', 'mmmmmm', '13', '2020-04-08 22:00:00', 'ddddd', '2020-04-08 01:18:35', 1, 'actif', '[1]', 1, 12, 0, NULL, 'event', NULL, NULL, '[\"eeeee\", \"eeee\"]', 150500, 'SE8000120');

-- --------------------------------------------------------

--
-- Structure de la table `event_contact`
--

CREATE TABLE `event_contact` (
  `event_id` int NOT NULL,
  `contact_id` int NOT NULL
) ENGINE=InnoDB DEFAULT CHARSET=utf8mb4 COLLATE=utf8mb4_unicode_ci;

--
-- Déchargement des données de la table `event_contact`
--

INSERT INTO `event_contact` (`event_id`, `contact_id`) VALUES
(10, 7),
(11, 6),
(12, 2),
(12, 19),
(13, 18),
(14, 21),
(16, 2),
(16, 18),
(17, 19),
(17, 21),
(18, 7),
(19, 8),
(20, 10),
(21, 20),
(36, 2),
(36, 18),
(38, 19),
(38, 21),
(39, 20),
(40, 2),
(40, 19);

-- --------------------------------------------------------

--
-- Structure de la table `event_user`
--

CREATE TABLE `event_user` (
  `event_id` int NOT NULL,
  `user_id` int NOT NULL
) ENGINE=InnoDB DEFAULT CHARSET=utf8mb4 COLLATE=utf8mb4_unicode_ci;

--
-- Déchargement des données de la table `event_user`
--

INSERT INTO `event_user` (`event_id`, `user_id`) VALUES
(10, 22),
(10, 37),
(11, 1),
(11, 37),
(12, 21),
(12, 36),
(12, 39),
(13, 20),
(13, 37),
(14, 21),
(14, 22),
(16, 21),
(16, 36),
(16, 39),
(17, 22),
(17, 38),
(18, 21),
(18, 23),
(19, 23),
(19, 36),
(19, 38),
(20, 20),
(20, 21),
(20, 23),
(21, 36),
(36, 21),
(36, 22),
(40, 38),
(40, 39);

-- --------------------------------------------------------

--
-- Structure de la table `frais`
--

CREATE TABLE `frais` (
  `id` int NOT NULL,
  `opportunite_id` int DEFAULT NULL,
  `engagement_id` int DEFAULT NULL,
  `evenement_id` int DEFAULT NULL,
  `type` varchar(255) CHARACTER SET utf8mb4 COLLATE utf8mb4_unicode_ci NOT NULL,
  `description` varchar(255) CHARACTER SET utf8mb4 COLLATE utf8mb4_unicode_ci NOT NULL,
  `montant` double NOT NULL,
  `date_creation` datetime NOT NULL,
  `date_execution` datetime NOT NULL,
  `lieu` varchar(255) CHARACTER SET utf8mb4 COLLATE utf8mb4_unicode_ci DEFAULT NULL,
  `date_evenement` datetime DEFAULT NULL,
  `status` varchar(255) CHARACTER SET utf8mb4 COLLATE utf8mb4_unicode_ci DEFAULT NULL,
  `emetteur_id` int DEFAULT NULL,
  `types_frais` varchar(255) CHARACTER SET utf8mb4 COLLATE utf8mb4_unicode_ci DEFAULT NULL
) ENGINE=InnoDB DEFAULT CHARSET=utf8mb4 COLLATE=utf8mb4_unicode_ci;

--
-- Déchargement des données de la table `frais`
--

INSERT INTO `frais` (`id`, `opportunite_id`, `engagement_id`, `evenement_id`, `type`, `description`, `montant`, `date_creation`, `date_execution`, `lieu`, `date_evenement`, `status`, `emetteur_id`, `types_frais`) VALUES
(1, NULL, 1, NULL, 'kilometrage', 'recuperer koli urgent', 7000, '2020-06-09 16:18:21', '2020-06-09 17:15:00', 'Sénégal, Dakar, Avenue Bourguiba', NULL, 'AV', 1, 'engagement'),
(2, NULL, 1, NULL, 'kilometrage', 'recuperer koli urgent', 7000, '2020-06-09 18:23:21', '2020-06-09 17:15:00', 'Sénégal, Dakar, Avenue Bourguiba', NULL, 'AV', 1, 'engagement'),
(3, NULL, 1, NULL, 'Cout du formation externe', 'Cours sur DévOps pour surtout coté déploiement', 250000, '2020-06-11 18:42:52', '2020-06-25 18:41:00', 'ESMT', NULL, 'VALIDER', 1, 'engagement'),
(4, 43, NULL, NULL, 'Repas', 'Repas organisé', 45000, '2020-06-11 18:45:41', '2020-06-20 13:08:00', 'Mermoz, Sité keur Gorgui', NULL, 'VALIDER', 1, 'opportunite'),
(5, 47, NULL, NULL, 'Consommables d\'ordinateurs', 'Achat de matériel électronique pour ordinateur', 85000, '2020-06-11 18:48:34', '2020-06-12 18:47:00', 'Bureau', NULL, 'AP', 1, 'opportunite'),
(6, 48, NULL, NULL, 'Cadeaux clients', 'aqewsxdcfvgbhjnopk,mlkjcfvbnk,l', 13500, '2020-06-12 17:09:32', '2020-06-15 17:09:00', 'Mermoz', NULL, 'VALIDER', 21, 'opportunite'),
(7, 43, NULL, NULL, 'Divertissements', 'TEst azevbnhhbhnwxbw', 55000, '2020-06-13 16:23:34', '2020-06-16 16:22:00', 'test', NULL, 'VALIDER', 21, 'opportunite'),
(8, 48, NULL, NULL, 'Kilométrage', 'azteryui', 50000, '2020-06-14 15:34:42', '2020-06-15 15:29:00', 'Dakar', NULL, 'VALIDER', 21, 'opportunite'),
(9, 28, NULL, NULL, 'Divertissements', 'dans une contexte de partenariat avec ............ qui a un évenement dont nous sommes invités', 75000, '2020-06-16 02:08:56', '2020-06-20 20:00:00', 'Dakar', NULL, 'VALIDER', 21, 'opportunite'),
(10, 43, NULL, NULL, 'Repas', 'Repas en groupe', 45000, '2020-06-16 12:18:21', '2020-06-21 12:17:00', 'Mermoz, Bureau', NULL, 'AP', 22, 'opportunite'),
(11, 47, NULL, NULL, 'Dépenses de voyage', 'Keep in mind that date.toISOString() will return a date offset from local time. You can also construct the date string yourself:', 550000, '2020-06-16 13:18:58', '2020-07-01 22:30:00', 'Benin', NULL, 'AV', 22, 'opportunite'),
(12, 31, NULL, NULL, 'Cadeaux clients', 'description text', 75000, '2020-06-16 14:44:53', '2020-06-20 14:44:00', 'Bureau', NULL, 'VALIDER', 22, 'opportunite'),
(13, NULL, 2, NULL, 'Dépenses de voyage', 'fcgvsgghs', 1000000, '2020-06-18 19:14:44', '2020-06-18 19:13:00', 'Bureau', NULL, 'VALIDER', 21, 'engagement'),
(14, NULL, NULL, 39, 'Colloques', 'description', 75000, '2020-06-18 20:19:09', '2020-06-18 20:18:00', 'azert', '2020-06-18 20:18:00', 'VALIDER', 21, 'evenement'),
(15, 28, NULL, NULL, 'Cout de déménagement', 'A quick start project that shows how to use Timesheet component in an Angular 9 project. You can use the Timesheet component to record payroll, billing and reporting information.', 796500, '2020-06-19 00:57:37', '2020-06-20 00:56:00', 'Maristes', NULL, 'VALIDER', 21, 'opportunite'),
(18, NULL, 1, NULL, 'Cadeaux clients', 'A quick start project that shows how to use Timesheet component in an Angular 9 project. You can use the Timesheet component to record payroll, billing and reporting information.', 650500, '2020-06-20 00:51:54', '2020-06-20 00:47:00', 'AZERTY', '2020-06-20 00:47:00', 'VALIDER', 1, 'engagement'),
(19, NULL, NULL, 39, 'Publications', 'Le lorem ipsum est, en imprimerie, une suite de mots sans signification utilisée à titre provisoire pour calibrer une mise en page', 275000, '2020-06-22 15:16:13', '2020-06-22 15:15:00', 'Bureau', '2020-06-22 15:15:00', 'VALIDER', 21, 'evenement'),
(20, NULL, NULL, 39, 'Dépenses de voyage', 'le texte définitif venant remplacer le faux-texte dès qu\'il est prêt ou que la mise en page est achevée', 980000, '2020-06-22 18:23:35', '2020-06-27 18:22:00', 'Afrique du SUD', '2020-06-27 18:22:00', 'AV', 22, 'evenement'),
(21, NULL, 3, NULL, 'Cout du formation externe', 'In the first test - from English into Italian - it proved to be very accurate, especially good at grasping the meaning of the sentence, rather than being derailed by a literal translation.', 180350, '2020-06-25 20:27:21', '2020-07-01 20:26:00', 'ESP', NULL, 'VALIDER', 20, 'engagement');

-- --------------------------------------------------------

--
-- Structure de la table `grade`
--

CREATE TABLE `grade` (
  `id` int NOT NULL,
  `libelle` varchar(255) CHARACTER SET utf8mb4 COLLATE utf8mb4_unicode_ci NOT NULL,
  `type` varchar(255) CHARACTER SET utf8mb4 COLLATE utf8mb4_unicode_ci NOT NULL
) ENGINE=InnoDB DEFAULT CHARSET=utf8mb4 COLLATE=utf8mb4_unicode_ci;

--
-- Déchargement des données de la table `grade`
--

INSERT INTO `grade` (`id`, `libelle`, `type`) VALUES
(29, 'Partner', 'simple'),
(30, 'Directeur', 'simple'),
(31, 'Senior Manager', 'simple'),
(32, 'Manager', 'simple'),
(33, 'Superviseur', 'simple'),
(34, 'Senior', 'simple'),
(35, 'Junior 2', 'simple'),
(36, 'Junior 1', 'simple'),
(37, 'Stagiaire', 'simple'),
(38, 'Directeur', 'administrateur'),
(39, 'Responsable comptable et financier', 'administrateur'),
(40, 'Comptable', 'administrateur'),
(41, 'Office manager', 'administrateur'),
(42, 'Business developpement', 'administrateur');

-- --------------------------------------------------------

--
-- Structure de la table `migration_versions`
--

CREATE TABLE `migration_versions` (
  `version` varchar(14) CHARACTER SET utf8mb4 COLLATE utf8mb4_unicode_ci NOT NULL,
  `executed_at` datetime NOT NULL COMMENT '(DC2Type:datetime_immutable)'
) ENGINE=InnoDB DEFAULT CHARSET=utf8mb4 COLLATE=utf8mb4_unicode_ci;

--
-- Déchargement des données de la table `migration_versions`
--

INSERT INTO `migration_versions` (`version`, `executed_at`) VALUES
('20191212134706', '2019-12-12 13:47:24'),
('20191212134828', '2019-12-12 13:48:34'),
('20191212134943', '2019-12-12 13:49:51'),
('20191216112445', '2019-12-16 11:25:38'),
('20191216130100', '2019-12-16 13:01:18'),
('20191216132413', '2019-12-16 13:24:23'),
('20191216133901', '2019-12-16 13:39:12'),
('20191216161429', '2019-12-16 16:16:17'),
('20191217130759', '2019-12-17 13:08:20'),
('20191223090457', '2019-12-23 09:05:26'),
('20191223091014', '2019-12-23 09:10:22'),
('20191223112723', '2019-12-23 11:27:33'),
('20191230103653', '2019-12-30 10:37:14'),
('20200106101951', '2020-01-06 10:20:04'),
('20200106103900', '2020-01-06 10:39:06'),
('20200107111347', '2020-01-07 11:14:03'),
('20200107111725', '2020-01-07 11:17:31'),
('20200107114025', '2020-01-07 11:40:30'),
('20200113102448', '2020-01-13 10:25:04'),
('20200113103226', '2020-01-13 10:32:36'),
('20200113103531', '2020-01-13 10:35:39'),
('20200113104020', '2020-01-13 10:40:26'),
('20200113104255', '2020-01-13 10:43:01'),
('20200115103003', '2020-01-15 10:30:29'),
('20200115103745', '2020-01-15 10:38:00'),
('20200115132452', '2020-01-15 13:25:15'),
('20200116124708', '2020-01-16 12:47:25'),
('20200116125814', '2020-01-16 12:58:23'),
('20200122114053', '2020-01-22 11:42:18'),
('20200122114934', '2020-01-22 11:49:48'),
('20200122135558', '2020-01-22 13:56:12'),
('20200122153420', '2020-01-22 15:34:26'),
('20200123102310', '2020-01-23 10:23:26'),
('20200123130202', '2020-01-23 13:02:31'),
('20200123133630', '2020-01-23 13:36:51'),
('20200127110515', '2020-01-27 11:05:56'),
('20200127122018', '2020-01-27 12:20:34'),
('20200128113524', '2020-01-28 11:35:42'),
('20200128114100', '2020-01-28 11:41:08'),
('20200128132457', '2020-01-28 13:25:07'),
('20200203170007', '2020-02-03 17:00:25'),
('20200203170145', '2020-02-03 17:01:56'),
('20200204085614', '2020-02-04 08:56:26'),
('20200204090344', '2020-02-04 09:04:38'),
('20200207093439', '2020-02-07 09:35:05'),
('20200210102915', '2020-02-10 10:29:39'),
('20200212095407', '2020-02-12 09:54:28'),
('20200212095722', '2020-02-12 09:57:31'),
('20200213104830', '2020-02-13 10:48:48'),
('20200214124722', '2020-02-14 12:47:43'),
('20200217115121', '2020-02-17 11:51:41'),
('20200218122924', '2020-02-18 12:30:04'),
('20200218141739', '2020-02-18 14:17:47'),
('20200220150717', '2020-02-20 15:07:32'),
('20200221122059', '2020-02-21 12:21:17'),
('20200224101200', '2020-02-24 10:12:18'),
('20200228112540', '2020-02-28 11:25:57'),
('20200228114959', '2020-02-28 11:50:06'),
('20200228122542', '2020-02-28 12:25:50'),
('20200303120220', '2020-03-03 12:02:27'),
('20200306101704', '2020-03-06 10:17:19'),
('20200306113711', '2020-03-06 11:38:49'),
('20200306114015', '2020-03-06 11:40:22'),
('20200316115810', '2020-03-16 11:58:30'),
('20200323203719', '2020-03-23 20:37:39'),
('20200406184844', '2020-04-06 18:49:05'),
('20200406200218', '2020-04-06 20:02:27'),
('20200422030629', '2020-05-02 14:41:55'),
('20200422032336', '2020-05-02 14:42:01'),
('20200422034139', '2020-05-02 14:42:02'),
('20200422041728', '2020-05-02 14:42:05'),
('20200422042656', '2020-05-02 14:42:07'),
('20200422042701', '2020-05-02 14:42:07'),
('20200423005006', '2020-05-02 14:42:08');

-- --------------------------------------------------------

--
-- Structure de la table `notification`
--

CREATE TABLE `notification` (
  `id` int NOT NULL,
  `message` longtext CHARACTER SET utf8mb4 COLLATE utf8mb4_unicode_ci NOT NULL,
  `icon` varchar(255) CHARACTER SET utf8mb4 COLLATE utf8mb4_unicode_ci DEFAULT NULL,
  `lien` varchar(255) CHARACTER SET utf8mb4 COLLATE utf8mb4_unicode_ci DEFAULT NULL,
  `statut` tinyint(1) DEFAULT NULL,
  `date` datetime NOT NULL,
  `user_id` int DEFAULT NULL,
  `emetteur_id` int DEFAULT NULL,
  `type` varchar(255) CHARACTER SET utf8mb4 COLLATE utf8mb4_unicode_ci NOT NULL,
  `niveau` int DEFAULT NULL,
  `sujet` varchar(255) CHARACTER SET utf8mb4 COLLATE utf8mb4_unicode_ci DEFAULT NULL,
  `fichier` json DEFAULT NULL,
  `type_destinataire` json DEFAULT NULL,
  `groupe_id` int DEFAULT NULL
) ENGINE=InnoDB DEFAULT CHARSET=utf8mb4 COLLATE=utf8mb4_unicode_ci;

--
-- Déchargement des données de la table `notification`
--

INSERT INTO `notification` (`id`, `message`, `icon`, `lien`, `statut`, `date`, `user_id`, `emetteur_id`, `type`, `niveau`, `sujet`, `fichier`, `type_destinataire`, `groupe_id`) VALUES
(1, 'Demande de blocage d\'un prospect', 'fa fa-lock', '/show/prospect/4', 1, '2019-12-20 12:04:06', 1, 2, 'notification', NULL, NULL, NULL, NULL, NULL),
(3, 'Demande de blocage d\'un prospect', 'fa fa-lock', '/show/prospect/4', 1, '2019-12-20 15:40:18', 1, 2, 'notification', NULL, NULL, NULL, NULL, NULL),
(4, 'Demande de deblocage d\'un prospect', 'fa fa-lock', '/show/prospect/4', 1, '2019-12-27 15:40:18', 1, 2, 'notification', NULL, NULL, NULL, NULL, NULL),
(5, 'Demande de deblocage d\'un prospect', 'fa fa-lock', '/show/prospect/5', 1, '2019-12-27 15:40:18', 1, 2, 'notification', NULL, NULL, NULL, NULL, NULL),
(6, 'Demande de deblocage d\'un prospect', 'fa fa-lock', '/show/prospect/6', 1, '2019-12-27 15:40:18', 1, 2, 'notification', NULL, NULL, NULL, NULL, NULL),
(7, 'Demande de blocage d\'un prospect', 'fa fa-lock', '/show/prospect/7', 1, '2019-12-27 15:40:18', 1, 2, 'notification', NULL, NULL, NULL, NULL, NULL),
(8, 'Demande de blocage d\'un prospect', 'fa fa-lock', '/show/prospect/8', 1, '2019-12-27 15:40:18', 1, 2, 'notification', NULL, NULL, NULL, NULL, NULL),
(13, 'Restriction des accès d\'un admin', 'fa fa-lock', '/show/team/2', 1, '2019-12-27 15:59:30', 1, 2, 'notification', NULL, NULL, NULL, NULL, NULL),
(14, 'Demande de blocage d\'un prospect', 'fa fa-lock', '/show/prospect/4', 1, '2019-12-27 16:56:08', 1, 2, 'notification', NULL, NULL, NULL, NULL, NULL),
(15, 'Demande de blocage d\'un prospect', 'fa fa-lock', '/show/prospect/4', 1, '2019-12-27 17:24:35', 1, 2, 'notification', NULL, NULL, NULL, NULL, NULL),
(16, 'Demande de blocage d\'un prospect', 'fa fa-lock', '/show/prospect/4', 1, '2019-12-27 17:28:12', 1, 2, 'notification', NULL, NULL, NULL, NULL, NULL),
(17, 'Demande d\'ajout d\'un prospect', 'fa fa-building', '/show/prospect/16', 1, '2019-12-27 18:08:28', 1, 2, 'notification', NULL, NULL, NULL, NULL, NULL),
(19, 'Demande de Blocage d\'un prospect', 'fa fa-lock', '/show/prospect/17', 1, '2019-12-31 13:53:17', 1, 2, 'notification', NULL, NULL, NULL, NULL, NULL),
(20, 'Demande d\'ajout d\'un prospect', 'fa fa-building', '/show/prospect/18', 1, '2019-12-31 14:08:21', 1, 2, 'notification', NULL, NULL, NULL, NULL, NULL),
(21, 'Demande d\'ajout d\'un prospect', 'fa fa-building', '/show/prospect/19', 1, '2019-12-31 14:10:16', 1, 2, 'notification', NULL, NULL, NULL, NULL, NULL),
(22, 'Restriction des accès d\'un admin', 'fa fa-lock', '/show/team/2', 1, '2019-12-31 16:18:02', 1, 2, 'notification', NULL, NULL, NULL, NULL, NULL),
(23, 'Restriction des accès d\'un admin', 'fa fa-lock', '/show/team/2', 1, '2019-12-31 16:18:21', 1, 2, 'notification', NULL, NULL, NULL, NULL, NULL),
(24, 'Demande de blocage d\'un collaborateur', 'fa fa-lock', '/show/team/23', 1, '2020-01-03 14:13:00', 1, 2, 'notification', NULL, NULL, NULL, NULL, NULL),
(25, 'Demande de blocage d\'un collaborateur', 'fa fa-lock', '/show/team/23', 1, '2020-01-03 14:15:27', 1, 2, 'notification', NULL, NULL, NULL, NULL, NULL),
(28, 'Restriction des accès d\'un compte', 'fa fa-lock', '/show/team/2', 1, '2020-01-03 14:47:23', 1, 2, 'notification', NULL, NULL, NULL, NULL, NULL),
(29, 'Demande de blocage d\'un collaborateur', 'fa fa-lock', '/show/team/24', 1, '2020-01-03 18:36:15', 1, 2, 'notification', NULL, NULL, NULL, NULL, NULL),
(30, 'Ahmed Ciss à changer la photo de son profil', NULL, NULL, NULL, '2020-01-07 12:13:13', NULL, 24, 'activite', 2, NULL, NULL, NULL, NULL),
(31, 'Yaya à changer la photo de son profil', NULL, NULL, NULL, '2020-01-07 16:13:13', NULL, 2, 'activite', 2, NULL, NULL, NULL, NULL),
(32, 'Demande de blocage d\'un prospect', 'fa fa-lock', '/show/prospect/17', 1, '2020-01-08 17:00:41', 1, 2, 'notification', NULL, NULL, NULL, NULL, NULL),
(33, 'Demande d\'ajout d\'un prospect', 'fa fa-building', '/show/prospect/26', 1, '2020-01-08 17:07:08', 1, 2, 'notification', NULL, NULL, NULL, NULL, NULL),
(34, 'Demande de blocage d\'un prospect', 'fa fa-lock', '/show/prospect/26', 1, '2020-01-09 12:32:32', 1, 2, 'notification', NULL, NULL, NULL, NULL, NULL),
(35, 'Demande de deblocage d\'un prospect', 'fa fa-lock', '/show/prospect/26', 1, '2020-01-09 12:33:28', 1, 2, 'notification', NULL, NULL, NULL, NULL, NULL),
(36, 'Affectation à une nouvelle opportunité', 'fa fa-check-circle', '/opportunite/3', 0, '2020-01-23 12:29:21', 2, 1, 'notification', NULL, NULL, NULL, NULL, NULL),
(37, 'Ajout à une nouvelle opportunité', 'fa fa-check-circle', '/opportunite/3', 0, '2020-01-23 12:29:21', 20, 1, 'notification', NULL, NULL, NULL, NULL, NULL),
(38, 'Ajout à une nouvelle opportunité', 'fa fa-check-circle', '/opportunite/3', 0, '2020-01-23 12:29:21', 23, 1, 'notification', NULL, NULL, NULL, NULL, NULL),
(39, 'Ajout à une nouvelle opportunité', 'fa fa-check-circle', '/opportunite/3', 0, '2020-01-23 12:29:21', 24, 1, 'notification', NULL, NULL, NULL, NULL, NULL),
(40, 'Affectation à une nouvelle opportunité', 'fa fa-check-circle', '/opportunite/4', 0, '2020-01-23 13:54:43', 2, 1, 'notification', NULL, NULL, NULL, NULL, NULL),
(41, 'Ajout à une nouvelle opportunité', 'fa fa-check-circle', '/opportunite/4', 0, '2020-01-23 13:54:43', 20, 1, 'notification', NULL, NULL, NULL, NULL, NULL),
(42, 'Ajout à une nouvelle opportunité', 'fa fa-check-circle', '/opportunite/4', 0, '2020-01-23 13:54:43', 23, 1, 'notification', NULL, NULL, NULL, NULL, NULL),
(43, 'Ajout à une nouvelle opportunité', 'fa fa-check-circle', '/opportunite/4', 0, '2020-01-23 13:54:43', 24, 1, 'notification', NULL, NULL, NULL, NULL, NULL),
(44, 'Affectation à une nouvelle opportunité', 'fa fa-check-circle', '/opportunite/5', 0, '2020-01-23 13:55:29', 2, 1, 'notification', NULL, NULL, NULL, NULL, NULL),
(45, 'Ajout à une nouvelle opportunité', 'fa fa-check-circle', '/opportunite/5', 0, '2020-01-23 13:55:29', 20, 1, 'notification', NULL, NULL, NULL, NULL, NULL),
(46, 'Ajout à une nouvelle opportunité', 'fa fa-check-circle', '/opportunite/5', 0, '2020-01-23 13:55:29', 23, 1, 'notification', NULL, NULL, NULL, NULL, NULL),
(47, 'Ajout à une nouvelle opportunité', 'fa fa-check-circle', '/opportunite/5', 0, '2020-01-23 13:55:29', 24, 1, 'notification', NULL, NULL, NULL, NULL, NULL),
(48, 'Affectation à une nouvelle opportunité', 'fa fa-check-circle', '/opportunite/6', 0, '2020-01-23 13:56:24', 2, 1, 'notification', NULL, NULL, NULL, NULL, NULL),
(49, 'Ajout à une nouvelle opportunité', 'fa fa-check-circle', '/opportunite/6', 0, '2020-01-23 13:56:24', 20, 1, 'notification', NULL, NULL, NULL, NULL, NULL),
(50, 'Ajout à une nouvelle opportunité', 'fa fa-check-circle', '/opportunite/6', 0, '2020-01-23 13:56:24', 23, 1, 'notification', NULL, NULL, NULL, NULL, NULL),
(51, 'Ajout à une nouvelle opportunité', 'fa fa-check-circle', '/opportunite/6', 0, '2020-01-23 13:56:24', 24, 1, 'notification', NULL, NULL, NULL, NULL, NULL),
(52, 'Restriction des accès d\'un compte', 'fa fa-lock', '/show/team/2', 1, '2020-01-24 11:25:21', 1, 2, 'notification', NULL, NULL, NULL, NULL, NULL),
(53, 'Affectation à une nouvelle opportunité', 'fa fa-check-circle', '/opportunite/5', 0, '2020-01-27 10:05:58', 21, 1, 'notification', NULL, NULL, NULL, NULL, NULL),
(54, 'Ajout à une nouvelle opportunité', 'fa fa-check-circle', '/opportunite/5', 0, '2020-01-27 10:05:58', 22, 1, 'notification', NULL, NULL, NULL, NULL, NULL),
(55, 'Ajout à une nouvelle opportunité', 'fa fa-check-circle', '/opportunite/5', 0, '2020-01-27 10:05:58', 23, 1, 'notification', NULL, NULL, NULL, NULL, NULL),
(56, 'Affectation à une nouvelle opportunité', 'fa fa-check-circle', '/opportunite/6', 0, '2020-01-27 10:19:58', 23, 1, 'notification', NULL, NULL, NULL, NULL, NULL),
(57, 'Ajout à une nouvelle opportunité', 'fa fa-check-circle', '/opportunite/6', 0, '2020-01-27 10:19:58', 24, 1, 'notification', NULL, NULL, NULL, NULL, NULL),
(58, 'Affectation à une nouvelle opportunité', 'fa fa-check-circle', '/opportunite/4', 0, '2020-01-27 10:23:24', 22, 1, 'notification', NULL, NULL, NULL, NULL, NULL),
(59, 'Ajout à une nouvelle opportunité', 'fa fa-check-circle', '/opportunite/4', 0, '2020-01-27 10:23:24', 23, 1, 'notification', NULL, NULL, NULL, NULL, NULL),
(60, 'Affectation à une nouvelle opportunité', 'fa fa-check-circle', '/opportunite/8', 0, '2020-01-27 10:27:54', 22, 1, 'notification', NULL, NULL, NULL, NULL, NULL),
(61, 'Ajout à une nouvelle opportunité', 'fa fa-check-circle', '/opportunite/8', 0, '2020-01-27 10:27:54', 23, 1, 'notification', NULL, NULL, NULL, NULL, NULL),
(62, 'Affectation à une nouvelle opportunité', 'fa fa-check-circle', '/opportunite/9', 0, '2020-01-27 10:29:56', 22, 1, 'notification', NULL, NULL, NULL, NULL, NULL),
(63, 'Ajout à une nouvelle opportunité', 'fa fa-check-circle', '/opportunite/9', 0, '2020-01-27 10:29:56', 23, 1, 'notification', NULL, NULL, NULL, NULL, NULL),
(64, 'Vous avez été nommé responsable d\'une nouvelle opportunité', 'fa fa-check-circle', '/opportunite/10', NULL, '2020-01-27 14:57:55', NULL, 1, 'notification', NULL, NULL, NULL, NULL, NULL),
(65, 'Vous avez été ajouté à une nouvelle opportunité', 'fa fa-check-circle', '/opportunite/10', NULL, '2020-01-27 14:57:55', NULL, 1, 'notification', NULL, NULL, NULL, NULL, NULL),
(66, 'Vous avez été nommé responsable d\'une nouvelle opportunité', 'fa fa-check-circle', '/opportunite/4', NULL, '2020-01-27 15:00:14', NULL, 2, 'notification', NULL, NULL, NULL, NULL, NULL),
(67, 'Création nouvelle opportunité pour un de mes prospects', 'fa fa-check-circle', '/opportunite/4', NULL, '2020-01-27 15:00:14', NULL, 2, 'notification', NULL, NULL, NULL, NULL, NULL),
(68, 'Vous avez été ajouté à une nouvelle opportunité', 'fa fa-check-circle', '/opportunite/4', NULL, '2020-01-27 15:00:14', NULL, 2, 'notification', NULL, NULL, NULL, NULL, NULL),
(69, 'Vous avez été nommé responsable d\'une nouvelle opportunité', 'fa fa-check-circle', '/opportunite/12', NULL, '2020-01-27 15:09:06', NULL, 2, 'notification', NULL, NULL, NULL, NULL, NULL),
(70, 'Création nouvelle opportunité pour un de mes prospects', 'fa fa-check-circle', '/opportunite/12', NULL, '2020-01-27 15:09:06', NULL, 2, 'notification', NULL, NULL, NULL, NULL, NULL),
(71, 'Vous avez été nommé responsable d\'une nouvelle opportunité', 'fa fa-check-circle', '/opportunite/13', NULL, '2020-01-27 15:15:54', NULL, 2, 'notification', NULL, NULL, NULL, NULL, NULL),
(72, 'Création nouvelle opportunité pour un de mes prospects', 'fa fa-check-circle', '/opportunite/13', NULL, '2020-01-27 15:15:54', NULL, 2, 'notification', NULL, NULL, NULL, NULL, NULL),
(73, 'Vous avez été nommé responsable d\'une nouvelle opportunité', 'fa fa-check-circle', '/opportunite/14', NULL, '2020-01-27 15:16:51', NULL, 2, 'notification', NULL, NULL, NULL, NULL, NULL),
(74, 'Création nouvelle opportunité pour un de mes prospects', 'fa fa-check-circle', '/opportunite/14', NULL, '2020-01-27 15:16:51', NULL, 2, 'notification', NULL, NULL, NULL, NULL, NULL),
(111, 'Demande de blocage d\'un prospect', 'fa fa-lock', '/show/prospect/35', NULL, '2020-02-06 11:58:08', NULL, 2, 'notification', NULL, NULL, '[]', NULL, NULL),
(112, 'Demande de blocage d\'un prospect', 'fa fa-lock', '/show/prospect/35', NULL, '2020-02-06 12:01:36', NULL, 2, 'notification', NULL, NULL, '[]', NULL, NULL),
(113, 'Demande de deblocage d\'un prospect', 'fa fa-lock', '/show/prospect/35', NULL, '2020-02-06 12:02:24', NULL, 2, 'notification', NULL, NULL, '[]', NULL, NULL),
(124, 'Vous avez été nommé responsable d\'une nouvelle opportunité', 'fa fa-check-circle', '/opportunite/15', NULL, '2020-02-06 15:32:10', NULL, 1, 'notification', NULL, NULL, '[]', NULL, NULL),
(125, 'Vous avez été nommé responsable d\'une nouvelle opportunité', 'fa fa-check-circle', '/opportunite/16', NULL, '2020-02-06 15:50:57', NULL, 1, 'notification', NULL, NULL, '[]', NULL, NULL),
(126, 'Vous avez été ajouté à une nouvelle opportunité', 'fa fa-check-circle', '/opportunite/16', NULL, '2020-02-06 15:50:57', NULL, 1, 'notification', NULL, NULL, '[]', NULL, NULL),
(127, 'Vous avez été nommé responsable d\'une nouvelle opportunité', 'fa fa-check-circle', '/opportunite/17', NULL, '2020-02-06 16:13:31', NULL, 1, 'notification', NULL, NULL, '[]', NULL, NULL),
(128, 'Vous avez été nommé responsable d\'une nouvelle opportunité', 'fa fa-check-circle', '/opportunite/18', NULL, '2020-02-06 16:18:43', NULL, 2, 'notification', NULL, NULL, '[]', NULL, NULL),
(129, 'Création d\'une nouvelle opportunité pour l\'un de mes prospects', 'fa fa-check-circle', '/opportunite/18', NULL, '2020-02-06 16:18:43', NULL, 2, 'notification', NULL, NULL, '[]', NULL, NULL),
(130, 'Vous avez été nommé responsable d\'une nouvelle opportunité', 'fa fa-check-circle', '/opportunite/16', NULL, '2020-02-06 16:29:44', NULL, 2, 'notification', NULL, NULL, '[]', NULL, NULL),
(131, 'Création d\'une nouvelle opportunité pour l\'un de mes prospects', 'fa fa-check-circle', '/opportunite/16', NULL, '2020-02-06 16:29:44', NULL, 2, 'notification', NULL, NULL, '[]', NULL, NULL),
(132, 'Vous avez été ajouté à une nouvelle opportunité', 'fa fa-check-circle', '/opportunite/16', NULL, '2020-02-06 16:29:44', NULL, 2, 'notification', NULL, NULL, '[]', NULL, NULL),
(133, 'Création d\'une opportunité en attente de validation', 'fa fa-check-circle', '/opportunite/16', NULL, '2020-02-06 16:29:44', NULL, 2, 'notification', NULL, NULL, '[]', NULL, NULL),
(134, 'Vous avez été nommé responsable d\'une nouvelle opportunité', 'fa fa-check-circle', '/opportunite/17', NULL, '2020-02-06 16:34:13', NULL, 2, 'notification', NULL, NULL, '[]', NULL, NULL),
(135, 'Création d\'une nouvelle opportunité pour l\'un de mes prospects', 'fa fa-check-circle', '/opportunite/17', NULL, '2020-02-06 16:34:13', NULL, 2, 'notification', NULL, NULL, '[]', NULL, NULL),
(136, 'Vous avez été ajouté à une nouvelle opportunité', 'fa fa-check-circle', '/opportunite/17', NULL, '2020-02-06 16:34:13', NULL, 2, 'notification', NULL, NULL, '[]', NULL, NULL),
(137, 'Création d\'une opportunité en attente de validation', 'fa fa-check-circle', '/opportunite/17', NULL, '2020-02-06 16:34:13', NULL, 2, 'notification', NULL, NULL, '[]', NULL, NULL),
(138, 'Vous avez été nommé responsable d\'une nouvelle opportunité', 'fa fa-check-circle', '/opportunite/21', NULL, '2020-02-06 16:42:50', NULL, 1, 'notification', NULL, NULL, '[]', NULL, NULL),
(139, 'Vous avez été ajouté à une nouvelle opportunité', 'fa fa-check-circle', '/opportunite/21', NULL, '2020-02-06 16:42:50', NULL, 1, 'notification', NULL, NULL, '[]', NULL, NULL),
(140, 'Vous avez été nommé responsable d\'une nouvelle opportunité', 'fa fa-check-circle', '/opportunite/21', NULL, '2020-02-06 16:44:18', NULL, 1, 'notification', NULL, NULL, '[]', NULL, NULL),
(141, 'Vous avez été ajouté à une nouvelle opportunité', 'fa fa-check-circle', '/opportunite/21', NULL, '2020-02-06 16:44:18', NULL, 1, 'notification', NULL, NULL, '[]', NULL, NULL),
(142, 'Vous avez été nommé responsable d\'une nouvelle opportunité', 'fa fa-check-circle', '/opportunite/17', NULL, '2020-02-07 09:23:37', NULL, 1, 'notification', NULL, NULL, '[]', NULL, NULL),
(143, 'Vous avez été nommé responsable d\'une nouvelle opportunité', 'fa fa-check-circle', '/opportunite/21', NULL, '2020-02-07 09:28:32', NULL, 1, 'notification', NULL, NULL, '[]', NULL, NULL),
(144, 'Vous avez été nommé responsable d\'une nouvelle opportunité', 'fa fa-check-circle', '/opportunite/21', NULL, '2020-02-07 09:43:06', NULL, 1, 'notification', NULL, NULL, '[]', NULL, NULL),
(145, 'Vous avez été nommé responsable d\'une nouvelle opportunité', 'fa fa-check-circle', '/opportunite/26', NULL, '2020-02-07 10:01:48', NULL, 1, 'notification', NULL, NULL, '[]', NULL, NULL),
(146, 'Vous avez été ajouté à une nouvelle opportunité', 'fa fa-check-circle', '/opportunite/26', NULL, '2020-02-07 10:01:48', NULL, 1, 'notification', NULL, NULL, '[]', NULL, NULL),
(147, 'Vous avez été nommé responsable d\'une nouvelle opportunité', 'fa fa-check-circle', '/opportunite/27', NULL, '2020-02-07 10:16:48', NULL, 1, 'notification', NULL, NULL, '[]', NULL, NULL),
(148, 'Vous avez été nommé responsable d\'une nouvelle opportunité', 'fa fa-check-circle', '/opportunite/28', NULL, '2020-02-07 16:43:58', NULL, 1, 'notification', NULL, NULL, '[]', NULL, NULL),
(149, 'Vous avez été ajouté à une nouvelle opportunité', 'fa fa-check-circle', '/opportunite/28', NULL, '2020-02-07 16:43:58', NULL, 1, 'notification', NULL, NULL, '[]', NULL, NULL),
(153, 'Vous avez été nommé responsable d\'une nouvelle opportunité', 'fa fa-check-circle', '/opportunite/29', NULL, '2020-02-10 09:50:02', NULL, 1, 'notification', NULL, NULL, '[]', NULL, NULL),
(154, 'Création d\'une nouvelle opportunité pour l\'un de mes prospects', 'fa fa-check-circle', '/opportunite/29', NULL, '2020-02-10 09:50:02', NULL, 1, 'notification', NULL, NULL, '[]', NULL, NULL),
(158, 'test', NULL, NULL, NULL, '2020-02-10 14:08:35', NULL, 2, 'message', NULL, 'test', '[]', '[[\"1\", \"36\"], [\"21\"]]', NULL),
(159, 'm', NULL, NULL, NULL, '2020-02-10 14:10:57', NULL, 1, 'message', NULL, 'RE: test', '[]', '[[\"2\", \"36\"], [\"23\"]]', NULL),
(160, 'm', NULL, NULL, NULL, '2020-02-10 14:13:15', NULL, 1, 'message', NULL, 'RE: test', '[]', '[[\"2\", \"36\"], []]', NULL),
(161, 'm', NULL, NULL, NULL, '2020-02-10 14:16:25', NULL, 1, 'message', NULL, 'RE: test', '[]', '[[\"2\", \"36\"], []]', NULL),
(162, 'p', NULL, NULL, NULL, '2020-02-10 14:16:42', NULL, 1, 'message', NULL, 'RE: test', '[]', '[[\"2\", \"36\"], []]', NULL),
(163, 'aq', NULL, NULL, NULL, '2020-02-10 14:21:42', NULL, 1, 'message', NULL, 'RE: test', '[]', '[[\"2\", \"36\"], []]', NULL),
(164, 'mm', NULL, NULL, NULL, '2020-02-10 14:22:17', NULL, 1, 'message', NULL, 'RE: test', '[]', '[[\"2\", \"36\"], []]', NULL),
(165, 'mnu', NULL, NULL, NULL, '2020-02-10 14:25:32', NULL, 2, 'message', NULL, 'RE: Grand livre', '[]', '[[\"1\", \"36\"], []]', NULL),
(166, 'iuyf', NULL, NULL, NULL, '2020-02-10 14:25:43', NULL, 2, 'message', NULL, 'RE: RE: test', '[]', '[[\"1\"], []]', NULL),
(167, 'mmm', NULL, NULL, NULL, '2020-02-10 14:32:56', NULL, 2, 'message', NULL, '', '[]', '[[], [\"1\"]]', NULL),
(168, 'dfgh', NULL, NULL, NULL, '2020-02-10 14:34:29', NULL, 2, 'message', NULL, 'Demande documents ', '[[\"Capture d’écran de 2020-02-10 08-54-02.png\", \"6692c91bfdcb393e619520a73d60e6cc.png\"]]', '[[\"1\"], []]', NULL),
(169, 'm', NULL, NULL, NULL, '2020-02-11 14:35:19', NULL, 2, 'message', NULL, 'RE: RE: test', '[]', '[[\"1\"], []]', NULL),
(170, 'Vous avez été nommé responsable d\'une nouvelle opportunité', 'fa fa-check-circle', '/opportunite/30', NULL, '2020-02-12 10:43:59', NULL, 2, 'notification', NULL, NULL, '[]', '[]', NULL),
(171, 'Création d\'une nouvelle opportunité pour l\'un de mes prospects', 'fa fa-check-circle', '/opportunite/30', NULL, '2020-02-12 10:43:59', NULL, 2, 'notification', NULL, NULL, '[]', '[]', NULL),
(172, 'Création d\'une opportunité en attente de validation', 'fa fa-check-circle', '/opportunite/30', NULL, '2020-02-12 10:43:59', NULL, 2, 'notification', NULL, NULL, '[]', '[]', NULL),
(173, 'Vous avez été nommé responsable d\'une nouvelle opportunité', 'fa fa-check-circle', '/opportunite/31', NULL, '2020-02-13 10:34:53', NULL, 1, 'notification', NULL, NULL, '[]', '[]', NULL),
(174, 'ooooooooo', '', '/opportunite/show/1789564123585139', NULL, '2020-02-14 16:47:46', NULL, 1, 'noteRevue', NULL, NULL, '[]', '[]', NULL),
(175, 'ooooo\nkknnhgg', '', '/opportunite/show/1789564123585139', NULL, '2020-02-14 16:56:32', NULL, 1, 'noteRevue', NULL, NULL, '[]', '[]', NULL),
(176, 'mmmmm', '', '/opportunite/show/1789564123585139', NULL, '2020-02-17 08:42:55', NULL, 2, 'noteRevue', NULL, NULL, '[]', '[]', NULL),
(177, 'rgh,kiuytd', '', '/opportunite/show/1789564123585139', NULL, '2020-02-17 09:24:43', NULL, 2, 'noteRevue', NULL, NULL, '[]', '[]', NULL),
(178, 'mfbfc', '', '/opportunite/show/1789564123585139', NULL, '2020-02-17 09:36:04', NULL, 2, 'noteRevue', NULL, NULL, '[]', '[]', NULL),
(179, 'ssqzz', '', '/opportunite/show/1789564123585139', NULL, '2020-02-17 09:36:29', NULL, 2, 'noteRevue', NULL, NULL, '[]', '[]', NULL),
(180, 'Lorem ipsum dolor, sit amet consectetur adipisicing elit. Blanditiis, ipsam.', '', '/opportunite/show/1789564123585139', NULL, '2020-02-17 09:40:02', NULL, 2, 'noteRevue', NULL, NULL, '[]', '[]', NULL),
(181, 'Lorem ipsum dolor, sit amet consectetur adipisicing elit. Blanditiis, ipsam.', '', '/opportunite/show/1789564123585139', NULL, '2020-02-17 09:40:57', NULL, 2, 'noteRevue', NULL, NULL, '[]', '[]', NULL),
(182, 'Lorem ipsum dolor, sit amet consectetur adipisicing elit. Blanditiis, ipsam.', '', '/opportunite/show/1789564123585139', NULL, '2020-02-17 10:06:22', NULL, 1, 'noteRevue', NULL, NULL, '[]', '[]', NULL),
(183, 'Lorem ipsum dolor, sit amet consectetur adipisicing elit. Blanditiis, ipsam.', '', '/opportunite/show/1789564123585139', NULL, '2020-02-17 10:23:11', NULL, 1, 'noteRevue', NULL, NULL, '[]', '[]', NULL),
(184, 'Lorem ipsum dolor, sit amet consectetur adipisicing elit. Blanditiis, ipsam.', '', '/opportunite/show/1789564123585139', NULL, '2020-02-17 10:24:24', NULL, 1, 'noteRevue', NULL, NULL, '[]', '[]', NULL),
(185, 'ffffrrvvv', '', '/opportunite/show/1789564123585139', NULL, '2020-02-17 10:26:52', NULL, 1, 'noteRevue', NULL, NULL, '[]', '[]', NULL),
(186, 'Vous avez été nommé responsable d\'une nouvelle opportunité', 'fa fa-check-circle', '/opportunite/1789564123585271', NULL, '2020-02-17 13:15:04', NULL, 2, 'notification', NULL, NULL, '[]', '[]', NULL),
(187, 'Création d\'une nouvelle opportunité pour l\'un de mes prospects', 'fa fa-check-circle', '/opportunite/1789564123585271', NULL, '2020-02-17 13:15:04', NULL, 2, 'notification', NULL, NULL, '[]', '[]', NULL),
(188, 'Création d\'une opportunité en attente de validation', 'fa fa-check-circle', '/opportunite/1789564123585271', NULL, '2020-02-17 13:15:04', NULL, 2, 'notification', NULL, NULL, '[]', '[]', NULL),
(189, 'mmmmm', '', '/opportunite/show/1789564123584644', NULL, '2020-02-17 15:13:38', NULL, 1, 'noteRevue', NULL, NULL, '[]', '[]', NULL),
(190, 'qassdcc', '', '/opportunite/show/1789564123584644', NULL, '2020-02-17 15:32:59', NULL, 2, 'noteRevue', NULL, NULL, '[]', '[]', NULL),
(191, 'Opportunité en attente de validation', 'fa fa-check-circle', '/opportunite/show/1789564123585271', NULL, '2020-02-18 11:54:14', NULL, 2, 'notification', NULL, NULL, '[]', '[]', NULL),
(192, 'Opportunité en attente d\'approbation', 'fa fa-check-circle', '/opportunite/show/1789564123585271', NULL, '2020-02-18 11:54:14', NULL, 2, 'notification', NULL, NULL, '[]', '[]', NULL),
(193, 'Opportunité en attente de validation', 'fa fa-check-circle', '/opportunite/show/1789564123585271', NULL, '2020-02-18 11:54:34', NULL, 2, 'notification', NULL, NULL, '[]', '[]', NULL),
(194, 'Opportunité en attente d\'approbation', 'fa fa-check-circle', '/opportunite/show/1789564123585271', NULL, '2020-02-18 11:54:34', NULL, 2, 'notification', NULL, NULL, '[]', '[]', NULL),
(195, 'Modifies le titre de l\'opportunité', '', '/opportunite/show/1789564123585271', NULL, '2020-02-18 15:24:41', NULL, 1, 'noteRevue', NULL, NULL, '[]', '[]', NULL),
(196, 'kkk', '', '/opportunite/show/1789564123585271', NULL, '2020-02-18 15:31:33', NULL, 1, 'noteRevue', NULL, NULL, '[]', '[]', NULL),
(197, 'mmm', '', '/opportunite/show/1789564123585271', NULL, '2020-02-18 15:32:29', NULL, 1, 'noteRevue', NULL, NULL, '[]', '[]', NULL),
(198, 'mmmyyyerdfg', '', '/opportunite/show/1789564123585271', NULL, '2020-02-18 15:41:39', NULL, 1, 'noteRevue', NULL, NULL, '[]', '[]', NULL),
(199, 'Opportunité en attente de validation', 'fa fa-check-circle', '/opportunite/show/1789564123585271', NULL, '2020-02-18 15:42:35', NULL, 2, 'notification', NULL, NULL, '[]', '[]', NULL),
(200, 'Opportunité en attente d\'approbation', 'fa fa-check-circle', '/opportunite/show/1789564123585271', NULL, '2020-02-18 15:42:35', NULL, 2, 'notification', NULL, NULL, '[]', '[]', NULL),
(201, 'Opportunité en attente de validation', 'fa fa-check-circle', '/opportunite/show/1789564123585271', NULL, '2020-02-18 15:49:41', NULL, 2, 'notification', NULL, NULL, '[]', '[]', NULL),
(202, 'Opportunité en attente d\'approbation', 'fa fa-check-circle', '/opportunite/show/1789564123585271', NULL, '2020-02-18 15:49:41', NULL, 2, 'notification', NULL, NULL, '[]', '[]', NULL),
(203, 'Opportunité en attente de validation', 'fa fa-check-circle', '/opportunite/show/1789564123585271', NULL, '2020-02-18 15:50:47', NULL, 2, 'notification', NULL, NULL, '[]', '[]', NULL),
(204, 'Opportunité en attente d\'approbation', 'fa fa-check-circle', '/opportunite/show/1789564123585271', NULL, '2020-02-18 15:50:47', NULL, 2, 'notification', NULL, NULL, '[]', '[]', NULL),
(205, 'uu', '', '/opportunite/show/1789564123585271', NULL, '2020-02-18 15:56:40', NULL, 1, 'noteRevue', NULL, NULL, '[]', '[]', NULL),
(206, 'mo', '', '/opportunite/show/1789564123585271', NULL, '2020-02-18 15:56:53', NULL, 1, 'noteRevue', NULL, NULL, '[]', '[]', NULL),
(207, ';;', '', '/opportunite/show/1789564123585271', NULL, '2020-02-18 16:00:02', NULL, 1, 'noteRevue', NULL, NULL, '[]', '[]', NULL),
(208, 'PML', '', '/opportunite/show/1789564123585271', NULL, '2020-02-18 16:02:04', NULL, 1, 'noteRevue', NULL, NULL, '[]', '[]', NULL),
(209, 'azsdcv', '', '/opportunite/show/1789564123585271', NULL, '2020-02-18 16:03:53', NULL, 1, 'noteRevue', NULL, NULL, '[]', '[]', NULL),
(210, 'Opportunité en attente de validation', 'fa fa-check-circle', '/opportunite/show/1789564123585271', NULL, '2020-02-18 16:06:02', NULL, 2, 'notification', NULL, NULL, '[]', '[]', NULL),
(211, 'Opportunité en attente d\'approbation', 'fa fa-check-circle', '/opportunite/show/1789564123585271', NULL, '2020-02-18 16:06:02', NULL, 2, 'notification', NULL, NULL, '[]', '[]', NULL),
(212, 'Opportunité en attente d\'approbation', 'fa fa-check-circle', '/opportunite/show/1789564123585271', NULL, '2020-02-18 16:16:41', NULL, 2, 'notification', NULL, NULL, '[]', '[]', NULL),
(213, 'mmm', '', '/opportunite/show/1789564123585271', NULL, '2020-02-18 16:36:33', NULL, 1, 'noteRevue', NULL, NULL, '[]', '[]', NULL),
(214, 'Opportunité en attente d\'approbation', 'fa fa-check-circle', '/opportunite/show/1789564123585271', NULL, '2020-02-18 16:42:48', NULL, 2, 'notification', NULL, NULL, '[]', '[]', NULL),
(215, 'Création d\'une nouvelle opportunité pour l\'un de vos prospects', 'fa fa-check-circle', '/opportunite/show/1789564123585304', NULL, '2020-02-19 09:22:47', NULL, 2, 'notification', NULL, NULL, '[]', '[]', NULL),
(216, 'Nouvelle opportunité en attente d\'approbation', 'fa fa-check-circle', '/opportunite/show/1789564123585304', NULL, '2020-02-19 09:22:47', NULL, 2, 'notification', NULL, NULL, '[]', '[]', NULL),
(217, 'Création d\'une nouvelle opportunité pour l\'un de vos prospects', 'fa fa-check-circle', '/opportunite/show/1789564123585337', NULL, '2020-02-19 09:24:25', NULL, 2, 'notification', NULL, NULL, '[]', '[]', NULL),
(218, 'Nouvelle opportunité en attente d\'approbation', 'fa fa-check-circle', '/opportunite/show/1789564123585337', NULL, '2020-02-19 09:24:25', NULL, 2, 'notification', NULL, NULL, '[]', '[]', NULL),
(219, 'Vous avez été nommé responsable d\'une nouvelle opportunité', 'fa fa-check-circle', '/opportunite/show/1789564123584215', NULL, '2020-02-19 09:38:48', NULL, 1, 'notification', NULL, NULL, '[]', '[]', NULL),
(220, 'Vous avez été nommé responsable d\'une nouvelle opportunité', 'fa fa-check-circle', '/opportunite/show/1789564123585337', NULL, '2020-02-19 13:03:51', NULL, 2, 'notification', NULL, NULL, '[]', '[]', NULL),
(221, 'Nouvelle opportunité approuvée', 'fa fa-check-circle', '/opportunite/show/1789564123585073', NULL, '2020-02-19 13:28:40', NULL, 2, 'notification', NULL, NULL, '[]', '[]', NULL),
(222, 'Une opportunité vient de vous être renvoyée', 'fa fa-check-circle', '/opportunite/show/1789564123585271', NULL, '2020-02-20 08:58:40', NULL, 2, 'notification', NULL, NULL, '[]', '[]', NULL),
(223, 'Une opportunité vient de vous être renvoyée', 'fa fa-check-circle', '/opportunite/show/1789564123585271', NULL, '2020-02-20 09:09:18', NULL, 2, 'notification', NULL, NULL, '[]', '[]', NULL),
(224, 'Une opportunité vient de vous être renvoyée', 'fa fa-check-circle', '/opportunite/show/1789564123585271', NULL, '2020-02-20 09:17:32', NULL, 2, 'notification', NULL, NULL, '[]', '[]', NULL),
(225, 'Une opportunité vient de vous être renvoyée', 'fa fa-check-circle', '/opportunite/show/1789564123585271', NULL, '2020-02-20 09:24:34', NULL, 2, 'notification', NULL, NULL, '[]', '[]', NULL),
(226, 'Une opportunité vient de vous être renvoyée', 'fa fa-check-circle', '/opportunite/show/1789564123585271', NULL, '2020-02-20 10:11:55', NULL, 2, 'notification', NULL, NULL, '[]', '[]', NULL),
(227, 'Une opportunité vient de vous être renvoyée', 'fa fa-check-circle', '/opportunite/show/1789564123585271', NULL, '2020-02-20 10:21:29', NULL, 2, 'notification', NULL, NULL, '[]', '[]', NULL),
(228, 'Une opportunité vient de vous être renvoyée', 'fa fa-check-circle', '/opportunite/show/1789564123585271', NULL, '2020-02-20 10:28:10', NULL, 2, 'notification', NULL, NULL, '[]', '[]', NULL),
(229, 'Vous avez été nommé responsable d\'une nouvelle opportunité', 'fa fa-check-circle', '/opportunite/show/1789564123585271', NULL, '2020-02-20 10:29:35', NULL, 2, 'notification', NULL, NULL, '[]', '[]', NULL),
(230, 'Nouvelle opportunité approuvée', 'fa fa-check-circle', '/opportunite/show/1789564123585271', NULL, '2020-02-20 10:29:35', NULL, 1, 'notification', NULL, NULL, '[]', '[]', NULL),
(231, 'Une opportunité vient de vous être renvoyée', 'fa fa-check-circle', '/opportunite/show/1789564123584875', NULL, '2020-02-20 11:07:49', NULL, 2, 'notification', NULL, NULL, '[]', '[]', NULL),
(232, 'oooo', '', '/opportunite/show/1789564123584875', NULL, '2020-02-20 11:18:13', NULL, 2, 'noteRevue', NULL, NULL, '[]', '[]', NULL),
(233, 'Une opportunité vient de vous être renvoyée', 'fa fa-check-circle', '/opportunite/show/1789564123584875', NULL, '2020-02-20 11:18:22', NULL, 2, 'notification', NULL, NULL, '[]', '[]', NULL),
(234, 'Une opportunité vient de vous être renvoyée', 'fa fa-check-circle', '/opportunite/show/1789564123584875', NULL, '2020-02-20 11:21:57', NULL, 2, 'notification', NULL, NULL, '[]', '[]', NULL),
(235, 'ghjk', '', '/opportunite/show/1789564123585139', NULL, '2020-02-20 15:28:23', NULL, 1, 'noteRevue', NULL, NULL, '[]', '[]', NULL),
(236, 'Création d\'une nouvelle opportunité pour l\'un de vos prospects', 'fa fa-check-circle', '/opportunite/show/1789564123585403', NULL, '2020-02-20 16:13:45', NULL, 1, 'notification', NULL, NULL, '[]', '[]', NULL),
(237, 'sdfgh', '', '/opportunite/show/1789564123585403', NULL, '2020-02-20 18:41:20', NULL, 2, 'noteRevue', NULL, NULL, '[]', '[]', NULL),
(238, 'fcfcdddxdxdxdxd', '', '/opportunite/show/1789564123585403', NULL, '2020-02-20 18:43:03', NULL, 2, 'noteRevue', NULL, NULL, '[]', '[]', NULL),
(239, 'ffffff', '', '/opportunite/show/1789564123585403', NULL, '2020-02-20 18:43:29', NULL, 2, 'noteRevue', NULL, NULL, '[]', '[]', NULL),
(240, 'mmmmm', '', '/opportunite/show/1789564123585403', NULL, '2020-02-20 18:50:17', NULL, 2, 'noteRevue', NULL, NULL, '[]', '[]', NULL),
(241, 'aaqsde', '', '/opportunite/show/1789564123585403', NULL, '2020-02-20 18:51:40', NULL, 2, 'noteRevue', NULL, NULL, '[]', '[]', NULL),
(242, 'Une opportunité vient de vous être renvoyée', 'fa fa-check-circle', '/opportunite/show/1789564123585403', NULL, '2020-02-20 19:02:20', NULL, 1, 'notification', NULL, NULL, '[]', '[]', NULL),
(243, 'd\'accord', '', '/opportunite/show/1789564123585403', NULL, '2020-02-20 20:04:20', NULL, 1, 'noteRevue', NULL, NULL, '[]', '[]', NULL),
(244, 'Opportunité en attente de validation', 'fa fa-check-circle', '/opportunite/show/1789564123585403', NULL, '2020-02-20 20:14:06', NULL, 1, 'notification', NULL, NULL, '[]', '[]', NULL),
(245, 'Une opportunité vient de vous être renvoyée', 'fa fa-check-circle', '/opportunite/show/1789564123585403', NULL, '2020-02-20 20:16:14', NULL, 1, 'notification', NULL, NULL, '[]', '[]', NULL),
(246, 'Vous avez été nommé responsable d\'une nouvelle opportunité', 'fa fa-check-circle', '/opportunite/show/1789564123584875', NULL, '2020-02-20 20:34:34', NULL, 2, 'notification', NULL, NULL, '[]', '[]', NULL),
(247, 'Nouvelle opportunité approuvée', 'fa fa-check-circle', '/opportunite/show/1789564123584875', NULL, '2020-02-20 20:34:34', NULL, 1, 'notification', NULL, NULL, '[]', '[]', NULL),
(248, 'Nouvelle opportunité approuvée', 'fa fa-check-circle', '/opportunite/show/1789564123584677', NULL, '2020-02-20 20:35:59', NULL, 1, 'notification', NULL, NULL, '[]', '[]', NULL),
(249, 'Une opportunité vient de vous être renvoyée', 'fa fa-check-circle', '/opportunite/show/1789564123584842', NULL, '2020-02-20 21:39:47', NULL, 2, 'notification', NULL, NULL, '[]', '[]', NULL),
(250, 'Une opportunité vient de vous être renvoyée', 'fa fa-check-circle', '/opportunite/show/1789564123584842', NULL, '2020-02-20 21:41:13', NULL, 2, 'notification', NULL, NULL, '[]', '[]', NULL),
(251, 'Nouvelle opportunité approuvée', 'fa fa-check-circle', '/opportunite/show/1789564123584842', NULL, '2020-02-20 21:59:28', NULL, 1, 'notification', NULL, NULL, '[]', '[]', NULL),
(252, 'Nouvelle opportunité en attente de validation', 'fa fa-check-circle', '/opportunite/show/1789564123585436', NULL, '2020-02-20 22:15:17', NULL, 2, 'notification', NULL, NULL, '[]', '[]', NULL),
(253, 'fghjk', '', '/opportunite/show/1789564123585436', NULL, '2020-02-20 22:20:52', NULL, 21, 'noteRevue', NULL, NULL, '[]', '[]', NULL),
(254, 'Une opportunité vient de vous être renvoyée', 'fa fa-check-circle', '/opportunite/show/1789564123585436', NULL, '2020-02-20 22:31:27', NULL, 2, 'notification', NULL, NULL, '[]', '[]', NULL),
(255, 'gggggg', '', '/opportunite/show/1789564123585436', NULL, '2020-02-20 22:32:50', NULL, 2, 'noteRevue', NULL, NULL, '[]', '[]', NULL),
(256, 'Une opportunité vient de vous être renvoyée', 'fa fa-check-circle', '/opportunite/show/1789564123585436', NULL, '2020-02-20 22:32:58', NULL, 2, 'notification', NULL, NULL, '[]', '[]', NULL),
(257, 'Nouvelle opportunité en attente d\'approbation', 'fa fa-check-circle', '/opportunite/show/1789564123585436', NULL, '2020-02-20 22:35:59', NULL, 21, 'notification', NULL, NULL, '[]', '[]', NULL),
(258, 'Nouvelle opportunité validée', 'fa fa-check-circle', '/opportunite/show/1789564123585436', NULL, '2020-02-20 22:35:59', NULL, 21, 'notification', NULL, NULL, '[]', '[]', NULL),
(259, 'fghn', '', '/opportunite/show/1789564123585436', NULL, '2020-02-20 22:46:09', NULL, 1, 'noteRevue', NULL, NULL, '[]', '[]', NULL),
(260, 'cfgvbh', '', '/opportunite/show/1789564123585436', NULL, '2020-02-20 22:46:38', NULL, 1, 'noteRevue', NULL, NULL, '[]', '[]', NULL),
(261, 'Une opportunité vient de vous être renvoyée', 'fa fa-check-circle', '/opportunite/show/1789564123585436', NULL, '2020-02-20 22:49:39', NULL, 2, 'notification', NULL, NULL, '[]', '[]', NULL),
(262, 'gggggg', '', '/opportunite/show/1789564123585436', NULL, '2020-02-20 22:50:57', NULL, 21, 'noteRevue', NULL, NULL, '[]', '[]', NULL),
(263, 'Une opportunité vient de vous être renvoyée', 'fa fa-check-circle', '/opportunite/show/1789564123585436', NULL, '2020-02-20 22:53:37', NULL, 2, 'notification', NULL, NULL, '[]', '[]', NULL),
(264, 'ggggg', '', '/opportunite/show/1789564123585436', NULL, '2020-02-20 22:54:53', NULL, 2, 'noteRevue', NULL, NULL, '[]', '[]', NULL),
(265, 'Une opportunité vient de vous être renvoyée', 'fa fa-check-circle', '/opportunite/show/1789564123585436', NULL, '2020-02-20 22:55:24', NULL, 2, 'notification', NULL, NULL, '[]', '[]', NULL),
(266, 'Une opportunité vient de vous être renvoyée', 'fa fa-check-circle', '/opportunite/show/1789564123585436', NULL, '2020-02-21 08:33:24', NULL, 2, 'notification', NULL, NULL, '[]', '[]', NULL),
(267, 'Une opportunité vient de vous être renvoyée', 'fa fa-check-circle', '/opportunite/show/1789564123585436', NULL, '2020-02-21 08:40:03', NULL, 2, 'notification', NULL, NULL, '[]', '[]', NULL),
(268, 'Nouvelle opportunité en attente d\'approbation', 'fa fa-check-circle', '/opportunite/show/1789564123585436', NULL, '2020-02-21 08:41:30', NULL, 21, 'notification', NULL, NULL, '[]', '[]', NULL),
(269, 'Nouvelle opportunité validée', 'fa fa-check-circle', '/opportunite/show/1789564123585436', NULL, '2020-02-21 08:41:30', NULL, 21, 'notification', NULL, NULL, '[]', '[]', NULL),
(270, 'Une opportunité vient de vous être renvoyée', 'fa fa-check-circle', '/opportunite/show/1789564123585436', NULL, '2020-02-21 09:12:19', NULL, 2, 'notification', NULL, NULL, '[]', '[]', NULL),
(271, 'Une opportunité vient de vous être renvoyée', 'fa fa-check-circle', '/opportunite/show/1789564123585436', NULL, '2020-02-21 09:14:19', NULL, 2, 'notification', NULL, NULL, '[]', '[]', NULL),
(272, 'aaa', '', '/opportunite/show/1789564123585436', NULL, '2020-02-21 09:40:35', NULL, 2, 'noteRevue', NULL, NULL, '[]', '[]', NULL),
(273, 'Une opportunité vient de vous être renvoyée', 'fa fa-check-circle', '/opportunite/show/1789564123585436', NULL, '2020-02-21 09:41:43', NULL, 2, 'notification', NULL, NULL, '[]', '[]', NULL),
(274, 'Nouvelle opportunité en attente d\'approbation', 'fa fa-check-circle', '/opportunite/show/1789564123585436', NULL, '2020-02-21 09:42:39', NULL, 21, 'notification', NULL, NULL, '[]', '[]', NULL),
(275, 'Nouvelle opportunité validée', 'fa fa-check-circle', '/opportunite/show/1789564123585436', NULL, '2020-02-21 09:42:39', NULL, 21, 'notification', NULL, NULL, '[]', '[]', NULL),
(276, 'Vous avez été nommé responsable d\'une nouvelle opportunité', 'fa fa-check-circle', '/opportunite/show/1789564123585436', NULL, '2020-02-21 09:47:41', NULL, 2, 'notification', NULL, NULL, '[]', '[]', NULL),
(277, 'Nouvelle opportunité approuvée', 'fa fa-check-circle', '/opportunite/show/1789564123585436', NULL, '2020-02-21 09:47:41', NULL, 1, 'notification', NULL, NULL, '[]', '[]', NULL),
(278, 'Opportunité en attente de validation', 'fa fa-check-circle', '/opportunite/show/1789564123585436', NULL, '2020-02-21 09:54:21', NULL, 23, 'notification', NULL, NULL, '[]', '[]', NULL),
(279, 'Opportunité en attente de validation', 'fa fa-check-circle', '/opportunite/show/1789564123585436', NULL, '2020-02-21 10:02:35', NULL, 23, 'notification', NULL, NULL, '[]', '[]', NULL),
(280, 'Opportunité en attente de validation', 'fa fa-check-circle', '/opportunite/show/1789564123585436', NULL, '2020-02-21 10:04:12', NULL, 1, 'notification', NULL, NULL, '[]', '[]', NULL),
(281, 'Nouvelle opportunité en attente de validation', 'fa fa-check-circle', '/opportunite/show/1789564123585469', NULL, '2020-02-21 10:26:15', NULL, 1, 'notification', NULL, NULL, '[]', '[]', NULL),
(282, 'zzzzzz', '', '/opportunite/show/1789564123585469', NULL, '2020-02-21 10:40:30', NULL, 2, 'noteRevue', NULL, NULL, '[]', '[]', NULL),
(283, 'Une opportunité vient de vous être renvoyée', 'fa fa-check-circle', '/opportunite/show/1789564123585469', NULL, '2020-02-21 10:41:33', NULL, 1, 'notification', NULL, NULL, '[]', '[]', NULL),
(284, 'ttttt', '', '/opportunite/show/1789564123585469', NULL, '2020-02-21 10:49:33', NULL, 1, 'noteRevue', NULL, NULL, '[]', '[]', NULL),
(285, 'Opportunité en attente de validation', 'fa fa-check-circle', '/opportunite/show/1789564123585469', NULL, '2020-02-21 10:53:10', NULL, 1, 'notification', NULL, NULL, '[]', '[]', NULL),
(286, 'Une opportunité vient de vous être renvoyée', 'fa fa-check-circle', '/opportunite/show/1789564123585469', NULL, '2020-02-21 10:55:45', NULL, 1, 'notification', NULL, NULL, '[]', '[]', NULL),
(287, 'Nouvelle opportunité validée', 'fa fa-check-circle', '/opportunite/show/1789564123585469', NULL, '2020-02-21 11:12:31', NULL, 2, 'notification', NULL, NULL, '[]', '[]', NULL),
(288, 'Nouvelle opportunité en attente de validation', 'fa fa-check-circle', '/opportunite/show/1789564123585502', NULL, '2020-02-21 11:17:07', NULL, 2, 'notification', NULL, NULL, '[]', '[]', NULL),
(289, 'aaqqdert', '', '/opportunite/show/1789564123585502', NULL, '2020-02-21 11:23:00', NULL, 21, 'noteRevue', NULL, NULL, '[]', '[]', NULL),
(290, 'Une opportunité vient de vous être renvoyée', 'fa fa-check-circle', '/opportunite/show/1789564123585502', NULL, '2020-02-21 11:23:20', NULL, 2, 'notification', NULL, NULL, '[]', '[]', NULL),
(291, 'aaaa', '', '/opportunite/show/1789564123585502', NULL, '2020-02-21 11:26:36', NULL, 2, 'noteRevue', NULL, NULL, '[]', '[]', NULL),
(292, 'Opportunité en attente de validation', 'fa fa-check-circle', '/opportunite/show/1789564123585502', NULL, '2020-02-21 11:26:50', NULL, 2, 'notification', NULL, NULL, '[]', '[]', NULL),
(293, 'Une opportunité vient de vous être renvoyée', 'fa fa-check-circle', '/opportunite/show/1789564123585502', NULL, '2020-02-21 11:27:01', NULL, 2, 'notification', NULL, NULL, '[]', '[]', NULL),
(294, 'Nouvelle opportunité en attente d\'approbation', 'fa fa-check-circle', '/opportunite/show/1789564123585502', NULL, '2020-02-21 11:33:52', NULL, 21, 'notification', NULL, NULL, '[]', '[]', NULL),
(295, 'Nouvelle opportunité validée', 'fa fa-check-circle', '/opportunite/show/1789564123585502', NULL, '2020-02-21 11:33:52', NULL, 21, 'notification', NULL, NULL, '[]', '[]', NULL),
(296, 'zzzssd', '', '/opportunite/show/1789564123585502', NULL, '2020-02-21 11:36:47', NULL, 1, 'noteRevue', NULL, NULL, '[]', '[]', NULL),
(297, 'nnnnnbb', '', '/opportunite/show/1789564123585502', NULL, '2020-02-21 11:37:00', NULL, 1, 'noteRevue', NULL, NULL, '[]', '[]', NULL),
(298, 'Une opportunité vient de vous être renvoyée', 'fa fa-check-circle', '/opportunite/show/1789564123585502', NULL, '2020-02-21 11:37:25', NULL, 2, 'notification', NULL, NULL, '[]', '[]', NULL),
(299, 'nnbgg', '', '/opportunite/show/1789564123585502', NULL, '2020-02-21 11:38:48', NULL, 21, 'noteRevue', NULL, NULL, '[]', '[]', NULL),
(300, 'Une opportunité vient de vous être renvoyée', 'fa fa-check-circle', '/opportunite/show/1789564123585502', NULL, '2020-02-21 11:38:58', NULL, 2, 'notification', NULL, NULL, '[]', '[]', NULL),
(301, 'hhftdg', '', '/opportunite/show/1789564123585502', NULL, '2020-02-21 11:43:12', NULL, 2, 'noteRevue', NULL, NULL, '[]', '[]', NULL),
(302, 'Une opportunité vient de vous être renvoyée', 'fa fa-check-circle', '/opportunite/show/1789564123585502', NULL, '2020-02-21 11:43:24', NULL, 2, 'notification', NULL, NULL, '[]', '[]', NULL),
(303, 'Nouvelle opportunité en attente d\'approbation', 'fa fa-check-circle', '/opportunite/show/1789564123585502', NULL, '2020-02-21 11:45:58', NULL, 21, 'notification', NULL, NULL, '[]', '[]', NULL),
(304, 'Nouvelle opportunité validée', 'fa fa-check-circle', '/opportunite/show/1789564123585502', NULL, '2020-02-21 11:45:58', NULL, 21, 'notification', NULL, NULL, '[]', '[]', NULL),
(305, 'Une opportunité vient de vous être renvoyée', 'fa fa-check-circle', '/opportunite/show/1789564123585502', NULL, '2020-02-21 11:49:33', NULL, 2, 'notification', NULL, NULL, '[]', '[]', NULL),
(306, 'Une opportunité vient de vous être renvoyée', 'fa fa-check-circle', '/opportunite/show/1789564123585502', NULL, '2020-02-21 11:50:21', NULL, 2, 'notification', NULL, NULL, '[]', '[]', NULL),
(307, 'Une opportunité vient de vous être renvoyée', 'fa fa-check-circle', '/opportunite/show/1789564123585502', NULL, '2020-02-21 11:53:18', NULL, 2, 'notification', NULL, NULL, '[]', '[]', NULL),
(308, 'Nouvelle opportunité en attente d\'approbation', 'fa fa-check-circle', '/opportunite/show/1789564123585502', NULL, '2020-02-21 11:54:37', NULL, 21, 'notification', NULL, NULL, '[]', '[]', NULL),
(309, 'Nouvelle opportunité validée', 'fa fa-check-circle', '/opportunite/show/1789564123585502', NULL, '2020-02-21 11:54:37', NULL, 21, 'notification', NULL, NULL, '[]', '[]', NULL),
(310, 'Vous avez été nommé responsable d\'une nouvelle opportunité', 'fa fa-check-circle', '/opportunite/show/1789564123585502', NULL, '2020-02-21 11:55:33', NULL, 2, 'notification', NULL, NULL, '[]', '[]', NULL),
(311, 'Nouvelle opportunité approuvée', 'fa fa-check-circle', '/opportunite/show/1789564123585502', NULL, '2020-02-21 11:55:33', NULL, 1, 'notification', NULL, NULL, '[]', '[]', NULL),
(312, 'Opportunité en attente de validation', 'fa fa-check-circle', '/opportunite/show/1789564123585502', NULL, '2020-02-21 12:00:32', NULL, 23, 'notification', NULL, NULL, '[]', '[]', NULL),
(313, 'Vous avez été nommé responsable d\'une nouvelle opportunité', 'fa fa-check-circle', '/opportunite/show/1789564123585238', NULL, '2020-02-21 12:04:48', NULL, 1, 'notification', NULL, NULL, '[]', '[]', NULL),
(314, '<p>\n    Lorem ipsum dolor sit amet consectetur adipisicing elit. Maiores ab magnam voluptas eaque. Amet deleniti ipsum consectetur facilis obcaecati, non, eaque, nam debitis corporis architecto pariatur. Nesciunt eligendi quibusdam doloremque perspiciatis ipsum doloribus maxime mollitia magni esse, reprehenderit, in, beatae iste? Praesentium ut sunt dignissimos quia amet error delectus officiis harum in incidunt sint ipsa molestiae cum reprehenderit, minima aliquid quas labore ullam expedita distinctio necessitatibus. Sit impedit modi quo quia nisi dolore consectetur dolor laudantium quod hic. Vitae ad laboriosam magni! Enim deleniti perspiciatis et veniam ratione reprehenderit perferendis ipsa tempora impedit tenetur, possimus velit labore saepe magni itaque!\n</p>', NULL, NULL, NULL, '2020-02-21 12:37:55', NULL, 23, 'message', NULL, 'Documents ACT', '[[\"user_packs.sql\", \"5873bbc695b7d11a9fa6cb72ce74046e.\"], [\"USE CASE PHASE 1.docx\", \"13762719bf427f682a17e5597c525162.docx\"]]', '[[\"1\"], []]', NULL),
(315, 'kkkkk', NULL, NULL, NULL, '2020-02-21 12:41:03', NULL, 1, 'message', NULL, 'yyy', '[]', '[[\"2\", \"23\"], [\"36\"]]', NULL),
(316, 'mmmm', NULL, NULL, NULL, '2020-02-21 12:41:41', NULL, 2, 'message', NULL, 'RE: Balance', '[]', '[[\"1\", \"23\"], []]', NULL),
(317, 'rrrrrrrrr', NULL, NULL, NULL, '2020-02-21 15:26:21', NULL, 1, 'message', NULL, '', '[]', '[[\"37\", \"2\"], [\"23\"]]', NULL),
(318, 'gggg', NULL, NULL, NULL, '2020-02-21 15:29:44', NULL, 2, 'message', NULL, 'RE: Explication SV', '[]', '[[\"1\", \"37\"], [\"20\"]]', NULL),
(319, 'Nouvelle opportunité en attente de validation', 'fa fa-check-circle', '/opportunite/show/1789564123585469', NULL, '2020-02-21 16:09:06', NULL, 1, 'notification', NULL, NULL, '[]', '[]', NULL),
(320, 'hhhhhh', NULL, NULL, NULL, '2020-02-21 16:13:53', NULL, 2, 'message', NULL, 'Etats financiers', '[]', '[[\"1\"], []]', NULL),
(321, 'fffff', '', '/opportunite/show/1789564123585568', NULL, '2020-02-21 16:21:55', NULL, 2, 'noteRevue', NULL, NULL, '[]', '[]', NULL),
(322, 'ggghkkkk', '', '/opportunite/show/1789564123585568', NULL, '2020-02-21 16:26:05', NULL, 2, 'noteRevue', NULL, NULL, '[]', '[]', NULL),
(323, 'Une opportunité vient de vous être renvoyée', 'fa fa-check-circle', '/opportunite/show/1789564123585568', NULL, '2020-02-21 16:29:53', NULL, 1, 'notification', NULL, NULL, '[]', '[]', NULL),
(324, 'qqqqqqqq', '', '/opportunite/show/1789564123585568', NULL, '2020-02-21 16:34:21', NULL, 1, 'noteRevue', NULL, NULL, '[]', '[]', NULL),
(325, 'Opportunité en attente de validation', 'fa fa-check-circle', '/opportunite/show/1789564123585568', NULL, '2020-02-21 16:36:03', NULL, 1, 'notification', NULL, NULL, '[]', '[]', NULL),
(326, 'Une opportunité vient de vous être renvoyée', 'fa fa-check-circle', '/opportunite/show/1789564123585568', NULL, '2020-02-21 16:36:21', NULL, 1, 'notification', NULL, NULL, '[]', '[]', NULL),
(327, 'Nouvelle opportunité validée', 'fa fa-check-circle', '/opportunite/show/1789564123585568', NULL, '2020-02-21 16:38:56', NULL, 2, 'notification', NULL, NULL, '[]', '[]', NULL),
(328, 'Nouvelle opportunité en attente de validation', 'fa fa-check-circle', '/opportunite/show/1789564123585601', NULL, '2020-02-21 16:49:13', NULL, 2, 'notification', NULL, NULL, '[]', '[]', NULL),
(329, 'gggggg', '', '/opportunite/show/1789564123585601', NULL, '2020-02-21 16:51:02', NULL, 21, 'noteRevue', NULL, NULL, '[]', '[]', NULL),
(330, 'Une opportunité vient de vous être renvoyée', 'fa fa-check-circle', '/opportunite/show/1789564123585601', NULL, '2020-02-21 16:51:17', NULL, 2, 'notification', NULL, NULL, '[]', '[]', NULL),
(331, 'ggggggg', '', '/opportunite/show/1789564123585601', NULL, '2020-02-21 16:52:38', NULL, 2, 'noteRevue', NULL, NULL, '[]', '[]', NULL),
(332, 'Opportunité en attente de validation', 'fa fa-check-circle', '/opportunite/show/1789564123585601', NULL, '2020-02-21 16:54:08', NULL, 2, 'notification', NULL, NULL, '[]', '[]', NULL),
(333, 'Une opportunité vient de vous être renvoyée', 'fa fa-check-circle', '/opportunite/show/1789564123585601', NULL, '2020-02-21 16:54:26', NULL, 2, 'notification', NULL, NULL, '[]', '[]', NULL),
(334, 'Nouvelle opportunité en attente d\'approbation', 'fa fa-check-circle', '/opportunite/show/1789564123585601', NULL, '2020-02-21 16:55:48', NULL, 21, 'notification', NULL, NULL, '[]', '[]', NULL),
(335, 'Nouvelle opportunité validée', 'fa fa-check-circle', '/opportunite/show/1789564123585601', NULL, '2020-02-21 16:55:48', NULL, 21, 'notification', NULL, NULL, '[]', '[]', NULL),
(336, 'zzzzzzzzrrttyu', '', '/opportunite/show/1789564123585601', NULL, '2020-02-21 17:01:14', NULL, 1, 'noteRevue', NULL, NULL, '[]', '[]', NULL),
(337, 'hhhhhhh', '', '/opportunite/show/1789564123585601', NULL, '2020-02-21 17:01:30', NULL, 1, 'noteRevue', NULL, NULL, '[]', '[]', NULL),
(338, 'Une opportunité vient de vous être renvoyée', 'fa fa-check-circle', '/opportunite/show/1789564123585601', NULL, '2020-02-21 17:02:16', NULL, 2, 'notification', NULL, NULL, '[]', '[]', NULL),
(339, 'jjjjjjjj', '', '/opportunite/show/1789564123585601', NULL, '2020-02-21 17:04:10', NULL, 21, 'noteRevue', NULL, NULL, '[]', '[]', NULL),
(340, 'Une opportunité vient de vous être renvoyée', 'fa fa-check-circle', '/opportunite/show/1789564123585601', NULL, '2020-02-21 17:04:21', NULL, 2, 'notification', NULL, NULL, '[]', '[]', NULL),
(341, 'mmmmmmm', '', '/opportunite/show/1789564123585601', NULL, '2020-02-21 17:05:56', NULL, 2, 'noteRevue', NULL, NULL, '[]', '[]', NULL),
(342, 'Une opportunité vient de vous être renvoyée', 'fa fa-check-circle', '/opportunite/show/1789564123585601', NULL, '2020-02-21 17:06:38', NULL, 2, 'notification', NULL, NULL, '[]', '[]', NULL),
(343, 'Nouvelle opportunité en attente d\'approbation', 'fa fa-check-circle', '/opportunite/show/1789564123585601', NULL, '2020-02-21 17:11:41', NULL, 21, 'notification', NULL, NULL, '[]', '[]', NULL);
INSERT INTO `notification` (`id`, `message`, `icon`, `lien`, `statut`, `date`, `user_id`, `emetteur_id`, `type`, `niveau`, `sujet`, `fichier`, `type_destinataire`, `groupe_id`) VALUES
(344, 'Nouvelle opportunité validée', 'fa fa-check-circle', '/opportunite/show/1789564123585601', NULL, '2020-02-21 17:11:41', NULL, 21, 'notification', NULL, NULL, '[]', '[]', NULL),
(345, 'Vous avez été nommé responsable d\'une nouvelle opportunité', 'fa fa-check-circle', '/opportunite/show/1789564123585601', NULL, '2020-02-21 17:19:14', NULL, 2, 'notification', NULL, NULL, '[]', '[]', NULL),
(346, 'Nouvelle opportunité approuvée', 'fa fa-check-circle', '/opportunite/show/1789564123585601', NULL, '2020-02-21 17:19:14', NULL, 1, 'notification', NULL, NULL, '[]', '[]', NULL),
(347, 'Opportunité en attente de validation', 'fa fa-check-circle', '/opportunite/show/1789564123585601', NULL, '2020-02-21 17:30:49', NULL, 23, 'notification', NULL, NULL, '[]', '[]', NULL),
(348, 'Vous avez été nommé responsable d\'une nouvelle opportunité', 'fa fa-check-circle', '/opportunite/show/1789564123585634', NULL, '2020-02-21 17:32:37', NULL, 1, 'notification', NULL, NULL, '[]', '[]', NULL),
(349, 'azsd', NULL, NULL, NULL, '2020-02-24 11:25:51', NULL, 1, 'message', NULL, 'qqq', '[]', '[[\"37\", \"2\", \"37\"], [\"24\", \"23\", \"20\"], [\"21\", \"39\"]]', NULL),
(350, '<p>\n    Lorem ipsum dolor sit amet consectetur adipisicing elit. Maiores ab magnam voluptas eaque. Amet deleniti ipsum consectetur facilis obcaecati, non, eaque, nam debitis corporis architecto pariatur. Nesciunt eligendi quibusdam doloremque perspiciatis ipsum doloribus maxime mollitia magni esse, reprehenderit, in, beatae iste?\n</p>', NULL, NULL, NULL, '2020-02-24 11:53:24', NULL, 2, 'message', NULL, 'RE: Demande de fichiers', '[[\"user_packs.sql\", \"5873bbc695b7d11a9fa6cb72ce74046e.\"], [\"USE CASE PHASE 1.docx\", \"13762719bf427f682a17e5597c525162.docx\"]]', '[[\"1\", \"37\", \"37\"], [\"24\", \"23\", \"20\"], [\"38\"]]', NULL),
(351, 'aaass', NULL, NULL, NULL, '2020-02-24 12:20:53', NULL, 1, 'message', NULL, 'aaa', '[]', '[[\"2\"], [], []]', NULL),
(352, 'Opportunité en attente de validation', 'fa fa-check-circle', '/opportunite/show/1789564123585139', NULL, '2020-02-25 09:56:30', NULL, 1, 'notification', NULL, NULL, '[]', '[]', NULL),
(353, 'Opportunité en attente de validation', 'fa fa-check-circle', '/opportunite/show/1789564123585139', NULL, '2020-02-25 10:15:45', NULL, 1, 'notification', NULL, NULL, '[]', '[]', NULL),
(354, 'Opportunité en attente de validation', 'fa fa-check-circle', '/opportunite/show/1789564123585139', NULL, '2020-02-25 10:16:56', NULL, 1, 'notification', NULL, NULL, '[]', '[]', NULL),
(355, 'Opportunité en attente de validation', 'fa fa-check-circle', '/opportunite/show/1789564123585139', NULL, '2020-02-25 10:33:27', NULL, 1, 'notification', NULL, NULL, '[]', '[]', NULL),
(356, 'Opportunité en attente de validation', 'fa fa-check-circle', '/opportunite/show/1789564123585139', NULL, '2020-02-25 10:40:12', NULL, 1, 'notification', NULL, NULL, '[]', '[]', NULL),
(357, 'Opportunité en attente de validation', 'fa fa-check-circle', '/opportunite/show/1789564123585139', NULL, '2020-02-25 10:41:34', NULL, 1, 'notification', NULL, NULL, '[]', '[]', NULL),
(358, 'Opportunité en attente de validation', 'fa fa-check-circle', '/opportunite/show/1789564123585139', NULL, '2020-02-25 10:42:12', NULL, 1, 'notification', NULL, NULL, '[]', '[]', NULL),
(359, 'Opportunité en attente de validation', 'fa fa-check-circle', '/opportunite/show/1789564123585139', NULL, '2020-02-25 10:43:12', NULL, 1, 'notification', NULL, NULL, '[]', '[]', NULL),
(360, 'L\' opportunité gvfcvffmmm est en attente de validation', 'fa fa-check-circle', '/opportunite/show/1789564123585469', NULL, '2020-02-25 13:20:52', NULL, 1, 'notification', NULL, NULL, '[]', '[]', NULL),
(361, 'On vient de vous délégué l\'opportunité gvfcvffmmm', 'fa fa-check-circle', '/opportunite/show/1789564123585469', NULL, '2020-02-25 13:20:52', NULL, 1, 'notification', NULL, NULL, '[]', '[]', NULL),
(362, 'L\' opportunité ffff a été validée', 'fa fa-check-circle', '/opportunite/show/1789564123585667', NULL, '2020-02-25 13:58:55', NULL, 2, 'notification', NULL, NULL, '[]', '[]', NULL),
(363, 'L\' opportunité aa est en attente de validation', 'fa fa-check-circle', '/opportunite/show/1789564123585700', NULL, '2020-02-25 14:03:03', NULL, 1, 'notification', NULL, NULL, '[]', '[]', NULL),
(364, 'L\' opportunité azerty est en attente d\'approbation', 'fa fa-check-circle', '/opportunite/show/1789564123585733', NULL, '2020-02-25 14:14:40', NULL, 2, 'notification', NULL, NULL, '[]', '[]', NULL),
(365, 'l\' Opportunité ppppp est en attente de validation', 'fa fa-check-circle', '/opportunite/show/1789564123585139', NULL, '2020-02-26 10:41:56', NULL, 1, 'notification', NULL, NULL, '[]', '[]', NULL),
(366, 'l\' Opportunité ppppp est en attente de validation', 'fa fa-check-circle', '/opportunite/show/1789564123585139', NULL, '2020-02-26 10:46:55', NULL, 1, 'notification', NULL, NULL, '[]', '[]', NULL),
(367, 'l\' Opportunité ppppp est en attente de validation', 'fa fa-check-circle', '/opportunite/show/1789564123585139', NULL, '2020-02-26 10:51:30', NULL, 1, 'notification', NULL, NULL, '[]', '[]', NULL),
(368, 'l\' Opportunité ppppp est en attente de validation', 'fa fa-check-circle', '/opportunite/show/1789564123585139', NULL, '2020-02-26 10:54:57', NULL, 1, 'notification', NULL, NULL, '[]', '[]', NULL),
(369, 'l\' Opportunité ppppp est en attente de validation', 'fa fa-check-circle', '/opportunite/show/1789564123585139', NULL, '2020-02-26 11:01:14', NULL, 1, 'notification', NULL, NULL, '[]', '[]', NULL),
(370, 'l\' Opportunité ppppp est en attente de validation', 'fa fa-check-circle', '/opportunite/show/1789564123585139', NULL, '2020-02-26 11:04:30', NULL, 1, 'notification', NULL, NULL, '[]', '[]', NULL),
(371, 'l\' Opportunité ppppp est en attente de validation', 'fa fa-check-circle', '/opportunite/show/1789564123585139', NULL, '2020-02-26 11:04:54', NULL, 1, 'notification', NULL, NULL, '[]', '[]', NULL),
(372, 'l\' Opportunité ppppp est en attente de validation', 'fa fa-check-circle', '/opportunite/show/1789564123585139', NULL, '2020-02-26 11:05:09', NULL, 1, 'notification', NULL, NULL, '[]', '[]', NULL),
(373, 'l\' Opportunité ppppp est en attente de validation', 'fa fa-check-circle', '/opportunite/show/1789564123585139', NULL, '2020-02-26 11:08:00', NULL, 20, 'notification', NULL, NULL, '[]', '[]', NULL),
(374, 'l\' Opportunité ppppp est en attente de validation', 'fa fa-check-circle', '/opportunite/show/1789564123585139', NULL, '2020-02-26 11:09:25', NULL, 20, 'notification', NULL, NULL, '[]', '[]', NULL),
(375, 'l\' Opportunité ppppp est en attente de validation', 'fa fa-check-circle', '/opportunite/show/1789564123585139', NULL, '2020-02-26 11:09:46', NULL, 20, 'notification', NULL, NULL, '[]', '[]', NULL),
(376, 'l\' Opportunité ppppp est en attente de validation', 'fa fa-check-circle', '/opportunite/show/1789564123585139', NULL, '2020-02-26 11:11:32', NULL, 20, 'notification', NULL, NULL, '[]', '[]', NULL),
(377, 'l\' Opportunité ppppp est en attente de validation', 'fa fa-check-circle', '/opportunite/show/1789564123585139', NULL, '2020-02-26 11:16:56', NULL, 20, 'notification', NULL, NULL, '[]', '[]', NULL),
(378, 'l\' Opportunité ppppp est en attente de validation', 'fa fa-check-circle', '/opportunite/show/1789564123585139', NULL, '2020-02-26 11:18:16', NULL, 20, 'notification', NULL, NULL, '[]', '[]', NULL),
(379, 'l\' Opportunité ppppp est en attente de validation', 'fa fa-check-circle', '/opportunite/show/1789564123585139', NULL, '2020-02-26 11:19:35', NULL, 20, 'notification', NULL, NULL, '[]', '[]', NULL),
(380, 'l\' Opportunité ppppp est en attente de validation', 'fa fa-check-circle', '/opportunite/show/1789564123585139', NULL, '2020-02-26 11:23:03', NULL, 20, 'notification', NULL, NULL, '[]', '[]', NULL),
(381, 'l\' Opportunité ppppp est en attente de validation', 'fa fa-check-circle', '/opportunite/show/1789564123585139', NULL, '2020-02-26 11:26:13', NULL, 20, 'notification', NULL, NULL, '[]', '[]', NULL),
(382, 'l\' Opportunité ppppp est en attente de validation', 'fa fa-check-circle', '/opportunite/show/1789564123585139', NULL, '2020-02-26 11:27:33', NULL, 20, 'notification', NULL, NULL, '[]', '[]', NULL),
(383, 'l\' Opportunité ppppp est en attente de validation', 'fa fa-check-circle', '/opportunite/show/1789564123585139', NULL, '2020-02-26 11:28:11', NULL, 20, 'notification', NULL, NULL, '[]', '[]', NULL),
(384, 'l\' Opportunité ppppp est en attente de validation', 'fa fa-check-circle', '/opportunite/show/1789564123585139', NULL, '2020-02-26 11:28:38', NULL, 20, 'notification', NULL, NULL, '[]', '[]', NULL),
(385, 'l\' Opportunité ppppp est en attente de validation', 'fa fa-check-circle', '/opportunite/show/1789564123585139', NULL, '2020-02-26 11:33:26', NULL, 20, 'notification', NULL, NULL, '[]', '[]', NULL),
(386, 'l\' Opportunité ppppp est en attente de validation', 'fa fa-check-circle', '/opportunite/show/1789564123585139', NULL, '2020-02-26 11:36:19', NULL, 20, 'notification', NULL, NULL, '[]', '[]', NULL),
(387, 'l\' Opportunité ppppp est en attente de validation', 'fa fa-check-circle', '/opportunite/show/1789564123585139', NULL, '2020-02-26 11:42:31', NULL, 20, 'notification', NULL, NULL, '[]', '[]', NULL),
(388, 'l\' Opportunité ppppp est en attente de validation', 'fa fa-check-circle', '/opportunite/show/1789564123585139', NULL, '2020-02-26 11:44:31', NULL, 20, 'notification', NULL, NULL, '[]', '[]', NULL),
(389, 'l\' Opportunité ppppp est en attente de validation', 'fa fa-check-circle', '/opportunite/show/1789564123585139', NULL, '2020-02-26 11:46:34', NULL, 20, 'notification', NULL, NULL, '[]', '[]', NULL),
(390, 'l\' Opportunité ppppp est en attente de validation', 'fa fa-check-circle', '/opportunite/show/1789564123585139', NULL, '2020-02-26 11:47:57', NULL, 20, 'notification', NULL, NULL, '[]', '[]', NULL),
(391, 'l\' Opportunité ppppp est en attente de validation', 'fa fa-check-circle', '/opportunite/show/1789564123585139', NULL, '2020-02-26 11:51:34', NULL, 20, 'notification', NULL, NULL, '[]', '[]', NULL),
(392, 'l\' Opportunité ppppp est en attente de validation', 'fa fa-check-circle', '/opportunite/show/1789564123585139', NULL, '2020-02-26 11:52:30', NULL, 20, 'notification', NULL, NULL, '[]', '[]', NULL),
(393, 'l\' Opportunité ppppp est en attente de validation', 'fa fa-check-circle', '/opportunite/show/1789564123585139', NULL, '2020-02-26 12:00:12', NULL, 1, 'notification', NULL, NULL, '[]', '[]', NULL),
(394, 'l\' Opportunité ppppp est en attente de validation', 'fa fa-check-circle', '/opportunite/show/1789564123585139', NULL, '2020-02-26 12:02:10', NULL, 1, 'notification', NULL, NULL, '[]', '[]', NULL),
(395, 'On vient de vous délégué l\'opportunité ppppp', 'fa fa-check-circle', '/opportunite/show/1789564123585139', NULL, '2020-02-26 12:02:33', NULL, 1, 'notification', NULL, NULL, '[]', '[]', NULL),
(396, 'l\' Opportunité ppppp est en attente de validation', 'fa fa-check-circle', '/opportunite/show/1789564123585139', NULL, '2020-02-26 12:02:33', NULL, 1, 'notification', NULL, NULL, '[]', '[]', NULL),
(397, 'On vient de vous délégué l\'opportunité ppppp', 'fa fa-check-circle', '/opportunite/show/1789564123585139', NULL, '2020-02-26 12:06:03', NULL, 2, 'notification', NULL, NULL, '[]', '[]', NULL),
(398, 'l\' Opportunité ppppp est en attente de validation', 'fa fa-check-circle', '/opportunite/show/1789564123585139', NULL, '2020-02-26 12:06:36', NULL, 21, 'notification', NULL, NULL, '[]', '[]', NULL),
(399, 'On vient de vous délégué l\'opportunité ppppp', 'fa fa-check-circle', '/opportunite/show/1789564123585139', NULL, '2020-02-26 12:13:00', NULL, 1, 'notification', NULL, NULL, '[]', '[]', NULL),
(400, 'l\' Opportunité ppppp est en attente de validation', 'fa fa-check-circle', '/opportunite/show/1789564123585139', NULL, '2020-02-26 12:13:00', NULL, 1, 'notification', NULL, NULL, '[]', '[]', NULL),
(401, 'okk', '', '/opportunite/show/1789564123585139', NULL, '2020-02-27 08:45:17', NULL, 1, 'noteRevue', NULL, NULL, '[]', '[]', NULL),
(402, 'La création de l\'evenement cgvbhjn est en attende  de validation', 'fa fa-check-circle', '/evenement/show/1789564123584578', NULL, '2020-03-05 11:06:41', NULL, 23, 'notification', NULL, NULL, '[]', '[]', NULL),
(403, 'On vient de vous renvoyer l\'evenement cgvbhjn', 'fa fa-check-circle', '/evenement/show/1789564123584578', NULL, '2020-03-06 09:14:58', NULL, 2, 'notification', NULL, NULL, '[]', '[]', NULL),
(404, 'On vient de vous renvoyer l\'evenement cgvbhjn', 'fa fa-check-circle', '/evenement/show/1789564123584578', NULL, '2020-03-06 09:25:42', NULL, 23, 'notification', NULL, NULL, '[]', '[]', NULL),
(405, 'L\'evenement cgvbhjn a été validé ', 'fa fa-check-circle', '/evenement/show/1789564123584578', NULL, '2020-03-06 10:18:49', NULL, 2, 'notification', NULL, NULL, '[]', '[]', NULL),
(406, 'L\'evenement cgvbhjn est en attente d\'approbation', 'fa fa-check-circle', '/evenement/show/1789564123584578', NULL, '2020-03-06 10:33:19', NULL, 2, 'notification', NULL, NULL, '[]', '[]', NULL),
(407, 'On vient de vous renvoyer l\'evenement cgvbhjn', 'fa fa-check-circle', '/evenement/show/1789564123584578', NULL, '2020-03-06 10:36:16', NULL, 1, 'notification', NULL, NULL, '[]', '[]', NULL),
(408, 'On vient de vous renvoyer l\'evenement cgvbhjn', 'fa fa-check-circle', '/evenement/show/1789564123584578', NULL, '2020-03-06 10:37:52', NULL, 2, 'notification', NULL, NULL, '[]', '[]', NULL),
(409, 'On vient de vous renvoyer l\'evenement cgvbhjn', 'fa fa-check-circle', '/evenement/show/1789564123584578', NULL, '2020-03-06 10:38:14', NULL, 23, 'notification', NULL, NULL, '[]', '[]', NULL),
(410, 'L\'evenement cgvbhjn est en attente d\'approbation', 'fa fa-check-circle', '/evenement/show/1789564123584578', NULL, '2020-03-06 10:38:29', NULL, 2, 'notification', NULL, NULL, '[]', '[]', NULL),
(411, 'L\'evenement cgvbhjn a été approuvé', 'fa fa-check-circle', '/evenement/show/1789564123584578', NULL, '2020-03-06 10:39:44', NULL, 1, 'notification', NULL, NULL, '[]', '[]', NULL),
(412, 'On vient de vous ajouter à l\'evenement cgvbhjn', 'fa fa-check-circle', '/evenement/show/1789564123584578', NULL, '2020-03-06 10:39:44', NULL, 1, 'notification', NULL, NULL, '[]', '[]', NULL),
(413, 'L\'evenement cgvbhjn a été approuvé', 'fa fa-check-circle', '/evenement/show/1789564123584578', NULL, '2020-03-06 10:45:30', NULL, 1, 'notification', NULL, NULL, '[]', '[]', NULL),
(414, 'On vient de vous ajouter à l\'evenement cgvbhjn', 'fa fa-check-circle', '/evenement/show/1789564123584578', NULL, '2020-03-06 10:45:30', NULL, 1, 'notification', NULL, NULL, '[]', '[]', NULL),
(415, 'L\'evenement cgvbhjn a été approuvé', 'fa fa-check-circle', '/evenement/show/1789564123584578', NULL, '2020-03-06 10:47:50', NULL, 1, 'notification', NULL, NULL, '[]', '[]', NULL),
(416, 'On vient de vous ajouter à l\'evenement cgvbhjn', 'fa fa-check-circle', '/evenement/show/1789564123584578', NULL, '2020-03-06 10:47:50', NULL, 1, 'notification', NULL, NULL, '[]', '[]', NULL),
(417, 'On vient de vous renvoyer l\'evenement ffffff', 'fa fa-check-circle', '/evenement/show/1789564123584545', NULL, '2020-03-06 10:49:33', NULL, 2, 'notification', NULL, NULL, '[]', '[]', NULL),
(418, 'On vient de vous renvoyer l\'evenement ffffff', 'fa fa-check-circle', '/evenement/show/1789564123584545', NULL, '2020-03-06 10:50:40', NULL, 23, 'notification', NULL, NULL, '[]', '[]', NULL),
(419, 'L\'evenement ffffff est en attente d\'approbation', 'fa fa-check-circle', '/evenement/show/1789564123584545', NULL, '2020-03-06 10:51:01', NULL, 2, 'notification', NULL, NULL, '[]', '[]', NULL),
(420, 'On vient de vous renvoyer l\'evenement ffffff', 'fa fa-check-circle', '/evenement/show/1789564123584545', NULL, '2020-03-06 10:51:36', NULL, 1, 'notification', NULL, NULL, '[]', '[]', NULL),
(421, 'L\'evenement ffffff est en attente d\'approbation', 'fa fa-check-circle', '/evenement/show/1789564123584545', NULL, '2020-03-06 10:52:29', NULL, 2, 'notification', NULL, NULL, '[]', '[]', NULL),
(422, 'L\'evenement ffffff a été approuvé', 'fa fa-check-circle', '/evenement/show/1789564123584545', NULL, '2020-03-06 10:52:50', NULL, 1, 'notification', NULL, NULL, '[]', '[]', NULL),
(423, 'On vient de vous ajouter à l\'evenement ffffff', 'fa fa-check-circle', '/evenement/show/1789564123584545', NULL, '2020-03-06 10:52:50', NULL, 1, 'notification', NULL, NULL, '[]', '[]', NULL),
(424, 'L\'evenement cgvbhjn a été approuvé', 'fa fa-check-circle', '/evenement/show/1789564123584578', NULL, '2020-03-06 11:08:12', NULL, 1, 'notification', NULL, NULL, '[]', '[]', NULL),
(425, 'On vient de vous ajouter à l\'evenement cgvbhjn', 'fa fa-check-circle', '/evenement/show/1789564123584578', NULL, '2020-03-06 11:08:12', NULL, 1, 'notification', NULL, NULL, '[]', '[]', NULL),
(426, 'ssss', '', '/opportunite/show/1789564123585205', NULL, '2020-03-09 09:35:06', NULL, 1, 'noteRevue', NULL, NULL, '[]', '[]', NULL),
(427, 'On vient de vous ajouter à l\'evenement cgvbhjn', 'fa fa-check-circle', '/evenement/show/1789564123584578', NULL, '2020-03-10 10:16:04', NULL, 1, 'notification', NULL, NULL, '[]', '[]', NULL),
(428, 'On vient de vous ajouter à l\'evenement cgvbhjn', 'fa fa-check-circle', '/evenement/show/1789564123584578', NULL, '2020-03-10 10:24:40', NULL, 1, 'notification', NULL, NULL, '[]', '[]', NULL),
(429, 'okk', '', '/opportunite/show/1789564123584578', NULL, '2020-03-10 11:26:51', NULL, 1, 'noteRevue', NULL, NULL, '[]', '[]', NULL),
(430, 'bbb', '', '/opportunite/show/1789564123584578', NULL, '2020-03-11 09:09:48', NULL, 1, 'noteRevue', NULL, NULL, '[]', '[]', NULL),
(431, 'mmmm', '', '/opportunite/show/1789564123584578', NULL, '2020-03-11 09:10:11', NULL, 1, 'noteRevue', NULL, NULL, '[]', '[]', NULL),
(432, 'ooo', '', '/evenement/show/1789564123584578', NULL, '2020-03-11 09:20:00', NULL, 2, 'noteRevue', NULL, NULL, '[]', '[]', NULL),
(433, 'aaaa', '', '/evenement/show/1789564123584578', NULL, '2020-03-11 09:23:36', NULL, 23, 'noteRevue', NULL, NULL, '[]', '[]', NULL),
(434, 'qqq', '', '/evenement/show/1789564123584578', NULL, '2020-03-11 09:26:32', NULL, 2, 'noteRevue', NULL, NULL, '[]', '[]', NULL),
(435, 'La création de l\'evenement qqqddzes est en attende  de validation', 'fa fa-check-circle', '/evenement/show/1789564123584611', NULL, '2020-03-11 09:43:54', NULL, 23, 'notification', NULL, NULL, '[]', '[]', NULL),
(436, 'oooo', '', '/evenement/show/1789564123584611', NULL, '2020-03-11 09:52:05', NULL, 36, 'noteRevue', NULL, NULL, '[]', '[]', NULL),
(437, 'On vient de vous renvoyer l\'evenement qqqddzes', 'fa fa-check-circle', '/evenement/show/1789564123584611', NULL, '2020-03-11 09:56:02', NULL, 36, 'notification', NULL, NULL, '[]', '[]', NULL),
(438, 'qqqssdrddffff', '', '/evenement/show/1789564123584611', NULL, '2020-03-11 10:01:40', NULL, 23, 'noteRevue', NULL, NULL, '[]', '[]', NULL),
(439, 'On vient de vous renvoyer l\'evenement qqqddzes', 'fa fa-check-circle', '/evenement/show/1789564123584611', NULL, '2020-03-11 10:02:29', NULL, 23, 'notification', NULL, NULL, '[]', '[]', NULL),
(440, 'L\'evenement qqqddzes a été validé ', 'fa fa-check-circle', '/evenement/show/1789564123584611', NULL, '2020-03-11 10:06:14', NULL, 36, 'notification', NULL, NULL, '[]', '[]', NULL),
(441, 'qqsddcfdccdszeded', '', '/evenement/show/1789564123584611', NULL, '2020-03-11 10:17:14', NULL, 2, 'noteRevue', NULL, NULL, '[]', '[]', NULL),
(442, 'On vient de vous renvoyer l\'evenement qqqddzes', 'fa fa-check-circle', '/evenement/show/1789564123584611', NULL, '2020-03-11 10:18:30', NULL, 2, 'notification', NULL, NULL, '[]', '[]', NULL),
(443, 'gfhnbhjjjjjjgf', '', '/evenement/show/1789564123584611', NULL, '2020-03-11 10:21:45', NULL, 36, 'noteRevue', NULL, NULL, '[]', '[]', NULL),
(444, 'L\'evenement qqqddzes est en attente de validation ', 'fa fa-check-circle', '/evenement/show/1789564123584611', NULL, '2020-03-11 10:22:35', NULL, 36, 'notification', NULL, NULL, '[]', '[]', NULL),
(445, 'L\'evenement qqqddzes est en attente d\'approbation', 'fa fa-check-circle', '/evenement/show/1789564123584611', NULL, '2020-03-11 10:29:15', NULL, 2, 'notification', NULL, NULL, '[]', '[]', NULL),
(446, 'qsdrff', '', '/evenement/show/1789564123584611', NULL, '2020-03-11 10:34:08', NULL, 1, 'noteRevue', NULL, NULL, '[]', '[]', NULL),
(447, 'L\'evenement qqqddzes a été approuvé', 'fa fa-check-circle', '/evenement/show/1789564123584611', NULL, '2020-03-11 10:37:51', NULL, 1, 'notification', NULL, NULL, '[]', '[]', NULL),
(448, 'On vient de vous ajouter à l\'evenement qqqddzes', 'fa fa-check-circle', '/evenement/show/1789564123584611', NULL, '2020-03-11 10:37:51', NULL, 1, 'notification', NULL, NULL, '[]', '[]', NULL),
(449, 'La création de l\'evenement yyqsdcfxsdee est en attende  de validation', 'fa fa-check-circle', '/evenement/show/1789564123584644', NULL, '2020-03-11 11:06:45', NULL, 23, 'notification', NULL, NULL, '[]', '[]', NULL),
(450, 'On vient de vous renvoyer l\'evenement yyqsdcfxsdee', 'fa fa-check-circle', '/evenement/show/1789564123584644', NULL, '2020-03-11 11:34:22', NULL, 2, 'notification', NULL, NULL, '[]', '[]', NULL),
(451, 'On vient de vous renvoyer l\'evenement yyqsdcfxsdee', 'fa fa-check-circle', '/evenement/show/1789564123584644', NULL, '2020-03-11 11:36:30', NULL, 23, 'notification', NULL, NULL, '[]', '[]', NULL),
(452, 'L\'evenement yyqsdcfxsdee est en attente d\'approbation', 'fa fa-check-circle', '/evenement/show/1789564123584644', NULL, '2020-03-11 11:37:21', NULL, 2, 'notification', NULL, NULL, '[]', '[]', NULL),
(453, 'L\'evenement yyqsdcfxsdee a été approuvé', 'fa fa-check-circle', '/evenement/show/1789564123584644', NULL, '2020-03-11 11:40:15', NULL, 1, 'notification', NULL, NULL, '[]', '[]', NULL),
(454, 'On vient de vous ajouter à l\'evenement yyqsdcfxsdee', 'fa fa-check-circle', '/evenement/show/1789564123584644', NULL, '2020-03-11 11:40:15', NULL, 1, 'notification', NULL, NULL, '[]', '[]', NULL),
(455, 'La création de l\'evenement qdghjklkjgffhngfbv est en attende  de validation', 'fa fa-check-circle', '/evenement/show/1789564123584677', NULL, '2020-03-11 11:46:02', NULL, 23, 'notification', NULL, NULL, '[]', '[]', NULL),
(456, 'On vient de vous renvoyer l\'evenement qdghjklkjgffhngfbv', 'fa fa-check-circle', '/evenement/show/1789564123584677', NULL, '2020-03-11 11:47:36', NULL, 1, 'notification', NULL, NULL, '[]', '[]', NULL),
(457, 'On vient de vous renvoyer l\'evenement qdghjklkjgffhngfbv', 'fa fa-check-circle', '/evenement/show/1789564123584677', NULL, '2020-03-11 11:53:32', NULL, 2, 'notification', NULL, NULL, '[]', '[]', NULL),
(458, 'On vient de vous renvoyer l\'evenement qdghjklkjgffhngfbv', 'fa fa-check-circle', '/evenement/show/1789564123584677', NULL, '2020-03-11 11:54:24', NULL, 1, 'notification', NULL, NULL, '[]', '[]', NULL),
(459, 'On vient de vous renvoyer l\'evenement qdghjklkjgffhngfbv', 'fa fa-check-circle', '/evenement/show/1789564123584677', NULL, '2020-03-11 11:57:02', NULL, 23, 'notification', NULL, NULL, '[]', '[]', NULL),
(460, 'L\'evenement qdghjklkjgffhngfbv a été approuvé', 'fa fa-check-circle', '/evenement/show/1789564123584677', NULL, '2020-03-11 11:58:19', NULL, 1, 'notification', NULL, NULL, '[]', '[]', NULL),
(461, 'On vient de vous ajouter à l\'evenement qdghjklkjgffhngfbv', 'fa fa-check-circle', '/evenement/show/1789564123584677', NULL, '2020-03-11 11:58:19', NULL, 1, 'notification', NULL, NULL, '[]', '[]', NULL),
(462, 'On vient de vous ajouter à l\'evenement qqqddzes', 'fa fa-check-circle', '/evenement/show/1789564123584611', NULL, '2020-03-13 10:54:08', NULL, 1, 'notification', NULL, NULL, '[]', '[]', NULL),
(463, 'La création de l\'evenement dfghjkl est en attende  de validation', 'fa fa-check-circle', '/evenement/show/1789564123584743', NULL, '2020-03-19 08:50:04', NULL, 23, 'notification', NULL, NULL, '[]', '[]', NULL),
(464, 'fffffffffcccc', '', '/evenement/show/1789564123584743', NULL, '2020-03-19 08:59:32', NULL, 36, 'noteRevue', NULL, NULL, '[]', '[]', NULL),
(465, 'On vient de vous renvoyer l\'evenement dfghjkl', 'fa fa-check-circle', '/evenement/show/1789564123584743', NULL, '2020-03-19 09:04:39', NULL, 36, 'notification', NULL, NULL, '[]', '[]', NULL),
(466, 'hhhbbngbbnhnghn', '', '/evenement/show/1789564123584743', NULL, '2020-03-19 09:06:56', NULL, 23, 'noteRevue', NULL, NULL, '[]', '[]', NULL),
(467, 'On vient de vous renvoyer l\'evenement dfghjkl', 'fa fa-check-circle', '/evenement/show/1789564123584743', NULL, '2020-03-19 09:07:39', NULL, 23, 'notification', NULL, NULL, '[]', '[]', NULL),
(468, 'L\'evenement dfghjkl est en attente de validation ', 'fa fa-check-circle', '/evenement/show/1789564123584743', NULL, '2020-03-19 09:09:15', NULL, 36, 'notification', NULL, NULL, '[]', '[]', NULL),
(469, 'kkkknnjjjjj', '', '/evenement/show/1789564123584743', NULL, '2020-03-19 09:10:06', NULL, 2, 'noteRevue', NULL, NULL, '[]', '[]', NULL),
(470, 'On vient de vous renvoyer l\'evenement dfghjkl', 'fa fa-check-circle', '/evenement/show/1789564123584743', NULL, '2020-03-19 09:10:50', NULL, 2, 'notification', NULL, NULL, '[]', '[]', NULL),
(471, 'mmmmm', '', '/evenement/show/1789564123584743', NULL, '2020-03-19 09:11:39', NULL, 36, 'noteRevue', NULL, NULL, '[]', '[]', NULL),
(472, 'L\'evenement dfghjkl est en attente de validation ', 'fa fa-check-circle', '/evenement/show/1789564123584743', NULL, '2020-03-19 09:11:47', NULL, 36, 'notification', NULL, NULL, '[]', '[]', NULL),
(473, 'L\'evenement dfghjkl est en attente d\'approbation', 'fa fa-check-circle', '/evenement/show/1789564123584743', NULL, '2020-03-19 09:12:56', NULL, 2, 'notification', NULL, NULL, '[]', '[]', NULL),
(474, 'mmmmm', '', '/evenement/show/1789564123584743', NULL, '2020-03-19 09:14:16', NULL, 1, 'noteRevue', NULL, NULL, '[]', '[]', NULL),
(475, 'L\'evenement dfghjkl a été approuvé', 'fa fa-check-circle', '/evenement/show/1789564123584743', NULL, '2020-03-19 09:17:15', NULL, 1, 'notification', NULL, NULL, '[]', '[]', NULL),
(476, 'On vient de vous ajouter à l\'evenement dfghjkl', 'fa fa-check-circle', '/evenement/show/1789564123584743', NULL, '2020-03-19 09:17:15', NULL, 1, 'notification', NULL, NULL, '[]', '[]', NULL),
(477, 'ssssssss', '', '/evenement/show/1789564123584743', NULL, '2020-03-19 09:39:20', NULL, 21, 'noteRevue', NULL, NULL, '[]', '[]', NULL),
(478, 'La création de l\'evenement kkkkkkk est en attende  de validation', 'fa fa-check-circle', '/evenement/show/1789564123584776', NULL, '2020-03-19 09:54:55', NULL, 23, 'notification', NULL, NULL, '[]', '[]', NULL),
(479, 'L\'evenement kkkkkkk est en attente d\'approbation', 'fa fa-check-circle', '/evenement/show/1789564123584776', NULL, '2020-03-19 09:57:02', NULL, 2, 'notification', NULL, NULL, '[]', '[]', NULL),
(480, 'L\'evenement kkkkkkk a été approuvé', 'fa fa-check-circle', '/evenement/show/1789564123584776', NULL, '2020-03-19 09:58:28', NULL, 1, 'notification', NULL, NULL, '[]', '[]', NULL),
(481, 'On vient de vous ajouter à l\'evenement kkkkkkk', 'fa fa-check-circle', '/evenement/show/1789564123584776', NULL, '2020-03-19 09:58:28', NULL, 1, 'notification', NULL, NULL, '[]', '[]', NULL),
(482, 'La création de l\'evenement kkkkk est en attende  de validation', 'fa fa-check-circle', '/evenement/show/1789564123584809', NULL, '2020-03-19 10:01:45', NULL, 23, 'notification', NULL, NULL, '[]', '[]', NULL),
(483, 'L\'evenement kkkkk a été approuvé', 'fa fa-check-circle', '/evenement/show/1789564123584809', NULL, '2020-03-19 10:04:47', NULL, 1, 'notification', NULL, NULL, '[]', '[]', NULL),
(484, 'On vient de vous ajouter à l\'evenement kkkkk', 'fa fa-check-circle', '/evenement/show/1789564123584809', NULL, '2020-03-19 10:04:47', NULL, 1, 'notification', NULL, NULL, '[]', '[]', NULL),
(485, 'La création de l\'evenement zsedrftgyhujikolp est en attende  d\'approbation', 'fa fa-check-circle', '/evenement/show/1789564123584842', NULL, '2020-03-19 10:06:39', NULL, 23, 'notification', NULL, NULL, '[]', '[]', NULL),
(486, 'L\'evenement zsedrftgyhujikolp a été approuvé', 'fa fa-check-circle', '/evenement/show/1789564123584842', NULL, '2020-03-19 10:08:27', NULL, 1, 'notification', NULL, NULL, '[]', '[]', NULL),
(487, 'On vient de vous ajouter à l\'evenement zsedrftgyhujikolp', 'fa fa-check-circle', '/evenement/show/1789564123584842', NULL, '2020-03-19 10:08:27', NULL, 1, 'notification', NULL, NULL, '[]', '[]', NULL),
(488, 'La création de l\'événement kkkkk est en attende  d\'approbation', 'fa fa-check-circle', '/evenement/show/1789564123584875', NULL, '2020-03-19 10:14:01', NULL, 23, 'notification', NULL, NULL, '[]', '[]', NULL),
(489, 'On vient de vous renvoyer l\'événement kkkkk', 'fa fa-check-circle', '/evenement/show/1789564123584875', NULL, '2020-03-19 10:16:13', NULL, 1, 'notification', NULL, NULL, '[]', '[]', NULL),
(490, 'On vient de vous renvoyer l\'événement kkkkk', 'fa fa-check-circle', '/evenement/show/1789564123584875', NULL, '2020-03-19 10:17:18', NULL, 23, 'notification', NULL, NULL, '[]', '[]', NULL),
(491, 'L\'événement kkkkk a été approuvé', 'fa fa-check-circle', '/evenement/show/1789564123584875', NULL, '2020-03-19 10:18:28', NULL, 1, 'notification', NULL, NULL, '[]', '[]', NULL),
(492, 'On vient de vous ajouter à l\'événement kkkkk', 'fa fa-check-circle', '/evenement/show/1789564123584875', NULL, '2020-03-19 10:18:28', NULL, 1, 'notification', NULL, NULL, '[]', '[]', NULL),
(493, 'La création de l\'événement fghjklm est en attende  d\'approbation', 'fa fa-check-circle', '/evenement/show/1789564123584908', NULL, '2020-03-19 10:21:42', NULL, 23, 'notification', NULL, NULL, '[]', '[]', NULL),
(494, 'L\'événement fghjklm a été approuvé', 'fa fa-check-circle', '/evenement/show/1789564123584908', NULL, '2020-03-19 10:22:10', NULL, 1, 'notification', NULL, NULL, '[]', '[]', NULL),
(495, 'On vient de vous ajouter à l\'événement fghjklm', 'fa fa-check-circle', '/evenement/show/1789564123584908', NULL, '2020-03-19 10:22:10', NULL, 1, 'notification', NULL, NULL, '[]', '[]', NULL),
(496, 'nnnn', NULL, NULL, NULL, '2020-03-27 22:05:22', NULL, 1, 'message', NULL, 'RE: RE: qqq', '[]', '[[\"2\"], [], []]', NULL),
(497, 'jjjj', NULL, NULL, NULL, '2020-03-27 22:06:50', NULL, 1, 'message', NULL, 'bbb', '[]', '[[\"39\"], [], []]', NULL),
(498, 'On vient de vous ajouter à l\'événement qqqddzes', 'fa fa-check-circle', '/evenement/show/1789564123584611', NULL, '2020-04-02 13:06:20', NULL, 1, 'notification', NULL, NULL, '[]', '[]', NULL),
(499, 'On vient de vous ajouter à l\'événement qqqddzes', 'fa fa-check-circle', '/evenement/show/1789564123584611', NULL, '2020-04-02 13:07:13', NULL, 1, 'notification', NULL, NULL, '[]', '[]', NULL),
(500, 'On vient de vous ajouter à l\'événement dfghjkl', 'fa fa-check-circle', '/evenement/show/1789564123584743', NULL, '2020-04-02 13:07:49', NULL, 1, 'notification', NULL, NULL, '[]', '[]', NULL),
(501, 'On vient de vous ajouter à l\'événement dfghjkl', 'fa fa-check-circle', '/evenement/show/1789564123584743', NULL, '2020-04-02 13:12:03', NULL, 1, 'notification', NULL, NULL, '[]', '[]', NULL),
(502, 'oooooo', '', '/evenement/show/1789564123584644', NULL, '2020-04-02 13:45:52', NULL, 1, 'noteRevue', NULL, NULL, '[]', '[]', NULL),
(503, 'On vient de vous ajouter à l\'événement zsedrftgyhujikolp', 'fa fa-check-circle', '/evenement/show/1789564123584842', NULL, '2020-04-02 15:01:51', NULL, 1, 'notification', NULL, NULL, '[]', '[]', NULL),
(504, 'La création de l\'événement ssssssss est en attende  de validation', 'fa fa-check-circle', '/evenement/show/1789564123585403', NULL, '2020-04-03 11:55:03', NULL, 23, 'notification', NULL, NULL, '[]', '[]', NULL),
(505, 'vvvvvvvv', '', '/evenement/show/1789564123585403', NULL, '2020-04-03 13:43:00', NULL, 36, 'noteRevue', NULL, NULL, '[]', '[]', NULL),
(506, 'On vient de vous renvoyer l\'événement ssssssss', 'fa fa-check-circle', '/evenement/show/1789564123585403', NULL, '2020-04-03 13:43:09', NULL, 36, 'notification', NULL, NULL, '[]', '[]', NULL),
(507, 'On vient de vous renvoyer l\'événement ssssssss', 'fa fa-check-circle', '/evenement/show/1789564123585403', NULL, '2020-04-03 13:44:04', NULL, 23, 'notification', NULL, NULL, '[]', '[]', NULL),
(508, 'L\'événement ssssssss est en attente de validation ', 'fa fa-check-circle', '/evenement/show/1789564123585403', NULL, '2020-04-03 13:45:53', NULL, 36, 'notification', NULL, NULL, '[]', '[]', NULL),
(509, 'L\'événement ssssssss est en attente d\'approbation', 'fa fa-check-circle', '/evenement/show/1789564123585403', NULL, '2020-04-03 13:47:24', NULL, 2, 'notification', NULL, NULL, '[]', '[]', NULL),
(510, 'L\'événement ssssssss a été approuvé', 'fa fa-check-circle', '/evenement/show/1789564123585403', NULL, '2020-04-03 13:48:27', NULL, 1, 'notification', NULL, NULL, '[]', '[]', NULL),
(511, 'On vient de vous ajouter à l\'événement ssssssss', 'fa fa-check-circle', '/evenement/show/1789564123585403', NULL, '2020-04-03 13:48:28', NULL, 1, 'notification', NULL, NULL, '[]', '[]', NULL),
(512, 'L\'événement cgvbhjn a été approuvé', 'fa fa-check-circle', '/evenement/show/1789564123584578', NULL, '2020-04-06 15:02:22', NULL, 1, 'notification', NULL, NULL, '[]', '[]', NULL),
(513, 'On vient de vous ajouter à l\'événement cgvbhjn', 'fa fa-check-circle', '/evenement/show/1789564123584578', NULL, '2020-04-06 15:02:24', NULL, 1, 'notification', NULL, NULL, '[]', '[]', NULL),
(514, 'Yaya Ly vient de modifier à l\'événement cgvbhjn', 'fa fa-check-circle', '/evenement/show/1789564123584578', NULL, '2020-04-06 15:29:34', NULL, 2, 'notification', NULL, NULL, '[]', '[]', NULL),
(515, 'L\'événement qqqqq a été approuvé', 'fa fa-check-circle', '/evenement/show/1789564123585535', NULL, '2020-04-08 01:19:25', NULL, 1, 'notification', NULL, NULL, '[]', '[]', NULL),
(516, 'On vient de vous ajouter à l\'événement qqqqq', 'fa fa-check-circle', '/evenement/show/1789564123585535', NULL, '2020-04-08 01:19:27', NULL, 1, 'notification', NULL, NULL, '[]', '[]', NULL),
(517, '<p>Bonjour chers collaborateurs, ................&nbsp;</p><p><br></p>', NULL, NULL, NULL, '2020-04-09 14:42:24', NULL, 1, 'message', NULL, 'Rapport de gestion', '[]', '[[\"2\", \"20\"], [\"24\"], [\"36\"]]', NULL),
(518, 'l\' opportunité Mission de CAC est en attente de validation', 'fa fa-check-circle', '/opportunite/show/1789564123585733', NULL, '2020-04-12 15:19:14', NULL, 1, 'notification', NULL, NULL, '[]', '[]', NULL),
(519, 'l\' opportunité exemple intitulé est en attente de validation', 'fa fa-check-circle', '/opportunite/show/1789564123584644', NULL, '2020-04-12 15:20:43', NULL, 1, 'notification', NULL, NULL, '[]', '[]', NULL),
(520, 'l\' opportunité exemple Intitulé est en attente de validation', 'fa fa-check-circle', '/opportunite/show/1789564123584611', NULL, '2020-04-12 15:21:35', NULL, 1, 'notification', NULL, NULL, '[]', '[]', NULL),
(521, 'l\' opportunité exemple Intitulé est en attente de validation', 'fa fa-check-circle', '/opportunite/show/1789564123584578', NULL, '2020-04-12 15:22:36', NULL, 1, 'notification', NULL, NULL, '[]', '[]', NULL),
(522, 'l\' opportunité conseil gestion des charges est en attente de validation', 'fa fa-check-circle', '/opportunite/show/1789564123585139', NULL, '2020-04-12 15:28:52', NULL, 1, 'notification', NULL, NULL, '[]', '[]', NULL),
(523, 'l\' opportunité Conseil en gestion est en attente de validation', 'fa fa-check-circle', '/opportunite/show/1789564123585139', NULL, '2020-04-12 15:30:20', NULL, 1, 'notification', NULL, NULL, '[]', '[]', NULL),
(524, 'l\' opportunité Conseil en gestion est en attente de validation', 'fa fa-check-circle', '/opportunite/show/1789564123585139', NULL, '2020-04-12 15:30:57', NULL, 1, 'notification', NULL, NULL, '[]', '[]', NULL),
(525, 'l\' opportunité exemple intitulé123456789 est en attente de validation', 'fa fa-check-circle', '/opportunite/show/1789564123584644', NULL, '2020-04-12 15:42:08', NULL, 1, 'notification', NULL, NULL, '[]', '[]', NULL),
(526, 'l\' opportunité exemple Intitulé est en attente de validation', 'fa fa-check-circle', '/opportunite/show/1789564123585205', NULL, '2020-04-12 15:52:10', NULL, 1, 'notification', NULL, NULL, '[]', '[]', NULL),
(527, 'azertyuoopp', NULL, '/document/show/1789564123584215', NULL, '2020-05-03 20:10:44', NULL, 4, 'notification', NULL, NULL, '[[\"Plan.docx\", \"c1a5a1e0cd6cd7dde1ac5349cd9c1110.bin\"], [\"loginadmin.png\", \"a8708832c0d677051b456c2f1717d9cd.png\"]]', '[]', NULL),
(528, 'Mesage concerné', NULL, '/document/show/1789564123584215', NULL, '2020-05-04 15:08:09', NULL, 4, 'notification', NULL, NULL, '[]', '[]', NULL),
(529, 'Mesage concerné', NULL, '/document/show/1789564123584545', NULL, '2020-05-04 15:41:40', NULL, 2, 'notification', NULL, NULL, '[[\"uml.png\", \"0cb39c3bf87804984b483fee77781a33.png\"]]', '[]', NULL),
(530, 'Demande d\'audite test', NULL, '/document/show/1789564123584215', NULL, '2020-05-06 01:31:51', NULL, 4, 'notification', NULL, NULL, '[[\"assane.sql\", \"f946928bfb7070421ce132f8d32237d2.txt\"], [\"uml.png\", \"b047eea31f7859ef179e218405192321.png\"]]', '[]', NULL),
(531, 'Demande de clientel', NULL, '/document/show/1789564123584215', NULL, '2020-05-07 00:57:18', NULL, 4, 'notification', NULL, NULL, '[[\"ebook_referencement.pdf\", \"7c9d1458c6f4cfc70c898b123c782341.pdf\"], [\"Screenshot_20200202-145941_WhatsApp.jpg\", \"03dacae146f64059e1f954df56c9eae0.jpeg\"]]', '[]', NULL),
(532, 'Dans un contexte d\'audit j\'ai pour mission etc etc', NULL, '/document/show/1789564123584644', NULL, '2020-05-07 01:48:30', NULL, 4, 'notification', NULL, NULL, '[[\"sujetDeStage.docx\", \"bafe5c6a73467249c3ae3a9f206f040b.bin\"], [\"uml.png\", \"4de3d86840b61cfb89c1d87c8f851e82.png\"]]', '[]', NULL),
(533, 'Dans un contexte d\'audit j\'ai pour mission etc etc', NULL, '/document/show/1789564123584644', NULL, '2020-05-07 03:02:13', NULL, 1, 'notification', NULL, NULL, '[[\"sujetDeStage.docx\", \"bafe5c6a73467249c3ae3a9f206f040b.bin\"], [\"uml.png\", \"4de3d86840b61cfb89c1d87c8f851e82.png\"]]', '[]', NULL),
(534, 'Demande de clientel', NULL, '/document/show/1789564123584611', NULL, '2020-05-07 14:09:09', NULL, 1, 'notification', NULL, NULL, '[[\"ebook_referencement.pdf\", \"7c9d1458c6f4cfc70c898b123c782341.pdf\"], [\"Screenshot_20200202-145941_WhatsApp.jpg\", \"03dacae146f64059e1f954df56c9eae0.jpeg\"]]', '[]', NULL),
(535, 'azeertyy', NULL, '/document/show/1789564123584677', NULL, '2020-05-07 15:21:11', NULL, 4, 'notification', NULL, NULL, '[[\"Plan.docx\", \"2697fb0226a811e4573298cd2b45f2d5.bin\"], [\"sujetDeStage.docx\", \"4274fec7e6ecf9a60368e2ff30973a28.bin\"]]', '[]', NULL),
(536, 'azeertyy', NULL, '/document/show/1789564123584677', NULL, '2020-05-07 15:32:55', NULL, 1, 'notification', NULL, NULL, '[[\"Plan.docx\", \"2697fb0226a811e4573298cd2b45f2d5.bin\"], [\"sujetDeStage.docx\", \"4274fec7e6ecf9a60368e2ff30973a28.bin\"]]', '[]', NULL),
(537, 'Sonatel SA vient de faire une requete', NULL, '/document/show/1789564123584710', NULL, '2020-05-07 16:22:33', NULL, 4, 'notification', NULL, NULL, '[[\"CERTIFICATION DEV WEB MOBILE.pdf\", \"310ec9b351a6b4c69c7e7a6946a3fd41.pdf\"]]', '[]', NULL),
(538, 'Sonatel SA vient de faire une requete', NULL, '/document/show/1789564123584743', NULL, '2020-05-07 16:50:35', NULL, 4, 'notification', NULL, NULL, '[[\"Chambre.sql\", \"318f9d7710ec12fa267d7aa03e542c88.\"]]', '[]', NULL),
(539, 'Vous etes désigner comme collaborateur pour un travail', NULL, '/document/show/1789564123584743', NULL, '2020-05-07 17:00:48', NULL, 1, 'notification', NULL, NULL, '[[\"Chambre.sql\", \"318f9d7710ec12fa267d7aa03e542c88.\"]]', '[]', NULL),
(540, 'Sonatel SA vient de faire une requete', NULL, '/document/show/1789564123584776', NULL, '2020-05-07 20:35:33', NULL, 4, 'notification', NULL, NULL, '[[\"document.pdf\", \"d1db09e1b14e164f4483f788aa3a69ec.pdf\"]]', '[]', NULL),
(541, 'Vous etes désigner comme collaborateur pour un travail', NULL, '/document/show/1789564123584776', NULL, '2020-05-07 20:48:42', NULL, 1, 'notification', NULL, NULL, '[[\"document.pdf\", \"d1db09e1b14e164f4483f788aa3a69ec.pdf\"]]', '[]', NULL),
(542, 'Vous etes désigner comme collaborateur pour un travail', NULL, '/document/show/1789564123584776', NULL, '2020-05-07 20:52:40', NULL, 1, 'notification', NULL, NULL, '[[\"document.pdf\", \"d1db09e1b14e164f4483f788aa3a69ec.pdf\"]]', '[]', NULL),
(543, 'Vous etes désigner comme collaborateur pour un travail', NULL, '/document/show/1789564123584776', NULL, '2020-05-07 21:02:06', NULL, 1, 'notification', NULL, NULL, '[[\"document.pdf\", \"d1db09e1b14e164f4483f788aa3a69ec.pdf\"]]', '[]', NULL),
(544, 'Vous etes désigner comme collaborateur pour un travail', NULL, '/document/show/1789564123584776', NULL, '2020-05-07 21:07:52', NULL, 1, 'notification', NULL, NULL, '[[\"document.pdf\", \"d1db09e1b14e164f4483f788aa3a69ec.pdf\"]]', '[]', NULL),
(545, 'Vous etes désigner comme collaborateur pour un travail', NULL, '/document/show/1789564123584776', NULL, '2020-05-07 21:10:26', NULL, 1, 'notification', NULL, NULL, '[[\"document.pdf\", \"d1db09e1b14e164f4483f788aa3a69ec.pdf\"]]', '[]', NULL),
(546, 'Traitement du dossier fini à toi', NULL, '/document/show/1789564123584644', NULL, '2020-05-07 22:19:43', NULL, 37, 'notification', NULL, NULL, '[[\"sujetDeStage.docx\", \"bafe5c6a73467249c3ae3a9f206f040b.bin\"], [\"uml.png\", \"4de3d86840b61cfb89c1d87c8f851e82.png\"], [\"testpdo.php\", \"5f4d4fe9393e2f03184358ec3bbb86ea.\"], [\"document.pdf\", \"b130c956992e8ce77e1066fb64d04adf.pdf\"]]', '[]', NULL),
(547, 'Traitement de dossier fini', NULL, '/document/show/1789564123584644', NULL, '2020-05-07 22:29:05', NULL, 37, 'notification', NULL, NULL, '[null, [\"javaconnectBD.txt\", \"b26aad797f5bb13f2c200f65dced98fb.txt\"], [\"document.pdf\", \"6e14a1c4fb14c0002b051642501dfa04.pdf\"]]', '[]', NULL),
(548, 'Message fini', NULL, '/document/show/1789564123584644', NULL, '2020-05-07 22:37:00', NULL, 37, 'notification', NULL, NULL, '[[\"document.pdf\", \"46b2ead876cf524a8f1d7b111acf9af7.pdf\"]]', '[]', NULL),
(549, 'Message fini', NULL, '/document/show/1789564123584644', NULL, '2020-05-07 22:44:49', NULL, 37, 'notification', NULL, NULL, '[[\"document.pdf\", \"46b2ead876cf524a8f1d7b111acf9af7.pdf\"], [\"apprenant.php\", \"54f1e0865cffb1d20ff60ce826175500.\"]]', '[]', NULL),
(550, 'Message terminé', NULL, '/document/show/1789564123584644', NULL, '2020-05-07 22:48:49', NULL, 37, 'notification', NULL, NULL, '[[\"document.pdf\", \"46b2ead876cf524a8f1d7b111acf9af7.pdf\"], [\"apprenant.php\", \"54f1e0865cffb1d20ff60ce826175500.\"], [\"style.css\", \"2b83898954320412f4fec2dada63db0c.txt\"]]', '[]', NULL),
(551, 'On a terminé', NULL, '/document/show/1789564123584644', NULL, '2020-05-07 23:13:29', NULL, 37, 'notification', NULL, NULL, '[[\"document.pdf\", \"46b2ead876cf524a8f1d7b111acf9af7.pdf\"], [\"apprenant.php\", \"54f1e0865cffb1d20ff60ce826175500.\"], [\"style.css\", \"2b83898954320412f4fec2dada63db0c.txt\"], [\"Chambre.sql\", \"1d2bf736597bf932788f940fabe0c6c4.\"]]', '[]', NULL),
(552, 'On a terminé', NULL, '/document/show/1789564123584644', NULL, '2020-05-07 23:16:26', NULL, 37, 'notification', NULL, NULL, '[[\"document.pdf\", \"46b2ead876cf524a8f1d7b111acf9af7.pdf\"], [\"apprenant.php\", \"54f1e0865cffb1d20ff60ce826175500.\"], [\"style.css\", \"2b83898954320412f4fec2dada63db0c.txt\"], [\"Chambre.sql\", \"1d2bf736597bf932788f940fabe0c6c4.\"], [\"Chambre.sql\", \"7d5dcd3e1e6420f0ce8b58c63921e820.\"]]', '[]', NULL),
(553, 'Termine', NULL, '/document/show/1789564123584644', NULL, '2020-05-08 06:00:53', NULL, 37, 'notification', NULL, NULL, '[[\"document.pdf\", \"46b2ead876cf524a8f1d7b111acf9af7.pdf\"], [\"apprenant.php\", \"54f1e0865cffb1d20ff60ce826175500.\"], [\"style.css\", \"2b83898954320412f4fec2dada63db0c.txt\"], [\"Chambre.sql\", \"1d2bf736597bf932788f940fabe0c6c4.\"], [\"Chambre.sql\", \"7d5dcd3e1e6420f0ce8b58c63921e820.\"], [\"testpdo.php\", \"aeb6e3b3e383f30d02d7fc6fdf3cbb32.\"], [\"javaconnectBD.txt\", \"316ad7c1d19346960f12eea94382204a.txt\"]]', '[]', NULL),
(554, 'Mesage concerné', NULL, '/document/show/1789564123584644', NULL, '2020-05-08 10:54:59', NULL, 37, 'notification', NULL, NULL, '[[\"mode_edit_grey_24x24.png\", \"695529f73b50cfacd57c2b8be33b8045.png\"]]', '[]', NULL),
(555, 'Mesage concerné', NULL, '/document/show/1789564123584677', NULL, '2020-05-08 10:56:27', NULL, 37, 'notification', NULL, NULL, '[[\"mode_edit_grey_24x24.png\", \"7fd75bb32c90e009e735483508ffd212.png\"]]', '[]', NULL),
(556, 'Sonatel SA vient de faire une requete', NULL, '/document/show/1789564123584809', NULL, '2020-05-08 12:17:29', NULL, 4, 'notification', NULL, NULL, '[[\"apprenant.php\", \"43f4a7b697822fd172b980a4a2ab082f.\"]]', '[]', NULL),
(557, 'Vous etes désigner comme collaborateur pour un travail', NULL, '/document/show/1789564123584809', NULL, '2020-05-08 12:27:27', NULL, 1, 'notification', NULL, NULL, '[[\"apprenant.php\", \"43f4a7b697822fd172b980a4a2ab082f.\"]]', '[]', NULL),
(558, 'ODC vient de faire une requete', NULL, '/document/show/1789564123584842', NULL, '2020-05-08 14:11:03', NULL, 5, 'notification', NULL, NULL, '[[\"apprenant.php\", \"d7eecb17338f8cd914d465961764d296.\"], [\"javaconnectBD.txt\", \"dfc2d94d290b8407fd25d676281d7436.txt\"]]', '[]', NULL),
(559, 'Vous etes désigner comme collaborateur pour un travail', NULL, '/document/show/1789564123584842', NULL, '2020-05-08 14:13:50', NULL, 1, 'notification', NULL, NULL, '[[\"apprenant.php\", \"d7eecb17338f8cd914d465961764d296.\"], [\"javaconnectBD.txt\", \"dfc2d94d290b8407fd25d676281d7436.txt\"]]', '[]', NULL),
(562, 'ACT vient de vous contacter', NULL, '/document/show/1789564123584215', NULL, '2020-05-09 15:24:13', NULL, 7, 'notification', NULL, NULL, '[[\"projet-fil rouge.pdf\", \"e8cc65f8a2cdd22e033630d87f421c35.pdf\"], [\"SoleilCifres.csv\", \"0ddf04c5804037ac18a13c3ce0afeff1.txt\"]]', '[]', NULL),
(563, 'Abdoulaye Ndoye vous a comme collaborateur du dossier Demande d\'audit imédiat', NULL, '/document/show/1789564123584248', NULL, '2020-05-09 16:54:08', NULL, 1, 'notification', NULL, NULL, '[[\"projet-fil rouge.pdf\", \"e8cc65f8a2cdd22e033630d87f421c35.pdf\"], [\"SoleilCifres.csv\", \"0ddf04c5804037ac18a13c3ce0afeff1.txt\"]]', '[]', NULL),
(564, 'ACT vient de vous contacter', NULL, '/document/show/1789564123584215', NULL, '2020-05-10 01:50:44', NULL, 7, 'notification', NULL, NULL, '[[\"document.pdf\", \"ed24f1317c6408a77f6385fc2aceb07b.pdf\"]]', '[]', NULL),
(565, 'Sonatel SA vient de vous contacter', NULL, '/document/show/1789564123584215', NULL, '2020-05-10 02:50:00', NULL, 4, 'notification', NULL, NULL, '[[\"e-tontine(1).pdf\", \"eb7e61a800a3ecfce4149333df57ca90.pdf\"], [\"apprenant.php\", \"3fd9e1ed510bcddeb836e4cf0319b74e.\"]]', '[]', NULL),
(566, 'Sonatel SA vient de vous contacter', NULL, '/show/document/1789564123584215', NULL, '2020-05-10 15:51:30', NULL, 4, 'notification', NULL, NULL, '[[\"apprenant.php\", \"f43b056ce0c5904c8ca041a2c9e2ba81.\"]]', '[]', NULL),
(567, 'Abdoulaye Ndoye vous a comme collaborateur du dossier Demande de test', NULL, '/show/document/1789564123584314', NULL, '2020-05-12 18:22:21', NULL, 1, 'notification', NULL, NULL, '[[\"e-tontine(1).pdf\", \"eb7e61a800a3ecfce4149333df57ca90.pdf\"], [\"apprenant.php\", \"3fd9e1ed510bcddeb836e4cf0319b74e.\"]]', '[]', NULL),
(568, 'Abdoulaye Ndoye vous a comme collaborateur du dossier Anti const', NULL, '/show/document/1789564123584347', NULL, '2020-05-12 18:45:59', NULL, 1, 'notification', NULL, NULL, '[[\"apprenant.php\", \"f43b056ce0c5904c8ca041a2c9e2ba81.\"]]', '[]', NULL),
(569, 'Sonatel SA vient de vous contacter', NULL, '/show/document/1789564123584215', NULL, '2020-05-12 20:50:00', NULL, 4, 'notification', NULL, NULL, '[[\"testpdo.php\", \"cf5ef28cd511e3d41f80193724679bde.\"], [\"apprenant.class.php\", \"20148948ca5c5fc763616827f8e4a70a.\"], [\"projet-fil rouge.pdf\", \"bf37e1a5fef5dee2a08fd0ef0b38ab1d.pdf\"]]', '[]', NULL),
(570, 'Abdoulaye Ndoye vous a comme collaborateur du dossier Conseil en Si', NULL, '/show/document/1789564123584380', NULL, '2020-05-12 20:59:16', NULL, 1, 'notification', NULL, NULL, '[[\"testpdo.php\", \"cf5ef28cd511e3d41f80193724679bde.\"], [\"apprenant.class.php\", \"20148948ca5c5fc763616827f8e4a70a.\"], [\"projet-fil rouge.pdf\", \"bf37e1a5fef5dee2a08fd0ef0b38ab1d.pdf\"]]', '[]', NULL),
(571, 'ODC vient de vous contacter', NULL, '/show/document/1789564123584215', NULL, '2020-05-12 22:48:38', NULL, 5, 'notification', NULL, NULL, '[[\"Plan.docx\", \"25fb24d39f8995ec9c277cec0d33c8e3.bin\"], [\"referencement.pdf\", \"7e39e36ba06b58e2565eb21c2fcf14c1.pdf\"]]', '[]', NULL),
(572, 'Sonatel SA vient de vous contacter', NULL, '/show/document/1789564123584446', NULL, '2020-05-13 16:25:45', NULL, 4, 'notification', NULL, NULL, '[[\"projet.html\", \"e8eda4385802bdfa85e19e705297f3fd.html\"], [\"brief projet 1 dev web.docx\", \"d7c4d59dbe3f196316825f404f958d83.bin\"]]', '[]', NULL),
(573, 'Daouda Diouf vous a comme collaborateur du dossier Conseil en Si', NULL, '/show/document/1789564123584380', NULL, '2020-05-14 03:17:50', NULL, 21, 'notification', NULL, NULL, '[[\"testpdo.php\", \"cf5ef28cd511e3d41f80193724679bde.\"], [\"apprenant.class.php\", \"20148948ca5c5fc763616827f8e4a70a.\"], [\"projet-fil rouge.pdf\", \"bf37e1a5fef5dee2a08fd0ef0b38ab1d.pdf\"]]', '[]', NULL),
(574, 'Daouda Diouf vous a comme collaborateur du dossier Anti const', NULL, '/show/document/1789564123584347', NULL, '2020-05-14 03:23:16', NULL, 21, 'notification', NULL, NULL, '[[\"CUE.odt\", \"45d758581eec6a76758c43962427a396.odt\"]]', '[]', NULL),
(575, 'Conseil en Si n\'a pas été validé voir détails', NULL, '/show/document/1789564123584380', NULL, '2020-05-14 13:59:05', NULL, 1, 'notification', NULL, NULL, '[[\"testpdo.php\", \"cf5ef28cd511e3d41f80193724679bde.\"], [\"apprenant.class.php\", \"20148948ca5c5fc763616827f8e4a70a.\"], [\"projet-fil rouge.pdf\", \"bf37e1a5fef5dee2a08fd0ef0b38ab1d.pdf\"]]', '[]', NULL),
(576, 'Daouda Diouf vous a comme collaborateur du dossier Conseil en Si', NULL, '/show/document/1789564123584380', NULL, '2020-05-14 14:58:53', NULL, 21, 'notification', NULL, NULL, '[[\"basejava.odt\", \"5f67288c64827fbf3eba7f00f01d5d98.odt\"]]', '[]', NULL),
(577, 'Sonatel SA vient de vous contacter', NULL, '/show/document/1789564123584479', NULL, '2020-05-14 15:11:29', NULL, 4, 'notification', NULL, NULL, '[[\"projet php 2.docx\", \"fa1759378879686db09ac36d5a02f190.bin\"]]', '[]', NULL);
INSERT INTO `notification` (`id`, `message`, `icon`, `lien`, `statut`, `date`, `user_id`, `emetteur_id`, `type`, `niveau`, `sujet`, `fichier`, `type_destinataire`, `groupe_id`) VALUES
(578, 'Abdoulaye Ndoye vous a comme collaborateur du dossier Demande Si', NULL, '/show/document/1789564123584479', NULL, '2020-05-14 15:27:00', NULL, 1, 'notification', NULL, NULL, '[[\"projet php 2.docx\", \"fa1759378879686db09ac36d5a02f190.bin\"]]', '[]', NULL),
(579, 'Conseil en Si n\'a pas été validé voir détails', NULL, '/show/document/1789564123584380', NULL, '2020-05-14 15:52:58', NULL, 1, 'notification', NULL, NULL, '[[\"basejava.odt\", \"5f67288c64827fbf3eba7f00f01d5d98.odt\"]]', '[]', NULL),
(580, 'Conseil en Si a été validé voir détails', NULL, '/show/document/1789564123584380', NULL, '2020-05-14 16:16:44', NULL, 1, 'notification', NULL, NULL, '[[\"basejava.odt\", \"5f67288c64827fbf3eba7f00f01d5d98.odt\"]]', '[]', NULL),
(581, 'Daouda Diouf vous a comme collaborateur du dossier Demande Si', NULL, '/show/document/1789564123584479', NULL, '2020-05-14 21:16:08', NULL, 21, 'notification', NULL, NULL, '[[\"SujetDeStage.docx\", \"997149d85d541d2943210d90660d3c1e.bin\"]]', '[]', NULL),
(582, 'Demande Si n\'a pas été validé voir détails', NULL, '/show/document/1789564123584479', NULL, '2020-05-14 21:17:01', NULL, 1, 'notification', NULL, NULL, '[[\"SujetDeStage.docx\", \"997149d85d541d2943210d90660d3c1e.bin\"]]', '[]', NULL),
(583, 'Daouda Diouf vous a comme collaborateur du dossier Demande Si', NULL, '/show/document/1789564123584479', NULL, '2020-05-14 21:18:34', NULL, 21, 'notification', NULL, NULL, '[[\"SujetDeStage.docx\", \"276895eccf6008e1ebbf4987418feaa6.bin\"]]', '[]', NULL),
(584, 'Demande Si a été validé voir détails', NULL, '/show/document/1789564123584479', NULL, '2020-05-14 21:19:14', NULL, 1, 'notification', NULL, NULL, '[[\"SujetDeStage.docx\", \"276895eccf6008e1ebbf4987418feaa6.bin\"]]', '[]', NULL),
(585, 'Le traitement de votre dossier est terminé', NULL, '/show/document/1789564123584479', NULL, '2020-05-14 21:21:18', NULL, 21, 'notification', NULL, NULL, '[[\"SujetDeStage.docx\", \"276895eccf6008e1ebbf4987418feaa6.bin\"]]', '[]', NULL),
(586, 'Sonatel SA vient de vous contacter', NULL, '/show/document/1789564123584512', NULL, '2020-05-14 22:33:21', NULL, 4, 'notification', NULL, NULL, '[[\"SujetDeStage.docx\", \"4feec797a8f124249eefe98a6a467c96.bin\"], [\"CoudPAN.pdf\", \"0b2ab23d4391006050d33337c15d30f6.pdf\"]]', '[]', NULL),
(587, 'Abdoulaye Ndoye vous a comme collaborateur du dossier Création', NULL, '/show/document/1789564123584512', NULL, '2020-05-14 22:37:06', NULL, 1, 'notification', NULL, NULL, '[[\"SujetDeStage.docx\", \"4feec797a8f124249eefe98a6a467c96.bin\"], [\"CoudPAN.pdf\", \"0b2ab23d4391006050d33337c15d30f6.pdf\"]]', '[]', NULL),
(588, 'Daouda Diouf a validé le travail vérifier', NULL, '/show/document/1789564123584512', NULL, '2020-05-14 22:52:06', NULL, 21, 'notification', NULL, NULL, '[[\"sujetDeStage.docx\", \"7f93441713b0c3d0f8bc008395057404.bin\"]]', '[]', NULL),
(589, 'Création n\'a pas été validé voir détails', NULL, '/show/document/1789564123584512', NULL, '2020-05-14 22:59:42', NULL, 1, 'notification', NULL, NULL, '[[\"sujetDeStage.docx\", \"7f93441713b0c3d0f8bc008395057404.bin\"]]', '[]', NULL),
(590, 'Daouda Diouf a validé le travail vérifier', NULL, '/show/document/1789564123584512', NULL, '2020-05-14 23:18:00', NULL, 21, 'notification', NULL, NULL, '[[\"sujetDeStage.docx\", \"d6c1f257a25702758106a9a4df375b57.bin\"]]', '[]', NULL),
(591, 'Création a été validé voir détails', NULL, '/show/document/1789564123584512', NULL, '2020-05-14 23:19:34', NULL, 1, 'notification', NULL, NULL, '[[\"sujetDeStage.docx\", \"d6c1f257a25702758106a9a4df375b57.bin\"]]', '[]', NULL),
(592, 'Le traitement de votre dossier est terminé', NULL, '/show/document/1789564123584512', NULL, '2020-05-14 23:25:12', NULL, 21, 'notification', NULL, NULL, '[[\"sujetDeStage.docx\", \"d6c1f257a25702758106a9a4df375b57.bin\"]]', '[]', NULL),
(593, 'Test 1', '', '/show/document/1789564123584347', NULL, '2020-05-15 04:41:48', NULL, 21, 'noteRevue', NULL, NULL, '[]', '[]', NULL),
(594, 'ODC vient de vous contacter', NULL, '/show/document/1789564123584545', NULL, '2020-05-15 11:06:14', NULL, 5, 'notification', NULL, NULL, '[[\"CERTIFICATION DEV WEB MOBILE.pdf\", \"30e127e8f7bd6793003b0b1451f01efc.pdf\"]]', '[]', NULL),
(595, 'Abdoulaye Ndoye vous a comme collaborateur du dossier Document A', NULL, '/show/document/1789564123584545', NULL, '2020-05-15 11:06:50', NULL, 1, 'notification', NULL, NULL, '[[\"CERTIFICATION DEV WEB MOBILE.pdf\", \"30e127e8f7bd6793003b0b1451f01efc.pdf\"]]', '[]', NULL),
(596, 'Ibrahima Diop vient de vous soumettre un dossier à valider', NULL, '/show/document/1789564123584545', NULL, '2020-05-15 11:18:19', NULL, 37, 'notification', NULL, NULL, '[[\"Plan.docx\", \"76e3356ff0c4b367434a98e54d37d7bd.bin\"]]', '[]', NULL),
(597, 'Abdoulaye Ndoye vient de valider un dossier', NULL, '/show/document/1789564123584545', NULL, '2020-05-15 11:19:02', NULL, 1, 'notification', NULL, NULL, '[[\"Plan.docx\", \"76e3356ff0c4b367434a98e54d37d7bd.bin\"]]', '[]', NULL),
(598, 'Le traitement de votre dossier est terminé', NULL, '/show/document/1789564123584545', NULL, '2020-05-15 11:30:42', NULL, 37, 'notification', NULL, NULL, '[[\"Plan.docx\", \"76e3356ff0c4b367434a98e54d37d7bd.bin\"]]', '[]', NULL),
(599, 'Daouda Diouf vient de vous soumettre un dossier à valider', NULL, '/show/document/1789564123584347', NULL, '2020-05-15 11:40:57', NULL, 21, 'notification', NULL, NULL, '[[\"Plan.docx\", \"2702aeb16e50e876fee037a7a6870046.bin\"]]', '[]', NULL),
(600, 'Abdoulaye Ndoye vient de vous renvoyer un dossier', NULL, '/show/document/1789564123584347', NULL, '2020-05-15 11:42:42', NULL, 1, 'notification', NULL, NULL, '[[\"Plan.docx\", \"2702aeb16e50e876fee037a7a6870046.bin\"]]', '[]', NULL),
(601, 'Le traitement de votre dossier est terminé', NULL, '/show/document/1789564123584380', NULL, '2020-05-15 11:46:30', NULL, 21, 'notification', NULL, NULL, '[[\"basejava.odt\", \"5f67288c64827fbf3eba7f00f01d5d98.odt\"]]', '[]', NULL),
(602, 'Text 2', '', '/show/document/1789564123584347', NULL, '2020-05-15 12:07:59', NULL, 1, 'noteRevue', NULL, NULL, '[]', '[]', NULL),
(603, 'Abdoulaye Ndoye vous a comme collaborateur du dossier Demande de Test SI', NULL, '/show/document/1789564123584446', NULL, '2020-05-15 12:43:57', NULL, 1, 'notification', NULL, NULL, '[[\"projet.html\", \"e8eda4385802bdfa85e19e705297f3fd.html\"], [\"brief projet 1 dev web.docx\", \"d7c4d59dbe3f196316825f404f958d83.bin\"]]', '[]', NULL),
(604, 'Sonatel SA vient de vous contacter', NULL, '/show/document/1789564123584578', NULL, '2020-05-15 14:53:03', NULL, 4, 'notification', NULL, NULL, '[[\"sujetDeStage.docx\", \"67bdd0c6481fa892222c2414d069bf49.bin\"], [\"sujetDeStage.docx\", \"3d2c02d30e1003578a0e21aecbb92286.bin\"]]', '[]', NULL),
(605, 'Abdoulaye Ndoye vous a comme collaborateur du dossier Qsdfer', NULL, '/show/document/1789564123584578', NULL, '2020-05-15 14:56:48', NULL, 1, 'notification', NULL, NULL, '[[\"sujetDeStage.docx\", \"67bdd0c6481fa892222c2414d069bf49.bin\"], [\"sujetDeStage.docx\", \"3d2c02d30e1003578a0e21aecbb92286.bin\"]]', '[]', NULL),
(606, 'Abdoulaye Ndoye vous a comme collaborateur du dossier Qsdfer', NULL, '/show/document/1789564123584578', NULL, '2020-05-15 14:59:24', NULL, 1, 'notification', NULL, NULL, '[[\"sujetDeStage.docx\", \"67bdd0c6481fa892222c2414d069bf49.bin\"], [\"sujetDeStage.docx\", \"3d2c02d30e1003578a0e21aecbb92286.bin\"]]', '[]', NULL),
(607, 'Daouda Diouf vient de vous soumettre un dossier à valider', NULL, '/show/document/1789564123584578', NULL, '2020-05-15 15:12:28', NULL, 21, 'notification', NULL, NULL, '[[\"CoudPAN.pdf\", \"9f6d9ab08d3bce31bc55e52e2e91d3c4.pdf\"]]', '[]', NULL),
(608, 'Abdoulaye Ndoye vient de vous renvoyer un dossier', NULL, '/show/document/1789564123584578', NULL, '2020-05-15 15:18:45', NULL, 1, 'notification', NULL, NULL, '[[\"CoudPAN.pdf\", \"9f6d9ab08d3bce31bc55e52e2e91d3c4.pdf\"]]', '[]', NULL),
(609, 'Daouda Diouf vient de vous soumettre un dossier à valider', NULL, '/show/document/1789564123584578', NULL, '2020-05-15 15:21:47', NULL, 21, 'notification', NULL, NULL, '[[\"sujetDeStage.docx\", \"738315202d67452c92b3ca0e255a7c76.bin\"]]', '[]', NULL),
(610, 'Abdoulaye Ndoye vient de vous renvoyer un dossier', NULL, '/show/document/1789564123584578', NULL, '2020-05-15 15:22:18', NULL, 1, 'notification', NULL, NULL, '[[\"sujetDeStage.docx\", \"738315202d67452c92b3ca0e255a7c76.bin\"]]', '[]', NULL),
(611, 'Daouda Diouf vient de vous soumettre un dossier à valider', NULL, '/show/document/1789564123584578', NULL, '2020-05-15 19:08:10', NULL, 21, 'notification', NULL, NULL, '[[\"ebook_referencement.pdf\", \"51f277792da4837303c8482e3d7a2e69.pdf\"]]', '[]', NULL),
(612, 'Abdoulaye Ndoye vient de valider un dossier', NULL, '/show/document/1789564123584578', NULL, '2020-05-15 19:08:47', NULL, 1, 'notification', NULL, NULL, '[[\"ebook_referencement.pdf\", \"51f277792da4837303c8482e3d7a2e69.pdf\"]]', '[]', NULL),
(613, 'Sonatel SA vient de vous contacter', NULL, '/show/document/1789564123584611', NULL, '2020-05-15 23:22:38', NULL, 4, 'notification', NULL, NULL, '[[\"sujetDeStage.docx\", \"c03ddea8291615d7e2cce47df0379c30.bin\"], [\"Plan.docx\", \"262585c376a693e530ccdda46692f842.bin\"]]', '[]', NULL),
(614, 'Abdoulaye Ndoye vient de vous transmettre un dossier', NULL, '/show/document/1789564123584611', NULL, '2020-05-15 23:23:40', NULL, 1, 'notification', NULL, NULL, '[[\"sujetDeStage.docx\", \"c03ddea8291615d7e2cce47df0379c30.bin\"], [\"Plan.docx\", \"262585c376a693e530ccdda46692f842.bin\"]]', '[]', NULL),
(615, 'Daouda Diouf vient de vous soumettre un dossier à valider', NULL, '/show/document/1789564123584611', NULL, '2020-05-15 23:24:52', NULL, 21, 'notification', NULL, NULL, '[[\"sujetDeStage.docx\", \"c03ddea8291615d7e2cce47df0379c30.bin\"], [\"Plan.docx\", \"262585c376a693e530ccdda46692f842.bin\"]]', '[]', NULL),
(616, 'Abdoulaye Ndoye vient de valider un dossier', NULL, '/show/document/1789564123584611', NULL, '2020-05-15 23:31:10', NULL, 1, 'notification', NULL, NULL, '[[\"sujetDeStage.docx\", \"c03ddea8291615d7e2cce47df0379c30.bin\"], [\"Plan.docx\", \"262585c376a693e530ccdda46692f842.bin\"]]', '[]', NULL),
(617, 'Le traitement de votre dossier est terminé', NULL, '/show/document/1789564123584611', NULL, '2020-05-16 18:13:21', NULL, 21, 'notification', NULL, NULL, '[[\"sujetDeStage.docx\", \"c03ddea8291615d7e2cce47df0379c30.bin\"], [\"Plan.docx\", \"262585c376a693e530ccdda46692f842.bin\"]]', '[]', NULL),
(618, 'ACT vient de vous contacter', NULL, '/show/document/1789564123584644', NULL, '2020-05-19 15:18:55', NULL, 7, 'notification', NULL, NULL, '[[\"TD Boucles.docx\", \"d43de4a72ec8b4664fd65fe28fd3de23.docx\"]]', '[]', NULL),
(619, 'Abdoulaye Ndoye vient de vous transmettre un dossier', NULL, '/show/document/1789564123584644', NULL, '2020-05-19 15:19:24', NULL, 1, 'notification', NULL, NULL, '[[\"TD Boucles.docx\", \"d43de4a72ec8b4664fd65fe28fd3de23.docx\"]]', '[]', NULL),
(620, 'Daouda Diouf vient de vous soumettre un dossier à valider', NULL, '/show/document/1789564123584644', NULL, '2020-05-19 15:20:17', NULL, 21, 'notification', NULL, NULL, '[[\"TD Boucles.docx\", \"d43de4a72ec8b4664fd65fe28fd3de23.docx\"]]', '[]', NULL),
(621, 'Abdoulaye Ndoye vient de vous renvoyer un dossier', NULL, '/show/document/1789564123584644', NULL, '2020-05-19 15:20:59', NULL, 1, 'notification', NULL, NULL, '[[\"TD Boucles.docx\", \"d43de4a72ec8b4664fd65fe28fd3de23.docx\"]]', '[]', NULL),
(622, 'Daouda Diouf vient de vous soumettre un dossier à valider', NULL, '/show/document/1789564123584644', NULL, '2020-05-19 15:21:54', NULL, 21, 'notification', NULL, NULL, '[[\"TD Boucles.docx\", \"d43de4a72ec8b4664fd65fe28fd3de23.docx\"]]', '[]', NULL),
(623, 'Abdoulaye Ndoye vient de valider un dossier', NULL, '/show/document/1789564123584644', NULL, '2020-05-19 15:22:15', NULL, 1, 'notification', NULL, NULL, '[[\"TD Boucles.docx\", \"d43de4a72ec8b4664fd65fe28fd3de23.docx\"]]', '[]', NULL),
(624, 'Le traitement de votre dossier est terminé', NULL, '/show/document/1789564123584644', NULL, '2020-05-19 15:23:04', NULL, 21, 'notification', NULL, NULL, '[[\"TD Boucles.docx\", \"d43de4a72ec8b4664fd65fe28fd3de23.docx\"]]', '[]', NULL),
(625, 'Daouda Diouf vient de vous soumettre un dossier à valider', NULL, '/show/document/1789564123584347', NULL, '2020-05-19 15:25:19', NULL, 21, 'notification', NULL, NULL, '[[\"Plan.docx\", \"2702aeb16e50e876fee037a7a6870046.bin\"]]', '[]', NULL),
(626, 'Abdoulaye Ndoye vient de valider un dossier', NULL, '/show/document/1789564123584347', NULL, '2020-05-19 15:34:50', NULL, 1, 'notification', NULL, NULL, '[[\"Plan.docx\", \"2702aeb16e50e876fee037a7a6870046.bin\"]]', '[]', NULL),
(627, 'Le traitement de votre dossier est terminé', NULL, '/show/document/1789564123584347', NULL, '2020-05-19 15:36:19', NULL, 21, 'notification', NULL, NULL, '[[\"Plan.docx\", \"2702aeb16e50e876fee037a7a6870046.bin\"]]', '[]', NULL),
(628, 'Sonatel SA vient de vous contacter', NULL, '/show/document/1789564123584677', NULL, '2020-05-19 17:54:51', NULL, 4, 'notification', NULL, NULL, '[[\"TD Boucles.docx\", \"7121000b8a2ad8a9e27a6c2a63c5cba7.docx\"]]', '[]', NULL),
(629, 'Abdoulaye Ndoye vient de vous transmettre un dossier', NULL, '/show/document/1789564123584677', NULL, '2020-05-19 17:58:21', NULL, 1, 'notification', NULL, NULL, '[[\"TD Boucles.docx\", \"7121000b8a2ad8a9e27a6c2a63c5cba7.docx\"]]', '[]', NULL),
(630, 'Text', '', '/show/document/1789564123584677', NULL, '2020-05-19 18:02:12', NULL, 21, 'noteRevue', NULL, NULL, '[]', '[]', NULL),
(631, 'Daouda Diouf vient de vous soumettre un dossier à valider', NULL, '/show/document/1789564123584677', NULL, '2020-05-19 18:02:34', NULL, 21, 'notification', NULL, NULL, '[[\"TD Boucles.docx\", \"7121000b8a2ad8a9e27a6c2a63c5cba7.docx\"]]', '[]', NULL),
(632, 'Text 1', '', '/show/document/1789564123584677', NULL, '2020-05-19 18:04:24', NULL, 1, 'noteRevue', NULL, NULL, '[]', '[]', NULL),
(633, 'Abdoulaye Ndoye vient de vous renvoyer un dossier', NULL, '/show/document/1789564123584677', NULL, '2020-05-19 18:04:41', NULL, 1, 'notification', NULL, NULL, '[[\"TD Boucles.docx\", \"7121000b8a2ad8a9e27a6c2a63c5cba7.docx\"]]', '[]', NULL),
(634, 'Daouda Diouf vient de vous soumettre un dossier à valider', NULL, '/show/document/1789564123584677', NULL, '2020-05-19 18:07:12', NULL, 21, 'notification', NULL, NULL, '[[\"TD Boucles.docx\", \"7121000b8a2ad8a9e27a6c2a63c5cba7.docx\"]]', '[]', NULL),
(635, 'Abdoulaye Ndoye vient de valider un dossier', NULL, '/show/document/1789564123584677', NULL, '2020-05-19 18:11:34', NULL, 1, 'notification', NULL, NULL, '[[\"TD Boucles.docx\", \"7121000b8a2ad8a9e27a6c2a63c5cba7.docx\"]]', '[]', NULL),
(636, 'Le traitement de votre dossier est terminé', NULL, '/show/document/1789564123584677', NULL, '2020-05-19 18:13:30', NULL, 21, 'notification', NULL, NULL, '[[\"TD Boucles.docx\", \"7121000b8a2ad8a9e27a6c2a63c5cba7.docx\"]]', '[]', NULL),
(637, 'Assane Ndoye vient de vous soumettre un dossier à valider', NULL, '/show/document/1789564123584446', NULL, '2020-05-20 13:36:38', NULL, 38, 'notification', NULL, NULL, '[[\"projet.html\", \"e8eda4385802bdfa85e19e705297f3fd.html\"], [\"brief projet 1 dev web.docx\", \"d7c4d59dbe3f196316825f404f958d83.bin\"]]', '[]', NULL),
(638, 'Abdoulaye Ndoye vient de vous renvoyer un dossier', NULL, '/show/document/1789564123584446', NULL, '2020-05-20 13:37:35', NULL, 1, 'notification', NULL, NULL, '[[\"projet.html\", \"e8eda4385802bdfa85e19e705297f3fd.html\"], [\"brief projet 1 dev web.docx\", \"d7c4d59dbe3f196316825f404f958d83.bin\"]]', '[]', NULL),
(639, 'Assane Ndoye vient de vous soumettre un dossier à valider', NULL, '/show/document/1789564123584446', NULL, '2020-05-21 15:31:04', NULL, 38, 'notification', NULL, NULL, '[[\"projet.html\", \"e8eda4385802bdfa85e19e705297f3fd.html\"], [\"brief projet 1 dev web.docx\", \"d7c4d59dbe3f196316825f404f958d83.bin\"]]', '[]', NULL),
(640, 'Abdoulaye Ndoye vient de vous renvoyer un dossier', NULL, '/show/document/1789564123584446', NULL, '2020-05-21 15:31:32', NULL, 1, 'notification', NULL, NULL, '[[\"projet.html\", \"e8eda4385802bdfa85e19e705297f3fd.html\"], [\"brief projet 1 dev web.docx\", \"d7c4d59dbe3f196316825f404f958d83.bin\"]]', '[]', NULL),
(641, 'Assane Ndoye vient de vous soumettre un dossier à valider', NULL, '/show/document/1789564123584446', NULL, '2020-05-21 22:47:05', NULL, 38, 'notification', NULL, NULL, '[[\"projet.html\", \"e8eda4385802bdfa85e19e705297f3fd.html\"], [\"brief projet 1 dev web.docx\", \"d7c4d59dbe3f196316825f404f958d83.bin\"]]', '[]', NULL),
(642, 'Abdoulaye Ndoye vient de vous renvoyer un dossier', NULL, '/show/document/1789564123584446', NULL, '2020-05-21 23:31:58', NULL, 1, 'notification', NULL, NULL, '[[\"projet.html\", \"e8eda4385802bdfa85e19e705297f3fd.html\"], [\"brief projet 1 dev web.docx\", \"d7c4d59dbe3f196316825f404f958d83.bin\"]]', '[]', NULL),
(643, 'Assane Ndoye vient de vous soumettre un dossier à valider', NULL, '/show/document/1789564123584446', NULL, '2020-05-21 23:34:10', NULL, 38, 'notification', NULL, NULL, '[[\"projet.html\", \"e8eda4385802bdfa85e19e705297f3fd.html\"], [\"brief projet 1 dev web.docx\", \"d7c4d59dbe3f196316825f404f958d83.bin\"]]', '[]', NULL),
(644, 'Abdoulaye Ndoye vient de vous renvoyer un dossier', NULL, '/show/document/1789564123584446', NULL, '2020-05-21 23:34:48', NULL, 1, 'notification', NULL, NULL, '[[\"projet.html\", \"e8eda4385802bdfa85e19e705297f3fd.html\"], [\"brief projet 1 dev web.docx\", \"d7c4d59dbe3f196316825f404f958d83.bin\"]]', '[]', NULL),
(645, 'Assane Ndoye vient de vous soumettre un dossier à valider', NULL, '/show/document/1789564123584446', NULL, '2020-05-22 00:30:18', NULL, 38, 'notification', NULL, NULL, '[[\"GUEYE ,Sadikh,Ababacar.txt\", \"08847a137d8281962a2ccfbc089435b0.txt\"], [\"attestation de passage DST1.jpg\", \"295c2a47c45bf2a8193bd7b7ba161dc7.jpeg\"]]', '[]', NULL),
(646, 'Abdoulaye Ndoye vient de vous renvoyer un dossier', NULL, '/show/document/1789564123584446', NULL, '2020-05-22 00:34:31', NULL, 1, 'notification', NULL, NULL, '[[\"GUEYE ,Sadikh,Ababacar.txt\", \"08847a137d8281962a2ccfbc089435b0.txt\"], [\"attestation de passage DST1.jpg\", \"295c2a47c45bf2a8193bd7b7ba161dc7.jpeg\"]]', '[]', NULL),
(647, 'Assane Ndoye vient de vous soumettre un dossier à valider', NULL, '/show/document/1789564123584446', NULL, '2020-05-22 00:35:26', NULL, 38, 'notification', NULL, NULL, '[[\"GUEYE ,Sadikh,Ababacar.txt\", \"08847a137d8281962a2ccfbc089435b0.txt\"], [\"attestation de passage DST1.jpg\", \"295c2a47c45bf2a8193bd7b7ba161dc7.jpeg\"]]', '[]', NULL),
(648, 'Abdoulaye Ndoye vient de vous renvoyer un dossier', NULL, '/show/document/1789564123584446', NULL, '2020-05-22 00:42:48', NULL, 1, 'notification', NULL, NULL, '[[\"GUEYE ,Sadikh,Ababacar.txt\", \"08847a137d8281962a2ccfbc089435b0.txt\"], [\"attestation de passage DST1.jpg\", \"295c2a47c45bf2a8193bd7b7ba161dc7.jpeg\"]]', '[]', NULL),
(649, 'Assane Ndoye vient de vous soumettre un dossier à valider', NULL, '/show/document/1789564123584446', NULL, '2020-05-22 00:43:39', NULL, 38, 'notification', NULL, NULL, '[[\"GUEYE ,Sadikh,Ababacar.txt\", \"08847a137d8281962a2ccfbc089435b0.txt\"], [\"attestation de passage DST1.jpg\", \"295c2a47c45bf2a8193bd7b7ba161dc7.jpeg\"]]', '[]', NULL),
(650, 'Abdoulaye Ndoye vient de vous renvoyer un dossier', NULL, '/show/document/1789564123584446', NULL, '2020-05-22 00:52:05', NULL, 1, 'notification', NULL, NULL, '[[\"GUEYE ,Sadikh,Ababacar.txt\", \"08847a137d8281962a2ccfbc089435b0.txt\"], [\"attestation de passage DST1.jpg\", \"295c2a47c45bf2a8193bd7b7ba161dc7.jpeg\"]]', '[]', NULL),
(651, 'Assane Ndoye vient de vous soumettre un dossier à valider', NULL, '/show/document/1789564123584446', NULL, '2020-05-22 00:52:46', NULL, 38, 'notification', NULL, NULL, '[[\"GUEYE ,Sadikh,Ababacar.txt\", \"08847a137d8281962a2ccfbc089435b0.txt\"], [\"attestation de passage DST1.jpg\", \"295c2a47c45bf2a8193bd7b7ba161dc7.jpeg\"]]', '[]', NULL),
(652, 'Abdoulaye Ndoye vient de vous renvoyer un dossier', NULL, '/show/document/1789564123584446', NULL, '2020-05-22 00:59:55', NULL, 1, 'notification', NULL, NULL, '[[\"GUEYE ,Sadikh,Ababacar.txt\", \"08847a137d8281962a2ccfbc089435b0.txt\"], [\"attestation de passage DST1.jpg\", \"295c2a47c45bf2a8193bd7b7ba161dc7.jpeg\"]]', '[]', NULL),
(653, 'Assane Ndoye vient de vous soumettre un dossier à valider', NULL, '/show/document/1789564123584446', NULL, '2020-05-22 01:01:12', NULL, 38, 'notification', NULL, NULL, '[[\"GUEYE ,Sadikh,Ababacar.txt\", \"08847a137d8281962a2ccfbc089435b0.txt\"], [\"attestation de passage DST1.jpg\", \"295c2a47c45bf2a8193bd7b7ba161dc7.jpeg\"]]', '[]', NULL),
(654, 'Abdoulaye Ndoye vient de vous renvoyer un dossier', NULL, '/show/document/1789564123584446', NULL, '2020-05-22 01:01:44', NULL, 1, 'notification', NULL, NULL, '[[\"GUEYE ,Sadikh,Ababacar.txt\", \"08847a137d8281962a2ccfbc089435b0.txt\"], [\"attestation de passage DST1.jpg\", \"295c2a47c45bf2a8193bd7b7ba161dc7.jpeg\"]]', '[]', NULL),
(655, 'Assane Ndoye vient de vous soumettre un dossier à valider', NULL, '/show/document/1789564123584446', NULL, '2020-05-22 12:35:38', NULL, 38, 'notification', NULL, NULL, '[[\"GUEYE ,Sadikh,Ababacar.txt\", \"08847a137d8281962a2ccfbc089435b0.txt\"], [\"attestation de passage DST1.jpg\", \"295c2a47c45bf2a8193bd7b7ba161dc7.jpeg\"]]', '[]', NULL),
(656, 'Sonatel SA vient de vous contacter', NULL, '/show/document/1789564123584710', NULL, '2020-05-22 16:27:24', NULL, 4, 'notification', NULL, NULL, '[[\"sujetDeStage.docx\", \"47854c266cb3a381b6b83a663c32d60b.bin\"]]', '[]', NULL),
(657, 'Abdoulaye Ndoye vient de vous transmettre un dossier', NULL, '/show/document/1789564123584710', NULL, '2020-05-22 16:29:33', NULL, 1, 'notification', NULL, NULL, '[[\"sujetDeStage.docx\", \"47854c266cb3a381b6b83a663c32d60b.bin\"]]', '[]', NULL),
(658, 'Daouda Diouf vient de vous soumettre un dossier à valider', NULL, '/show/document/1789564123584710', NULL, '2020-05-22 16:37:15', NULL, 21, 'notification', NULL, NULL, '[[\"sujetDeStage.docx\", \"47854c266cb3a381b6b83a663c32d60b.bin\"]]', '[]', NULL),
(659, 'Abdoulaye Ndoye vient de vous renvoyer un dossier', NULL, '/show/document/1789564123584710', NULL, '2020-05-22 16:42:44', NULL, 1, 'notification', NULL, NULL, '[[\"sujetDeStage.docx\", \"47854c266cb3a381b6b83a663c32d60b.bin\"]]', '[]', NULL),
(660, 'fichier à changer', '', '/show/document/1789564123584710', NULL, '2020-05-22 16:43:23', NULL, 1, 'noteRevue', NULL, NULL, '[]', '[]', NULL),
(661, 'Text', '', '/show/document/1789564123584710', NULL, '2020-05-22 16:47:15', NULL, 21, 'noteRevue', NULL, NULL, '[]', '[]', NULL),
(662, 'Daouda Diouf vient de vous soumettre un dossier à valider', NULL, '/show/document/1789564123584710', NULL, '2020-05-22 16:49:41', NULL, 21, 'notification', NULL, NULL, '[[\"sujetDeStage.docx\", \"47854c266cb3a381b6b83a663c32d60b.bin\"]]', '[]', NULL),
(663, 'Abdoulaye Ndoye vient de valider un dossier', NULL, '/show/document/1789564123584710', NULL, '2020-05-22 16:51:43', NULL, 1, 'notification', NULL, NULL, '[[\"sujetDeStage.docx\", \"47854c266cb3a381b6b83a663c32d60b.bin\"]]', '[]', NULL),
(664, 'ok', '', '/show/document/1789564123584710', NULL, '2020-05-22 16:53:26', NULL, 1, 'noteRevue', NULL, NULL, '[]', '[]', NULL),
(665, 'Le traitement de votre dossier est terminé', NULL, '/show/document/1789564123584710', NULL, '2020-05-22 16:55:22', NULL, 21, 'notification', NULL, NULL, '[[\"sujetDeStage.docx\", \"47854c266cb3a381b6b83a663c32d60b.bin\"]]', '[]', NULL),
(666, 'Assane Ndoye vient de vous soumettre un dossier à valider', NULL, '/show/document/1789564123584314', NULL, '2020-05-25 16:48:25', NULL, 38, 'notification', NULL, NULL, '[[\"e-tontine(1).pdf\", \"eb7e61a800a3ecfce4149333df57ca90.pdf\"], [\"apprenant.php\", \"3fd9e1ed510bcddeb836e4cf0319b74e.\"]]', '[]', NULL),
(667, 'Assane Ndoye vient de vous soumettre un dossier à valider', NULL, '/show/document/1789564123584314', NULL, '2020-05-25 16:49:16', NULL, 38, 'notification', NULL, NULL, '[[\"e-tontine(1).pdf\", \"eb7e61a800a3ecfce4149333df57ca90.pdf\"], [\"apprenant.php\", \"3fd9e1ed510bcddeb836e4cf0319b74e.\"]]', '[]', NULL),
(668, 'Text', '', '/show/document/1789564123584446', NULL, '2020-05-25 16:55:41', NULL, 1, 'noteRevue', NULL, NULL, '[]', '[]', NULL),
(669, 'Abdoulaye Ndoye vient de vous renvoyer un dossier', NULL, '/show/document/1789564123584446', NULL, '2020-05-25 16:56:08', NULL, 1, 'notification', NULL, NULL, '[[\"GUEYE ,Sadikh,Ababacar.txt\", \"08847a137d8281962a2ccfbc089435b0.txt\"], [\"attestation de passage DST1.jpg\", \"295c2a47c45bf2a8193bd7b7ba161dc7.jpeg\"]]', '[]', NULL),
(670, 'Text1', '', '/show/document/1789564123584446', NULL, '2020-05-25 16:56:19', NULL, 1, 'noteRevue', NULL, NULL, '[]', '[]', NULL),
(671, 'Abdoulaye Ndoye vient de valider un dossier', NULL, '/show/document/1789564123584314', NULL, '2020-05-25 17:39:17', NULL, 1, 'notification', NULL, NULL, '[[\"e-tontine(1).pdf\", \"eb7e61a800a3ecfce4149333df57ca90.pdf\"], [\"apprenant.php\", \"3fd9e1ed510bcddeb836e4cf0319b74e.\"]]', '[]', NULL),
(672, 'Le traitement de votre dossier est terminé', NULL, '/show/document/1789564123584314', NULL, '2020-05-25 17:40:26', NULL, 38, 'notification', NULL, NULL, '[[\"e-tontine(1).pdf\", \"eb7e61a800a3ecfce4149333df57ca90.pdf\"], [\"apprenant.php\", \"3fd9e1ed510bcddeb836e4cf0319b74e.\"]]', '[]', NULL),
(673, 'Document retourné', '', '/show/document/1789564123584314', NULL, '2020-05-25 17:40:54', NULL, 38, 'noteRevue', NULL, NULL, '[]', '[]', NULL),
(674, 'Text', '', '/show/document/1789564123584314', NULL, '2020-05-25 17:42:32', NULL, 1, 'noteRevue', NULL, NULL, '[]', '[]', NULL),
(675, 'Assane Ndoye vient de vous soumettre un dossier à valider', NULL, '/show/document/1789564123584446', NULL, '2020-05-26 15:31:49', NULL, 38, 'notification', NULL, NULL, '[[\"GUEYE ,Sadikh,Ababacar.txt\", \"08847a137d8281962a2ccfbc089435b0.txt\"], [\"attestation de passage DST1.jpg\", \"295c2a47c45bf2a8193bd7b7ba161dc7.jpeg\"]]', '[]', NULL),
(676, 'Abdoulaye Ndoye vient de vous renvoyer un dossier', NULL, '/show/document/1789564123584446', NULL, '2020-05-26 15:37:56', NULL, 1, 'notification', NULL, NULL, '[[\"GUEYE ,Sadikh,Ababacar.txt\", \"08847a137d8281962a2ccfbc089435b0.txt\"], [\"attestation de passage DST1.jpg\", \"295c2a47c45bf2a8193bd7b7ba161dc7.jpeg\"]]', '[]', NULL),
(677, 'Assane Ndoye vient de vous soumettre un dossier à valider', NULL, '/show/document/1789564123584446', NULL, '2020-05-26 15:39:08', NULL, 38, 'notification', NULL, NULL, '[[\"GUEYE ,Sadikh,Ababacar.txt\", \"08847a137d8281962a2ccfbc089435b0.txt\"], [\"attestation de passage DST1.jpg\", \"295c2a47c45bf2a8193bd7b7ba161dc7.jpeg\"]]', '[]', NULL),
(678, 'Abdoulaye Ndoye vient de vous renvoyer un dossier', NULL, '/show/document/1789564123584446', NULL, '2020-05-26 15:43:17', NULL, 1, 'notification', NULL, NULL, '[[\"GUEYE ,Sadikh,Ababacar.txt\", \"08847a137d8281962a2ccfbc089435b0.txt\"], [\"attestation de passage DST1.jpg\", \"295c2a47c45bf2a8193bd7b7ba161dc7.jpeg\"]]', '[]', NULL),
(679, 'Assane Ndoye vient de vous soumettre un dossier à valider', NULL, '/show/document/1789564123584446', NULL, '2020-05-26 15:52:30', NULL, 38, 'notification', NULL, NULL, '[[\"GUEYE ,Sadikh,Ababacar.txt\", \"08847a137d8281962a2ccfbc089435b0.txt\"], [\"attestation de passage DST1.jpg\", \"295c2a47c45bf2a8193bd7b7ba161dc7.jpeg\"]]', '[]', NULL),
(680, 'Abdoulaye Ndoye vient de vous renvoyer un dossier', NULL, '/show/document/1789564123584446', NULL, '2020-05-26 15:57:24', NULL, 1, 'notification', NULL, NULL, '[[\"GUEYE ,Sadikh,Ababacar.txt\", \"08847a137d8281962a2ccfbc089435b0.txt\"], [\"attestation de passage DST1.jpg\", \"295c2a47c45bf2a8193bd7b7ba161dc7.jpeg\"]]', '[]', NULL),
(681, 'Assane Ndoye vient de vous soumettre un dossier à valider', NULL, '/show/document/1789564123584446', NULL, '2020-05-26 16:00:56', NULL, 38, 'notification', NULL, NULL, '[[\"GUEYE ,Sadikh,Ababacar.txt\", \"08847a137d8281962a2ccfbc089435b0.txt\"], [\"attestation de passage DST1.jpg\", \"295c2a47c45bf2a8193bd7b7ba161dc7.jpeg\"]]', '[]', NULL),
(682, 'Abdoulaye Ndoye vient de vous renvoyer un dossier', NULL, '/show/document/1789564123584446', NULL, '2020-05-26 16:05:17', NULL, 1, 'notification', NULL, NULL, '[[\"GUEYE ,Sadikh,Ababacar.txt\", \"08847a137d8281962a2ccfbc089435b0.txt\"], [\"attestation de passage DST1.jpg\", \"295c2a47c45bf2a8193bd7b7ba161dc7.jpeg\"]]', '[]', NULL),
(683, 'Assane Ndoye vient de vous soumettre un dossier à valider', NULL, '/show/document/1789564123584446', NULL, '2020-05-26 16:06:05', NULL, 38, 'notification', NULL, NULL, '[[\"GUEYE ,Sadikh,Ababacar.txt\", \"08847a137d8281962a2ccfbc089435b0.txt\"], [\"attestation de passage DST1.jpg\", \"295c2a47c45bf2a8193bd7b7ba161dc7.jpeg\"]]', '[]', NULL),
(684, 'Abdoulaye Ndoye vient de vous renvoyer un dossier', NULL, '/show/document/1789564123584446', NULL, '2020-05-26 16:09:36', NULL, 1, 'notification', NULL, NULL, '[[\"GUEYE ,Sadikh,Ababacar.txt\", \"08847a137d8281962a2ccfbc089435b0.txt\"], [\"attestation de passage DST1.jpg\", \"295c2a47c45bf2a8193bd7b7ba161dc7.jpeg\"]]', '[]', NULL),
(685, 'Assane Ndoye vient de vous soumettre un dossier à valider', NULL, '/show/document/1789564123584446', NULL, '2020-05-26 16:15:23', NULL, 38, 'notification', NULL, NULL, '[[\"GUEYE ,Sadikh,Ababacar.txt\", \"08847a137d8281962a2ccfbc089435b0.txt\"], [\"attestation de passage DST1.jpg\", \"295c2a47c45bf2a8193bd7b7ba161dc7.jpeg\"]]', '[]', NULL),
(686, 'Abdoulaye Ndoye vient de valider un dossier', NULL, '/show/document/1789564123584446', NULL, '2020-05-26 16:16:43', NULL, 1, 'notification', NULL, NULL, '[[\"GUEYE ,Sadikh,Ababacar.txt\", \"08847a137d8281962a2ccfbc089435b0.txt\"], [\"attestation de passage DST1.jpg\", \"295c2a47c45bf2a8193bd7b7ba161dc7.jpeg\"]]', '[]', NULL),
(687, 'Le traitement de votre dossier est terminé', NULL, '/show/document/1789564123584446', NULL, '2020-05-26 16:17:55', NULL, 38, 'notification', NULL, NULL, '[[\"GUEYE ,Sadikh,Ababacar.txt\", \"08847a137d8281962a2ccfbc089435b0.txt\"], [\"attestation de passage DST1.jpg\", \"295c2a47c45bf2a8193bd7b7ba161dc7.jpeg\"]]', '[]', NULL),
(688, 'Sonatel SA vient de vous contacter', NULL, '/show/document/1789564123584743', NULL, '2020-05-26 20:34:18', NULL, 4, 'notification', NULL, NULL, '[[\"sujetDeStage.docx\", \"e8592e2610368e98cd0b299ba731428a.bin\"]]', '[]', NULL),
(689, 'Yaya Ly vient de vous transmettre un dossier', NULL, '/show/document/1789564123584743', NULL, '2020-05-26 20:42:16', NULL, 2, 'notification', NULL, NULL, '[[\"sujetDeStage.docx\", \"e8592e2610368e98cd0b299ba731428a.bin\"]]', '[]', NULL),
(690, 'Daouda Diouf vient de vous soumettre un dossier à valider', NULL, '/show/document/1789564123584743', NULL, '2020-05-26 20:54:41', NULL, 21, 'notification', NULL, NULL, '[[\"sujetDeStage.docx\", \"e8592e2610368e98cd0b299ba731428a.bin\"]]', '[]', NULL),
(691, 'Les fichiers', '', '/show/document/1789564123584248', NULL, '2020-05-26 21:00:54', NULL, 1, 'noteRevue', NULL, NULL, '[]', '[]', NULL),
(692, 'Yaya Ly vient de vous renvoyer un dossier', NULL, '/show/document/1789564123584743', NULL, '2020-05-27 01:07:25', NULL, 2, 'notification', NULL, NULL, '[[\"sujetDeStage.docx\", \"e8592e2610368e98cd0b299ba731428a.bin\"]]', '[]', NULL),
(693, 'Daouda Diouf vient de vous soumettre un dossier à valider', NULL, '/show/document/1789564123584743', NULL, '2020-05-27 01:11:24', NULL, 21, 'notification', NULL, NULL, '[[\"sujetDeStage.docx\", \"e8592e2610368e98cd0b299ba731428a.bin\"]]', '[]', NULL),
(694, 'Yaya Ly vient de valider un dossier', NULL, '/show/document/1789564123584743', NULL, '2020-05-27 01:11:47', NULL, 2, 'notification', NULL, NULL, '[[\"sujetDeStage.docx\", \"e8592e2610368e98cd0b299ba731428a.bin\"]]', '[]', NULL),
(696, 'Le traitement de votre dossier est terminé', NULL, '/show/document/1789564123584743', NULL, '2020-05-27 01:13:28', NULL, 21, 'notification', NULL, NULL, '[[\"sujetDeStage.docx\", \"e8592e2610368e98cd0b299ba731428a.bin\"]]', '[]', NULL),
(697, 'ACT vient de vous contacter', NULL, '/show/document/1789564123584776', NULL, '2020-05-27 13:51:30', NULL, 7, 'notification', NULL, NULL, '[[\"CoudPAN.pdf\", \"1b7d64531edecfcef246a4575cd9d275.pdf\"]]', '[]', NULL),
(698, 'Yaya Ly vient de vous transmettre un dossier', NULL, '/show/document/1789564123584776', NULL, '2020-05-27 13:55:34', NULL, 2, 'notification', NULL, NULL, '[[\"CoudPAN.pdf\", \"1b7d64531edecfcef246a4575cd9d275.pdf\"]]', '[]', NULL),
(699, 'Daouda Diouf vient de vous soumettre un dossier à valider', NULL, '/show/document/1789564123584776', NULL, '2020-05-27 13:59:19', NULL, 21, 'notification', NULL, NULL, '[[\"CoudPAN.pdf\", \"1b7d64531edecfcef246a4575cd9d275.pdf\"]]', '[]', NULL),
(700, 'Les fichiers sont envoyés', '', '/show/document/1789564123584776', NULL, '2020-05-27 13:59:53', NULL, 21, 'noteRevue', NULL, NULL, '[]', '[]', NULL),
(701, 'Yaya Ly vient de valider un dossier', NULL, '/show/document/1789564123584776', NULL, '2020-05-27 14:00:40', NULL, 2, 'notification', NULL, NULL, '[[\"CoudPAN.pdf\", \"1b7d64531edecfcef246a4575cd9d275.pdf\"]]', '[]', NULL),
(702, 'D\'accord tout est impect', '', '/show/document/1789564123584776', NULL, '2020-05-27 14:01:48', NULL, 2, 'noteRevue', NULL, NULL, '[]', '[]', NULL),
(703, 'Le traitement de votre dossier est terminé', NULL, '/show/document/1789564123584776', NULL, '2020-05-27 14:02:38', NULL, 21, 'notification', NULL, NULL, '[[\"CoudPAN.pdf\", \"1b7d64531edecfcef246a4575cd9d275.pdf\"]]', '[]', NULL),
(704, 'ACT vient de vous contacter', NULL, '/show/document/1789564123584809', NULL, '2020-05-27 15:44:44', NULL, 7, 'notification', NULL, NULL, '[[\"sujetDeStage.docx\", \"763b9bda01d1c01a29170f9065b432cb.bin\"]]', '[]', NULL),
(705, 'Yaya Ly vient de vous transmettre un dossier', NULL, '/show/document/1789564123584809', NULL, '2020-05-27 15:45:10', NULL, 2, 'notification', NULL, NULL, '[[\"sujetDeStage.docx\", \"763b9bda01d1c01a29170f9065b432cb.bin\"]]', '[]', NULL),
(706, 'ACT vient de vous contacter', NULL, '/show/document/1789564123584842', NULL, '2020-05-27 19:58:41', NULL, 7, 'notification', NULL, NULL, '[[\"sujetDeStage.docx\", \"70f095915a12d8b8473198eef78c978f.bin\"]]', '[]', NULL),
(707, 'Yaya Ly vient de vous transmettre un dossier', NULL, '/show/document/1789564123584842', NULL, '2020-05-27 19:59:26', NULL, 2, 'notification', NULL, NULL, '[[\"sujetDeStage.docx\", \"70f095915a12d8b8473198eef78c978f.bin\"]]', '[]', NULL),
(708, 'azerty', '', '/show/document/1789564123584842', NULL, '2020-05-27 20:09:16', NULL, 21, 'noteRevue', NULL, NULL, '[]', '[]', NULL),
(709, 'Daouda Diouf vient de vous soumettre un dossier à valider', NULL, '/show/document/1789564123584842', NULL, '2020-05-27 20:09:35', NULL, 21, 'notification', NULL, NULL, '[[\"sujetDeStage.docx\", \"70f095915a12d8b8473198eef78c978f.bin\"]]', '[]', NULL),
(710, 'Yaya Ly vient de vous renvoyer un dossier', NULL, '/show/document/1789564123584842', NULL, '2020-05-27 20:11:16', NULL, 2, 'notification', NULL, NULL, '[[\"sujetDeStage.docx\", \"70f095915a12d8b8473198eef78c978f.bin\"]]', '[]', NULL),
(711, 'Daouda Diouf vient de vous soumettre un dossier à valider', NULL, '/show/document/1789564123584842', NULL, '2020-05-27 20:11:49', NULL, 21, 'notification', NULL, NULL, '[[\"sujetDeStage.docx\", \"70f095915a12d8b8473198eef78c978f.bin\"]]', '[]', NULL),
(712, 'Yaya Ly vient de valider un dossier', NULL, '/show/document/1789564123584842', NULL, '2020-05-27 20:13:01', NULL, 2, 'notification', NULL, NULL, '[[\"sujetDeStage.docx\", \"70f095915a12d8b8473198eef78c978f.bin\"]]', '[]', NULL),
(713, 'Le traitement de votre dossier est terminé', NULL, '/show/document/1789564123584842', NULL, '2020-05-27 20:15:39', NULL, 21, 'notification', NULL, NULL, '[[\"sujetDeStage.docx\", \"70f095915a12d8b8473198eef78c978f.bin\"]]', '[]', NULL),
(714, 'ACT vient de vous contacter', NULL, '/show/document/1789564123584875', NULL, '2020-05-27 22:08:24', NULL, 7, 'notification', NULL, NULL, '[[\"CoudPAN.pdf\", \"616f98ab0ae10e10d4b5d57b9185b70e.pdf\"]]', '[]', NULL),
(715, 'Yaya Ly vient de vous transmettre un dossier', NULL, '/show/document/1789564123584875', NULL, '2020-05-27 22:10:16', NULL, 2, 'notification', NULL, NULL, '[[\"CoudPAN.pdf\", \"616f98ab0ae10e10d4b5d57b9185b70e.pdf\"]]', '[]', NULL),
(716, 'Daouda Diouf vient de vous soumettre un dossier à valider', NULL, '/show/document/1789564123584875', NULL, '2020-05-27 22:20:48', NULL, 21, 'notification', NULL, NULL, '[[\"CoudPAN.pdf\", \"616f98ab0ae10e10d4b5d57b9185b70e.pdf\"]]', '[]', NULL),
(717, 'Yaya Ly vient de vous renvoyer un dossier', NULL, '/show/document/1789564123584875', NULL, '2020-05-27 22:27:33', NULL, 2, 'notification', NULL, NULL, '[[\"CoudPAN.pdf\", \"616f98ab0ae10e10d4b5d57b9185b70e.pdf\"]]', '[]', NULL),
(718, 'Daouda Diouf vient de vous soumettre un dossier à valider', NULL, '/show/document/1789564123584875', NULL, '2020-05-28 16:21:06', NULL, 21, 'notification', NULL, NULL, '[[\"CoudPAN.pdf\", \"616f98ab0ae10e10d4b5d57b9185b70e.pdf\"]]', '[]', NULL),
(719, 'AV', '', '/show/document/1789564123584875', NULL, '2020-05-28 16:30:27', NULL, 2, 'noteRevue', NULL, NULL, '[]', '[]', NULL),
(720, 'Yaya Ly vient de valider un dossier', NULL, '/show/document/1789564123584875', NULL, '2020-05-28 16:38:22', NULL, 2, 'notification', NULL, NULL, '[[\"CoudPAN.pdf\", \"616f98ab0ae10e10d4b5d57b9185b70e.pdf\"]]', '[]', NULL),
(721, 'Le traitement de votre dossier est terminé', NULL, '/show/document/1789564123584875', NULL, '2020-05-28 16:39:50', NULL, 21, 'notification', NULL, NULL, '[[\"CoudPAN.pdf\", \"616f98ab0ae10e10d4b5d57b9185b70e.pdf\"]]', '[]', NULL),
(722, 'OK', '', '/show/document/1789564123584875', NULL, '2020-05-28 16:40:04', NULL, 21, 'noteRevue', NULL, NULL, '[]', '[]', NULL),
(723, 'Demande de blocage d\'un client', 'fa fa-lock', '/show/client/7', NULL, '2020-05-28 21:27:43', NULL, 2, 'notification', NULL, NULL, '[]', '[]', NULL),
(724, 'Test', '', '/show/document/1789564123584809', NULL, '2020-05-29 00:49:54', NULL, 22, 'noteRevue', NULL, NULL, '[]', '[]', NULL),
(725, 'Vous avez été désigné responsable de l\' opportunité Opportunité Test S', NULL, '/opportunite/show/1789564123585766', NULL, '2020-05-29 01:38:16', NULL, 1, 'notification', NULL, NULL, '[]', '[]', NULL),
(726, 'Sonatel SA vient de vous contacter', NULL, '/show/document/1789564123584908', NULL, '2020-05-29 13:40:27', NULL, 4, 'notification', NULL, NULL, '[[\"Yahoo Mail - DEMANDE ADMISSION UQTR - CONFIRMATION DE RECEPTION.pdf\", \"46264c6db2d6991d29c92209425b783d.pdf\"], [\"Administration des bases de donnés.pdf\", \"79dc000ebbb55d3a66986892e9988560.pdf\"], [\"referencement.pdf\", \"60fac4ee92deb86d5f1bbae4e4749f17.pdf\"]]', '[]', NULL),
(727, 'Yaya Ly vient de vous transmettre un dossier', NULL, '/show/document/1789564123584908', NULL, '2020-05-29 13:53:19', NULL, 2, 'notification', NULL, NULL, '[[\"Yahoo Mail - DEMANDE ADMISSION UQTR - CONFIRMATION DE RECEPTION.pdf\", \"46264c6db2d6991d29c92209425b783d.pdf\"], [\"Administration des bases de donnés.pdf\", \"79dc000ebbb55d3a66986892e9988560.pdf\"], [\"referencement.pdf\", \"60fac4ee92deb86d5f1bbae4e4749f17.pdf\"]]', '[]', NULL),
(728, 'Amadou Ndiaye vient de vous soumettre un dossier à valider', NULL, '/show/document/1789564123584908', NULL, '2020-05-29 13:54:51', NULL, 22, 'notification', NULL, NULL, '[[\"Yahoo Mail - DEMANDE ADMISSION UQTR - CONFIRMATION DE RECEPTION.pdf\", \"46264c6db2d6991d29c92209425b783d.pdf\"], [\"Administration des bases de donnés.pdf\", \"79dc000ebbb55d3a66986892e9988560.pdf\"], [\"referencement.pdf\", \"60fac4ee92deb86d5f1bbae4e4749f17.pdf\"]]', '[]', NULL),
(729, 'Yaya Ly vient de vous renvoyer un dossier', NULL, '/show/document/1789564123584908', NULL, '2020-05-29 13:55:32', NULL, 2, 'notification', NULL, NULL, '[[\"Yahoo Mail - DEMANDE ADMISSION UQTR - CONFIRMATION DE RECEPTION.pdf\", \"46264c6db2d6991d29c92209425b783d.pdf\"], [\"Administration des bases de donnés.pdf\", \"79dc000ebbb55d3a66986892e9988560.pdf\"], [\"referencement.pdf\", \"60fac4ee92deb86d5f1bbae4e4749f17.pdf\"]]', '[]', NULL),
(730, 'Ajoute un fichier', '', '/show/document/1789564123584908', NULL, '2020-05-29 13:55:54', NULL, 2, 'noteRevue', NULL, NULL, '[]', '[]', NULL),
(731, 'Bien reçu et fait', '', '/show/document/1789564123584908', NULL, '2020-05-29 13:56:54', NULL, 22, 'noteRevue', NULL, NULL, '[]', '[]', NULL),
(732, 'Amadou Ndiaye vient de vous soumettre un dossier à valider', NULL, '/show/document/1789564123584908', NULL, '2020-05-29 13:57:27', NULL, 22, 'notification', NULL, NULL, '[[\"Yahoo Mail - DEMANDE ADMISSION UQTR - CONFIRMATION DE RECEPTION.pdf\", \"46264c6db2d6991d29c92209425b783d.pdf\"], [\"Administration des bases de donnés.pdf\", \"79dc000ebbb55d3a66986892e9988560.pdf\"], [\"referencement.pdf\", \"60fac4ee92deb86d5f1bbae4e4749f17.pdf\"]]', '[]', NULL),
(733, 'Yaya Ly vient de valider un dossier', NULL, '/show/document/1789564123584908', NULL, '2020-05-29 13:58:11', NULL, 2, 'notification', NULL, NULL, '[[\"Yahoo Mail - DEMANDE ADMISSION UQTR - CONFIRMATION DE RECEPTION.pdf\", \"46264c6db2d6991d29c92209425b783d.pdf\"], [\"Administration des bases de donnés.pdf\", \"79dc000ebbb55d3a66986892e9988560.pdf\"], [\"referencement.pdf\", \"60fac4ee92deb86d5f1bbae4e4749f17.pdf\"]]', '[]', NULL),
(734, 'Le traitement de votre dossier est terminé', NULL, '/show/document/1789564123584908', NULL, '2020-05-29 13:59:40', NULL, 22, 'notification', NULL, NULL, '[[\"Yahoo Mail - DEMANDE ADMISSION UQTR - CONFIRMATION DE RECEPTION.pdf\", \"46264c6db2d6991d29c92209425b783d.pdf\"], [\"Administration des bases de donnés.pdf\", \"79dc000ebbb55d3a66986892e9988560.pdf\"], [\"referencement.pdf\", \"60fac4ee92deb86d5f1bbae4e4749f17.pdf\"]]', '[]', NULL),
(735, 'Sonatel SA vient de vous contacter', NULL, '/show/document/1789564123584941', NULL, '2020-05-29 17:20:22', NULL, 4, 'notification', NULL, NULL, '[[\"CoudPAN.pdf\", \"93d2c5ec2b333677c0121c220050c145.pdf\"], [\"referencement.pdf\", \"f26b210363e94f31a79cb5c00e523167.pdf\"]]', '[]', NULL),
(736, 'Yaya Ly vient de vous transmettre un dossier', NULL, '/show/document/1789564123584941', NULL, '2020-05-29 17:23:09', NULL, 2, 'notification', NULL, NULL, '[[\"CoudPAN.pdf\", \"93d2c5ec2b333677c0121c220050c145.pdf\"], [\"referencement.pdf\", \"f26b210363e94f31a79cb5c00e523167.pdf\"]]', '[]', NULL),
(737, 'Text 1', '', '/show/document/1789564123584941', NULL, '2020-05-29 17:32:15', NULL, 21, 'noteRevue', NULL, NULL, '[]', '[]', NULL),
(738, 'Daouda Diouf vient de vous soumettre un dossier à valider', NULL, '/show/document/1789564123584941', NULL, '2020-05-29 17:33:20', NULL, 21, 'notification', NULL, NULL, '[[\"CoudPAN.pdf\", \"93d2c5ec2b333677c0121c220050c145.pdf\"], [\"referencement.pdf\", \"f26b210363e94f31a79cb5c00e523167.pdf\"]]', '[]', NULL),
(739, 'Yaya Ly vient de vous renvoyer un dossier', NULL, '/show/document/1789564123584941', NULL, '2020-05-29 17:34:37', NULL, 2, 'notification', NULL, NULL, '[[\"CoudPAN.pdf\", \"93d2c5ec2b333677c0121c220050c145.pdf\"], [\"referencement.pdf\", \"f26b210363e94f31a79cb5c00e523167.pdf\"]]', '[]', NULL),
(740, 'Daouda Diouf vient de vous soumettre un dossier à valider', NULL, '/show/document/1789564123584941', NULL, '2020-05-29 17:35:33', NULL, 21, 'notification', NULL, NULL, '[[\"CoudPAN.pdf\", \"93d2c5ec2b333677c0121c220050c145.pdf\"], [\"referencement.pdf\", \"f26b210363e94f31a79cb5c00e523167.pdf\"]]', '[]', NULL),
(741, 'Yaya Ly vient de valider un dossier', NULL, '/show/document/1789564123584941', NULL, '2020-05-29 17:35:56', NULL, 2, 'notification', NULL, NULL, '[[\"CoudPAN.pdf\", \"93d2c5ec2b333677c0121c220050c145.pdf\"], [\"referencement.pdf\", \"f26b210363e94f31a79cb5c00e523167.pdf\"]]', '[]', NULL),
(742, 'Le traitement de votre dossier est terminé', NULL, '/show/document/1789564123584941', NULL, '2020-05-29 17:38:22', NULL, 21, 'notification', NULL, NULL, '[[\"CoudPAN.pdf\", \"93d2c5ec2b333677c0121c220050c145.pdf\"], [\"referencement.pdf\", \"f26b210363e94f31a79cb5c00e523167.pdf\"]]', '[]', NULL),
(743, 'Demande de blocage d\'un client', 'fa fa-lock', '/show/client/7', NULL, '2020-05-29 18:09:49', NULL, 2, 'notification', NULL, NULL, '[]', '[]', NULL),
(744, 'Vous avez été désigné responsable de l\' opportunité Test Opp', NULL, '/opportunite/show/1789564123585799', NULL, '2020-05-29 18:20:18', NULL, 1, 'notification', NULL, NULL, '[]', '[]', NULL),
(745, 'ACT vient de vous contacter', NULL, '/show/document/1789564123584974', NULL, '2020-05-30 15:12:48', NULL, 7, 'notification', NULL, NULL, '[[\"CoudPAN.pdf\", \"be126713bfba73f7fb07c738aa18594e.pdf\"], [\"Administration des bases de donnés.pdf\", \"79165175c4c658ccd36f01f8673880b2.pdf\"]]', '[]', NULL),
(746, 'Yaya Ly vient de vous transmettre un dossier', NULL, '/show/document/1789564123584974', NULL, '2020-05-30 15:23:45', NULL, 2, 'notification', NULL, NULL, '[[\"CoudPAN.pdf\", \"be126713bfba73f7fb07c738aa18594e.pdf\"], [\"Administration des bases de donnés.pdf\", \"79165175c4c658ccd36f01f8673880b2.pdf\"]]', '[]', NULL),
(747, 'Amadou Ndiaye vient de vous soumettre un dossier à valider', NULL, '/show/document/1789564123584974', NULL, '2020-05-30 15:41:52', NULL, 22, 'notification', NULL, NULL, '[[\"CoudPAN.pdf\", \"be126713bfba73f7fb07c738aa18594e.pdf\"], [\"Administration des bases de donnés.pdf\", \"79165175c4c658ccd36f01f8673880b2.pdf\"]]', '[]', NULL),
(748, 'Yaya Ly vient de vous renvoyer un dossier', NULL, '/show/document/1789564123584974', NULL, '2020-05-30 15:42:14', NULL, 2, 'notification', NULL, NULL, '[[\"CoudPAN.pdf\", \"be126713bfba73f7fb07c738aa18594e.pdf\"], [\"Administration des bases de donnés.pdf\", \"79165175c4c658ccd36f01f8673880b2.pdf\"]]', '[]', NULL),
(749, 'Test ', '', '/show/document/1789564123584974', NULL, '2020-05-30 15:43:00', NULL, 22, 'noteRevue', NULL, NULL, '[]', '[]', NULL),
(750, 'Amadou Ndiaye vient de vous soumettre un dossier à valider', NULL, '/show/document/1789564123584974', NULL, '2020-05-30 15:43:08', NULL, 22, 'notification', NULL, NULL, '[[\"CoudPAN.pdf\", \"be126713bfba73f7fb07c738aa18594e.pdf\"], [\"Administration des bases de donnés.pdf\", \"79165175c4c658ccd36f01f8673880b2.pdf\"]]', '[]', NULL),
(751, 'Yaya Ly vient de valider un dossier', NULL, '/show/document/1789564123584974', NULL, '2020-05-30 15:43:45', NULL, 2, 'notification', NULL, NULL, '[[\"CoudPAN.pdf\", \"be126713bfba73f7fb07c738aa18594e.pdf\"], [\"Administration des bases de donnés.pdf\", \"79165175c4c658ccd36f01f8673880b2.pdf\"]]', '[]', NULL),
(752, 'Le traitement de votre dossier est terminé', NULL, '/show/document/1789564123584974', NULL, '2020-05-30 15:48:03', NULL, 22, 'notification', NULL, NULL, '[[\"CoudPAN.pdf\", \"be126713bfba73f7fb07c738aa18594e.pdf\"], [\"Administration des bases de donnés.pdf\", \"79165175c4c658ccd36f01f8673880b2.pdf\"]]', '[]', NULL),
(753, 'L\' opportunité Réglage S est en attente de validation', NULL, '/opportunite/show/1789564123585832', NULL, '2020-05-30 16:03:27', NULL, 1, 'notification', NULL, NULL, '[]', '[]', NULL),
(754, 'Vous avez été désigné responsable de l\'opportunité Réglage S', 'fa fa-check-circle', '/opportunite/show/1789564123585832', NULL, '2020-05-30 16:06:08', NULL, 1, 'notification', NULL, NULL, '[]', '[]', NULL),
(755, 'L\' opportunité Réglage S a été validée', 'fa fa-check-circle', '/opportunite/show/1789564123585832', NULL, '2020-05-30 16:06:08', NULL, 2, 'notification', NULL, NULL, '[]', '[]', NULL),
(756, 'L\' opportunité Réglage SS est en attente de validation', NULL, '/opportunite/show/1789564123585865', NULL, '2020-05-30 16:17:54', NULL, 1, 'notification', NULL, NULL, '[]', '[]', NULL),
(757, 'Vous avez été désigné responsable de l\'opportunité Réglage SS', 'fa fa-check-circle', '/opportunite/show/1789564123585865', NULL, '2020-05-30 16:18:53', NULL, 1, 'notification', NULL, NULL, '[]', '[]', NULL),
(758, 'L\' opportunité Réglage SS a été validée', 'fa fa-check-circle', '/opportunite/show/1789564123585865', NULL, '2020-05-30 16:18:53', NULL, 2, 'notification', NULL, NULL, '[]', '[]', NULL),
(759, 'Daouda Diouf vient de convertir l\'opportunité Réglage S en engagement', NULL, '/opportunite/show/1789564123585865', NULL, '2020-05-30 16:21:51', NULL, 21, 'notification', NULL, NULL, '[]', '[]', NULL),
(760, 'Demande de blocage d\'un prospect', 'fa fa-lock', '/show/prospect/1789564123585535', NULL, '2020-05-31 20:30:38', NULL, 2, 'notification', NULL, NULL, '[]', '[]', NULL),
(761, 'Sonatel SA vient de vous contacter', NULL, '/show/document/1789564123585007', NULL, '2020-06-02 15:22:56', NULL, 4, 'notification', NULL, NULL, '[[\"complementdossier-vapp-upsaclay.docx\", \"1853dd386967069c69dfd6cef22c728b.docx\"]]', '[]', NULL),
(762, 'Yaya Ly vient de vous transmettre un dossier', NULL, '/show/document/1789564123585007', NULL, '2020-06-02 15:23:27', NULL, 2, 'notification', NULL, NULL, '[[\"complementdossier-vapp-upsaclay.docx\", \"1853dd386967069c69dfd6cef22c728b.docx\"]]', '[]', NULL),
(763, 'Daouda Diouf vient de vous soumettre un dossier à valider', NULL, '/show/document/1789564123585007', NULL, '2020-06-02 15:29:31', NULL, 21, 'notification', NULL, NULL, '[[\"complementdossier-vapp-upsaclay.docx\", \"1853dd386967069c69dfd6cef22c728b.docx\"]]', '[]', NULL),
(764, 'Yaya Ly vient de vous renvoyer un dossier', NULL, '/show/document/1789564123585007', NULL, '2020-06-02 15:30:00', NULL, 2, 'notification', NULL, NULL, '[[\"complementdossier-vapp-upsaclay.docx\", \"1853dd386967069c69dfd6cef22c728b.docx\"]]', '[]', NULL),
(765, 'Daouda Diouf vient de vous soumettre un dossier à valider', NULL, '/show/document/1789564123585007', NULL, '2020-06-02 15:30:25', NULL, 21, 'notification', NULL, NULL, '[[\"complementdossier-vapp-upsaclay.docx\", \"1853dd386967069c69dfd6cef22c728b.docx\"]]', '[]', NULL),
(766, 'Yaya Ly vient de valider un dossier', NULL, '/show/document/1789564123585007', NULL, '2020-06-02 15:30:45', NULL, 2, 'notification', NULL, NULL, '[[\"complementdossier-vapp-upsaclay.docx\", \"1853dd386967069c69dfd6cef22c728b.docx\"]]', '[]', NULL),
(767, 'Text 1', '', '/show/document/1789564123585007', NULL, '2020-06-02 15:31:33', NULL, 21, 'noteRevue', NULL, NULL, '[]', '[]', NULL);
INSERT INTO `notification` (`id`, `message`, `icon`, `lien`, `statut`, `date`, `user_id`, `emetteur_id`, `type`, `niveau`, `sujet`, `fichier`, `type_destinataire`, `groupe_id`) VALUES
(768, 'Le traitement de votre dossier est terminé', NULL, '/show/document/1789564123585007', NULL, '2020-06-02 15:33:12', NULL, 21, 'notification', NULL, NULL, '[[\"complementdossier-vapp-upsaclay.docx\", \"1853dd386967069c69dfd6cef22c728b.docx\"]]', '[]', NULL),
(769, 'Demande de blocage d\'un prospect', 'fa fa-lock', '/show/prospect/1789564123585535', NULL, '2020-06-02 15:45:50', NULL, 2, 'notification', NULL, NULL, '[]', '[]', NULL),
(770, 'Demande de blocage d\'un collaborateur', 'fa fa-lock', '/show/team/24', NULL, '2020-06-02 16:03:58', NULL, 2, 'notification', NULL, NULL, '[]', '[]', NULL),
(771, 'Demande de blocage d\'un collaborateur', 'fa fa-lock', '/show/team/20', NULL, '2020-06-02 17:32:52', NULL, 2, 'notification', NULL, NULL, '[]', '[]', NULL),
(772, 'Demande de blocage d\'un collaborateur', 'fa fa-lock', '/show/team/1789564123585007', NULL, '2020-06-02 17:38:54', NULL, 2, 'notification', NULL, NULL, '[]', '[]', NULL),
(773, 'Demande de blocage d\'un collaborateur', 'fa fa-lock', '/show/team/1789564123585007', NULL, '2020-06-03 18:53:39', NULL, 2, 'notification', NULL, NULL, '[]', '[]', NULL),
(774, 'Demande de blocage d\'un collaborateur', 'fa fa-lock', '/show/team/1789564123585007', NULL, '2020-06-03 18:55:24', NULL, 2, 'notification', NULL, NULL, '[]', '[]', NULL),
(775, 'TEZE', '', '/show/document/1789564123584809', NULL, '2020-06-03 21:49:18', NULL, 22, 'noteRevue', NULL, NULL, '[]', '[]', NULL),
(776, 'Demande de blocage d\'un collaborateur', 'fa fa-lock', '/show/team/1789564123585007', NULL, '2020-06-03 22:48:03', NULL, 2, 'notification', NULL, NULL, '[]', '[]', NULL),
(777, 'Demande de deblocage d\'un collaborateur', 'fa fa-lock', '/show/team/1789564123585007', NULL, '2020-06-04 15:23:30', NULL, 2, 'notification', NULL, NULL, '[]', '[]', NULL),
(778, 'ACT vient de vous contacter', NULL, '/show/document/1789564123585040', NULL, '2020-06-04 21:19:18', NULL, 7, 'notification', NULL, NULL, '[[\"Administration des bases de donnés.pdf\", \"9592012cf012ccd73ffa5d635633a924.pdf\"], [\"sujetDeStage.docx\", \"11dd441fa4d2ac925321f4c4423781fb.bin\"], [\"referencement.pdf\", \"39ac008a992af9e9f5881698e1e78130.pdf\"], [\"CoudPAN.pdf\", \"c4b580eb6b707e4c7bdc6f7edc5996dd.pdf\"], [\"Plan.docx\", \"b90e16e95ae4b90b9d68256bc83300c7.bin\"]]', '[]', NULL),
(779, 'Yaya Ly vient de vous transmettre un dossier', NULL, '/show/document/1789564123585040', NULL, '2020-06-04 21:19:55', NULL, 2, 'notification', NULL, NULL, '[[\"Administration des bases de donnés.pdf\", \"9592012cf012ccd73ffa5d635633a924.pdf\"], [\"sujetDeStage.docx\", \"11dd441fa4d2ac925321f4c4423781fb.bin\"], [\"referencement.pdf\", \"39ac008a992af9e9f5881698e1e78130.pdf\"], [\"CoudPAN.pdf\", \"c4b580eb6b707e4c7bdc6f7edc5996dd.pdf\"], [\"Plan.docx\", \"b90e16e95ae4b90b9d68256bc83300c7.bin\"]]', '[]', NULL),
(780, 'Text Test', '', '/show/document/1789564123585040', NULL, '2020-06-04 21:20:42', NULL, 22, 'noteRevue', NULL, NULL, '[]', '[]', NULL),
(781, 'Amadou Ndiaye vient de vous soumettre un dossier à valider', NULL, '/show/document/1789564123585040', NULL, '2020-06-04 21:23:01', NULL, 22, 'notification', NULL, NULL, '[[\"Administration des bases de donnés.pdf\", \"9592012cf012ccd73ffa5d635633a924.pdf\"], [\"sujetDeStage.docx\", \"11dd441fa4d2ac925321f4c4423781fb.bin\"], [\"referencement.pdf\", \"39ac008a992af9e9f5881698e1e78130.pdf\"], [\"CoudPAN.pdf\", \"c4b580eb6b707e4c7bdc6f7edc5996dd.pdf\"], [\"Plan.docx\", \"b90e16e95ae4b90b9d68256bc83300c7.bin\"]]', '[]', NULL),
(782, 'Yaya Ly vient de valider un dossier', NULL, '/show/document/1789564123585040', NULL, '2020-06-04 21:23:31', NULL, 2, 'notification', NULL, NULL, '[[\"Administration des bases de donnés.pdf\", \"9592012cf012ccd73ffa5d635633a924.pdf\"], [\"sujetDeStage.docx\", \"11dd441fa4d2ac925321f4c4423781fb.bin\"], [\"referencement.pdf\", \"39ac008a992af9e9f5881698e1e78130.pdf\"], [\"CoudPAN.pdf\", \"c4b580eb6b707e4c7bdc6f7edc5996dd.pdf\"], [\"Plan.docx\", \"b90e16e95ae4b90b9d68256bc83300c7.bin\"]]', '[]', NULL),
(783, 'Le traitement de votre dossier est terminé', NULL, '/show/document/1789564123585040', NULL, '2020-06-04 21:24:19', NULL, 22, 'notification', NULL, NULL, '[[\"Administration des bases de donnés.pdf\", \"9592012cf012ccd73ffa5d635633a924.pdf\"], [\"sujetDeStage.docx\", \"11dd441fa4d2ac925321f4c4423781fb.bin\"], [\"referencement.pdf\", \"39ac008a992af9e9f5881698e1e78130.pdf\"], [\"CoudPAN.pdf\", \"c4b580eb6b707e4c7bdc6f7edc5996dd.pdf\"], [\"Plan.docx\", \"b90e16e95ae4b90b9d68256bc83300c7.bin\"]]', '[]', NULL),
(784, 'Amadou Ndiaye vient de vous soumettre un dossier à valider', NULL, '/show/document/1789564123585040', NULL, '2020-06-04 22:21:47', NULL, 22, 'notification', NULL, NULL, '[[\"Administration des bases de donnés.pdf\", \"9592012cf012ccd73ffa5d635633a924.pdf\"], [\"sujetDeStage.docx\", \"11dd441fa4d2ac925321f4c4423781fb.bin\"], [\"referencement.pdf\", \"39ac008a992af9e9f5881698e1e78130.pdf\"], [\"CoudPAN.pdf\", \"c4b580eb6b707e4c7bdc6f7edc5996dd.pdf\"], [\"Plan.docx\", \"b90e16e95ae4b90b9d68256bc83300c7.bin\"]]', '[]', NULL),
(785, 'Amadou Ndiaye vient de vous soumettre un dossier à valider', NULL, '/show/document/1789564123584809', NULL, '2020-06-05 13:54:58', NULL, 22, 'notification', NULL, NULL, '[[\"sujetDeStage.docx\", \"763b9bda01d1c01a29170f9065b432cb.bin\"]]', '[]', NULL),
(786, 'ACT vient de vous contacter', NULL, '/show/document/1789564123585073', NULL, '2020-06-05 17:02:26', NULL, 7, 'notification', NULL, NULL, '[[\"CoudPAN.pdf\", \"82fa0025d11e55e6badf75bea763d0d3.pdf\"], [\"sujetDeStage.docx\", \"61357073ac95aff1a82d40fdd1249657.bin\"]]', '[]', NULL),
(787, 'Yaya Ly vient de vous transmettre un dossier', NULL, '/show/document/1789564123585073', NULL, '2020-06-05 17:04:35', NULL, 2, 'notification', NULL, NULL, '[[\"CoudPAN.pdf\", \"82fa0025d11e55e6badf75bea763d0d3.pdf\"], [\"sujetDeStage.docx\", \"61357073ac95aff1a82d40fdd1249657.bin\"]]', '[]', NULL),
(788, 'Daouda Diouf vient de vous soumettre un dossier à valider', NULL, '/show/document/1789564123585073', NULL, '2020-06-05 17:14:56', NULL, 21, 'notification', NULL, NULL, '[[\"CoudPAN.pdf\", \"82fa0025d11e55e6badf75bea763d0d3.pdf\"], [\"sujetDeStage.docx\", \"61357073ac95aff1a82d40fdd1249657.bin\"]]', '[]', NULL),
(789, 'Yaya Ly vient de valider un dossier', NULL, '/show/document/1789564123585073', NULL, '2020-06-05 17:16:26', NULL, 2, 'notification', NULL, NULL, '[[\"CoudPAN.pdf\", \"82fa0025d11e55e6badf75bea763d0d3.pdf\"], [\"sujetDeStage.docx\", \"61357073ac95aff1a82d40fdd1249657.bin\"]]', '[]', NULL),
(790, 'Le traitement de votre dossier est terminé', NULL, '/show/document/1789564123585073', NULL, '2020-06-05 17:17:16', NULL, 21, 'notification', NULL, NULL, '[[\"CoudPAN.pdf\", \"82fa0025d11e55e6badf75bea763d0d3.pdf\"], [\"sujetDeStage.docx\", \"61357073ac95aff1a82d40fdd1249657.bin\"]]', '[]', NULL),
(791, 'Yaya Ly vient de vous renvoyer un dossier', NULL, '/show/document/1789564123585040', NULL, '2020-06-06 18:23:57', NULL, 2, 'notification', NULL, NULL, '[[\"Administration des bases de donnés.pdf\", \"9592012cf012ccd73ffa5d635633a924.pdf\"], [\"sujetDeStage.docx\", \"11dd441fa4d2ac925321f4c4423781fb.bin\"], [\"referencement.pdf\", \"39ac008a992af9e9f5881698e1e78130.pdf\"], [\"CoudPAN.pdf\", \"c4b580eb6b707e4c7bdc6f7edc5996dd.pdf\"], [\"Plan.docx\", \"b90e16e95ae4b90b9d68256bc83300c7.bin\"]]', '[]', NULL),
(792, 'Amadou Ndiaye vient de vous soumettre un dossier à valider', NULL, '/show/document/1789564123585040', NULL, '2020-06-06 18:24:56', NULL, 22, 'notification', NULL, NULL, '[[\"Administration des bases de donnés.pdf\", \"9592012cf012ccd73ffa5d635633a924.pdf\"], [\"sujetDeStage.docx\", \"11dd441fa4d2ac925321f4c4423781fb.bin\"], [\"referencement.pdf\", \"39ac008a992af9e9f5881698e1e78130.pdf\"], [\"CoudPAN.pdf\", \"c4b580eb6b707e4c7bdc6f7edc5996dd.pdf\"], [\"Plan.docx\", \"b90e16e95ae4b90b9d68256bc83300c7.bin\"]]', '[]', NULL),
(793, 'Yaya Ly vient de vous renvoyer un dossier', NULL, '/show/document/1789564123585040', NULL, '2020-06-06 18:33:49', NULL, 2, 'notification', NULL, NULL, '[[\"Administration des bases de donnés.pdf\", \"9592012cf012ccd73ffa5d635633a924.pdf\"], [\"sujetDeStage.docx\", \"11dd441fa4d2ac925321f4c4423781fb.bin\"], [\"referencement.pdf\", \"39ac008a992af9e9f5881698e1e78130.pdf\"], [\"CoudPAN.pdf\", \"c4b580eb6b707e4c7bdc6f7edc5996dd.pdf\"], [\"Plan.docx\", \"b90e16e95ae4b90b9d68256bc83300c7.bin\"]]', '[]', NULL),
(794, 'Amadou Ndiaye vient de vous soumettre un dossier à valider', NULL, '/show/document/1789564123585040', NULL, '2020-06-06 18:34:24', NULL, 22, 'notification', NULL, NULL, '[[\"Administration des bases de donnés.pdf\", \"9592012cf012ccd73ffa5d635633a924.pdf\"], [\"sujetDeStage.docx\", \"11dd441fa4d2ac925321f4c4423781fb.bin\"], [\"referencement.pdf\", \"39ac008a992af9e9f5881698e1e78130.pdf\"], [\"CoudPAN.pdf\", \"c4b580eb6b707e4c7bdc6f7edc5996dd.pdf\"], [\"Plan.docx\", \"b90e16e95ae4b90b9d68256bc83300c7.bin\"]]', '[]', NULL),
(795, ' vient de vous contacter', NULL, '/frais/show/1789564123584248', NULL, '2020-06-09 16:18:21', NULL, 1, 'notification', NULL, NULL, '[[\"Administration des bases de donnés.pdf\", \"a603e0e21e4ec9d325787d05628f4470.pdf\"]]', '[]', NULL),
(796, 'Abdoulaye Ndoye vient de vous soumettre une demande de transaction', NULL, '/frais/show/1789564123584281', NULL, '2020-06-09 18:23:22', NULL, 1, 'notification', NULL, NULL, '[[\"Administration des bases de donnés.pdf\", \"a603e0e21e4ec9d325787d05628f4470.pdf\"]]', '[]', NULL),
(797, 'Abdoulaye Ndoye vient de vous soumettre une demande de transaction', NULL, '/frais/show/1789564123584314', NULL, '2020-06-11 18:42:53', NULL, 1, 'notification', NULL, NULL, '[[\"Administration des bases de donnés.pdf\", \"a603e0e21e4ec9d325787d05628f4470.pdf\"]]', '[]', NULL),
(798, 'Abdoulaye Ndoye vient de vous soumettre une demande de transaction', NULL, '/frais/show/1789564123584347', NULL, '2020-06-11 18:45:42', NULL, 1, 'notification', NULL, NULL, '[[\"USE CASE PHASE 1.docx\", \"164a248590ba7aa8812ec4abf25f5527.docx\"]]', '[]', NULL),
(799, 'Abdoulaye Ndoye vient de vous soumettre une demande de transaction', NULL, '/frais/show/1789564123584380', NULL, '2020-06-11 18:48:34', NULL, 1, 'notification', NULL, NULL, '[[\"sujetDeStage.docx\", \"fc858ae4efef8de561194008978f88ea.bin\"]]', '[]', NULL),
(800, 'Daouda Diouf vient de vous soumettre une demande de transaction', NULL, '/frais/show/1789564123584413', NULL, '2020-06-12 17:09:32', NULL, 21, 'notification', NULL, NULL, '[[\"CoudPAN.pdf\", \"42a5f8d9ea73e194498f3f988a73a0d6.pdf\"]]', '[]', NULL),
(801, 'Abdoulaye Ndoye vient devalider transmettre un dossier', NULL, '/frais/show1789564123584413', NULL, '2020-06-12 20:47:26', NULL, 1, 'notification', NULL, NULL, '[[\"CoudPAN.pdf\", \"42a5f8d9ea73e194498f3f988a73a0d6.pdf\"]]', '[]', NULL),
(802, 'Yaya Ly vient de vous soumettre une transaction à valider', NULL, '/frais/show/1789564123584314', NULL, '2020-06-12 23:36:01', NULL, 2, 'notification', NULL, NULL, '[[\"Administration des bases de donnés.pdf\", \"a603e0e21e4ec9d325787d05628f4470.pdf\"]]', '[]', NULL),
(803, 'Abdoulaye Ndoye vient devalider transmettre un dossier', NULL, '/frais/show/1789564123584314', NULL, '2020-06-12 23:47:17', NULL, 1, 'notification', NULL, NULL, '[[\"Administration des bases de donnés.pdf\", \"a603e0e21e4ec9d325787d05628f4470.pdf\"]]', '[]', NULL),
(804, 'Amadou Ndiaye vient de vous soumettre une transaction à valider', NULL, '/frais/show/1789564123584347', NULL, '2020-06-12 23:59:10', NULL, 22, 'notification', NULL, NULL, '[[\"USE CASE PHASE 1.docx\", \"164a248590ba7aa8812ec4abf25f5527.docx\"]]', '[]', NULL),
(805, 'Abdoulaye Ndoye vient derenvoyer transmettre un dossier', NULL, '/frais/show/1789564123584347', NULL, '2020-06-12 23:59:49', NULL, 1, 'notification', NULL, NULL, '[[\"USE CASE PHASE 1.docx\", \"164a248590ba7aa8812ec4abf25f5527.docx\"]]', '[]', NULL),
(806, 'Amadou Ndiaye vient de vous soumettre une transaction à valider', NULL, '/frais/show/1789564123584347', NULL, '2020-06-13 00:00:58', NULL, 22, 'notification', NULL, NULL, '[[\"USE CASE PHASE 1.docx\", \"164a248590ba7aa8812ec4abf25f5527.docx\"]]', '[]', NULL),
(807, 'Abdoulaye Ndoye vient derenvoyer transmettre un dossier', NULL, '/frais/show/1789564123584347', NULL, '2020-06-13 00:01:39', NULL, 1, 'notification', NULL, NULL, '[[\"USE CASE PHASE 1.docx\", \"164a248590ba7aa8812ec4abf25f5527.docx\"]]', '[]', NULL),
(808, 'Daouda Diouf vient de vous soumettre une demande de transaction', NULL, '/frais/show/1789564123584446', NULL, '2020-06-13 16:23:34', NULL, 21, 'notification', NULL, NULL, '[[\"USE CASE PHASE 1.docx\", \"164a248590ba7aa8812ec4abf25f5527.docx\"]]', '[]', NULL),
(809, 'Amadou Ndiaye vient de vous soumettre une transaction à valider', NULL, '/frais/show/1789564123584446', NULL, '2020-06-13 16:25:40', NULL, 22, 'notification', NULL, NULL, '[[\"USE CASE PHASE 1.docx\", \"164a248590ba7aa8812ec4abf25f5527.docx\"]]', '[]', NULL),
(810, 'Abdoulaye Ndoye vient derenvoyer transmettre un dossier', NULL, '/frais/show/1789564123584446', NULL, '2020-06-13 16:26:39', NULL, 1, 'notification', NULL, NULL, '[[\"USE CASE PHASE 1.docx\", \"164a248590ba7aa8812ec4abf25f5527.docx\"]]', '[]', NULL),
(811, 'Amadou Ndiaye vient de vous soumettre une transaction à valider', NULL, '/frais/show/1789564123584446', NULL, '2020-06-13 16:27:12', NULL, 22, 'notification', NULL, NULL, '[[\"USE CASE PHASE 1.docx\", \"164a248590ba7aa8812ec4abf25f5527.docx\"]]', '[]', NULL),
(812, 'Abdoulaye Ndoye vient devalider transmettre un dossier', NULL, '/frais/show/1789564123584446', NULL, '2020-06-13 16:27:34', NULL, 1, 'notification', NULL, NULL, '[[\"USE CASE PHASE 1.docx\", \"164a248590ba7aa8812ec4abf25f5527.docx\"]]', '[]', NULL),
(813, 'Daouda Diouf vient de vous soumettre une transaction à valider', NULL, '/frais/show/1789564123584380', NULL, '2020-06-13 20:04:42', NULL, 21, 'notification', NULL, NULL, '[[\"sujetDeStage.docx\", \"fc858ae4efef8de561194008978f88ea.bin\"]]', '[]', NULL),
(814, 'Daouda Diouf vient de vous soumettre une demande de transaction', NULL, '/frais/show/1789564123584479', NULL, '2020-06-14 15:34:43', NULL, 21, 'notification', NULL, NULL, '[[\"CoudPAN.pdf\", \"42a5f8d9ea73e194498f3f988a73a0d6.pdf\"]]', '[]', NULL),
(815, 'Abdoulaye Ndoye vient de vous renvoyer une transaction', NULL, '/frais/show/1789564123584479', NULL, '2020-06-14 15:46:14', NULL, 1, 'notification', NULL, NULL, '[[\"CoudPAN.pdf\", \"42a5f8d9ea73e194498f3f988a73a0d6.pdf\"]]', '[]', NULL),
(816, 'Daouda Diouf vient de vous soumettre une transaction à valider', NULL, '/frais/show/1789564123584479', NULL, '2020-06-14 15:50:59', NULL, 21, 'notification', NULL, NULL, '[[\"CoudPAN.pdf\", \"42a5f8d9ea73e194498f3f988a73a0d6.pdf\"]]', '[]', NULL),
(817, 'Abdoulaye Ndoye vient de vous valider une transaction', NULL, '/frais/show/1789564123584479', NULL, '2020-06-14 15:51:58', NULL, 1, 'notification', NULL, NULL, '[[\"CoudPAN.pdf\", \"42a5f8d9ea73e194498f3f988a73a0d6.pdf\"]]', '[]', NULL),
(818, 'Bonjour Super-Admin', '', '/frais/show/1789564123584347', NULL, '2020-06-15 02:01:09', NULL, 22, 'noteRevue', NULL, NULL, '[]', '[]', NULL),
(819, 'Bonjour', '', '/frais/show/1789564123584347', NULL, '2020-06-15 02:04:08', NULL, 1, 'noteRevue', NULL, NULL, '[]', '[]', NULL),
(820, 'Daouda Diouf vient de vous soumettre une demande de frais', NULL, '/frais/show/1789564123584512', NULL, '2020-06-16 02:08:57', NULL, 21, 'notification', NULL, NULL, '[[\"category.sql\", \"b14924a53998709cd228043e6762179b.\"], [\"borrows.sql\", \"256fd311e5e8c135e358a19d2bf24214.\"]]', '[]', NULL),
(821, 'Yaya Ly vient de vous soumettre une demande de frais à valider', NULL, '/frais/show/1789564123584512', NULL, '2020-06-16 02:10:22', NULL, 2, 'notification', NULL, NULL, '[[\"category.sql\", \"b14924a53998709cd228043e6762179b.\"], [\"borrows.sql\", \"256fd311e5e8c135e358a19d2bf24214.\"]]', '[]', NULL),
(822, 'Abdoulaye Ndoye vient de vous renvoyer une demande de frais', NULL, '/frais/show/1789564123584512', NULL, '2020-06-16 02:12:02', NULL, 1, 'notification', NULL, NULL, '[[\"category.sql\", \"b14924a53998709cd228043e6762179b.\"], [\"borrows.sql\", \"256fd311e5e8c135e358a19d2bf24214.\"]]', '[]', NULL),
(823, 'azerty', '', '/frais/show/1789564123584512', NULL, '2020-06-16 02:12:22', NULL, 1, 'noteRevue', NULL, NULL, '[]', '[]', NULL),
(824, 'oki', '', '/frais/show/1789564123584512', NULL, '2020-06-16 02:13:07', NULL, 2, 'noteRevue', NULL, NULL, '[]', '[]', NULL),
(825, 'Yaya Ly vient de vous soumettre une demande de frais à valider', NULL, '/frais/show/1789564123584512', NULL, '2020-06-16 02:13:12', NULL, 2, 'notification', NULL, NULL, '[[\"category.sql\", \"b14924a53998709cd228043e6762179b.\"], [\"borrows.sql\", \"256fd311e5e8c135e358a19d2bf24214.\"]]', '[]', NULL),
(826, 'Abdoulaye Ndoye vient de valider une demande de frais', NULL, '/frais/show/1789564123584512', NULL, '2020-06-16 02:13:52', NULL, 1, 'notification', NULL, NULL, '[[\"category.sql\", \"b14924a53998709cd228043e6762179b.\"], [\"borrows.sql\", \"256fd311e5e8c135e358a19d2bf24214.\"]]', '[]', NULL),
(827, 'Amadou Ndiaye vient de vous soumettre une demande de frais', NULL, '/frais/show/1789564123584545', NULL, '2020-06-16 12:18:22', NULL, 22, 'notification', NULL, NULL, '[[\"USE CASE PHASE 1.docx\", \"164a248590ba7aa8812ec4abf25f5527.docx\"]]', '[]', NULL),
(828, 'Amadou Ndiaye vient de vous soumettre une demande de frais', NULL, '/frais/show/1789564123584578', NULL, '2020-06-16 13:18:58', NULL, 22, 'notification', NULL, NULL, '[[\"sujetDeStage.docx\", \"fc858ae4efef8de561194008978f88ea.bin\"]]', '[]', NULL),
(829, 'Amadou Ndiaye vient de vous soumettre une demande de frais', NULL, '/frais/show/1789564123584611', NULL, '2020-06-16 14:44:54', NULL, 22, 'notification', NULL, NULL, '[[\"test N°3.docx\", \"314bdef48c170e85657cdb3296f47bbd.docx\"]]', '[]', NULL),
(830, 'Text Admin', '', '/frais/show/1789564123584611', NULL, '2020-06-16 14:55:48', NULL, 20, 'noteRevue', NULL, NULL, '[]', '[]', NULL),
(831, 'Omar Ba vient de vous soumettre une demande de frais à valider', NULL, '/frais/show/1789564123584611', NULL, '2020-06-16 14:55:59', NULL, 20, 'notification', NULL, NULL, '[[\"test N°3.docx\", \"314bdef48c170e85657cdb3296f47bbd.docx\"]]', '[]', NULL),
(832, 'Abdoulaye Ndoye vient de vous renvoyer une demande de frais', NULL, '/frais/show/1789564123584611', NULL, '2020-06-16 14:56:54', NULL, 1, 'notification', NULL, NULL, '[[\"test N°3.docx\", \"314bdef48c170e85657cdb3296f47bbd.docx\"]]', '[]', NULL),
(833, 'Omar Ba vient de vous soumettre une demande de frais à valider', NULL, '/frais/show/1789564123584611', NULL, '2020-06-16 14:57:33', NULL, 20, 'notification', NULL, NULL, '[[\"test N°3.docx\", \"314bdef48c170e85657cdb3296f47bbd.docx\"]]', '[]', NULL),
(834, 'Abdoulaye Ndoye vient de valider une demande de frais', NULL, '/frais/show/1789564123584611', NULL, '2020-06-16 14:58:05', NULL, 1, 'notification', NULL, NULL, '[[\"test N°3.docx\", \"314bdef48c170e85657cdb3296f47bbd.docx\"]]', '[]', NULL),
(835, 'Abdoulaye Ndoye vient de modifier les informations d\'une demande de frais', NULL, '/frais/show/1789564123584611', NULL, '2020-06-18 14:32:50', NULL, 1, 'notification', NULL, NULL, '[]', '[]', NULL),
(836, 'Abdoulaye Ba vient de modifier les informations d\'une demande de frais', NULL, '/frais/show/1789564123584611', NULL, '2020-06-18 14:39:46', NULL, 20, 'notification', NULL, NULL, '[]', '[]', NULL),
(837, 'Yaya Ndoye vient de modifier les informations d\'une demande de frais', NULL, '/frais/show/1789564123584314', NULL, '2020-06-18 18:29:40', NULL, 1, 'notification', NULL, NULL, '[]', '[]', NULL),
(838, 'Daouda Diouf vient de vous soumettre une demande de frais', NULL, '/frais/show/1789564123584644', NULL, '2020-06-18 19:14:45', NULL, 21, 'notification', NULL, NULL, '[]', '[]', NULL),
(839, 'Amadou Ndiaye vient de vous soumettre une demande de frais à valider', NULL, '/frais/show/1789564123584644', NULL, '2020-06-18 20:12:57', NULL, 22, 'notification', NULL, NULL, '[]', '[]', NULL),
(840, 'azerrty', '', '/frais/show/1789564123584644', NULL, '2020-06-18 20:15:06', NULL, 1, 'noteRevue', NULL, NULL, '[]', '[]', NULL),
(841, 'Abdoulaye Ndoye vient de valider une demande de frais', NULL, '/frais/show/1789564123584644', NULL, '2020-06-18 20:15:41', NULL, 1, 'notification', NULL, NULL, '[]', '[]', NULL),
(842, 'Daouda Diouf vient de vous soumettre une demande de frais', NULL, '/frais/show/1789564123584677', NULL, '2020-06-18 20:19:09', NULL, 21, 'notification', NULL, NULL, '[]', '[]', NULL),
(843, 'Amadou Ndiaye vient de vous soumettre une demande de frais à valider', NULL, '/frais/show/1789564123584677', NULL, '2020-06-18 20:19:52', NULL, 22, 'notification', NULL, NULL, '[]', '[]', NULL),
(844, 'Abdoulaye Ndoye vient de valider une demande de frais', NULL, '/frais/show/1789564123584677', NULL, '2020-06-18 20:20:28', NULL, 1, 'notification', NULL, NULL, '[]', '[]', NULL),
(845, 'Amadou Ndoye vient de modifier les informations d\'une demande de frais', NULL, '/frais/show/1789564123584677', NULL, '2020-06-18 20:21:09', NULL, 1, 'notification', NULL, NULL, '[]', '[]', NULL),
(846, 'Daouda Diouf vient de vous soumettre une demande de frais', NULL, '/frais/show/1789564123584710', NULL, '2020-06-19 00:57:37', NULL, 21, 'notification', NULL, NULL, '[]', '[]', NULL),
(847, 'Yaya Ly vient de vous soumettre une demande de frais à valider', NULL, '/frais/show/1789564123584710', NULL, '2020-06-19 00:58:55', NULL, 2, 'notification', NULL, NULL, '[]', '[]', NULL),
(848, 'Abdoulaye Ndoye vient de vous renvoyer une demande de frais', NULL, '/frais/show/1789564123584710', NULL, '2020-06-19 00:59:39', NULL, 1, 'notification', NULL, NULL, '[]', '[]', NULL),
(849, 'tebke', '', '/frais/show/1789564123584710', NULL, '2020-06-19 01:00:12', NULL, 1, 'noteRevue', NULL, NULL, '[]', '[]', NULL),
(850, 'Yaya Ly vient de vous soumettre une demande de frais à valider', NULL, '/frais/show/1789564123584710', NULL, '2020-06-19 01:01:02', NULL, 2, 'notification', NULL, NULL, '[]', '[]', NULL),
(851, 'Abdoulaye Ndoye vient de valider une demande de frais', NULL, '/frais/show/1789564123584710', NULL, '2020-06-19 01:01:37', NULL, 1, 'notification', NULL, NULL, '[]', '[]', NULL),
(852, 'Yaya Ly vient de modifier les informations d\'une demande de frais', NULL, '/frais/show/1789564123584710', NULL, '2020-06-19 01:05:20', NULL, 2, 'notification', NULL, NULL, '[]', '[]', NULL),
(853, 'Yaya Ly vient de modifier les informations d\'une demande de frais', NULL, '/frais/show/1789564123584710', NULL, '2020-06-19 01:14:30', NULL, 2, 'notification', NULL, NULL, '[]', '[]', NULL),
(854, 'Abdoulaye Ndoye vient de vous soumettre une demande de frais', NULL, '/frais/show/1789564123584809', NULL, '2020-06-20 00:51:54', NULL, 1, 'notification', NULL, NULL, '[]', '[]', NULL),
(855, 'Daouda Diouf vient de vous soumettre une demande de frais à valider', NULL, '/frais/show/1789564123584809', NULL, '2020-06-20 00:59:44', NULL, 21, 'notification', NULL, NULL, '[]', '[]', NULL),
(856, 'azerty', '', '/frais/show/1789564123584809', NULL, '2020-06-20 01:00:48', NULL, 1, 'noteRevue', NULL, NULL, '[]', '[]', NULL),
(857, 'Abdoulaye Ndoye vient de valider une demande de frais', NULL, '/frais/show/1789564123584809', NULL, '2020-06-20 01:49:23', NULL, 1, 'notification', NULL, NULL, '[]', '[]', NULL),
(858, 'Abdoulaye Ndoye vient de modifier les informations d\'une demande de frais', NULL, '/frais/show/1789564123584809', NULL, '2020-06-20 01:52:43', NULL, 1, 'notification', NULL, NULL, '[]', '[]', NULL),
(859, 'Abdoulaye Ndoye vient de modifier les informations d\'une demande de frais', NULL, '/frais/show/1789564123584809', NULL, '2020-06-20 01:55:28', NULL, 1, 'notification', NULL, NULL, '[]', '[]', NULL),
(860, 'Abdoulaye Ndoye vient de modifier les informations d\'une demande de frais', NULL, '/frais/show/1789564123584809', NULL, '2020-06-20 12:05:20', NULL, 1, 'notification', NULL, NULL, '[]', '[]', NULL),
(861, 'Abdoulaye Ndoye vient de modifier les informations d\'une demande de frais', NULL, '/frais/show/1789564123584809', NULL, '2020-06-20 12:12:16', NULL, 1, 'notification', NULL, NULL, '[]', '[]', NULL),
(862, 'Abdoulaye Ndoye vient de modifier les informations d\'une demande de frais', NULL, '/frais/show/1789564123584809', NULL, '2020-06-20 12:20:27', NULL, 1, 'notification', NULL, NULL, '[]', '[]', NULL),
(863, 'Daouda Diouf vient de vous soumettre une demande de frais', NULL, '/frais/show/1789564123584842', NULL, '2020-06-22 15:16:14', NULL, 21, 'notification', NULL, NULL, '[]', '[]', NULL),
(864, 'Amadou Ndiaye vient de vous soumettre une demande de frais à valider', NULL, '/frais/show/1789564123584842', NULL, '2020-06-22 15:17:17', NULL, 22, 'notification', NULL, NULL, '[]', '[]', NULL),
(865, 'Texte 1', '', '/frais/show/1789564123584842', NULL, '2020-06-22 15:18:00', NULL, 1, 'noteRevue', NULL, NULL, '[]', '[]', NULL),
(866, 'Abdoulaye Ndoye vient de valider une demande de frais', NULL, '/frais/show/1789564123584842', NULL, '2020-06-22 15:18:10', NULL, 1, 'notification', NULL, NULL, '[]', '[]', NULL),
(867, 'Amadou Ndiaye vient de modifier les informations d\'une demande de frais', NULL, '/frais/show/1789564123584842', NULL, '2020-06-22 15:42:52', NULL, 22, 'notification', NULL, NULL, '[]', '[]', NULL),
(868, 'Daouda Diouf vient de modifier les informations d\'une demande de frais', NULL, '/frais/show/1789564123584842', NULL, '2020-06-22 16:35:05', NULL, 21, 'notification', NULL, NULL, '[]', '[]', NULL),
(869, 'Daouda Diouf vient de modifier les informations d\'une demande de frais', NULL, '/frais/show/1789564123584842', NULL, '2020-06-22 16:35:55', NULL, 21, 'notification', NULL, NULL, '[]', '[]', NULL),
(870, 'Daouda Diouf vient de modifier les informations d\'une demande de frais', NULL, '/frais/show/1789564123584842', NULL, '2020-06-22 17:51:32', NULL, 21, 'notification', NULL, NULL, '[]', '[]', NULL),
(871, 'Amadou Ndiaye vient de modifier les informations d\'une demande de frais', NULL, '/frais/show/1789564123584842', NULL, '2020-06-22 18:13:35', NULL, 22, 'notification', NULL, NULL, '[]', '[]', NULL),
(872, 'Amadou Ndiaye vient de vous soumettre une demande de frais', NULL, '/frais/show/1789564123584875', NULL, '2020-06-22 18:23:35', NULL, 22, 'notification', NULL, NULL, '[]', '[]', NULL),
(873, 'Amadou Ndiaye vient de vous soumettre une demande de frais à valider', NULL, '/frais/show/1789564123584347', NULL, '2020-06-22 18:28:42', NULL, 22, 'notification', NULL, NULL, '[[\"USE CASE PHASE 1.docx\", \"164a248590ba7aa8812ec4abf25f5527.docx\"]]', '[]', NULL),
(874, 'Abdoulaye Ndoye vient de valider une demande de frais', NULL, '/frais/show/1789564123584347', NULL, '2020-06-22 18:30:14', NULL, 1, 'notification', NULL, NULL, '[[\"USE CASE PHASE 1.docx\", \"164a248590ba7aa8812ec4abf25f5527.docx\"]]', '[]', NULL),
(875, 'Abdoulaye Ndoye vient de modifier les informations d\'une demande de frais', NULL, '/frais/show/1789564123584347', NULL, '2020-06-22 18:33:58', NULL, 1, 'notification', NULL, NULL, '[]', '[]', NULL),
(876, 'Abdoulaye Ndoye vient de modifier les informations d\'une demande de frais', NULL, '/frais/show/1789564123584347', NULL, '2020-06-22 18:34:54', NULL, 1, 'notification', NULL, NULL, '[]', '[]', NULL),
(877, 'Abdoulaye Ndoye vient de modifier les informations d\'une demande de frais', NULL, '/frais/show/1789564123584347', NULL, '2020-06-22 18:35:58', NULL, 1, 'notification', NULL, NULL, '[]', '[]', NULL),
(878, 'Amadou Ndiaye vient de modifier les informations d\'une demande de frais', NULL, '/frais/show/1789564123584842', NULL, '2020-06-22 20:44:53', NULL, 22, 'notification', NULL, NULL, '[]', '[]', NULL),
(879, 'Amadou Ndiaye vient de modifier les informations d\'une demande de frais', NULL, '/frais/show/1789564123584842', NULL, '2020-06-22 20:53:04', NULL, 22, 'notification', NULL, NULL, '[]', '[]', NULL),
(880, 'Amadou Ndiaye vient de modifier les informations d\'une demande de frais', NULL, '/frais/show/1789564123584677', NULL, '2020-06-23 13:21:49', NULL, 22, 'notification', NULL, NULL, '[]', '[]', NULL),
(881, 'Omar Ba vient de vous soumettre une demande de frais', NULL, '/frais/show/1789564123584908', NULL, '2020-06-25 20:27:23', NULL, 20, 'notification', NULL, NULL, '[[\"Administration des bases de donnés.pdf\", \"a603e0e21e4ec9d325787d05628f4470.pdf\"]]', '[]', NULL),
(882, 'Yaya Ly vient de vous soumettre une demande de frais à valider', NULL, '/frais/show/1789564123584908', NULL, '2020-06-25 20:28:54', NULL, 2, 'notification', NULL, NULL, '[[\"Administration des bases de donnés.pdf\", \"a603e0e21e4ec9d325787d05628f4470.pdf\"]]', '[]', NULL),
(883, 'Bien reçu et traité', '', '/frais/show/1789564123584908', NULL, '2020-06-25 20:30:00', NULL, 1, 'noteRevue', NULL, NULL, '[]', '[]', NULL),
(884, 'Abdoulaye Ndoye vient de valider une demande de frais', NULL, '/frais/show/1789564123584908', NULL, '2020-06-25 20:30:08', NULL, 1, 'notification', NULL, NULL, '[[\"Administration des bases de donnés.pdf\", \"a603e0e21e4ec9d325787d05628f4470.pdf\"]]', '[]', NULL),
(885, 'Yaya Ly vient de modifier les informations d\'une demande de frais', NULL, '/frais/show/1789564123584908', NULL, '2020-06-25 20:44:51', NULL, 2, 'notification', NULL, NULL, '[]', '[]', NULL),
(886, 'Sonatel SA vient de vous contacter', NULL, '/show/document/1789564123585106', NULL, '2020-07-13 14:10:57', NULL, 4, 'notification', NULL, NULL, '[[\"sujetDeStage.docx\", \"d4b7e769be238f1ba958fc88d0a7fd20.bin\"], [\"CoudPAN.pdf\", \"84c449fef98fb15c710c9e0ff795dc55.pdf\"]]', '[]', NULL),
(887, 'Yaya Ly vient de vous transmettre un dossier', NULL, '/show/document/1789564123585106', NULL, '2020-07-13 14:13:44', NULL, 2, 'notification', NULL, NULL, '[[\"sujetDeStage.docx\", \"d4b7e769be238f1ba958fc88d0a7fd20.bin\"], [\"CoudPAN.pdf\", \"84c449fef98fb15c710c9e0ff795dc55.pdf\"]]', '[]', NULL),
(888, 'Daouda Diouf vient de vous soumettre un dossier à valider', NULL, '/show/document/1789564123585106', NULL, '2020-07-13 14:16:20', NULL, 21, 'notification', NULL, NULL, '[[\"sujetDeStage.docx\", \"d4b7e769be238f1ba958fc88d0a7fd20.bin\"], [\"CoudPAN.pdf\", \"84c449fef98fb15c710c9e0ff795dc55.pdf\"]]', '[]', NULL),
(889, 'Yaya Ly vient de valider un dossier', NULL, '/show/document/1789564123585106', NULL, '2020-07-13 14:18:18', NULL, 2, 'notification', NULL, NULL, '[[\"sujetDeStage.docx\", \"d4b7e769be238f1ba958fc88d0a7fd20.bin\"], [\"CoudPAN.pdf\", \"84c449fef98fb15c710c9e0ff795dc55.pdf\"]]', '[]', NULL),
(890, 'Le traitement de votre dossier est terminé', NULL, '/show/document/1789564123585106', NULL, '2020-07-13 14:19:06', NULL, 21, 'notification', NULL, NULL, '[[\"sujetDeStage.docx\", \"d4b7e769be238f1ba958fc88d0a7fd20.bin\"], [\"CoudPAN.pdf\", \"84c449fef98fb15c710c9e0ff795dc55.pdf\"]]', '[]', NULL);

-- --------------------------------------------------------

--
-- Structure de la table `opportunite`
--

CREATE TABLE `opportunite` (
  `id` int NOT NULL,
  `service_id` int DEFAULT NULL,
  `responsable_id` int DEFAULT NULL,
  `entreprise_id` int DEFAULT NULL,
  `contact_principal_id` int DEFAULT NULL,
  `libelle` varchar(255) CHARACTER SET utf8mb4 COLLATE utf8mb4_unicode_ci NOT NULL,
  `status` varchar(255) CHARACTER SET utf8mb4 COLLATE utf8mb4_unicode_ci NOT NULL,
  `code` varchar(255) CHARACTER SET utf8mb4 COLLATE utf8mb4_unicode_ci NOT NULL,
  `date_creation` datetime NOT NULL,
  `date_cloture` datetime DEFAULT NULL,
  `scop` varchar(255) CHARACTER SET utf8mb4 COLLATE utf8mb4_unicode_ci NOT NULL,
  `description` longtext CHARACTER SET utf8mb4 COLLATE utf8mb4_unicode_ci NOT NULL,
  `apporteur` json NOT NULL,
  `fichier` json DEFAULT NULL COMMENT '(DC2Type:json_array)',
  `createur_opp_id` int DEFAULT NULL,
  `progress` int DEFAULT NULL,
  `preparation` int DEFAULT NULL,
  `open_by_id` int DEFAULT NULL,
  `droit_edition` json DEFAULT NULL,
  `frais_total` int DEFAULT NULL,
  `type` varchar(255) CHARACTER SET utf8mb4 COLLATE utf8mb4_unicode_ci DEFAULT NULL
) ENGINE=InnoDB DEFAULT CHARSET=utf8mb4 COLLATE=utf8mb4_unicode_ci;

--
-- Déchargement des données de la table `opportunite`
--

INSERT INTO `opportunite` (`id`, `service_id`, `responsable_id`, `entreprise_id`, `contact_principal_id`, `libelle`, `status`, `code`, `date_creation`, `date_cloture`, `scop`, `description`, `apporteur`, `fichier`, `createur_opp_id`, `progress`, `preparation`, `open_by_id`, `droit_edition`, `frais_total`, `type`) VALUES
(4, 27, 2, 4, 2, 'exemple intitulé', 'AV', 'AU8000120', '2020-01-23 13:54:43', NULL, 'exemple scope', 'une descrip', '[\"in\", \"2\", \"\", \"\"]', '[]', 1, 0, 30, NULL, '[\"2\"]', NULL, NULL),
(5, 33, 21, 4, 18, 'hgfd', 'AV', 'CJ8000120', '2020-01-27 10:05:57', NULL, 'hgfdx', 'trfdvrf', '[\"in\", \"24\", \"\", \"\"]', '[]', 1, 0, 30, NULL, '[\"2\"]', 0, NULL),
(6, 34, 38, 4, 18, 'fdsxd', 'AV', 'EC8000120', '2020-01-27 10:19:57', NULL, 'AZESD', 'SSSSSS', '[\"out\", \"Assane Ndoye\", \"DG NGAH\", \"779398484\"]', '[]', 1, 0, 30, NULL, '[\"2\"]', 350000, NULL),
(7, 28, 22, 5, 3, 'azdx', 'open', 'AU8000120', '2020-01-27 10:23:24', NULL, 'sxdxdxx', 'aqswxd', '[\"in\", \"21\", \"\", \"\"]', '[]', 1, 0, 100, NULL, '[1]', NULL, NULL),
(8, 28, 22, 5, 3, 'azdx', 'open', 'AU8010120', '2020-01-27 10:27:54', NULL, 'sxdxdxx', 'aqswxd', '[\"in\", \"21\", \"\", \"\"]', '[]', 1, 0, 100, NULL, '[1]', NULL, NULL),
(9, 28, 22, 5, 3, 'azdx', 'open', 'AU8020120', '2020-01-27 10:29:56', NULL, 'sxdxdxx', 'aqswxd', '[\"in\", \"21\", \"\", \"\"]', '[[\"category (1).sql\", \"8d5d00178ba90a6ba5cf1160e8e489ac.\"]]', 1, 10, 100, NULL, '[1]', NULL, NULL),
(10, 31, 22, 6, 4, 'sdfghj', 'open', 'CI8000120', '2020-01-27 14:57:54', NULL, 'poiuhg', 'oiugcvb', '[\"in\", \"23\", \"\", \"\"]', '[[\"category.sql\", \"b4ed4e472c184bf9e424de99f598c82f.\"]]', 1, 0, 100, NULL, '[1]', NULL, NULL),
(11, 28, 38, 4, 19, 'exemple Intitulé', 'AP', 'AU8000120', '2020-01-27 15:00:14', NULL, 'exemple scope', 'oiujk,nhj', '[\"in\", \"22\", \"\", \"\"]', '[[\"category (1).sql\", \"a4ee3dde0366b1c644cb01fa62edba33.\"]]', 2, 0, 80, NULL, '[\"1\"]', NULL, NULL),
(12, 37, 22, 4, 2, 'exemple Intitulé', 'AP', 'SE8000120', '2020-01-27 15:09:05', NULL, 'exemple scope', 'rdfdxd', '[\"in\", \"23\", \"\", \"\"]', '[]', 2, 0, 80, NULL, '[\"1\"]', -75000, NULL),
(13, 37, 22, 4, 2, 'exemple intitulé123456789', 'AP', 'SE8010120', '2020-01-27 15:15:54', NULL, 'exemple scope', 'rdfdxd', '[\"in\", \"23\", \"\", \"\"]', '[]', 2, 0, 80, NULL, '[\"1\"]', 0, NULL),
(14, 37, 1, 4, 2, 'ghjk', 'open', 'SE8020120', '2020-01-27 15:16:51', NULL, 'fdfgf', 'rdfdxd', '[\"in\", \"23\", \"\", \"\"]', '[]', 2, 0, 100, NULL, '[1]', NULL, NULL),
(15, 33, 37, 4, 2, 'yyyy', 'AV', 'CJ8010220', '2020-02-06 15:32:10', NULL, 'mmm', 'ttttt', '[\"out\", \"oo\", \"yyy\", \"5555\"]', '[]', 1, 0, 30, NULL, '[\"2\"]', NULL, NULL),
(16, 35, 36, 4, 19, 'ooo', 'AV', 'AC8000220', '2020-02-06 15:50:57', NULL, 'oigf', 'ertghj', '[\"out\", \"ppp\", \"qs\", \"98456\"]', '[]', 1, 0, 30, NULL, '[\"2\"]', NULL, NULL),
(17, 37, 2, 8, 6, 'ghjk', 'open', 'SE8000220', '2020-02-06 16:13:31', NULL, 'azedfg', 'k,n,', '[\"partenaire\", \"\", \"\", \"\"]', '[]', 1, 0, 100, NULL, '[1]', NULL, NULL),
(18, 31, 1, 4, 19, 'sdfg', 'AV', 'CI8000220', '2020-02-06 16:18:42', NULL, 'fghj', 'jhgffgh', '[\"in\", \"1\", \"\", \"\"]', '[[\"categ.csv\", \"eb18aa2fc18bc4f31d2985fcd049a9a0.txt\"]]', 2, 0, 40, NULL, '[\"2\"]', NULL, NULL),
(19, 35, 1, 6, 4, 'Accompagnement', 'open', 'AC8000220', '2020-02-06 16:29:43', NULL, 'comptabilité', 'saa', '[\"in\", \"37\", \"\", \"\"]', '[]', 2, 31, 100, NULL, '[1]', NULL, NULL),
(20, 37, 38, 7, 5, 'qsdfghjk', 'open', 'SE8000220', '2020-02-06 16:34:13', NULL, 'uytftui', 'iuytrdfg', '[\"in\", \"24\", \"\", \"\"]', '[[\"categ.csv\", \"a8557b374deda1500fe19cebb6f9fc0a.txt\"]]', 2, 0, 100, NULL, '[1, 23]', NULL, NULL),
(21, 34, 38, 13, 10, 'qsdfghjk', 'open', 'EC8000220', '2020-02-06 16:42:50', NULL, 'lkjh', 'hhh', '[\"in\", \"36\", \"\", \"\"]', '[]', 1, 0, 100, NULL, '[1]', NULL, NULL),
(22, 34, 20, 17, 13, 'lkjnb', 'open', 'EC8000220', '2020-02-06 16:44:18', NULL, 'lkhgv', 'gg', '[\"internet\", \"36\", \"\", \"\"]', '[]', 1, 0, 100, NULL, '[1]', NULL, NULL),
(23, 38, 37, 4, 19, 'nnnn', 'AV', 'SE8000220', '2020-02-07 09:23:36', NULL, 'mmm', 'nnn', '[\"\", \"\", \"\", \"\"]', '[]', 1, 0, 40, NULL, '[\"2\"]', NULL, NULL),
(24, 36, 38, 9, 7, 'zefgh', 'open', 'EC8000220', '2020-02-07 09:28:32', NULL, 'dty', 'zedfgh', '[\"\", \"\", \"\", \"\"]', '[]', 1, 0, 100, NULL, '[1]', NULL, NULL),
(25, 36, 22, 12, 9, 'yt', 'open', 'EC8000220', '2020-02-07 09:43:05', NULL, 'rrr', 'hgv', '[\"\", \"\", \"\", \"\"]', '[]', 1, 0, 100, NULL, '[1]', NULL, NULL),
(26, 36, 2, 4, 2, 'le libelle', 'open', 'EC8010220', '2020-02-07 10:01:47', NULL, 'le scop', 'une descrip', '[\"in\", \"2\", \"\", \"\"]', '[]', 1, 0, 100, NULL, '[1]', NULL, NULL),
(27, 31, 24, 12, 9, 'azdfv', 'open', 'CI8010220', '2020-02-07 10:16:48', NULL, 'azdfv', 'zsdv', '[\"\", \"\", \"\", \"\"]', '[]', 1, 0, 100, NULL, '[1]', NULL, NULL),
(28, 29, 2, 4, 2, 'Conseil en gestion', 'open', 'CF8000220', '2020-02-07 16:43:57', NULL, 'Réduction des charges', 'Lorem ipsum dolor, sit amet consectetur adipisicing elit. Illum debitis amet atque ex aliquam dolores sunt quod asperiores esse voluptatibus explicabo at, dolor repudiandae necessitatibus quia vel fuga iusto sint quidem, libero temporibus perferendis voluptatem, officiis itaque. Reprehenderit minima ipsam, delectus eveniet consequuntur illum illo voluptas vel quis, eaque quae!', '[\"in\", \"2\", \"\", \"\"]', '[[\"category.sql\", \"b14924a53998709cd228043e6762179b.\"], [\"borrows.sql\", \"256fd311e5e8c135e358a19d2bf24214.\"]]', 1, 87, 100, NULL, '[1, 2, 36]', 96500, NULL),
(29, 38, 36, 4, 18, 'ertg', 'open', 'SE8010220', '2020-02-10 09:50:02', NULL, 'gfcdx', 'rfecds', '[\"partenaire\", \"16\", \"\", \"\"]', '[[\"Capture d’écran de 2020-02-10 08-54-02.png\", \"f963378367631568c1590f46714e4fbb.png\"]]', 1, 0, 100, NULL, '[1]', NULL, NULL),
(30, 36, 1, 5, 3, 'exemple Intitulé', 'open', 'EC8020220', '2020-02-12 10:43:59', NULL, 'exemple scope', 'iufdg', '[\"internet\", \"\", \"\", \"\"]', '[]', 2, 0, 100, NULL, '[1]', NULL, NULL),
(31, 26, 20, 13, 10, 'iuyfdcjkl', 'open', 'AU8000220', '2020-02-13 10:34:53', NULL, 'kjhgfdf', 'oiuytfdsq', '[\"in\", \"4\", \"\", \"\"]', '[[\"test N°3.docx\", \"314bdef48c170e85657cdb3296f47bbd.docx\"]]', 1, 0, 100, NULL, '[1]', 0, NULL),
(32, 31, 2, 11, 8, 'kkkk', 'open', 'CI8020220', '2020-02-17 13:15:04', NULL, 'oijhgvh', 'okkk', '[\"internet\", \"hhh\", \"\", \"\"]', '[[\"exemple.http\", \"d2db7a962d32dce1b40d1abd255aa75c.txt\"], [\"programme de la semaine.pdf\", \"a9b7b09b595933f26781c49a164c06dd.pdf\"]]', 2, 38, 100, NULL, '[1, 2]', NULL, NULL),
(34, 30, 2, 11, 8, 'mpljjj', 'open', 'CA8010220', '2020-02-19 09:24:25', NULL, 'zerfghj', 'qzsedrftgyhujikl', '[\"out\", \"zerty\", \"oijjj\", \"7859565\"]', '[[\"user_packs.sql\", \"af4d7c76aa507dbb501bae05298a963c.\"]]', 2, 0, 100, NULL, '[1]', NULL, NULL),
(35, 36, 21, 6, 4, 'dcxw', 'open', 'EC8030220', '2020-02-19 09:38:48', NULL, 'efvdc', '\"rzdc', '[\"internet\", \"\", \"\", \"\"]', '[]', 1, 0, 100, NULL, '[1]', NULL, NULL),
(36, 35, 2, 4, 18, 'brvciijjnhh', 'AV', 'AC8010220', '2020-02-20 16:13:45', NULL, 'tbrvfdc', 'nbrgfvdcbrgvggggg', '[\"partenaire\", \"9\", \"\", \"\"]', '[[\"user_packs.sql\", \"1327f26bf245bfa77cd263d2c0522731.\"], [\"borrows.sql\", \"f4f2092cef30e6cc3dd7fb00f10651fc.\"], [\"Abdoulaye Ndoye .pdf\", \"d08abe20d5ea496bf53041ca9209671e.pdf\"]]', 1, 38, 40, NULL, '[2]', NULL, NULL),
(37, 29, 38, 5, 3, 'sedcfvbjnk,l', 'open', 'CF8010220', '2020-02-20 22:15:17', NULL, 'qzsedcrfgvbhjn', 'sdfghjklhkgfhxdfxdcgjhklhfdfghjkmljhkgfwsfghhkhhdffgg dffjhghghg fgvhbvgcfddsr ghh hchchhhffbb xvbshhhxnxnnxsndsdfghjklhkgfhxdfxdcgjhklhfdfghjkmljhkgfwsfghhkhhdffgg dffjhghghg fgvhbvgcfddsr ghh', '[\"internet\", \"\", \"\", \"\"]', '[[\"user_packs.sql\", \"d1702ed3fa450e3da0a97614ff46e8c7.\"], [\"borrows.sql\", \"0b587376645a447707ccab5b9d20db86.\"]]', 2, 51, 100, NULL, '[1, 23]', NULL, NULL),
(38, 27, 2, 4, 2, 'gvfcvffmmm', 'open', 'AU8010220', '2020-02-21 10:26:14', NULL, 'zzzeerfiii', 'aaaaaaaaaaaaaaaaaaaaaaaaaaaaaadddddddd ddddddddddddddddddddcccccc ccccccccccc dddddzss llmmm bbbb', '[\"partenaire\", \"13\", \"\", \"\"]', '[[\"Abdoulaye Ndoye .pdf\", \"df767e4fe2c8701a1c08c2264ef81374.pdf\"], [\"programme de la semaine.pdf\", \"874b61249ff8017152042e60bce78f44.pdf\"], [\"borrows.sql\", \"cca02df57f430ae21c17f9337cdb5e22.\"]]', 1, 42, 100, NULL, '[1, 2]', NULL, NULL),
(39, 31, 38, 5, 3, 'yhtgfvvqq', 'open', 'CI8030220', '2020-02-21 11:17:07', NULL, 'fvgbhn', 'ggggggggggggggggggggggggdddd rrrrrrrrrrrrrrrrrrrrrrrr sssssssssssssssss wwwwwwwwwwwwww', '[\"internet\", \"\", \"\", \"\"]', '[[\"programme de la semaine.pdf\", \"696f42eb9b7af704b12dc5254cf815ea.pdf\"], [\"user_packs.sql\", \"560b45e4e7e591caf027ad03de6ed264.\"]]', 2, 58, 100, NULL, '[1, 23]', NULL, NULL),
(40, 25, 38, 7, 5, 'sdfghjk', 'open', 'AU8000220', '2020-02-21 12:04:48', NULL, 'sdfgh', 'zsedrftgyhujikol', '[\"internet\", \"\", \"\", \"\"]', '[[\"user_packs.sql\", \"b1aa8224648fc8fb53648c861365256f.\"], [\"programme de la semaine.pdf\", \"2da6ce1c3cb36a62a4be9cf5bed41d48.pdf\"]]', 1, 35, 100, NULL, '[1, 23]', NULL, NULL),
(41, 28, 2, 4, 2, 'rrrrrfffffcccc', 'open', 'AU8010220', '2020-02-21 16:09:05', NULL, 'yyyyyygggggg', 'aaaaaaa ffffffffffffffffffffffffffffffffff hhhhhhhhhhhhhhhhh mmmmmmmm gggggggggg gggggggggggggggggggggg gggggggggg hhhh', '[\"in\", \"24\", \"\", \"\"]', '[[\"backlog_degloul.ods\", \"f49d83e01fce056bcf0e26e8b15d50bf.ods\"], [\"USE CASE PHASE 1.docx\", \"06d5d27e375316e9d322b4cb7793079f.docx\"]]', 1, 49, 100, NULL, '[1, 2]', NULL, NULL),
(42, 30, 38, 5, 3, 'fffffffff', 'open', 'CA8020220', '2020-02-21 16:49:13', NULL, 'dddddccccccjj', 'ddddddddd ffffffffffffffffffffffffffffffffffff ggggggggggggggggggggggggggggggggggggb jjjjjjjj jjjj', '[\"internet\", \"\", \"\", \"\"]', '[[\"backlog_degloul.ods\", \"1dcc9205bb2f46c11fb475ef1a4047b3.ods\"], [\"USE CASE PHASE 1.docx\", \"ac59f43aca18da81c04bcf9638d2ea72.docx\"]]', 2, 55, 100, NULL, '[1, 23]', NULL, NULL),
(43, 31, 22, 7, 5, 'hhhhhhhh', 'open', 'CI8040220', '2020-02-21 17:32:36', NULL, 'jjjjjjj', 'ffffffffffffffffffffffffffffffffffffff vvvvvvvvvvvvv', '[\"internet\", \"\", \"\", \"\"]', '[[\"USE CASE PHASE 1.docx\", \"164a248590ba7aa8812ec4abf25f5527.docx\"]]', 1, 74, 100, 22, '[1, 22]', 45000, 'opportunite'),
(44, 26, 2, 4, 18, 'ffff', 'open', 'AU8010220', '2020-02-25 13:20:52', NULL, 'aaa', 'aaaaaaaaaa', '[\"internet\", \"\", \"\", \"\"]', '[]', 1, 86, 100, NULL, '[1, 2]', NULL, NULL),
(45, 30, 2, 4, 18, 'aa', 'AV', 'CA8030220', '2020-02-25 14:03:03', NULL, 'aa', 'aaaa', '[\"internet\", \"\", \"\", \"\"]', '[]', 1, 0, 40, NULL, '[2]', 0, NULL),
(46, 26, 1, 4, 2, 'Mission de CAC', 'AP', 'AU8020220', '2020-02-25 14:14:40', NULL, 'Approbation des comptes', '    Lorem, ipsum dolor sit amet consectetur adipisicing elit. Cupiditate laudantium reiciendis sed beatae, voluptas modi suscipit rerum eveniet culpa temporibus et nulla alias maxime iste ab error voluptatibus voluptatum minus officia a mollitia aut quam! Magni, blanditiis provident consequuntur ad et officiis ducimus eum aliquid autem quos iusto quo iste ipsum, quisquam animi id tempore dolor voluptate nesciunt repudiandae, exercitationem veritatis! Ipsa libero earum obcaecati assumenda fugiat necessitatibus, facilis consequuntur a expedita eligendi ducimus! Distinctio sequi atque a adipisci numquam illo. Alias quisquam voluptate, quis ex nulla velit impedit magnam minus obcaecati minima expedita officia ab eligendi culpa, cumque vero?\n', '[\"internet\", \"\", \"\", \"\"]', '[]', 2, 0, 80, NULL, '[1]', NULL, NULL),
(47, 31, 21, 19, 15, 'Opportunité Test S', 'open', 'CI8050520', '2020-05-29 01:38:16', NULL, 'Test S', 'Copyright 2019 Google LLC. All Rights Reserved. Use of this source code is governed by an MIT-style license that can be found in the LICENSE file at http://angular.io/license', '[\"in\", \"20\", \"\", \"\"]', '[[\"sujetDeStage.docx\", \"fc858ae4efef8de561194008978f88ea.bin\"]]', 1, 82, 100, NULL, '[1, 21]', NULL, 'opportunite'),
(48, 31, 21, 19, 15, 'Test Opp', 'open', 'CI8060520', '2020-05-29 18:20:17', NULL, 'azerty', 'Azerty', '[\"internet\", \"\", \"\", \"\"]', '[[\"CoudPAN.pdf\", \"42a5f8d9ea73e194498f3f988a73a0d6.pdf\"]]', 1, 50, 100, NULL, '[1, 21]', NULL, 'opportunite'),
(50, 25, 21, 4, 18, 'Réglage S', 'gagne', 'AU8010520', '2020-05-30 16:17:54', NULL, 'Réglage SS', 'It was popularised in the 1960s with the release of Letraset sheets containing Lorem Ipsum passages, and more recently with desktop publishing', '[\"internet\", \"\", \"\", \"\"]', '[[\"Administration des bases de donnés.pdf\", \"a603e0e21e4ec9d325787d05628f4470.pdf\"]]', 1, 100, 100, NULL, '[1, 21]', NULL, 'engagement');

-- --------------------------------------------------------

--
-- Structure de la table `opportunite_contact`
--

CREATE TABLE `opportunite_contact` (
  `opportunite_id` int NOT NULL,
  `contact_id` int NOT NULL
) ENGINE=InnoDB DEFAULT CHARSET=utf8mb4 COLLATE=utf8mb4_unicode_ci;

--
-- Déchargement des données de la table `opportunite_contact`
--

INSERT INTO `opportunite_contact` (`opportunite_id`, `contact_id`) VALUES
(4, 2),
(5, 20),
(6, 2),
(11, 18),
(12, 20),
(13, 20),
(14, 20),
(18, 20),
(28, 18),
(28, 19),
(28, 21),
(36, 19),
(36, 20),
(36, 21),
(37, 34),
(38, 18),
(38, 19),
(38, 21),
(39, 34),
(41, 18),
(41, 19),
(42, 34),
(42, 35),
(50, 19);

-- --------------------------------------------------------

--
-- Structure de la table `secteur_activite`
--

CREATE TABLE `secteur_activite` (
  `id` int NOT NULL,
  `libelle` varchar(255) CHARACTER SET utf8mb4 COLLATE utf8mb4_unicode_ci NOT NULL
) ENGINE=InnoDB DEFAULT CHARSET=utf8mb4 COLLATE=utf8mb4_unicode_ci;

--
-- Déchargement des données de la table `secteur_activite`
--

INSERT INTO `secteur_activite` (`id`, `libelle`) VALUES
(1, 'Autre'),
(2, ' Assurances (sauf sécurité sociale)'),
(3, ' Autres pèches et aquaculture'),
(6, ' Correction territoriale'),
(7, ' Culture céréalière'),
(8, ' Culture d’arachide de bouche'),
(9, ' Culture d’autres produits de l’Agriculture vivrière'),
(10, ' Culture de canne à sucre'),
(11, ' Culture de légumes'),
(12, ' Culture de tubercules et plantains'),
(13, ' Edition, imprimerie, reproduction'),
(14, ' Fabrication d’autres matériels de transport'),
(15, ' Fabrications de savons, de détergents et de produits d’entretien'),
(16, ' Industrie du verre'),
(17, ' Locations sans opérateurs'),
(18, ' Postes'),
(19, ' Production et distribution de gaz'),
(20, ' Service d’intermédiation financière indirectement mesuré'),
(21, 'Action sociale'),
(22, 'Activités associatives'),
(23, 'Activités informatiques'),
(24, 'Activités pour la santé des hommes'),
(25, 'Activités récréatives, culturelles et sportives'),
(26, 'Activités vétérinaires'),
(27, 'Administration générale, économique et sociale'),
(28, 'Assainissement, voirie et gestion des déchets'),
(29, 'Autres commerces'),
(30, 'Autres corps gras'),
(31, 'Autres cultures industrielles'),
(32, 'Autres élevages'),
(33, 'Autres services immobiliers'),
(34, 'Auxiliaires financiers et d’assurances'),
(35, 'Bars et restaurants'),
(36, 'Brasseries et malteries'),
(37, 'Captage, épuration et distribution d’eau'),
(38, 'Chasse'),
(39, 'Commerce de produits agricoles bruts et d’animaux vivants'),
(40, 'Commerce de véhicules, d’accessoires et de carburant'),
(41, 'Culture d’ananas d’exportation'),
(42, 'Culture d’arachide d’huilerie'),
(43, 'Culture de bananes d’exportation'),
(44, 'Culture de blé'),
(45, 'Culture de cacao'),
(46, 'Culture de café'),
(47, 'Culture de condiments'),
(48, 'Culture de coton'),
(49, 'Culture de fruits'),
(50, 'Culture de tabac'),
(51, 'Education'),
(52, 'Elevage bovin'),
(53, 'Elevage de volaille'),
(54, 'Elevage ovin, caprin, équin'),
(55, 'Entretien et réparation de véhicules automobiles'),
(56, 'Exploitation forestière'),
(57, 'Extraction d’autres produits'),
(58, 'Extraction d’hydrocarbures'),
(59, 'Fabrication d’appareils électriques'),
(60, 'Fabrication d’articles en bois assemblés'),
(61, 'Fabrication d’autres boissons alcoolisées'),
(62, 'Fabrication d’autres produits alimentaires'),
(63, 'Fabrication d’autres produits chimiques'),
(64, 'Fabrication d’autres produits minéraux non métalliques'),
(65, 'Fabrication d’équipements et appareils audiovisuels et de Communication'),
(66, 'Fabrication d’instruments médicaux, d’optique et d’horlogerie'),
(67, 'Fabrication de boissons non alcoolisées et d’eaux minérales'),
(68, 'Fabrication de chaussures'),
(69, 'Fabrication de machines de bureaux'),
(70, 'Fabrication de machines et d’équipements'),
(71, 'Fabrication de matières plastiques'),
(72, 'Fabrication de meubles'),
(73, 'Fabrication de pains, de biscuits et de pâtisserie'),
(74, 'Fabrication de panneaux en bois'),
(75, 'Fabrication de pâtes alimentaires'),
(76, 'Fabrication de produits à base de fruits et légumes'),
(77, 'Fabrication de produits agro-chimiques'),
(78, 'Fabrication de produits minéraux pour la construction'),
(79, 'Fabrication de sucre'),
(80, 'Fabrication de véhicules routiers'),
(81, 'Fabrication du caoutchouc naturel'),
(82, 'Fabrication du cuir et d’articles en cuir'),
(83, 'Hôtels'),
(84, 'Huiles brutes et tourteaux'),
(85, 'Industries chimiques de base'),
(86, 'Industries de l’habillement'),
(87, 'Industries diverses'),
(88, 'Industries du caoutchouc'),
(89, 'Industries du papier et carton'),
(90, 'Industries du tabac'),
(91, 'Industries laitières'),
(92, 'Industries pharmaceutiques'),
(93, 'Industries textiles'),
(94, 'Locations de biens immobiliers'),
(95, 'Métallurgie'),
(96, 'Pêche de poissons'),
(97, 'Préparation de sites et construction d’ouvrages de bâtiments ou de génie civil'),
(98, 'Production de poissons et de produits à base de poisson'),
(99, 'Production de viande et de produits à base de viande'),
(100, 'Production, transport et distribution d’électricité'),
(101, 'Raffinage de pétrole'),
(102, 'Réparations de biens personnels et domestiques'),
(103, 'Sciage, rabotage et imprégnation du bois'),
(104, 'Sécurité sociale obligatoire'),
(105, 'Services annexes et auxiliaire de transport'),
(106, 'Services d’intermédiation financière'),
(107, 'Services de prérogatives publiques'),
(108, 'Services domestiques'),
(109, 'Services personnels'),
(110, 'Services rendus principalement aux entités'),
(111, 'Sylviculture'),
(112, 'Télécommunications'),
(113, 'Transformation du cacao'),
(114, 'Transformation du café'),
(115, 'Transport aérien'),
(116, 'Transport par eau'),
(117, 'Transports ferroviaires'),
(118, 'Transports routiers, transports par conduite'),
(119, 'Travail des grains et fabrication de produits amylacés'),
(120, 'Travail des métaux'),
(121, 'Travaux d’installation et de finition');

-- --------------------------------------------------------

--
-- Structure de la table `service`
--

CREATE TABLE `service` (
  `id` int NOT NULL,
  `departement_id` int DEFAULT NULL,
  `libelle` varchar(255) CHARACTER SET utf8mb4 COLLATE utf8mb4_unicode_ci NOT NULL,
  `code` varchar(255) CHARACTER SET utf8mb4 COLLATE utf8mb4_unicode_ci DEFAULT NULL
) ENGINE=InnoDB DEFAULT CHARSET=utf8mb4 COLLATE=utf8mb4_unicode_ci;

--
-- Déchargement des données de la table `service`
--

INSERT INTO `service` (`id`, `departement_id`, `libelle`, `code`) VALUES
(25, 11, 'Audit contractuel', 'AU'),
(26, 11, 'Commissariat aux comptes', 'AU'),
(27, 11, 'Diligences directement liées', 'AU'),
(28, 11, 'Autre audit', 'AU'),
(29, 12, 'Conseil financier', 'CF'),
(30, 12, 'Autre conseil', 'CA'),
(31, 12, 'Conseil en SI', 'CI'),
(33, 13, 'Conseil juridique et fiscal', 'CJ'),
(34, 14, 'Expertise comptable', 'EC'),
(35, 14, 'Accompagnement comptable', 'AC'),
(36, 14, 'Mission visa', 'EC'),
(37, 11, 'Séminaire - Formation (Audit)', 'SE'),
(38, 12, 'Séminaire - Formation (Conseil)', 'SE'),
(39, 13, 'Séminaire - Formation (Juridique fiscal)', 'SE'),
(40, 14, 'Séminaire - Formation (Expertise comptable)', 'SE');

-- --------------------------------------------------------

--
-- Structure de la table `sujet_nr`
--

CREATE TABLE `sujet_nr` (
  `id` int NOT NULL,
  `opportunite_id` int DEFAULT NULL,
  `libelle` varchar(255) CHARACTER SET utf8mb4 COLLATE utf8mb4_unicode_ci NOT NULL,
  `status` int NOT NULL,
  `createur_id` int DEFAULT NULL,
  `event_id` int DEFAULT NULL,
  `document_id` int DEFAULT NULL,
  `frais_id` int DEFAULT NULL
) ENGINE=InnoDB DEFAULT CHARSET=utf8mb4 COLLATE=utf8mb4_unicode_ci;

--
-- Déchargement des données de la table `sujet_nr`
--

INSERT INTO `sujet_nr` (`id`, `opportunite_id`, `libelle`, `status`, `createur_id`, `event_id`, `document_id`, `frais_id`) VALUES
(1, 28, 'Note 1', 0, 1, NULL, NULL, NULL),
(2, 28, 'Note 2', 0, 1, NULL, NULL, NULL),
(3, 28, 'Note 3', 0, 1, NULL, NULL, NULL),
(4, 13, 'Note 1', 1, 1, NULL, NULL, NULL),
(5, 32, 'Note 1', 1, 1, NULL, NULL, NULL),
(6, 20, 'Note 1', 1, 1, NULL, NULL, NULL),
(7, 36, 'Note 1', 1, 2, NULL, NULL, NULL),
(8, 37, 'Note 1', 0, 21, NULL, NULL, NULL),
(9, 37, 'Note 2', 1, 1, NULL, NULL, NULL),
(10, 37, 'Note 3', 0, 2, NULL, NULL, NULL),
(11, 38, 'Note 1', 1, 2, NULL, NULL, NULL),
(12, 39, 'Note 1', 0, 21, NULL, NULL, NULL),
(13, 39, 'Note 2', 1, 1, NULL, NULL, NULL),
(14, 41, 'Note 1', 1, 2, NULL, NULL, NULL),
(15, 42, 'Note 1', 0, 21, NULL, NULL, NULL),
(16, 42, 'Note 2', 0, 1, NULL, NULL, NULL),
(17, 28, 'Note 4', 1, 1, NULL, NULL, NULL),
(18, 30, 'Note 1', 0, 1, NULL, NULL, NULL),
(19, 30, 'note 2', 1, 1, NULL, NULL, NULL),
(20, NULL, 'Note 1', 1, 1, 11, NULL, NULL),
(21, NULL, 'note 1', 0, 36, 12, NULL, NULL),
(22, NULL, 'Note 1', 1, 36, 16, NULL, NULL),
(23, NULL, 'Note 1', 1, 1, 13, NULL, NULL),
(24, NULL, 'Note 1', 1, 36, 36, NULL, NULL),
(25, NULL, 'Note 1', 1, 1, 11, NULL, NULL),
(26, 42, 'Note 3', 1, 21, NULL, NULL, NULL),
(27, NULL, 'Note A', 1, 21, NULL, 4, NULL),
(28, NULL, 'Note B', 1, 21, NULL, 4, NULL),
(29, NULL, 'Note 1', 1, 21, NULL, 14, NULL),
(30, NULL, 'note 1', 1, 1, NULL, 15, NULL),
(31, NULL, 'note 1', 1, 1, NULL, 7, NULL),
(32, NULL, 'Note A', 1, 38, NULL, 3, NULL),
(33, NULL, 'Note B', 1, 1, NULL, 3, NULL),
(34, NULL, 'Note 1', 1, 1, NULL, 1, NULL),
(35, NULL, 'Note 1', 1, 21, NULL, 17, NULL),
(36, NULL, 'Note A', 1, 21, NULL, 19, NULL),
(37, NULL, 'Note 1', 1, 2, NULL, 20, NULL),
(38, NULL, 'Note 1', 1, 22, NULL, 18, NULL),
(39, NULL, 'Note 1', 1, 2, NULL, 21, NULL),
(40, NULL, 'Note 1', 0, 21, NULL, 22, NULL),
(41, NULL, 'Note 1', 1, 22, NULL, 23, NULL),
(42, NULL, 'Note 1', 1, 21, NULL, 24, NULL),
(43, NULL, 'Note 1', 1, 22, NULL, 25, NULL),
(44, NULL, 'note 1', 0, 1, NULL, NULL, 5),
(45, NULL, 'Sujet 0', 1, 22, NULL, NULL, 4),
(46, NULL, 'Sujet 0', 1, 1, NULL, NULL, 9),
(47, NULL, 'Sujet 0', 1, 20, NULL, NULL, 12),
(48, NULL, 'Sujet 1', 1, 1, NULL, NULL, 13),
(49, NULL, 'Note 0', 1, 1, NULL, NULL, 15),
(50, NULL, 'Sujet 0', 1, 1, NULL, NULL, 18),
(51, NULL, 'Sujet 0', 1, 1, NULL, NULL, 19),
(52, NULL, 'Sujet 0', 1, 1, NULL, NULL, 21);

-- --------------------------------------------------------

--
-- Structure de la table `sujet_nr_notification`
--

CREATE TABLE `sujet_nr_notification` (
  `sujet_nr_id` int NOT NULL,
  `notification_id` int NOT NULL
) ENGINE=InnoDB DEFAULT CHARSET=utf8mb4 COLLATE=utf8mb4_unicode_ci;

--
-- Déchargement des données de la table `sujet_nr_notification`
--

INSERT INTO `sujet_nr_notification` (`sujet_nr_id`, `notification_id`) VALUES
(1, 235),
(2, 185),
(3, 174),
(3, 175),
(3, 176),
(3, 177),
(3, 178),
(3, 179),
(3, 180),
(3, 181),
(3, 182),
(3, 183),
(3, 184),
(4, 189),
(4, 190),
(5, 195),
(5, 196),
(5, 197),
(5, 198),
(5, 205),
(5, 206),
(5, 207),
(5, 208),
(5, 209),
(5, 213),
(6, 232),
(7, 237),
(7, 238),
(7, 239),
(7, 240),
(7, 241),
(7, 243),
(8, 253),
(8, 255),
(9, 259),
(9, 260),
(9, 262),
(9, 264),
(10, 272),
(11, 282),
(11, 284),
(12, 289),
(12, 291),
(13, 296),
(13, 297),
(13, 299),
(13, 301),
(14, 321),
(14, 322),
(14, 324),
(15, 329),
(15, 331),
(16, 336),
(16, 337),
(16, 339),
(16, 341),
(17, 401),
(18, 426),
(20, 429),
(20, 430),
(20, 431),
(20, 432),
(20, 433),
(20, 434),
(21, 436),
(21, 438),
(21, 441),
(21, 443),
(21, 446),
(22, 464),
(22, 466),
(22, 469),
(22, 471),
(22, 474),
(22, 477),
(23, 502),
(24, 505),
(28, 593),
(28, 602),
(29, 630),
(29, 632),
(30, 660),
(30, 661),
(30, 664),
(31, 668),
(31, 670),
(32, 673),
(33, 674),
(34, 691),
(35, 700),
(35, 702),
(36, 708),
(37, 719),
(37, 722),
(38, 724),
(38, 775),
(39, 730),
(39, 731),
(40, 737),
(41, 749),
(42, 767),
(43, 780),
(45, 818),
(45, 819),
(46, 823),
(46, 824),
(47, 830),
(48, 840),
(49, 849),
(50, 856),
(51, 865),
(52, 883);

-- --------------------------------------------------------

--
-- Structure de la table `timesheet`
--

CREATE TABLE `timesheet` (
  `id` int NOT NULL,
  `engagement_id` int DEFAULT NULL,
  `opportunite_id` int DEFAULT NULL,
  `evenement_id` int DEFAULT NULL,
  `emetteur_id` int NOT NULL,
  `type_time` varchar(255) CHARACTER SET utf8mb4 COLLATE utf8mb4_unicode_ci NOT NULL,
  `type_timesheet` varchar(255) CHARACTER SET utf8mb4 COLLATE utf8mb4_unicode_ci NOT NULL,
  `lieu` varchar(255) CHARACTER SET utf8mb4 COLLATE utf8mb4_unicode_ci NOT NULL,
  `jour` datetime NOT NULL,
  `debut` time NOT NULL,
  `fin` time DEFAULT NULL,
  `diff_horaire` time DEFAULT NULL
) ENGINE=InnoDB DEFAULT CHARSET=utf8mb4 COLLATE=utf8mb4_unicode_ci;

--
-- Déchargement des données de la table `timesheet`
--

INSERT INTO `timesheet` (`id`, `engagement_id`, `opportunite_id`, `evenement_id`, `emetteur_id`, `type_time`, `type_timesheet`, `lieu`, `jour`, `debut`, `fin`, `diff_horaire`) VALUES
(1, 1, NULL, NULL, 1, 'Regulier', 'chargeable', 'Sénégal, Dakar, Sité keur Gorgui', '2020-06-17 12:38:00', '08:00:00', '17:00:00', NULL),
(2, NULL, 32, NULL, 1, 'Regulier', 'chargeable', 'azerty', '2020-06-18 11:48:00', '11:48:00', '12:49:00', NULL);

-- --------------------------------------------------------

--
-- Structure de la table `user`
--

CREATE TABLE `user` (
  `id` int NOT NULL,
  `departement_id` int DEFAULT NULL,
  `grade_id` int DEFAULT NULL,
  `parrain_id` int DEFAULT NULL,
  `username` varchar(180) CHARACTER SET utf8mb4 COLLATE utf8mb4_unicode_ci NOT NULL,
  `roles` json NOT NULL,
  `password` varchar(255) CHARACTER SET utf8mb4 COLLATE utf8mb4_unicode_ci NOT NULL,
  `prenom` varchar(255) CHARACTER SET utf8mb4 COLLATE utf8mb4_unicode_ci DEFAULT NULL,
  `nom` varchar(255) CHARACTER SET utf8mb4 COLLATE utf8mb4_unicode_ci DEFAULT NULL,
  `image` json DEFAULT NULL,
  `cle_password` varchar(255) CHARACTER SET utf8mb4 COLLATE utf8mb4_unicode_ci DEFAULT NULL,
  `status` varchar(255) CHARACTER SET utf8mb4 COLLATE utf8mb4_unicode_ci NOT NULL,
  `nombre_echec` int DEFAULT NULL,
  `email` varchar(255) CHARACTER SET utf8mb4 COLLATE utf8mb4_unicode_ci DEFAULT NULL,
  `date_creation` datetime NOT NULL,
  `date_fin` datetime DEFAULT NULL,
  `fonction` varchar(255) CHARACTER SET utf8mb4 COLLATE utf8mb4_unicode_ci DEFAULT NULL,
  `adresse` varchar(255) CHARACTER SET utf8mb4 COLLATE utf8mb4_unicode_ci DEFAULT NULL,
  `type_contrat` varchar(255) CHARACTER SET utf8mb4 COLLATE utf8mb4_unicode_ci DEFAULT NULL,
  `matricule` varchar(255) CHARACTER SET utf8mb4 COLLATE utf8mb4_unicode_ci DEFAULT NULL,
  `fichier` json DEFAULT NULL,
  `taux_horaire` varchar(255) CHARACTER SET utf8mb4 COLLATE utf8mb4_unicode_ci DEFAULT NULL,
  `raison_sociale` varchar(255) CHARACTER SET utf8mb4 COLLATE utf8mb4_unicode_ci DEFAULT NULL,
  `objet_social` varchar(255) CHARACTER SET utf8mb4 COLLATE utf8mb4_unicode_ci DEFAULT NULL,
  `ninea` varchar(255) CHARACTER SET utf8mb4 COLLATE utf8mb4_unicode_ci DEFAULT NULL,
  `adress_entreprise` varchar(255) CHARACTER SET utf8mb4 COLLATE utf8mb4_unicode_ci DEFAULT NULL,
  `telephone_entreprise` varchar(255) CHARACTER SET utf8mb4 COLLATE utf8mb4_unicode_ci DEFAULT NULL,
  `nom_dirigeant` varchar(255) CHARACTER SET utf8mb4 COLLATE utf8mb4_unicode_ci DEFAULT NULL,
  `telephone` varchar(255) CHARACTER SET utf8mb4 COLLATE utf8mb4_unicode_ci DEFAULT NULL,
  `type` varchar(255) CHARACTER SET utf8mb4 COLLATE utf8mb4_unicode_ci DEFAULT NULL,
  `new_log` varchar(255) CHARACTER SET utf8mb4 COLLATE utf8mb4_unicode_ci DEFAULT NULL,
  `identifiant` varchar(255) CHARACTER SET utf8mb4 COLLATE utf8mb4_unicode_ci DEFAULT NULL,
  `secteur_id` int DEFAULT NULL,
  `apporteur` json DEFAULT NULL,
  `en_charge_id` int DEFAULT NULL,
  `conv_recurrent` json DEFAULT NULL,
  `events_archives` json DEFAULT NULL
) ENGINE=InnoDB DEFAULT CHARSET=utf8mb4 COLLATE=utf8mb4_unicode_ci;

--
-- Déchargement des données de la table `user`
--

INSERT INTO `user` (`id`, `departement_id`, `grade_id`, `parrain_id`, `username`, `roles`, `password`, `prenom`, `nom`, `image`, `cle_password`, `status`, `nombre_echec`, `email`, `date_creation`, `date_fin`, `fonction`, `adresse`, `type_contrat`, `matricule`, `fichier`, `taux_horaire`, `raison_sociale`, `objet_social`, `ninea`, `adress_entreprise`, `telephone_entreprise`, `nom_dirigeant`, `telephone`, `type`, `new_log`, `identifiant`, `secteur_id`, `apporteur`, `en_charge_id`, `conv_recurrent`, `events_archives`) VALUES
(1, 15, 31, NULL, 'layendoyesn@gmail.com', '[\"ROLE_SuperAdmin\"]', '$argon2id$v=19$m=65536,t=4,p=1$QJ0/MpJgDVJa5sFGzZNP2g$Rx1XnNdGXSUgAMBK+y9W0yEIh+89PkvHpU2JbeO4HhQ', 'Abdoulaye', 'Ndoye', '[\"3e1b89271ebcfdff3fabacd70ba4ef45.png\"]', '', 'active', 0, 'layendoyesn@gmail.com', '2019-12-12 14:04:49', NULL, 'Super Administrateur', 'Dakar', NULL, NULL, '[]', NULL, NULL, NULL, NULL, NULL, NULL, NULL, '771050106', 'SuperAdmin', '', NULL, NULL, NULL, NULL, '[7, 4]', '[10, 25, 17]'),
(2, 12, 29, 1, 'devyaya@gmail.com', '[\"ROLE_Admin\"]', '$argon2id$v=19$m=65536,t=4,p=1$zb55/knfkvEJQQhVLH4E0w$6KoRR6gK77fXO+GYrcqRW7pMHKLLAggSPqaugpd+SvI', 'Yaya', 'Ly', '[\"pp.png\"]', NULL, 'active', 0, 'devyaya@gmail.com', '2019-12-20 00:00:00', NULL, 'Partner - Conseil', 'Ngor', 'Contrat à Durée Indéterminer', 'ASM02145', '[[\"SATransfert.pdf\", \"f478800551351891b9272c5a1fbc95ab.pdf\"], [\"Sans nom 1.pdf\", \"07d351dcc61f96648663e1830ce727f8.pdf\"]]', '5000', NULL, NULL, NULL, NULL, NULL, NULL, '77452146', 'Admin&Collaborateur', '', NULL, NULL, NULL, NULL, '[11, 35]', '[17, 28]'),
(4, NULL, NULL, NULL, 'SonatelSA@asma-conseil.com', '[\"ROLE_Client\", \"ROLE_USER\"]', '$argon2id$v=19$m=65536,t=4,p=1$6J2N6yBQbE7M96dxRKQHbw$xKItBPQ0yNCJaTgMi4f5IMFFs/XKXmcjq/ELzxvk5wc', '', '', '[\"exemple.jpg\", \"009194b3d400cf7eb4dfcf04e2ca238a.jpeg\"]', NULL, 'active', 0, '', '2019-12-17 11:00:29', NULL, '', NULL, NULL, '', '[[\"USE CASE PHASE 1.docx\", \"a3424e390c96157d784688a1ec8580e0.docx\"], [\"USE CASE PHASE 1.docx\", \"6014613b1e756233ebb196691c9885f0.docx\"], [\"Capture d’écran de 2019-12-26 15-15-54.png\", \"ac4b28b70c2d02704d1e27d6469a0228.png\"], [\"u.pdf\", \"7adaeae0038aca52902ed6da09fd0254.pdf\"], [\"logo.png\", \"71b3b7bcb7877e31fd5b85f5d2e78c7e.png\"], [\"u.pdf\", \"854667b9d831bb54a6e6bb204df4a84d.pdf\"]]', NULL, 'Sonatel SA', 'Télécommunication', '0142 54125', 'Sacré coeur villa N 142', '3385412541', 'Sekou Dramee', '', 'client', '', 'DOSP2000120', 1, '[\"out\", \"Amadou Ba\", \"DAF\", \"77 105 01 06\"]', 2, NULL, NULL),
(5, NULL, NULL, NULL, 'ODC@asma-conseil.com', '[\"ROLE_Client\"]', '$argon2id$v=19$m=65536,t=4,p=1$6J2N6yBQbE7M96dxRKQHbw$xKItBPQ0yNCJaTgMi4f5IMFFs/XKXmcjq/ELzxvk5wc', '', '', '[\"exemple.jpg\", \"exemple2.png\"]', NULL, 'active', 0, '', '2019-12-17 11:23:21', NULL, '', NULL, NULL, NULL, '[[\"Lettre de mission\", \"9a5da11f3e9777023379dd307e6c68ce.png\"], [\"Lettre de mission 2\", \"a89018f2c32a67e03e50ad6ee9368dbf.png\"], [\"Lettre de mission 3\", \"336de8ff9dd43104f7393a3e0d873fd1.png\"]]', NULL, 'ODC', 'Digital Center', '0142 54145', 'Mermoz VDN', '3385412574', 'Daouda Diouf', '', 'prospect', NULL, 'DOSP2010120', 1, '[\"in\", \"21\", \"\", \"\"]', 21, NULL, NULL),
(6, NULL, NULL, NULL, 'AZEDS@asma-conseil.com', '[\"ROLE_Client\"]', '$argon2id$v=19$m=65536,t=4,p=1$6J2N6yBQbE7M96dxRKQHbw$xKItBPQ0yNCJaTgMi4f5IMFFs/XKXmcjq/ELzxvk5wc', '', '', '[\"exemple.jpg\", \"exemple2.png\"]', NULL, 'active', NULL, '', '2019-12-17 13:28:12', NULL, '', NULL, NULL, NULL, '[[\"Lettre de mission\", \"6bf569cbde03a8b95e6e37de13876e59.png\"], [\"Lettre de mission 2\", \"e469f473c7989632b8a5ba2ac1341363.png\"], [\"Lettre de mission 3\", \"4432658af042c6b74916669278880f49.png\"]]', NULL, 'AZEDS', 'Vente en gros', '0142 547520', 'Mermoz', '3385412710', 'Mor Seck', '', 'prospect', NULL, 'DOSP2020120', 1, '[\"in\", \"21\"]', 1, NULL, NULL),
(7, NULL, NULL, NULL, 'ACT@asma-conseil.com', '[\"ROLE_Client\", \"ROLE_USER\"]', '$argon2id$v=19$m=65536,t=4,p=1$6J2N6yBQbE7M96dxRKQHbw$xKItBPQ0yNCJaTgMi4f5IMFFs/XKXmcjq/ELzxvk5wc', '', '', '[\"exemple.jpg\", \"exemple2.png\"]', NULL, 'active', 0, '', '2019-12-17 15:42:50', NULL, '', NULL, NULL, NULL, '[[\"Lettre de mission\", \"d8736e1c5df76b502087c155dc63966c.png\"], [\"Lettre de mission 2\", \"7723724f5ea1cc8213e0eff297f1db7c.png\"], [\"Lettre de mission 3\", \"55bcedbcab3b4854091e49f5ac24ef93.png\"]]', NULL, 'ACT', 'Transport', '0142 54774527', 'Damel', '3385482710', 'Eva Ndoye', '', 'client', NULL, 'DOSP2030120', 1, '[\"in\", \"21\", \"\", \"\"]', 1, NULL, NULL),
(8, NULL, NULL, NULL, 'NGAH@asma-conseil.com', '[\"ROLE_Client\"]', '$argon2id$v=19$m=65536,t=4,p=1$6J2N6yBQbE7M96dxRKQHbw$xKItBPQ0yNCJaTgMi4f5IMFFs/XKXmcjq/ELzxvk5wc', '', '', '[\"exemple.jpg\", \"exemple2.png\"]', NULL, 'active', NULL, '', '2019-12-18 14:33:46', NULL, '', NULL, NULL, NULL, '[[\"Capture d’écran de 2019-04-22 12-26-02.png\", \"3adac6f796029cc4a1a17871a8634548.png\"], [\"Capture d’écran de 2019-04-24 08-33-37.png\", \"865686d5d53a5a05f0ba338017209f6f.png\"], [\"Capture d’écran de 2019-04-30 10-22-35.png\", \"7a6bb5281e5be0e1b824fe958d9789ce.png\"]]', NULL, 'NGAH', 'BTP', '142 54774524', 'St Louis', '3385484120', 'Maimouna Diop', '', 'prospect', NULL, 'DOSP2040120', 1, '[\"in\", \"21\"]', 1, NULL, NULL),
(9, NULL, NULL, NULL, 'REGL@asma-conseil.com', '[\"ROLE_Client\"]', '$argon2id$v=19$m=65536,t=4,p=1$6J2N6yBQbE7M96dxRKQHbw$xKItBPQ0yNCJaTgMi4f5IMFFs/XKXmcjq/ELzxvk5wc', '', '', '[\"exemple.jpg\", \"exemple2.png\"]', NULL, 'active', NULL, '', '2019-12-19 12:59:06', NULL, '', NULL, NULL, NULL, '[[\"USE CASE PHASE 2.docx\", \"06cacfc2cdf5a9d92bbef6b695ea11ce.docx\"]]', NULL, 'REGB', 'Gestion DFB', '7415 1424 8562', 'Yoff', '33 854 21 56', 'Saliou Ndiaye', '', 'prospect', NULL, 'DOSP2050120', 1, '[\"in\", \"21\"]', 1, NULL, NULL),
(11, NULL, NULL, NULL, 'aaaa@asma-conseil.com', '[\"ROLE_Client\"]', '$argon2id$v=19$m=65536,t=4,p=1$6J2N6yBQbE7M96dxRKQHbw$xKItBPQ0yNCJaTgMi4f5IMFFs/XKXmcjq/ELzxvk5wc', '', '', '[\"exemple.jpg\", \"exemple2.png\"]', NULL, 'active', NULL, '', '2019-12-20 17:59:11', NULL, '', NULL, NULL, NULL, '[[\"photo_2019-11-15_19-35-07.jpg\", \"78db5605c10f5739edae05aa9835a411.jpeg\"], [\"backlog_degloul.ods\", \"98530f5331115798b4c0150698ca7fe5.ods\"], [\"CDC DEGLOUL 15112019.pdf\", \"55efabb20fa2f58a7248f1b928276031.pdf\"], [\"Sans nom 1.pdf\", \"f8a4663feb81caa17758b89b69120c0a.pdf\"]]', NULL, 'BOAS', 'Banque', '7752141', 'Yoff', '338562145', 'Omar Diouff', '', 'prospect', NULL, 'DOSP2060120', 1, '[\"in\", \"21\"]', 1, NULL, NULL),
(12, NULL, NULL, NULL, 'NGAH1@asma-conseil.com', '[\"ROLE_Client\"]', 'azerty', '', '', '[\"exemple.jpg\", \"exemple2.png\"]', NULL, 'attente save', NULL, '', '2019-12-24 13:33:11', NULL, '', NULL, NULL, NULL, '[[\"Capture d’écran de 2019-04-22 12-26-02.png\", \"75c1787263e7a61be0ff5f84ceeb237b.png\"], [\"Capture d’écran de 2019-04-24 08-33-37.png\", \"8244e31c709d8779f192471bad9985b7.png\"], [\"Capture d’écran de 2019-04-30 10-22-35.png\", \"2934cbb4082ebeb4ab9f993b26068a7c.png\"]]', NULL, 'NGAH', 'BTP', '142 547745248', 'St Louis', '3385484123', 'Maimouna Diop', '', 'prospect', NULL, 'DOSP2070120', 1, '[\"in\", \"21\"]', 1, NULL, NULL),
(13, NULL, NULL, NULL, 'kkkkk@asma-conseil.com', '[\"Role_Client\", \"ROLE_USER\"]', 'azerty', '', '', '[\"exemple.jpg\", \"exemple2.png\"]', NULL, 'active', NULL, '', '2019-12-24 14:01:11', NULL, '', NULL, NULL, NULL, '[[\"USE CASE PHASE 1.docx\", \"b64516d5943e82f7d37308bbe08c4974.docx\"], [\"photo_2019-11-15_19-35-07.jpg\", \"ca53e11e022c77b2a3dbbc69ac1b6483.jpeg\"]]', NULL, 'Impaxis', 'SGI', '014521', 'Ngor', '338254631', 'Ibou Ndiaye', '', 'prospect', NULL, 'DOSP2080120', 1, '[\"in\", \"21\"]', 1, NULL, NULL),
(15, NULL, NULL, NULL, 'fffghbb@asma-conseil.com', '[\"Role_Client\", \"ROLE_USER\"]', 'azerty', '', '', '[\"exemple.jpg\", \"exemple2.png\"]', NULL, 'bloque', NULL, '', '2019-12-27 17:38:08', NULL, '', NULL, NULL, NULL, '[[\"Sans nom 1.pdf\", \"bcc4e6ba82ee06a641f8ec5e8648c620.pdf\"], [\"Capture d’écran de 2019-12-26 09-15-21.png\", \"9bc254e63f561c73888c67437fce3d4b.png\"]]', NULL, 'SENE INFO', 'Presse', '774 254 6522', 'Ngor', '338567925', 'bbb', '', 'prospect', NULL, 'DOSP2090120', 1, '[\"in\", \"21\"]', 1, NULL, NULL),
(16, NULL, NULL, NULL, 'jjj@asma-conseil.com', '[\"Role_Client\", \"ROLE_USER\"]', 'azerty', '', '', '[\"exemple.jpg\", \"7c4e394cc4962f5032b9f1cddb4dc8c8.jpeg\"]', NULL, 'bloque', NULL, '', '2019-12-27 18:08:27', NULL, '', NULL, NULL, NULL, '[]', NULL, 'YL INC', 'Vente en ligne', '745 0411 555', 'Mermoz', '338452145', 'aa', '', 'prospect', NULL, 'DOSP2100120', 1, '[\"in\", \"21\"]', 1, NULL, NULL),
(17, NULL, NULL, NULL, 'SERM@asma-conseil.com', '[\"Role_Client\", \"ROLE_USER\"]', 'azerty', '', '', '[\"exemple.jpg\", \"e8fdf989cc0241c6080487102b276487.png\"]', NULL, 'active', NULL, '', '2019-12-31 13:48:30', NULL, '', NULL, NULL, NULL, '[]', NULL, 'SERM', 'Restauration', '77452 552 55664', 'Mermoz', '336524168', 'Rama Diouf', '', 'prospect', NULL, 'DOSP2110120', 1, '[\"in\", \"21\", \"\", \"\"]', 1, NULL, NULL),
(18, NULL, NULL, NULL, 'HGM@asma-conseil.com', '[\"Role_Client\"]', 'azerty', '', '', '[\"exemple.jpg\", \"exemple2.png\"]', NULL, 'active', NULL, '', '2019-12-31 14:08:20', NULL, '', NULL, NULL, NULL, '[]', NULL, 'HGM', 'Finance', '88544 55155', 'Mermoz', '774563208', 'Mamadou Kane', '', 'prospect', NULL, 'DOSP2120120', 1, '[\"in\", \"21\"]', 1, NULL, NULL),
(19, NULL, NULL, NULL, 'SA@asma-conseil.com', '[\"Role_Client\", \"ROLE_USER\"]', 'azerty', '', '', '[\"exemple.jpg\", \"exemple2.png\"]', NULL, 'active', NULL, '', '2019-12-31 14:10:16', NULL, '', NULL, NULL, NULL, '[]', NULL, 'SA', 'CD', '78546 2145637', 'Mermoz', '385462541', 'Daouda Diouf', '', 'client', NULL, 'DOSP2130120', 1, '[\"in\", \"21\", \"\", \"\"]', 1, NULL, NULL),
(20, 11, 29, 2, 'OmBa@asma-conseil.com', '[\"ROLE_Admin\"]', '$argon2id$v=19$m=65536,t=4,p=1$QJ0/MpJgDVJa5sFGzZNP2g$Rx1XnNdGXSUgAMBK+y9W0yEIh+89PkvHpU2JbeO4HhQ', 'Omar', 'Ba', '[\"exemple.jpg\"]', NULL, 'active', 0, 'omarB@gmail.com', '2020-01-02 10:22:50', NULL, 'Partner - Audit', 'aa', 'Contrat à Durée Déterminée', 'aaaaaa', '[[\"IMG-20191226-WA0020.jpg\", \"295e12998db1a00680398a9789e4c0e9.jpeg\"], [\"IMG-20191226-WA0020.jpg\", \"0513d29e223b3e7c71cbc868c2de1b2c.jpeg\"]]', '5000', NULL, NULL, NULL, NULL, NULL, NULL, '7777', 'Admin&Collaborateur', NULL, NULL, NULL, NULL, NULL, NULL, NULL),
(21, 13, 30, 20, 'daouda@asma-conseil.com', '[\"ROLE_Collaborateur\"]', '$argon2id$v=19$m=65536,t=4,p=1$QJ0/MpJgDVJa5sFGzZNP2g$Rx1XnNdGXSUgAMBK+y9W0yEIh+89PkvHpU2JbeO4HhQ', 'Daouda', 'Diouf', '[\"ee1149d44a18e19ed57ced8e1106d84f.jpeg\"]', NULL, 'active', 0, 'daoudiouf@gmail.com', '2020-01-03 09:34:15', NULL, 'Directeur - Conseil', 'Mermoz', 'Contrat à Durée Déterminée', 'kkllll', '[[\"USE CASE PHASE 2 (1).docx\", \"747ba85a53f5cf34407a6914f25e499e.docx\"], [\"Etude technico-financiere.pdf\", \"9417be84049b0205e446c162f54d7811.pdf\"]]', '500', NULL, NULL, NULL, NULL, NULL, NULL, '778523014', 'Collaborateur', NULL, NULL, NULL, NULL, NULL, NULL, NULL),
(22, 15, 41, 20, 'amadou@asma-conseil.com', '[\"ROLE_Collaborateur\"]', '$argon2id$v=19$m=65536,t=4,p=1$QJ0/MpJgDVJa5sFGzZNP2g$Rx1XnNdGXSUgAMBK+y9W0yEIh+89PkvHpU2JbeO4HhQ', 'Amadou', 'Ndiaye', '[\"exemple.jpg\"]', NULL, 'active', 0, 'amand@gmail.com', '2020-01-03 13:02:50', NULL, 'Office manager', 'Mermoz', 'Contrat à Durée Indéterminée', 'ASM875', '[[\"exemple.jpg\", \"a0278f61797ef652cb9ae1807f042d20.jpeg\"], [\"SATransfert.pdf\", \"1eb3d1f1fa3f6f9ab6144394493347e7.pdf\"]]', '500', NULL, NULL, NULL, NULL, NULL, NULL, '778563241', 'Collaborateur', NULL, NULL, NULL, NULL, NULL, NULL, NULL),
(23, 14, 33, 22, 'astou@asma-conseil.com', '[\"ROLE_Admin\"]', '$argon2id$v=19$m=65536,t=4,p=1$QJ0/MpJgDVJa5sFGzZNP2g$Rx1XnNdGXSUgAMBK+y9W0yEIh+89PkvHpU2JbeO4HhQ', 'Astou', 'Ndiaye', '[\"exemple.jpg\"]', NULL, 'active', 0, 'ndiayeast@gmail.com', '2020-01-03 14:12:11', NULL, 'Comptable Superviseur', 'Nord foire', 'Contrat à Durée Déterminée', 'ASM5462', '[[\"exemple.jpg\", \"f5a706ee0cf59586a57ee217b89703f3.jpeg\"], [\"9.jpg\", \"c34544b57a861f4d85008d0a5828d2f5.jpeg\"], [\"books.sql\", \"7a50f7d66f568c86c42b1f65c893c7c3.bin\"], [\"borrows.sql\", \"09d556a7ff1abd0871b18381ec3e7ab1.\"], [\"Sonatel_500.jpg\", \"5566b614cb825e0c0df7831986aaa915.jpeg\"]]', '600', NULL, NULL, NULL, NULL, NULL, NULL, '779635241', 'Admin&Collaborateur', NULL, NULL, NULL, NULL, NULL, NULL, NULL),
(24, 11, 31, 23, 'ahmed@asma-conseil.com', '[\"ROLE_Admin\"]', '$argon2id$v=19$m=65536,t=4,p=1$QJ0/MpJgDVJa5sFGzZNP2g$Rx1XnNdGXSUgAMBK+y9W0yEIh+89PkvHpU2JbeO4HhQ', 'Ahmed', 'Ciss', '[\"1a71c2f29376b39adb4e47f559bec7f9.jpeg\"]', NULL, 'bloque', 0, 'ahmedciss@gmail.com', '2020-01-03 15:56:08', NULL, 'Senior Manager Audit', 'PM', 'Contrat à Durée Indéterminée', 'ASM5412', '[[\"Sans nom 1.pdf\", \"43312fc6e69dc9eece72b08b3db19a19.pdf\"], [\"exemple2.png\", \"1481a12d8cbc6b8bc784e5fe58db6261.png\"], [\"logo.png\", \"8f48a1e65bb84e9838f649cfd150f743.png\"]]', '1000', NULL, NULL, NULL, NULL, NULL, NULL, '778544646', 'Admin&Collaborateur', NULL, NULL, NULL, NULL, NULL, NULL, NULL),
(35, NULL, NULL, NULL, 'RSS@asma-conseil.com', '[\"Role_Client\", \"ROLE_USER\"]', 'azerty', NULL, NULL, '[\"exemple.jpg\", \"exemple2.png\"]', NULL, 'active', NULL, NULL, '2020-01-24 10:03:54', NULL, NULL, NULL, NULL, NULL, '[[\"Feuille de calcul sans titre.xlsx\", \"ea80231e4a5f307b7a2a1fbd320eb721.xlsx\"], [\"ACTIVITE .xlsx\", \"ce05fabf5f8eeff24fbc7da1e6e549fc.zip\"]]', NULL, 'RSS', 'Marketing', '7865412589445', 'Yoff', '338654214', 'Amadou Ndiaye', NULL, 'prospect', '1', 'PDOS2140120', 112, '[\"in\", \"22\", \"\", \"\"]', 23, NULL, NULL),
(36, 13, 31, 22, 'OmarDiop@asma-conseil.com', '[\"ROLE_Admin\"]', '$argon2id$v=19$m=65536,t=4,p=1$QJ0/MpJgDVJa5sFGzZNP2g$Rx1XnNdGXSUgAMBK+y9W0yEIh+89PkvHpU2JbeO4HhQ', 'Omar', 'Diop', '[\"exemple.jpg\"]', NULL, 'active', 0, 'omarDp@gmail.com', '2020-01-24 10:27:50', NULL, 'Consultant Senior Manager', 'Ngor', 'Contrat à Durée Déterminer', 'AS8458', '[[\"Feuille de calcul sans titre.xlsx\", \"b4a5d1c1b4ff3a81e71467db6eca62a0.xlsx\"]]', '500', NULL, NULL, NULL, NULL, NULL, NULL, '778546389', 'Admin', '', NULL, NULL, '[]', NULL, NULL, NULL),
(37, 12, 31, 20, 'ibrahim@asma-conseil.com', '[\"ROLE_Collaborateur\"]', '$argon2id$v=19$m=65536,t=4,p=1$QJ0/MpJgDVJa5sFGzZNP2g$Rx1XnNdGXSUgAMBK+y9W0yEIh+89PkvHpU2JbeO4HhQ', 'Ibrahima', 'Diop', '[\"exemple.jpg\"]', NULL, 'active', 0, 'ibrahimaDiop@gmail.com', '2020-02-04 09:51:30', NULL, 'Consultant Senior Manager', 'Mamelle', 'Contrat à Durée Indéterminée', 'AS845263', '[[\"ACTIVITE .xlsx\", \"fcf24088749ef4f2c2362832cd457212.zip\"]]', '1500', NULL, NULL, NULL, NULL, NULL, NULL, '774521893', 'Collaborateur', '', NULL, NULL, '[]', NULL, NULL, NULL),
(38, 13, 31, 2, 'uuuu@aaa.com', '[\"ROLE_Collaborateur\"]', '$argon2id$v=19$m=65536,t=4,p=1$QJ0/MpJgDVJa5sFGzZNP2g$Rx1XnNdGXSUgAMBK+y9W0yEIh+89PkvHpU2JbeO4HhQ', 'Assane', 'Ndoye', '[\"exemple.jpg\"]', NULL, 'active', 0, 'ddd@gmail.com', '2020-02-07 18:03:42', NULL, 'Consultant Senior Manager', 'iiii', 'Contrat à Durée Indéterminée', 'uuuuuuu', '[]', '10000', NULL, NULL, NULL, NULL, NULL, NULL, '55555774', 'Collaborateur', '', NULL, NULL, '[]', NULL, NULL, NULL),
(39, 12, 31, 22, 'ddd@gmail.com', '[\"ROLE_Collaborateur\"]', '$argon2id$v=19$m=65536,t=4,p=1$zoF7OS8vbCbkj94IfaHJmg$0tcTm/V8yBjxWVv8ZbzjNGBTGRxTPZFUZjq23SSudV4', 'Maimouna', 'Diop', '[\"exemple.jpg\"]', NULL, 'active', 2, 'maiDiop@gmail.com', '2020-02-07 18:05:35', NULL, 'Consultant Senior Manager', 'asder', 'Contrat de Stage', 'aaaaa', '[]', '1000', NULL, NULL, NULL, NULL, NULL, NULL, '854625', 'Collaborateur', '1', NULL, NULL, '[]', NULL, NULL, NULL),
(40, NULL, NULL, NULL, 'SadikhNA@asma-conseil.com', '[\"Role_Client\", \"ROLE_USER\"]', 'azerty', NULL, NULL, '[\"exemple.jpg\", \"exemple2.png\"]', NULL, 'active', NULL, NULL, '2020-05-31 20:23:18', NULL, NULL, NULL, NULL, NULL, '[[\"CoudPAN.pdf\", \"dd94ee0ef4a492ff9f43e0ba106d8f90.pdf\"], [\"sujetDeStage.docx\", \"fdfacf97ca0b34ac9cb3a0b5e8fc156a.bin\"]]', NULL, 'Sadikh NA', 'Numérique', '1870199600', 'Guédiawaye Hamo 6', '338772408', 'Ababacar Sadikh GUEYE', NULL, 'prospect', '1', 'PDOS2150520', 112, '[\"in\", \"2\", \"\", \"\"]', 2, '[]', '[]');

-- --------------------------------------------------------

--
-- Structure de la table `user_dossier_msg`
--

CREATE TABLE `user_dossier_msg` (
  `user_id` int NOT NULL,
  `dossier_msg_id` int NOT NULL
) ENGINE=InnoDB DEFAULT CHARSET=utf8mb4 COLLATE=utf8mb4_unicode_ci;

--
-- Déchargement des données de la table `user_dossier_msg`
--

INSERT INTO `user_dossier_msg` (`user_id`, `dossier_msg_id`) VALUES
(1, 1),
(1, 2),
(1, 3),
(1, 4),
(1, 6),
(1, 7),
(2, 1),
(2, 2),
(2, 3),
(2, 4),
(2, 8),
(20, 1),
(20, 2),
(20, 3),
(20, 4),
(21, 1),
(21, 2),
(21, 3),
(21, 4),
(22, 1),
(22, 2),
(22, 3),
(22, 4),
(23, 1),
(23, 2),
(23, 3),
(23, 4),
(24, 1),
(24, 2),
(24, 3),
(24, 4),
(36, 1),
(36, 2),
(36, 3),
(36, 4),
(37, 1),
(37, 2),
(37, 3),
(37, 4),
(38, 1),
(38, 2),
(38, 3),
(38, 4),
(39, 1),
(39, 2),
(39, 3),
(39, 4);

-- --------------------------------------------------------

--
-- Structure de la table `user_groupe`
--

CREATE TABLE `user_groupe` (
  `id` int NOT NULL,
  `groupe_id` int DEFAULT NULL,
  `user_id` int DEFAULT NULL,
  `date_ajout` datetime NOT NULL,
  `history` varchar(255) CHARACTER SET utf8mb4 COLLATE utf8mb4_unicode_ci NOT NULL,
  `status` varchar(255) CHARACTER SET utf8mb4 COLLATE utf8mb4_unicode_ci DEFAULT NULL,
  `fin` datetime DEFAULT NULL
) ENGINE=InnoDB DEFAULT CHARSET=utf8mb4 COLLATE=utf8mb4_unicode_ci;

-- --------------------------------------------------------

--
-- Structure de la table `user_notif`
--

CREATE TABLE `user_notif` (
  `id` int NOT NULL,
  `notification_id` int DEFAULT NULL,
  `recepteur_id` int DEFAULT NULL,
  `status` int NOT NULL,
  `dossier` varchar(255) CHARACTER SET utf8mb4 COLLATE utf8mb4_unicode_ci DEFAULT NULL
) ENGINE=InnoDB DEFAULT CHARSET=utf8mb4 COLLATE=utf8mb4_unicode_ci;

--
-- Déchargement des données de la table `user_notif`
--

INSERT INTO `user_notif` (`id`, `notification_id`, `recepteur_id`, `status`, `dossier`) VALUES
(1, 1, 1, 1, ''),
(2, 3, 1, 1, ''),
(3, 4, 1, 1, ''),
(4, 5, 1, 1, ''),
(5, 6, 1, 1, ''),
(6, 7, 1, 1, ''),
(7, 8, 1, 1, ''),
(8, 13, 1, 1, ''),
(9, 14, 1, 1, ''),
(10, 15, 1, 1, ''),
(11, 16, 1, 1, ''),
(12, 64, 22, 0, ''),
(13, 65, 20, 0, ''),
(14, 66, 23, 1, ''),
(15, 67, 1, 1, ''),
(16, 68, 2, 1, ''),
(17, 69, 22, 0, ''),
(18, 70, 1, 1, ''),
(19, 71, 22, 0, ''),
(20, 72, 1, 1, ''),
(21, 73, 1, 1, ''),
(22, 74, 1, 1, ''),
(23, 30, 1, 0, ''),
(24, 31, 1, 0, ''),
(66, 111, 1, 1, NULL),
(67, 112, 1, 1, NULL),
(68, 113, 1, 1, NULL),
(80, 124, 37, 0, NULL),
(81, 125, 36, 1, NULL),
(82, 126, 23, 1, NULL),
(83, 127, 2, 1, NULL),
(84, 128, 1, 1, NULL),
(85, 129, 1, 1, NULL),
(86, 130, 22, 0, NULL),
(87, 131, 1, 1, NULL),
(88, 132, 23, 1, NULL),
(89, 133, 22, 0, NULL),
(90, 134, 23, 1, NULL),
(91, 135, 1, 1, NULL),
(92, 136, 24, 0, NULL),
(93, 137, 1, 1, NULL),
(94, 138, 23, 1, NULL),
(95, 139, 36, 1, NULL),
(96, 139, 20, 0, NULL),
(97, 140, 20, 0, NULL),
(98, 141, 36, 1, NULL),
(99, 142, 37, 0, NULL),
(100, 143, 23, 1, NULL),
(101, 144, 22, 0, NULL),
(102, 145, 2, 1, NULL),
(103, 146, 20, 0, NULL),
(104, 146, 23, 1, NULL),
(105, 146, 24, 0, NULL),
(106, 147, 24, 0, NULL),
(107, 148, 2, 1, NULL),
(108, 149, 36, 1, NULL),
(109, 149, 21, 1, NULL),
(110, 149, 24, 0, NULL),
(116, 153, 36, 1, NULL),
(117, 154, 2, 1, NULL),
(131, 158, 1, 1, 'Boîte de réception'),
(132, 158, 36, 1, 'Boîte de réception'),
(133, 158, 21, 1, 'Boîte de réception'),
(134, 159, 2, 1, 'Boîte de réception'),
(135, 159, 36, 1, 'Boîte de réception'),
(136, 159, 23, 1, 'Boîte de réception'),
(137, 160, 2, 1, 'Boîte de réception'),
(138, 160, 36, 1, 'Boîte de réception'),
(139, 161, 2, 1, 'Boîte de réception'),
(140, 161, 36, 1, 'Boîte de réception'),
(141, 162, 2, 1, 'Boîte de réception'),
(142, 162, 36, 1, 'Boîte de réception'),
(143, 163, 2, 1, 'Boîte de réception'),
(144, 163, 36, 1, 'Boîte de réception'),
(145, 164, 2, 1, 'Boîte de réception'),
(146, 164, 36, 1, 'Boîte de réception'),
(147, 165, 1, 1, 'Boîte de réception'),
(148, 165, 36, 1, 'Boîte de réception'),
(149, 166, 1, 1, 'Boîte de réception'),
(150, 167, 1, 1, 'Boîte de réception'),
(151, 168, 1, 1, 'Boîte de réception'),
(152, 169, 1, 1, 'Sonatel'),
(153, 170, 1, 1, NULL),
(154, 171, 1, 1, NULL),
(155, 172, 1, 1, NULL),
(156, 173, 20, 0, NULL),
(157, 174, 2, 1, NULL),
(158, 175, 2, 1, NULL),
(160, 176, 1, 1, NULL),
(161, 177, 1, 1, NULL),
(162, 178, 1, 1, NULL),
(163, 179, 1, 1, NULL),
(164, 180, 1, 1, NULL),
(165, 181, 1, 1, NULL),
(166, 182, 2, 1, NULL),
(167, 183, 2, 1, NULL),
(168, 184, 2, 1, NULL),
(169, 185, 2, 1, NULL),
(170, 186, 24, 0, NULL),
(171, 187, 1, 1, NULL),
(172, 188, 1, 1, NULL),
(173, 189, 2, 1, NULL),
(174, 190, 1, 1, NULL),
(175, 191, 1, 1, NULL),
(176, 192, 1, 1, NULL),
(177, 193, 1, 1, NULL),
(178, 194, 1, 1, NULL),
(179, 195, 2, 1, NULL),
(180, 196, 2, 1, NULL),
(181, 197, 2, 1, NULL),
(182, 198, 2, 1, NULL),
(183, 199, 1, 1, NULL),
(184, 200, 1, 1, NULL),
(185, 201, 1, 1, NULL),
(186, 202, 1, 1, NULL),
(187, 203, 1, 1, NULL),
(188, 204, 1, 1, NULL),
(189, 205, 2, 1, NULL),
(190, 206, 2, 1, NULL),
(191, 207, 2, 1, NULL),
(192, 208, 2, 1, NULL),
(193, 209, 2, 1, NULL),
(194, 210, 1, 1, NULL),
(195, 211, 1, 1, NULL),
(196, 212, 1, 1, NULL),
(197, 213, 2, 1, NULL),
(198, 214, 1, 1, NULL),
(199, 215, 1, 1, NULL),
(200, 216, 1, 1, NULL),
(201, 217, 1, 1, NULL),
(202, 218, 1, 1, NULL),
(203, 219, 21, 1, NULL),
(204, 220, 2, 1, NULL),
(205, 221, 1, 1, NULL),
(206, 222, 1, 1, NULL),
(207, 223, 1, 1, NULL),
(208, 224, 2, 1, NULL),
(209, 225, 2, 1, NULL),
(210, 226, 1, 1, NULL),
(211, 227, 2, 1, NULL),
(212, 228, 1, 1, NULL),
(213, 229, 2, 1, NULL),
(214, 230, 2, 1, NULL),
(215, 231, 2, 1, NULL),
(216, 232, 1, 1, NULL),
(217, 233, 1, 1, NULL),
(218, 234, 1, 1, NULL),
(219, 235, 2, 1, NULL),
(220, 236, 2, 1, NULL),
(221, 237, 1, 1, NULL),
(222, 238, 1, 1, NULL),
(223, 239, 1, 1, NULL),
(224, 240, 1, 1, NULL),
(225, 241, 1, 1, NULL),
(226, 242, 1, 1, NULL),
(227, 243, 2, 1, NULL),
(228, 244, 2, 1, NULL),
(229, 245, 2, 1, NULL),
(230, 246, 23, 1, NULL),
(231, 247, 2, 1, NULL),
(232, 248, 2, 1, NULL),
(233, 248, 2, 1, NULL),
(234, 249, 2, 1, NULL),
(235, 250, 1, 1, NULL),
(236, 251, 2, 1, NULL),
(237, 252, 21, 1, NULL),
(238, 253, 2, 1, NULL),
(239, 254, 2, 1, NULL),
(240, 255, 21, 1, NULL),
(241, 256, 21, 1, NULL),
(242, 257, 1, 1, NULL),
(243, 258, 2, 1, NULL),
(244, 259, 2, 1, NULL),
(245, 260, 2, 1, NULL),
(246, 260, 21, 1, NULL),
(247, 261, 21, 1, NULL),
(248, 262, 1, 1, NULL),
(249, 263, 2, 1, NULL),
(250, 264, 1, 1, NULL),
(251, 264, 21, 1, NULL),
(252, 265, 21, 1, NULL),
(253, 266, 2, 1, NULL),
(254, 267, 21, 1, NULL),
(255, 268, 1, 1, NULL),
(256, 269, 2, 1, NULL),
(257, 270, 21, 1, NULL),
(258, 271, 2, 1, NULL),
(259, 272, 21, 1, NULL),
(260, 273, 21, 1, NULL),
(261, 274, 1, 1, NULL),
(262, 275, 2, 1, NULL),
(263, 276, 23, 1, NULL),
(264, 277, 2, 1, NULL),
(265, 277, 21, 1, NULL),
(266, 278, 21, 1, NULL),
(267, 279, 21, 1, NULL),
(268, 280, 21, 1, NULL),
(269, 281, 2, 1, NULL),
(270, 282, 1, 1, NULL),
(271, 283, 1, 1, NULL),
(272, 284, 2, 1, NULL),
(273, 285, 2, 1, NULL),
(274, 286, 2, 1, NULL),
(275, 287, 1, 1, NULL),
(276, 288, 21, 1, NULL),
(277, 289, 2, 1, NULL),
(278, 290, 2, 1, NULL),
(279, 291, 21, 1, NULL),
(280, 292, 21, 1, NULL),
(281, 293, 21, 1, NULL),
(282, 294, 1, 1, NULL),
(283, 295, 2, 1, NULL),
(284, 296, 2, 1, NULL),
(285, 297, 21, 1, NULL),
(286, 297, 2, 1, NULL),
(287, 298, 21, 1, NULL),
(288, 299, 1, 1, NULL),
(289, 300, 2, 1, NULL),
(290, 301, 21, 1, NULL),
(291, 301, 1, 1, NULL),
(292, 302, 21, 1, NULL),
(293, 303, 1, 1, NULL),
(294, 304, 2, 1, NULL),
(295, 305, 21, 1, NULL),
(296, 306, 2, 1, NULL),
(297, 307, 21, 1, NULL),
(298, 308, 1, 1, NULL),
(299, 309, 2, 1, NULL),
(300, 310, 23, 1, NULL),
(301, 311, 2, 1, NULL),
(302, 311, 21, 1, NULL),
(303, 312, 21, 1, NULL),
(304, 313, 23, 1, NULL),
(305, 314, 1, 1, 'Sonatel'),
(306, 315, 2, 1, 'Boîte de réception'),
(307, 315, 23, 1, 'Boîte de réception'),
(308, 315, 36, 1, 'Boîte de réception'),
(309, 316, 1, 1, 'Important'),
(310, 316, 23, 1, 'Boîte de réception'),
(311, 317, 37, 0, 'Boîte de réception'),
(312, 317, 2, 1, 'Boîte de réception'),
(313, 317, 23, 1, 'Boîte de réception'),
(314, 318, 1, 1, 'Important'),
(315, 318, 37, 0, 'Boîte de réception'),
(316, 319, 2, 1, NULL),
(317, 320, 1, 1, 'Important'),
(318, 321, 1, 1, NULL),
(319, 322, 1, 1, NULL),
(320, 323, 1, 1, NULL),
(321, 324, 2, 1, NULL),
(322, 325, 2, 1, NULL),
(323, 326, 2, 1, NULL),
(324, 327, 1, 1, NULL),
(325, 328, 21, 1, NULL),
(326, 329, 2, 1, NULL),
(327, 330, 2, 1, NULL),
(328, 331, 21, 1, NULL),
(329, 332, 21, 1, NULL),
(330, 333, 21, 1, NULL),
(331, 334, 1, 1, NULL),
(332, 335, 2, 1, NULL),
(333, 336, 2, 1, NULL),
(334, 337, 21, 1, NULL),
(335, 337, 2, 1, NULL),
(336, 338, 21, 1, NULL),
(337, 339, 1, 1, NULL),
(338, 340, 2, 1, NULL),
(339, 341, 21, 1, NULL),
(340, 341, 1, 1, NULL),
(341, 342, 21, 1, NULL),
(342, 343, 1, 1, NULL),
(343, 344, 2, 1, NULL),
(344, 345, 23, 1, NULL),
(345, 346, 2, 1, NULL),
(346, 346, 21, 1, NULL),
(347, 347, 21, 1, NULL),
(348, 348, 22, 0, NULL),
(349, 349, 37, 0, 'Boîte de réception'),
(350, 349, 2, 1, 'Boîte de réception'),
(351, 349, 37, 0, 'Boîte de réception'),
(352, 349, 24, 0, 'Boîte de réception'),
(353, 349, 23, 1, 'Boîte de réception'),
(354, 349, 20, 0, 'Boîte de réception'),
(355, 349, 21, 1, 'Boîte de réception'),
(356, 349, 39, 0, 'Boîte de réception'),
(357, 350, 1, 1, 'Important'),
(358, 350, 37, 0, 'Boîte de réception'),
(359, 350, 37, 0, 'Boîte de réception'),
(360, 350, 24, 0, 'Boîte de réception'),
(361, 350, 23, 1, 'Boîte de réception'),
(362, 350, 20, 0, 'Boîte de réception'),
(363, 350, 38, 1, 'Boîte de réception'),
(364, 351, 2, 1, 'Boîte de réception'),
(365, 352, 2, 1, NULL),
(366, 353, 2, 1, NULL),
(367, 354, 2, 1, NULL),
(368, 355, 2, 1, NULL),
(369, 356, 2, 1, NULL),
(370, 357, 2, 1, NULL),
(371, 358, 2, 1, NULL),
(372, 359, 2, 1, NULL),
(373, 360, 2, 1, NULL),
(374, 361, 39, 0, NULL),
(375, 362, 1, 1, NULL),
(376, 363, 2, 1, NULL),
(377, 364, 1, 1, NULL),
(378, 365, 2, 1, NULL),
(379, 366, 2, 1, NULL),
(380, 367, 2, 1, NULL),
(381, 368, 2, 1, NULL),
(382, 369, 2, 1, NULL),
(383, 370, 2, 1, NULL),
(384, 371, 2, 1, NULL),
(385, 372, 2, 1, NULL),
(386, 373, 2, 1, NULL),
(387, 374, 2, 1, NULL),
(388, 375, 2, 1, NULL),
(389, 376, 2, 1, NULL),
(390, 377, 2, 1, NULL),
(391, 378, 2, 1, NULL),
(392, 379, 2, 1, NULL),
(393, 380, 2, 1, NULL),
(394, 381, 2, 1, NULL),
(395, 382, 2, 1, NULL),
(396, 383, 2, 1, NULL),
(397, 384, 2, 1, NULL),
(398, 385, 2, 1, NULL),
(399, 386, 2, 1, NULL),
(400, 387, 2, 1, NULL),
(401, 388, 2, 1, NULL),
(402, 389, 2, 1, NULL),
(403, 390, 2, 1, NULL),
(404, 391, 2, 1, NULL),
(405, 392, 2, 1, NULL),
(406, 393, 2, 1, NULL),
(407, 394, 2, 1, NULL),
(408, 395, 21, 1, NULL),
(409, 396, 2, 1, NULL),
(410, 397, 21, 1, NULL),
(411, 398, 2, 1, NULL),
(412, 399, 36, 1, NULL),
(413, 400, 2, 1, NULL),
(414, 401, 2, 1, NULL),
(415, 402, 2, 1, NULL),
(416, 403, 23, 1, NULL),
(417, 404, 2, 1, NULL),
(418, 405, 1, 1, NULL),
(419, 406, 1, 1, NULL),
(420, 407, 2, 1, NULL),
(421, 408, 23, 1, NULL),
(422, 409, 2, 1, NULL),
(423, 410, 1, 1, NULL),
(424, 411, 1, 1, NULL),
(425, 412, 23, 1, NULL),
(426, 412, 36, 1, NULL),
(427, 414, 23, 1, NULL),
(428, 414, 36, 1, NULL),
(429, 415, 2, 1, NULL),
(430, 416, 23, 1, NULL),
(431, 416, 36, 1, NULL),
(432, 417, 23, 1, NULL),
(433, 418, 2, 1, NULL),
(434, 419, 1, 1, NULL),
(435, 420, 2, 1, NULL),
(436, 421, 1, 1, NULL),
(437, 422, 2, 1, NULL),
(438, 423, 22, 0, NULL),
(439, 423, 37, 0, NULL),
(440, 424, 2, 1, NULL),
(441, 425, 23, 1, NULL),
(442, 425, 36, 1, NULL),
(443, 426, 21, 1, NULL),
(444, 427, 2, 1, NULL),
(445, 428, 37, 0, NULL),
(446, 428, 23, 1, NULL),
(447, 429, 23, 1, NULL),
(448, 430, 2, 1, NULL),
(449, 431, 23, 1, NULL),
(450, 431, 2, 1, NULL),
(451, 432, 23, 1, NULL),
(452, 432, 23, 1, NULL),
(453, 433, 2, 1, NULL),
(454, 434, 23, 1, NULL),
(455, 434, 1, 1, NULL),
(456, 435, 36, 1, NULL),
(457, 436, 23, 1, NULL),
(458, 437, 23, 1, NULL),
(459, 438, 36, 1, NULL),
(460, 439, 36, 1, NULL),
(461, 440, 2, 1, NULL),
(462, 441, 36, 1, NULL),
(463, 441, 23, 1, NULL),
(464, 442, 36, 1, NULL),
(465, 443, 2, 1, NULL),
(466, 444, 2, 1, NULL),
(467, 445, 1, 1, NULL),
(468, 446, 36, 1, NULL),
(469, 446, 23, 1, NULL),
(470, 446, 2, 1, NULL),
(471, 447, 2, 1, NULL),
(472, 447, 36, 1, NULL),
(473, 448, 21, 1, NULL),
(474, 448, 36, 1, NULL),
(475, 448, 39, 0, NULL),
(476, 449, 2, 1, NULL),
(477, 450, 23, 1, NULL),
(478, 451, 2, 1, NULL),
(479, 452, 1, 1, NULL),
(480, 453, 2, 1, NULL),
(481, 453, 23, 1, NULL),
(482, 454, 20, 0, NULL),
(483, 454, 37, 0, NULL),
(484, 455, 1, 1, NULL),
(485, 456, 2, 1, NULL),
(486, 457, 1, 1, NULL),
(487, 458, 23, 1, NULL),
(488, 459, 1, 1, NULL),
(489, 460, 2, 1, NULL),
(490, 460, 23, 1, NULL),
(491, 461, 21, 1, NULL),
(492, 461, 22, 0, NULL),
(493, 462, 39, 0, NULL),
(494, 463, 36, 1, NULL),
(495, 464, 23, 1, NULL),
(496, 465, 23, 1, NULL),
(497, 466, 36, 1, NULL),
(498, 467, 36, 1, NULL),
(499, 468, 2, 1, NULL),
(500, 469, 36, 1, NULL),
(501, 469, 23, 1, NULL),
(502, 470, 36, 1, NULL),
(503, 471, 2, 1, NULL),
(504, 472, 2, 1, NULL),
(505, 473, 1, 1, NULL),
(506, 474, 36, 1, NULL),
(507, 474, 23, 1, NULL),
(508, 474, 2, 1, NULL),
(509, 475, 2, 1, NULL),
(510, 475, 36, 1, NULL),
(511, 475, 23, 1, NULL),
(512, 476, 21, 1, NULL),
(513, 476, 36, 1, NULL),
(514, 476, 39, 0, NULL),
(515, 477, 36, 1, NULL),
(516, 477, 23, 1, NULL),
(517, 477, 2, 1, NULL),
(518, 477, 1, 1, NULL),
(519, 477, 39, 0, NULL),
(520, 478, 2, 1, NULL),
(521, 479, 1, 1, NULL),
(522, 480, 2, 1, NULL),
(523, 480, 23, 1, NULL),
(524, 481, 22, 0, NULL),
(525, 481, 38, 0, NULL),
(526, 482, 1, 1, NULL),
(527, 483, 23, 1, NULL),
(528, 484, 21, 0, NULL),
(529, 484, 23, 1, NULL),
(530, 485, 1, 1, NULL),
(531, 486, 23, 1, NULL),
(532, 487, 23, 1, NULL),
(533, 487, 36, 1, NULL),
(534, 487, 38, 0, NULL),
(535, 488, 1, 1, NULL),
(536, 489, 23, 1, NULL),
(537, 490, 1, 1, NULL),
(538, 491, 23, 1, NULL),
(539, 492, 20, 0, NULL),
(540, 492, 21, 0, NULL),
(541, 492, 23, 1, NULL),
(542, 493, 1, 1, NULL),
(543, 494, 2, 1, NULL),
(544, 494, 23, 1, NULL),
(545, 495, 36, 1, NULL),
(546, 496, 2, 1, 'Boîte de réception'),
(547, 497, 39, 0, 'Boîte de réception'),
(548, 498, 39, 0, NULL),
(549, 499, 39, 0, NULL),
(550, 500, 39, 0, NULL),
(551, 501, 39, 0, NULL),
(552, 502, 23, 1, NULL),
(553, 502, 2, 1, NULL),
(554, 503, 38, 0, NULL),
(555, 504, 36, 1, NULL),
(556, 505, 23, 1, NULL),
(557, 506, 23, 0, NULL),
(558, 507, 36, 1, NULL),
(559, 508, 2, 1, NULL),
(560, 509, 1, 1, NULL),
(561, 510, 2, 1, NULL),
(562, 510, 36, 0, NULL),
(563, 510, 23, 0, NULL),
(564, 511, 21, 0, NULL),
(565, 511, 22, 0, NULL),
(566, 512, 2, 1, NULL),
(567, 512, 23, 0, NULL),
(568, 513, 37, 1, NULL),
(569, 514, 1, 1, NULL),
(570, 515, 2, 0, NULL),
(571, 516, 38, 0, NULL),
(572, 516, 39, 0, NULL),
(573, 517, 2, 0, 'Boîte de réception'),
(574, 517, 20, 1, 'Boîte de réception'),
(575, 517, 24, 0, 'Boîte de réception'),
(576, 517, 36, 0, 'Boîte de réception'),
(577, 518, 2, 0, NULL),
(578, 519, 2, 0, NULL),
(579, 520, 2, 0, NULL),
(580, 521, 2, 0, NULL),
(581, 522, 2, 0, NULL),
(582, 523, 2, 0, NULL),
(583, 524, 2, 0, NULL),
(584, 525, 2, 0, NULL),
(585, 526, 21, 0, NULL),
(586, 527, 1, 1, NULL),
(587, 527, 2, 0, NULL),
(588, 527, 20, 0, NULL),
(589, 527, 23, 0, NULL),
(590, 527, 24, 0, NULL),
(591, 527, 36, 0, NULL),
(592, 528, 1, 1, NULL),
(593, 528, 2, 0, NULL),
(594, 528, 20, 0, NULL),
(595, 528, 23, 0, NULL),
(596, 528, 24, 0, NULL),
(597, 528, 36, 0, NULL),
(598, 529, 1, 1, NULL),
(599, 529, 2, 0, NULL),
(600, 529, 20, 0, NULL),
(601, 529, 23, 0, NULL),
(602, 529, 24, 0, NULL),
(603, 529, 36, 0, NULL),
(604, 530, 1, 1, NULL),
(605, 530, 2, 0, NULL),
(606, 530, 20, 0, NULL),
(607, 530, 23, 0, NULL),
(608, 530, 24, 0, NULL),
(609, 530, 36, 0, NULL),
(610, 531, 1, 1, NULL),
(611, 531, 2, 0, NULL),
(612, 531, 20, 0, NULL),
(613, 531, 23, 0, NULL),
(614, 531, 24, 0, NULL),
(615, 531, 36, 0, NULL),
(616, 532, 1, 1, NULL),
(617, 532, 2, 1, NULL),
(618, 532, 20, 0, NULL),
(619, 532, 23, 0, NULL),
(620, 532, 24, 0, NULL),
(621, 532, 36, 0, NULL),
(622, 533, 4, 1, NULL),
(623, 534, 4, 1, NULL),
(624, 535, 1, 1, NULL),
(625, 535, 2, 0, NULL),
(626, 535, 20, 0, NULL),
(627, 535, 23, 0, NULL),
(628, 535, 24, 0, NULL),
(629, 535, 36, 0, NULL),
(630, 536, 4, 0, NULL),
(631, 537, 1, 1, NULL),
(632, 537, 2, 1, NULL),
(633, 537, 20, 0, NULL),
(634, 537, 23, 0, NULL),
(635, 537, 24, 0, NULL),
(636, 537, 36, 0, NULL),
(637, 538, 1, 1, NULL),
(638, 538, 2, 0, NULL),
(639, 538, 20, 0, NULL),
(640, 538, 23, 0, NULL),
(641, 538, 24, 0, NULL),
(642, 538, 36, 0, NULL),
(643, 539, 22, 1, NULL),
(644, 540, 1, 0, NULL),
(645, 540, 2, 0, NULL),
(646, 540, 20, 0, NULL),
(647, 540, 23, 0, NULL),
(648, 540, 24, 0, NULL),
(649, 540, 36, 0, NULL),
(650, 541, 38, 1, NULL),
(651, 542, 39, 0, NULL),
(652, 543, 39, 0, NULL),
(653, 544, 39, 0, NULL),
(654, 545, 39, 0, NULL),
(655, 546, 4, 1, NULL),
(656, 547, 4, 0, NULL),
(657, 548, 4, 0, NULL),
(658, 549, 4, 0, NULL),
(659, 550, 4, 0, NULL),
(660, 551, 4, 0, NULL),
(661, 552, 4, 0, NULL),
(662, 553, 4, 0, NULL),
(663, 554, 4, 0, NULL),
(664, 555, 4, 1, NULL),
(665, 556, 1, 1, NULL),
(666, 556, 2, 0, NULL),
(667, 556, 20, 0, NULL),
(668, 556, 23, 0, NULL),
(669, 556, 24, 0, NULL),
(670, 556, 36, 0, NULL),
(671, 557, 21, 1, NULL),
(672, 558, 1, 1, NULL),
(673, 558, 2, 0, NULL),
(674, 558, 20, 0, NULL),
(675, 558, 23, 0, NULL),
(676, 558, 24, 0, NULL),
(677, 558, 36, 0, NULL),
(678, 559, 37, 1, NULL),
(691, 562, 1, 0, NULL),
(692, 562, 2, 0, NULL),
(693, 562, 20, 0, NULL),
(694, 562, 23, 0, NULL),
(695, 562, 24, 0, NULL),
(696, 562, 36, 0, NULL),
(697, 563, 22, 1, NULL),
(698, 564, 1, 1, NULL),
(699, 564, 2, 0, NULL),
(700, 564, 20, 0, NULL),
(701, 564, 23, 0, NULL),
(702, 564, 24, 0, NULL),
(703, 564, 36, 0, NULL),
(704, 565, 1, 1, NULL),
(705, 565, 2, 0, NULL),
(706, 565, 20, 0, NULL),
(707, 565, 23, 0, NULL),
(708, 565, 24, 0, NULL),
(709, 565, 36, 0, NULL),
(710, 566, 1, 1, NULL),
(711, 566, 2, 0, NULL),
(712, 566, 20, 0, NULL),
(713, 566, 23, 0, NULL),
(714, 566, 24, 0, NULL),
(715, 566, 36, 0, NULL),
(716, 567, 38, 0, NULL),
(717, 568, 21, 1, NULL),
(718, 569, 1, 1, NULL),
(719, 569, 2, 0, NULL),
(720, 569, 20, 0, NULL),
(721, 569, 23, 0, NULL),
(722, 569, 24, 0, NULL),
(723, 569, 36, 0, NULL),
(724, 570, 21, 0, NULL),
(725, 571, 1, 1, NULL),
(726, 571, 2, 0, NULL),
(727, 571, 20, 0, NULL),
(728, 571, 23, 0, NULL),
(729, 571, 24, 0, NULL),
(730, 571, 36, 0, NULL),
(731, 572, 1, 1, NULL),
(732, 572, 2, 1, NULL),
(733, 572, 20, 0, NULL),
(734, 572, 23, 0, NULL),
(735, 572, 24, 0, NULL),
(736, 572, 36, 0, NULL),
(737, 573, 1, 0, NULL),
(738, 574, 1, 0, NULL),
(739, 575, 21, 0, NULL),
(740, 576, 1, 0, NULL),
(741, 577, 1, 1, NULL),
(742, 577, 2, 0, NULL),
(743, 577, 20, 0, NULL),
(744, 577, 23, 0, NULL),
(745, 577, 24, 0, NULL),
(746, 577, 36, 0, NULL),
(747, 578, 21, 0, NULL),
(748, 579, 21, 0, NULL),
(749, 580, 21, 0, NULL),
(750, 581, 1, 1, NULL),
(751, 582, 21, 1, NULL),
(752, 583, 1, 1, NULL),
(753, 584, 21, 1, NULL),
(754, 585, 4, 0, NULL),
(755, 586, 1, 1, NULL),
(756, 586, 2, 0, NULL),
(757, 586, 20, 0, NULL),
(758, 586, 23, 0, NULL),
(759, 586, 24, 0, NULL),
(760, 586, 36, 0, NULL),
(761, 587, 21, 1, NULL),
(762, 588, 1, 1, NULL),
(763, 589, 21, 1, NULL),
(764, 590, 1, 1, NULL),
(765, 591, 21, 0, NULL),
(766, 592, 4, 1, NULL),
(767, 593, 1, 1, NULL),
(768, 594, 1, 1, NULL),
(769, 594, 2, 0, NULL),
(770, 594, 20, 0, NULL),
(771, 594, 23, 0, NULL),
(772, 594, 24, 0, NULL),
(773, 594, 36, 0, NULL),
(774, 595, 37, 0, NULL),
(775, 596, 1, 1, NULL),
(776, 597, 37, 0, NULL),
(777, 598, 5, 0, NULL),
(778, 599, 1, 1, NULL),
(779, 600, 21, 0, NULL),
(780, 601, 4, 0, NULL),
(781, 602, 21, 1, NULL),
(782, 603, 38, 0, NULL),
(783, 604, 1, 1, NULL),
(784, 604, 2, 0, NULL),
(785, 604, 20, 0, NULL),
(786, 604, 23, 0, NULL),
(787, 604, 24, 0, NULL),
(788, 604, 36, 0, NULL),
(789, 605, 21, 0, NULL),
(790, 606, 21, 1, NULL),
(791, 607, 1, 0, NULL),
(792, 608, 21, 1, NULL),
(793, 609, 1, 1, NULL),
(794, 610, 21, 1, NULL),
(795, 611, 1, 1, NULL),
(796, 612, 21, 1, NULL),
(797, 613, 1, 0, NULL),
(798, 613, 2, 0, NULL),
(799, 613, 20, 0, NULL),
(800, 613, 23, 0, NULL),
(801, 613, 24, 0, NULL),
(802, 613, 36, 0, NULL),
(803, 614, 21, 1, NULL),
(804, 615, 1, 1, NULL),
(805, 616, 21, 1, NULL),
(806, 617, 4, 0, NULL),
(807, 618, 1, 1, NULL),
(808, 618, 2, 0, NULL),
(809, 618, 20, 0, NULL),
(810, 618, 23, 0, NULL),
(811, 618, 24, 0, NULL),
(812, 618, 36, 0, NULL),
(813, 619, 21, 1, NULL),
(814, 620, 1, 1, NULL),
(815, 621, 21, 1, NULL),
(816, 622, 1, 1, NULL),
(817, 623, 21, 1, NULL),
(818, 624, 7, 0, NULL),
(819, 625, 1, 0, NULL),
(820, 626, 21, 1, NULL),
(821, 627, 4, 0, NULL),
(822, 628, 1, 0, NULL),
(823, 628, 2, 0, NULL),
(824, 628, 20, 0, NULL),
(825, 628, 23, 0, NULL),
(826, 628, 24, 0, NULL),
(827, 628, 36, 0, NULL),
(828, 629, 21, 1, NULL),
(829, 630, 1, 1, NULL),
(830, 631, 1, 0, NULL),
(831, 632, 21, 1, NULL),
(832, 633, 21, 1, NULL),
(833, 634, 1, 1, NULL),
(834, 635, 21, 1, NULL),
(835, 636, 4, 1, NULL),
(836, 637, 1, 0, NULL),
(837, 638, 38, 0, NULL),
(838, 639, 1, 1, NULL),
(839, 640, 38, 1, NULL),
(840, 641, 1, 1, NULL),
(841, 642, 38, 1, NULL),
(842, 643, 1, 1, NULL),
(843, 644, 38, 1, NULL),
(844, 645, 1, 1, NULL),
(845, 646, 38, 0, NULL),
(846, 647, 1, 0, NULL),
(847, 648, 38, 0, NULL),
(848, 649, 1, 0, NULL),
(849, 650, 38, 1, NULL),
(850, 651, 1, 1, NULL),
(851, 652, 38, 0, NULL),
(852, 653, 1, 1, NULL),
(853, 654, 38, 0, NULL),
(854, 655, 1, 0, NULL),
(855, 656, 1, 1, NULL),
(856, 656, 2, 0, NULL),
(857, 656, 20, 0, NULL),
(858, 656, 23, 0, NULL),
(859, 656, 24, 0, NULL),
(860, 656, 36, 0, NULL),
(861, 657, 21, 1, NULL),
(862, 658, 1, 1, NULL),
(863, 659, 21, 1, NULL),
(864, 660, 1, 1, NULL),
(865, 661, 1, 1, NULL),
(866, 662, 1, 0, NULL),
(867, 663, 21, 0, NULL),
(868, 664, 21, 1, NULL),
(869, 665, 4, 1, NULL),
(870, 666, 1, 0, NULL),
(871, 667, 1, 1, NULL),
(872, 668, 38, 1, NULL),
(873, 669, 38, 0, NULL),
(874, 670, 38, 1, NULL),
(875, 671, 38, 0, NULL),
(876, 672, 4, 1, NULL),
(877, 673, 1, 1, NULL),
(878, 674, 38, 1, NULL),
(879, 675, 1, 0, NULL),
(880, 676, 38, 1, NULL),
(881, 677, 1, 0, NULL),
(882, 678, 38, 0, NULL),
(883, 679, 1, 0, NULL),
(884, 680, 38, 0, NULL),
(885, 681, 1, 0, NULL),
(886, 682, 38, 0, NULL),
(887, 683, 1, 0, NULL),
(888, 684, 38, 0, NULL),
(889, 685, 1, 0, NULL),
(890, 686, 38, 0, NULL),
(891, 687, 4, 1, NULL),
(892, 688, 1, 0, NULL),
(893, 688, 2, 0, NULL),
(894, 688, 20, 0, NULL),
(895, 688, 23, 0, NULL),
(896, 688, 24, 0, NULL),
(897, 688, 36, 0, NULL),
(898, 689, 21, 0, NULL),
(899, 690, 2, 0, NULL),
(900, 691, 22, 1, NULL),
(901, 692, 21, 0, NULL),
(902, 693, 2, 0, NULL),
(903, 694, 21, 0, NULL),
(905, 696, 4, 0, NULL),
(906, 697, 1, 0, NULL),
(907, 697, 2, 1, NULL),
(908, 697, 20, 0, NULL),
(909, 697, 23, 0, NULL),
(910, 697, 24, 0, NULL),
(911, 697, 36, 0, NULL),
(912, 698, 21, 0, NULL),
(913, 699, 2, 0, NULL),
(914, 700, 2, 1, NULL),
(915, 701, 21, 0, NULL),
(916, 702, 21, 1, NULL),
(917, 703, 7, 1, NULL),
(918, 704, 1, 0, NULL),
(919, 704, 2, 0, NULL),
(920, 704, 20, 0, NULL),
(921, 704, 23, 0, NULL),
(922, 704, 24, 0, NULL),
(923, 704, 36, 0, NULL),
(924, 705, 22, 1, NULL),
(925, 706, 1, 0, NULL),
(926, 706, 2, 1, NULL),
(927, 706, 20, 0, NULL),
(928, 706, 23, 0, NULL),
(929, 706, 24, 0, NULL),
(930, 706, 36, 0, NULL),
(931, 707, 21, 1, NULL),
(932, 708, 2, 1, NULL),
(933, 709, 2, 0, NULL),
(934, 710, 21, 1, NULL),
(935, 711, 2, 1, NULL),
(936, 712, 21, 0, NULL),
(937, 713, 7, 1, NULL),
(938, 714, 1, 0, NULL),
(939, 714, 2, 0, NULL),
(940, 714, 20, 0, NULL),
(941, 714, 23, 0, NULL),
(942, 714, 24, 0, NULL),
(943, 714, 36, 0, NULL),
(944, 715, 21, 0, NULL),
(945, 716, 2, 1, NULL),
(946, 717, 21, 1, NULL),
(947, 718, 2, 0, NULL),
(948, 719, 21, 1, NULL),
(949, 720, 21, 0, NULL),
(950, 721, 7, 0, NULL),
(951, 722, 2, 0, NULL),
(952, 723, 1, 1, NULL),
(953, 724, 2, 1, NULL),
(954, 725, 21, 0, NULL),
(955, 726, 1, 0, NULL),
(956, 726, 2, 1, NULL),
(957, 726, 20, 0, NULL),
(958, 726, 23, 0, NULL),
(959, 726, 24, 0, NULL),
(960, 726, 36, 0, NULL),
(961, 727, 22, 1, NULL),
(962, 728, 2, 0, NULL),
(963, 729, 22, 0, NULL),
(964, 730, 22, 1, NULL),
(965, 731, 2, 1, NULL),
(966, 732, 2, 0, NULL),
(967, 733, 22, 1, NULL),
(968, 734, 4, 1, NULL),
(969, 735, 1, 0, NULL),
(970, 735, 2, 1, NULL),
(971, 735, 20, 0, NULL),
(972, 735, 23, 0, NULL),
(973, 735, 24, 0, NULL),
(974, 735, 36, 0, NULL),
(975, 736, 21, 1, NULL),
(976, 737, 2, 1, NULL),
(977, 738, 2, 0, NULL),
(978, 739, 21, 1, NULL),
(979, 740, 2, 1, NULL),
(980, 741, 21, 0, NULL),
(981, 742, 4, 1, NULL),
(982, 743, 1, 1, NULL),
(983, 744, 21, 0, NULL),
(984, 745, 1, 0, NULL),
(985, 745, 2, 1, NULL),
(986, 745, 20, 0, NULL),
(987, 745, 23, 0, NULL),
(988, 745, 24, 0, NULL),
(989, 745, 36, 0, NULL),
(990, 746, 22, 1, NULL),
(991, 747, 2, 1, NULL),
(992, 748, 22, 1, NULL),
(993, 749, 2, 1, NULL),
(994, 750, 2, 0, NULL),
(995, 751, 22, 1, NULL),
(996, 752, 7, 0, NULL),
(997, 753, 2, 1, NULL),
(998, 754, 22, 0, NULL),
(999, 755, 1, 0, NULL),
(1000, 756, 2, 1, NULL),
(1001, 757, 21, 1, NULL),
(1002, 758, 1, 1, NULL),
(1003, 759, 1, 1, NULL),
(1004, 759, 2, 1, NULL),
(1005, 760, 1, 1, NULL),
(1006, 761, 1, 0, NULL),
(1007, 761, 2, 1, NULL),
(1008, 761, 20, 0, NULL),
(1009, 761, 23, 0, NULL),
(1010, 761, 24, 0, NULL),
(1011, 761, 36, 0, NULL),
(1012, 762, 21, 1, NULL),
(1013, 763, 2, 1, NULL),
(1014, 764, 21, 1, NULL),
(1015, 765, 2, 1, NULL),
(1016, 766, 21, 1, NULL),
(1017, 767, 2, 1, NULL),
(1018, 768, 4, 1, NULL),
(1019, 769, 1, 1, NULL),
(1020, 770, 1, 1, NULL),
(1021, 771, 1, 1, NULL),
(1022, 772, 1, 1, NULL),
(1023, 773, 1, 1, NULL),
(1024, 774, 1, 0, NULL),
(1025, 775, 2, 0, NULL),
(1026, 776, 1, 0, NULL),
(1027, 777, 1, 1, NULL),
(1028, 778, 1, 0, NULL),
(1029, 778, 2, 0, NULL),
(1030, 778, 20, 0, NULL),
(1031, 778, 23, 0, NULL),
(1032, 778, 24, 0, NULL),
(1033, 778, 36, 0, NULL),
(1034, 779, 22, 0, NULL),
(1035, 780, 2, 0, NULL),
(1036, 781, 2, 1, NULL),
(1037, 782, 22, 0, NULL),
(1038, 783, 7, 1, NULL),
(1039, 784, 2, 0, NULL),
(1040, 785, 2, 0, NULL),
(1041, 786, 1, 0, NULL),
(1042, 786, 2, 1, NULL),
(1043, 786, 20, 0, NULL),
(1044, 786, 23, 0, NULL),
(1045, 786, 24, 0, NULL),
(1046, 786, 36, 0, NULL),
(1047, 787, 21, 1, NULL),
(1048, 788, 2, 1, NULL),
(1049, 789, 21, 1, NULL),
(1050, 790, 7, 1, NULL),
(1051, 791, 22, 1, NULL),
(1052, 792, 2, 1, NULL),
(1053, 793, 22, 1, NULL),
(1054, 794, 2, 1, NULL),
(1055, 795, 2, 1, NULL),
(1056, 796, 2, 1, NULL),
(1057, 797, 2, 1, NULL),
(1058, 798, 22, 1, NULL),
(1059, 799, 21, 0, NULL),
(1060, 800, 1, 1, NULL),
(1061, 801, 21, 0, NULL),
(1062, 802, 1, 1, NULL),
(1063, 803, 21, 1, NULL),
(1064, 804, 1, 1, NULL),
(1065, 805, 22, 1, NULL),
(1066, 806, 1, 1, NULL),
(1067, 807, 22, 0, NULL),
(1068, 808, 22, 1, NULL),
(1069, 809, 1, 1, NULL),
(1070, 810, 22, 1, NULL),
(1071, 811, 1, 1, NULL),
(1072, 812, 22, 1, NULL),
(1073, 813, 1, 0, NULL),
(1074, 814, 1, 1, NULL),
(1075, 815, 21, 1, NULL),
(1076, 816, 1, 1, NULL),
(1077, 817, 21, 0, NULL),
(1078, 818, 1, 1, NULL),
(1079, 819, 22, 0, NULL),
(1080, 820, 2, 1, NULL),
(1081, 821, 1, 1, NULL),
(1082, 822, 2, 0, NULL),
(1083, 823, 2, 1, NULL),
(1084, 824, 1, 1, NULL),
(1085, 825, 1, 1, NULL),
(1086, 826, 2, 1, NULL),
(1087, 827, 1, 0, NULL),
(1088, 828, 21, 0, NULL),
(1089, 829, 20, 1, NULL),
(1090, 830, 1, 1, NULL),
(1091, 831, 1, 0, NULL),
(1092, 832, 20, 1, NULL),
(1093, 833, 1, 1, NULL),
(1094, 834, 20, 1, NULL),
(1095, 835, 1, 0, NULL),
(1096, 836, 1, 1, NULL),
(1097, 837, 2, 0, NULL),
(1098, 838, 22, 1, NULL),
(1099, 839, 1, 1, NULL),
(1100, 840, 22, 1, NULL),
(1101, 841, 21, 0, NULL),
(1102, 841, 21, 0, NULL),
(1103, 842, 22, 1, NULL),
(1104, 843, 1, 1, NULL),
(1105, 844, 21, 0, NULL),
(1106, 844, 21, 0, NULL),
(1107, 845, 22, 0, NULL),
(1108, 846, 2, 1, NULL),
(1109, 847, 1, 1, NULL),
(1110, 848, 2, 0, NULL),
(1111, 849, 2, 1, NULL),
(1112, 850, 1, 1, NULL),
(1113, 851, 2, 1, NULL),
(1114, 851, 21, 1, NULL),
(1115, 852, 1, 0, NULL),
(1116, 853, 1, 0, NULL),
(1117, 854, 21, 1, NULL),
(1118, 855, 1, 1, NULL),
(1119, 856, 21, 0, NULL),
(1120, 857, 21, 0, NULL),
(1121, 857, 1, 0, NULL),
(1122, 858, 21, 0, NULL),
(1123, 859, 2, 0, NULL),
(1124, 860, 2, 0, NULL),
(1125, 861, 2, 0, NULL),
(1126, 862, 21, 0, NULL),
(1127, 863, 22, 1, NULL),
(1128, 864, 1, 1, NULL),
(1129, 865, 22, 1, NULL),
(1130, 866, 21, 1, NULL),
(1131, 866, 21, 0, NULL),
(1132, 867, 1, 0, NULL),
(1133, 868, 1, 0, NULL),
(1134, 869, 1, 0, NULL),
(1135, 870, 1, 0, NULL),
(1136, 871, 1, 0, NULL),
(1137, 872, 38, 0, NULL),
(1138, 873, 1, 1, NULL),
(1139, 874, 22, 0, NULL),
(1140, 874, 1, 0, NULL),
(1141, 875, 22, 0, NULL),
(1142, 876, 22, 0, NULL),
(1143, 877, 22, 0, NULL),
(1144, 878, 1, 0, NULL),
(1145, 879, 1, 0, NULL),
(1146, 880, 1, 1, NULL),
(1147, 881, 2, 1, NULL),
(1148, 882, 1, 1, NULL),
(1149, 883, 2, 0, NULL),
(1150, 884, 21, 0, NULL),
(1151, 884, 20, 1, NULL),
(1152, 885, 1, 1, NULL),
(1153, 886, 1, 0, NULL),
(1154, 886, 2, 1, NULL),
(1155, 886, 20, 0, NULL),
(1156, 886, 23, 0, NULL),
(1157, 886, 24, 0, NULL),
(1158, 886, 36, 0, NULL),
(1159, 887, 21, 1, NULL),
(1160, 888, 2, 1, NULL),
(1161, 889, 21, 1, NULL),
(1162, 890, 4, 1, NULL);

-- --------------------------------------------------------

--
-- Structure de la table `user_opportunite`
--

CREATE TABLE `user_opportunite` (
  `user_id` int NOT NULL,
  `opportunite_id` int NOT NULL
) ENGINE=InnoDB DEFAULT CHARSET=utf8mb4 COLLATE=utf8mb4_unicode_ci;

--
-- Déchargement des données de la table `user_opportunite`
--

INSERT INTO `user_opportunite` (`user_id`, `opportunite_id`) VALUES
(1, 28),
(2, 20),
(2, 28),
(20, 28);

--
-- Index pour les tables déchargées
--

--
-- Index pour la table `contact`
--
ALTER TABLE `contact`
  ADD PRIMARY KEY (`id`),
  ADD KEY `IDX_4C62E638A4AEAFEA` (`entreprise_id`);

--
-- Index pour la table `delegue_opp`
--
ALTER TABLE `delegue_opp`
  ADD PRIMARY KEY (`id`),
  ADD KEY `IDX_75EBCA0AA848E3B1` (`collaborateur_id`),
  ADD KEY `IDX_75EBCA0A80FBB128` (`opportunite_id`);

--
-- Index pour la table `departement`
--
ALTER TABLE `departement`
  ADD PRIMARY KEY (`id`);

--
-- Index pour la table `design_collabs`
--
ALTER TABLE `design_collabs`
  ADD PRIMARY KEY (`id`),
  ADD KEY `IDX_BDDBFEE0D7A2CD5C` (`dossier_client_id`),
  ADD KEY `IDX_BDDBFEE0A848E3B1` (`collaborateur_id`),
  ADD KEY `IDX_BDDBFEE079E92E8C` (`emetteur_id`),
  ADD KEY `IDX_BDDBFEE0642B8210` (`admin_id`);

--
-- Index pour la table `disc_groupe`
--
ALTER TABLE `disc_groupe`
  ADD PRIMARY KEY (`id`),
  ADD KEY `IDX_51D4977873A201E5` (`createur_id`);

--
-- Index pour la table `document_client`
--
ALTER TABLE `document_client`
  ADD PRIMARY KEY (`id`),
  ADD KEY `IDX_7926B53379E92E8C` (`emetteur_id`),
  ADD KEY `IDX_7926B533A848E3B1` (`collaborateur_id`);

--
-- Index pour la table `document_client_user`
--
ALTER TABLE `document_client_user`
  ADD PRIMARY KEY (`document_client_id`,`user_id`),
  ADD KEY `IDX_DEA62241BD34180` (`document_client_id`),
  ADD KEY `IDX_DEA62241A76ED395` (`user_id`);

--
-- Index pour la table `dossier_client`
--
ALTER TABLE `dossier_client`
  ADD PRIMARY KEY (`id`),
  ADD KEY `IDX_2F35507C642B8210` (`admin_id`),
  ADD KEY `IDX_2F35507C79E92E8C` (`emetteur_id`);

--
-- Index pour la table `dossier_client_user`
--
ALTER TABLE `dossier_client_user`
  ADD PRIMARY KEY (`dossier_client_id`,`user_id`),
  ADD KEY `IDX_1725BB28D7A2CD5C` (`dossier_client_id`),
  ADD KEY `IDX_1725BB28A76ED395` (`user_id`);

--
-- Index pour la table `dossier_msg`
--
ALTER TABLE `dossier_msg`
  ADD PRIMARY KEY (`id`);

--
-- Index pour la table `engagement`
--
ALTER TABLE `engagement`
  ADD PRIMARY KEY (`id`),
  ADD UNIQUE KEY `UNIQ_D86F014180FBB128` (`opportunite_id`),
  ADD KEY `IDX_D86F014153C59D72` (`responsable_id`),
  ADD KEY `IDX_D86F01419699F18E` (`createur_eng_id`),
  ADD KEY `IDX_D86F0141A4AEAFEA` (`entreprise_id`);

--
-- Index pour la table `event`
--
ALTER TABLE `event`
  ADD PRIMARY KEY (`id`),
  ADD KEY `IDX_3BAE0AA795A6EE59` (`demandeur_id`),
  ADD KEY `IDX_3BAE0AA773A201E5` (`createur_id`),
  ADD KEY `IDX_3BAE0AA780FBB128` (`opportunite_id`),
  ADD KEY `IDX_3BAE0AA798DE13AC` (`partenaire_id`);

--
-- Index pour la table `event_contact`
--
ALTER TABLE `event_contact`
  ADD PRIMARY KEY (`event_id`,`contact_id`),
  ADD KEY `IDX_C9354F9771F7E88B` (`event_id`),
  ADD KEY `IDX_C9354F97E7A1254A` (`contact_id`);

--
-- Index pour la table `event_user`
--
ALTER TABLE `event_user`
  ADD PRIMARY KEY (`event_id`,`user_id`),
  ADD KEY `IDX_92589AE271F7E88B` (`event_id`),
  ADD KEY `IDX_92589AE2A76ED395` (`user_id`);

--
-- Index pour la table `frais`
--
ALTER TABLE `frais`
  ADD PRIMARY KEY (`id`),
  ADD KEY `IDX_25404C9880FBB128` (`opportunite_id`),
  ADD KEY `IDX_25404C98D30F6F97` (`engagement_id`),
  ADD KEY `IDX_25404C98FD02F13` (`evenement_id`),
  ADD KEY `IDX_25404C9879E92E8C` (`emetteur_id`);

--
-- Index pour la table `grade`
--
ALTER TABLE `grade`
  ADD PRIMARY KEY (`id`);

--
-- Index pour la table `migration_versions`
--
ALTER TABLE `migration_versions`
  ADD PRIMARY KEY (`version`);

--
-- Index pour la table `notification`
--
ALTER TABLE `notification`
  ADD PRIMARY KEY (`id`),
  ADD KEY `IDX_BF5476CAA76ED395` (`user_id`),
  ADD KEY `IDX_BF5476CA79E92E8C` (`emetteur_id`),
  ADD KEY `IDX_BF5476CA7A45358C` (`groupe_id`);

--
-- Index pour la table `opportunite`
--
ALTER TABLE `opportunite`
  ADD PRIMARY KEY (`id`),
  ADD KEY `IDX_97889F98ED5CA9E6` (`service_id`),
  ADD KEY `IDX_97889F9853C59D72` (`responsable_id`),
  ADD KEY `IDX_97889F98A4AEAFEA` (`entreprise_id`),
  ADD KEY `IDX_97889F986BFF42DA` (`contact_principal_id`),
  ADD KEY `IDX_97889F98251C942D` (`createur_opp_id`),
  ADD KEY `IDX_97889F98E15A0002` (`open_by_id`);

--
-- Index pour la table `opportunite_contact`
--
ALTER TABLE `opportunite_contact`
  ADD PRIMARY KEY (`opportunite_id`,`contact_id`),
  ADD KEY `IDX_4C0AC36180FBB128` (`opportunite_id`),
  ADD KEY `IDX_4C0AC361E7A1254A` (`contact_id`);

--
-- Index pour la table `secteur_activite`
--
ALTER TABLE `secteur_activite`
  ADD PRIMARY KEY (`id`);

--
-- Index pour la table `service`
--
ALTER TABLE `service`
  ADD PRIMARY KEY (`id`),
  ADD KEY `IDX_E19D9AD2CCF9E01E` (`departement_id`);

--
-- Index pour la table `sujet_nr`
--
ALTER TABLE `sujet_nr`
  ADD PRIMARY KEY (`id`),
  ADD KEY `IDX_C7D86AE880FBB128` (`opportunite_id`),
  ADD KEY `IDX_C7D86AE873A201E5` (`createur_id`),
  ADD KEY `IDX_C7D86AE871F7E88B` (`event_id`),
  ADD KEY `IDX_C7D86AE8C33F7837` (`document_id`),
  ADD KEY `IDX_C7D86AE8BF516DC4` (`frais_id`);

--
-- Index pour la table `sujet_nr_notification`
--
ALTER TABLE `sujet_nr_notification`
  ADD PRIMARY KEY (`sujet_nr_id`,`notification_id`),
  ADD KEY `IDX_FC0FA008D6AA9D24` (`sujet_nr_id`),
  ADD KEY `IDX_FC0FA008EF1A9D84` (`notification_id`);

--
-- Index pour la table `timesheet`
--
ALTER TABLE `timesheet`
  ADD PRIMARY KEY (`id`),
  ADD KEY `IDX_77A4E8D4D30F6F97` (`engagement_id`),
  ADD KEY `IDX_77A4E8D480FBB128` (`opportunite_id`),
  ADD KEY `IDX_77A4E8D4FD02F13` (`evenement_id`),
  ADD KEY `IDX_77A4E8D479E92E8C` (`emetteur_id`);

--
-- Index pour la table `user`
--
ALTER TABLE `user`
  ADD PRIMARY KEY (`id`),
  ADD UNIQUE KEY `UNIQ_8D93D649F85E0677` (`username`),
  ADD UNIQUE KEY `UNIQ_8D93D649B412A447` (`cle_password`),
  ADD KEY `IDX_8D93D649CCF9E01E` (`departement_id`),
  ADD KEY `IDX_8D93D649FE19A1A8` (`grade_id`),
  ADD KEY `IDX_8D93D649DE2A7A37` (`parrain_id`),
  ADD KEY `IDX_8D93D6499F7E4405` (`secteur_id`),
  ADD KEY `IDX_8D93D64932B8E036` (`en_charge_id`);

--
-- Index pour la table `user_dossier_msg`
--
ALTER TABLE `user_dossier_msg`
  ADD PRIMARY KEY (`user_id`,`dossier_msg_id`),
  ADD KEY `IDX_282C1664A76ED395` (`user_id`),
  ADD KEY `IDX_282C16646C5AA089` (`dossier_msg_id`);

--
-- Index pour la table `user_groupe`
--
ALTER TABLE `user_groupe`
  ADD PRIMARY KEY (`id`),
  ADD KEY `IDX_61EB971C7A45358C` (`groupe_id`),
  ADD KEY `IDX_61EB971CA76ED395` (`user_id`);

--
-- Index pour la table `user_notif`
--
ALTER TABLE `user_notif`
  ADD PRIMARY KEY (`id`),
  ADD KEY `IDX_22B1F633EF1A9D84` (`notification_id`),
  ADD KEY `IDX_22B1F6333B49782D` (`recepteur_id`);

--
-- Index pour la table `user_opportunite`
--
ALTER TABLE `user_opportunite`
  ADD PRIMARY KEY (`user_id`,`opportunite_id`),
  ADD KEY `IDX_3E93560DA76ED395` (`user_id`),
  ADD KEY `IDX_3E93560D80FBB128` (`opportunite_id`);

--
-- AUTO_INCREMENT pour les tables déchargées
--

--
-- AUTO_INCREMENT pour la table `contact`
--
ALTER TABLE `contact`
  MODIFY `id` int NOT NULL AUTO_INCREMENT, AUTO_INCREMENT=37;

--
-- AUTO_INCREMENT pour la table `delegue_opp`
--
ALTER TABLE `delegue_opp`
  MODIFY `id` int NOT NULL AUTO_INCREMENT, AUTO_INCREMENT=17;

--
-- AUTO_INCREMENT pour la table `departement`
--
ALTER TABLE `departement`
  MODIFY `id` int NOT NULL AUTO_INCREMENT, AUTO_INCREMENT=16;

--
-- AUTO_INCREMENT pour la table `design_collabs`
--
ALTER TABLE `design_collabs`
  MODIFY `id` int NOT NULL AUTO_INCREMENT, AUTO_INCREMENT=28;

--
-- AUTO_INCREMENT pour la table `disc_groupe`
--
ALTER TABLE `disc_groupe`
  MODIFY `id` int NOT NULL AUTO_INCREMENT;

--
-- AUTO_INCREMENT pour la table `document_client`
--
ALTER TABLE `document_client`
  MODIFY `id` int NOT NULL AUTO_INCREMENT, AUTO_INCREMENT=20;

--
-- AUTO_INCREMENT pour la table `dossier_client`
--
ALTER TABLE `dossier_client`
  MODIFY `id` int NOT NULL AUTO_INCREMENT, AUTO_INCREMENT=28;

--
-- AUTO_INCREMENT pour la table `dossier_msg`
--
ALTER TABLE `dossier_msg`
  MODIFY `id` int NOT NULL AUTO_INCREMENT, AUTO_INCREMENT=9;

--
-- AUTO_INCREMENT pour la table `engagement`
--
ALTER TABLE `engagement`
  MODIFY `id` int NOT NULL AUTO_INCREMENT, AUTO_INCREMENT=4;

--
-- AUTO_INCREMENT pour la table `event`
--
ALTER TABLE `event`
  MODIFY `id` int NOT NULL AUTO_INCREMENT, AUTO_INCREMENT=41;

--
-- AUTO_INCREMENT pour la table `frais`
--
ALTER TABLE `frais`
  MODIFY `id` int NOT NULL AUTO_INCREMENT, AUTO_INCREMENT=22;

--
-- AUTO_INCREMENT pour la table `grade`
--
ALTER TABLE `grade`
  MODIFY `id` int NOT NULL AUTO_INCREMENT, AUTO_INCREMENT=43;

--
-- AUTO_INCREMENT pour la table `notification`
--
ALTER TABLE `notification`
  MODIFY `id` int NOT NULL AUTO_INCREMENT, AUTO_INCREMENT=891;

--
-- AUTO_INCREMENT pour la table `opportunite`
--
ALTER TABLE `opportunite`
  MODIFY `id` int NOT NULL AUTO_INCREMENT, AUTO_INCREMENT=51;

--
-- AUTO_INCREMENT pour la table `secteur_activite`
--
ALTER TABLE `secteur_activite`
  MODIFY `id` int NOT NULL AUTO_INCREMENT, AUTO_INCREMENT=122;

--
-- AUTO_INCREMENT pour la table `service`
--
ALTER TABLE `service`
  MODIFY `id` int NOT NULL AUTO_INCREMENT, AUTO_INCREMENT=41;

--
-- AUTO_INCREMENT pour la table `sujet_nr`
--
ALTER TABLE `sujet_nr`
  MODIFY `id` int NOT NULL AUTO_INCREMENT, AUTO_INCREMENT=53;

--
-- AUTO_INCREMENT pour la table `timesheet`
--
ALTER TABLE `timesheet`
  MODIFY `id` int NOT NULL AUTO_INCREMENT, AUTO_INCREMENT=3;

--
-- AUTO_INCREMENT pour la table `user`
--
ALTER TABLE `user`
  MODIFY `id` int NOT NULL AUTO_INCREMENT, AUTO_INCREMENT=41;

--
-- AUTO_INCREMENT pour la table `user_groupe`
--
ALTER TABLE `user_groupe`
  MODIFY `id` int NOT NULL AUTO_INCREMENT;

--
-- AUTO_INCREMENT pour la table `user_notif`
--
ALTER TABLE `user_notif`
  MODIFY `id` int NOT NULL AUTO_INCREMENT, AUTO_INCREMENT=1163;

--
-- Contraintes pour les tables déchargées
--

--
-- Contraintes pour la table `contact`
--
ALTER TABLE `contact`
  ADD CONSTRAINT `FK_4C62E638A4AEAFEA` FOREIGN KEY (`entreprise_id`) REFERENCES `user` (`id`) ON DELETE RESTRICT ON UPDATE RESTRICT;

--
-- Contraintes pour la table `delegue_opp`
--
ALTER TABLE `delegue_opp`
  ADD CONSTRAINT `FK_75EBCA0A80FBB128` FOREIGN KEY (`opportunite_id`) REFERENCES `opportunite` (`id`) ON DELETE RESTRICT ON UPDATE RESTRICT,
  ADD CONSTRAINT `FK_75EBCA0AA848E3B1` FOREIGN KEY (`collaborateur_id`) REFERENCES `user` (`id`) ON DELETE RESTRICT ON UPDATE RESTRICT;

--
-- Contraintes pour la table `design_collabs`
--
ALTER TABLE `design_collabs`
  ADD CONSTRAINT `FK_BDDBFEE0642B8210` FOREIGN KEY (`admin_id`) REFERENCES `user` (`id`) ON DELETE RESTRICT ON UPDATE RESTRICT,
  ADD CONSTRAINT `FK_BDDBFEE079E92E8C` FOREIGN KEY (`emetteur_id`) REFERENCES `user` (`id`) ON DELETE RESTRICT ON UPDATE RESTRICT,
  ADD CONSTRAINT `FK_BDDBFEE0A848E3B1` FOREIGN KEY (`collaborateur_id`) REFERENCES `user` (`id`) ON DELETE RESTRICT ON UPDATE RESTRICT,
  ADD CONSTRAINT `FK_BDDBFEE0D7A2CD5C` FOREIGN KEY (`dossier_client_id`) REFERENCES `dossier_client` (`id`) ON DELETE RESTRICT ON UPDATE RESTRICT;

--
-- Contraintes pour la table `disc_groupe`
--
ALTER TABLE `disc_groupe`
  ADD CONSTRAINT `FK_51D4977873A201E5` FOREIGN KEY (`createur_id`) REFERENCES `user` (`id`) ON DELETE RESTRICT ON UPDATE RESTRICT;

--
-- Contraintes pour la table `document_client`
--
ALTER TABLE `document_client`
  ADD CONSTRAINT `FK_7926B53379E92E8C` FOREIGN KEY (`emetteur_id`) REFERENCES `user` (`id`) ON DELETE RESTRICT ON UPDATE RESTRICT,
  ADD CONSTRAINT `FK_7926B533A848E3B1` FOREIGN KEY (`collaborateur_id`) REFERENCES `user` (`id`) ON DELETE RESTRICT ON UPDATE RESTRICT;

--
-- Contraintes pour la table `document_client_user`
--
ALTER TABLE `document_client_user`
  ADD CONSTRAINT `FK_DEA62241A76ED395` FOREIGN KEY (`user_id`) REFERENCES `user` (`id`) ON DELETE CASCADE ON UPDATE RESTRICT,
  ADD CONSTRAINT `FK_DEA62241BD34180` FOREIGN KEY (`document_client_id`) REFERENCES `document_client` (`id`) ON DELETE CASCADE ON UPDATE RESTRICT;

--
-- Contraintes pour la table `dossier_client`
--
ALTER TABLE `dossier_client`
  ADD CONSTRAINT `FK_2F35507C642B8210` FOREIGN KEY (`admin_id`) REFERENCES `user` (`id`) ON DELETE RESTRICT ON UPDATE RESTRICT,
  ADD CONSTRAINT `FK_2F35507C79E92E8C` FOREIGN KEY (`emetteur_id`) REFERENCES `user` (`id`) ON DELETE RESTRICT ON UPDATE RESTRICT;

--
-- Contraintes pour la table `dossier_client_user`
--
ALTER TABLE `dossier_client_user`
  ADD CONSTRAINT `FK_1725BB28A76ED395` FOREIGN KEY (`user_id`) REFERENCES `user` (`id`) ON DELETE CASCADE ON UPDATE RESTRICT,
  ADD CONSTRAINT `FK_1725BB28D7A2CD5C` FOREIGN KEY (`dossier_client_id`) REFERENCES `dossier_client` (`id`) ON DELETE CASCADE ON UPDATE RESTRICT;

--
-- Contraintes pour la table `engagement`
--
ALTER TABLE `engagement`
  ADD CONSTRAINT `FK_D86F014153C59D72` FOREIGN KEY (`responsable_id`) REFERENCES `user` (`id`) ON DELETE RESTRICT ON UPDATE RESTRICT,
  ADD CONSTRAINT `FK_D86F014180FBB128` FOREIGN KEY (`opportunite_id`) REFERENCES `opportunite` (`id`) ON DELETE RESTRICT ON UPDATE RESTRICT,
  ADD CONSTRAINT `FK_D86F01419699F18E` FOREIGN KEY (`createur_eng_id`) REFERENCES `user` (`id`) ON DELETE RESTRICT ON UPDATE RESTRICT,
  ADD CONSTRAINT `FK_D86F0141A4AEAFEA` FOREIGN KEY (`entreprise_id`) REFERENCES `user` (`id`) ON DELETE RESTRICT ON UPDATE RESTRICT;

--
-- Contraintes pour la table `event`
--
ALTER TABLE `event`
  ADD CONSTRAINT `FK_3BAE0AA773A201E5` FOREIGN KEY (`createur_id`) REFERENCES `user` (`id`) ON DELETE RESTRICT ON UPDATE RESTRICT,
  ADD CONSTRAINT `FK_3BAE0AA780FBB128` FOREIGN KEY (`opportunite_id`) REFERENCES `opportunite` (`id`) ON DELETE RESTRICT ON UPDATE RESTRICT,
  ADD CONSTRAINT `FK_3BAE0AA795A6EE59` FOREIGN KEY (`demandeur_id`) REFERENCES `user` (`id`) ON DELETE RESTRICT ON UPDATE RESTRICT,
  ADD CONSTRAINT `FK_3BAE0AA798DE13AC` FOREIGN KEY (`partenaire_id`) REFERENCES `user` (`id`) ON DELETE RESTRICT ON UPDATE RESTRICT;

--
-- Contraintes pour la table `event_contact`
--
ALTER TABLE `event_contact`
  ADD CONSTRAINT `FK_C9354F9771F7E88B` FOREIGN KEY (`event_id`) REFERENCES `event` (`id`) ON DELETE CASCADE ON UPDATE RESTRICT,
  ADD CONSTRAINT `FK_C9354F97E7A1254A` FOREIGN KEY (`contact_id`) REFERENCES `contact` (`id`) ON DELETE CASCADE ON UPDATE RESTRICT;

--
-- Contraintes pour la table `event_user`
--
ALTER TABLE `event_user`
  ADD CONSTRAINT `FK_92589AE271F7E88B` FOREIGN KEY (`event_id`) REFERENCES `event` (`id`) ON DELETE CASCADE ON UPDATE RESTRICT,
  ADD CONSTRAINT `FK_92589AE2A76ED395` FOREIGN KEY (`user_id`) REFERENCES `user` (`id`) ON DELETE CASCADE ON UPDATE RESTRICT;

--
-- Contraintes pour la table `frais`
--
ALTER TABLE `frais`
  ADD CONSTRAINT `FK_25404C9879E92E8C` FOREIGN KEY (`emetteur_id`) REFERENCES `user` (`id`) ON DELETE RESTRICT ON UPDATE RESTRICT,
  ADD CONSTRAINT `FK_25404C9880FBB128` FOREIGN KEY (`opportunite_id`) REFERENCES `opportunite` (`id`) ON DELETE RESTRICT ON UPDATE RESTRICT,
  ADD CONSTRAINT `FK_25404C98D30F6F97` FOREIGN KEY (`engagement_id`) REFERENCES `engagement` (`id`) ON DELETE RESTRICT ON UPDATE RESTRICT,
  ADD CONSTRAINT `FK_25404C98FD02F13` FOREIGN KEY (`evenement_id`) REFERENCES `event` (`id`) ON DELETE RESTRICT ON UPDATE RESTRICT;

--
-- Contraintes pour la table `notification`
--
ALTER TABLE `notification`
  ADD CONSTRAINT `FK_BF5476CA79E92E8C` FOREIGN KEY (`emetteur_id`) REFERENCES `user` (`id`) ON DELETE RESTRICT ON UPDATE RESTRICT,
  ADD CONSTRAINT `FK_BF5476CA7A45358C` FOREIGN KEY (`groupe_id`) REFERENCES `disc_groupe` (`id`) ON DELETE RESTRICT ON UPDATE RESTRICT,
  ADD CONSTRAINT `FK_BF5476CAA76ED395` FOREIGN KEY (`user_id`) REFERENCES `user` (`id`) ON DELETE RESTRICT ON UPDATE RESTRICT;

--
-- Contraintes pour la table `opportunite`
--
ALTER TABLE `opportunite`
  ADD CONSTRAINT `FK_97889F98251C942D` FOREIGN KEY (`createur_opp_id`) REFERENCES `user` (`id`) ON DELETE RESTRICT ON UPDATE RESTRICT,
  ADD CONSTRAINT `FK_97889F9853C59D72` FOREIGN KEY (`responsable_id`) REFERENCES `user` (`id`) ON DELETE RESTRICT ON UPDATE RESTRICT,
  ADD CONSTRAINT `FK_97889F986BFF42DA` FOREIGN KEY (`contact_principal_id`) REFERENCES `contact` (`id`) ON DELETE RESTRICT ON UPDATE RESTRICT,
  ADD CONSTRAINT `FK_97889F98A4AEAFEA` FOREIGN KEY (`entreprise_id`) REFERENCES `user` (`id`) ON DELETE RESTRICT ON UPDATE RESTRICT,
  ADD CONSTRAINT `FK_97889F98E15A0002` FOREIGN KEY (`open_by_id`) REFERENCES `user` (`id`) ON DELETE RESTRICT ON UPDATE RESTRICT,
  ADD CONSTRAINT `FK_97889F98ED5CA9E6` FOREIGN KEY (`service_id`) REFERENCES `service` (`id`) ON DELETE RESTRICT ON UPDATE RESTRICT;

--
-- Contraintes pour la table `opportunite_contact`
--
ALTER TABLE `opportunite_contact`
  ADD CONSTRAINT `FK_4C0AC36180FBB128` FOREIGN KEY (`opportunite_id`) REFERENCES `opportunite` (`id`) ON DELETE CASCADE ON UPDATE RESTRICT,
  ADD CONSTRAINT `FK_4C0AC361E7A1254A` FOREIGN KEY (`contact_id`) REFERENCES `contact` (`id`) ON DELETE CASCADE ON UPDATE RESTRICT;

--
-- Contraintes pour la table `service`
--
ALTER TABLE `service`
  ADD CONSTRAINT `FK_E19D9AD2CCF9E01E` FOREIGN KEY (`departement_id`) REFERENCES `departement` (`id`) ON DELETE RESTRICT ON UPDATE RESTRICT;

--
-- Contraintes pour la table `sujet_nr`
--
ALTER TABLE `sujet_nr`
  ADD CONSTRAINT `FK_C7D86AE871F7E88B` FOREIGN KEY (`event_id`) REFERENCES `event` (`id`) ON DELETE RESTRICT ON UPDATE RESTRICT,
  ADD CONSTRAINT `FK_C7D86AE873A201E5` FOREIGN KEY (`createur_id`) REFERENCES `user` (`id`) ON DELETE RESTRICT ON UPDATE RESTRICT,
  ADD CONSTRAINT `FK_C7D86AE880FBB128` FOREIGN KEY (`opportunite_id`) REFERENCES `opportunite` (`id`) ON DELETE RESTRICT ON UPDATE RESTRICT,
  ADD CONSTRAINT `FK_C7D86AE8BF516DC4` FOREIGN KEY (`frais_id`) REFERENCES `frais` (`id`) ON DELETE RESTRICT ON UPDATE RESTRICT,
  ADD CONSTRAINT `FK_C7D86AE8C33F7837` FOREIGN KEY (`document_id`) REFERENCES `dossier_client` (`id`) ON DELETE RESTRICT ON UPDATE RESTRICT;

--
-- Contraintes pour la table `sujet_nr_notification`
--
ALTER TABLE `sujet_nr_notification`
  ADD CONSTRAINT `FK_FC0FA008D6AA9D24` FOREIGN KEY (`sujet_nr_id`) REFERENCES `sujet_nr` (`id`) ON DELETE CASCADE ON UPDATE RESTRICT,
  ADD CONSTRAINT `FK_FC0FA008EF1A9D84` FOREIGN KEY (`notification_id`) REFERENCES `notification` (`id`) ON DELETE CASCADE ON UPDATE RESTRICT;
--
-- Base de données : `filrouge`
--
CREATE DATABASE IF NOT EXISTS `filrouge` DEFAULT CHARACTER SET utf8mb4 COLLATE utf8mb4_0900_ai_ci;
USE `filrouge`;

-- --------------------------------------------------------

--
-- Structure de la table `commission`
--

CREATE TABLE `commission` (
  `id` int NOT NULL,
  `borne_inferieure` double NOT NULL,
  `borne_superieure` double NOT NULL,
  `valeur` double NOT NULL
) ENGINE=InnoDB DEFAULT CHARSET=utf8mb4 COLLATE=utf8mb4_unicode_ci;

--
-- Déchargement des données de la table `commission`
--

INSERT INTO `commission` (`id`, `borne_inferieure`, `borne_superieure`, `valeur`) VALUES
(81, 1, 500, 50),
(82, 501, 1000, 100),
(83, 1001, 1100, 100),
(84, 1101, 1500, 100),
(85, 1501, 2000, 200),
(86, 2001, 3000, 200),
(87, 3001, 5000, 400),
(88, 5001, 6000, 600),
(89, 6001, 10000, 600),
(90, 10001, 12000, 900),
(91, 12001, 15000, 900),
(92, 15001, 17000, 1000),
(93, 17001, 20000, 1000),
(94, 20001, 25000, 1500),
(95, 25001, 30000, 1500),
(96, 30001, 35000, 1500),
(97, 35001, 40000, 1800),
(98, 40001, 50000, 1800),
(99, 50001, 60000, 2000),
(100, 60001, 70000, 2700),
(101, 70001, 75000, 2700),
(102, 75001, 100000, 3000),
(103, 100001, 125000, 3600),
(104, 125001, 150000, 3600),
(105, 150001, 175000, 3800),
(106, 175001, 200000, 4600),
(107, 200001, 250000, 6400),
(108, 250001, 300000, 8000),
(109, 300001, 350000, 8500),
(110, 350001, 400000, 9900),
(111, 400001, 500000, 11900),
(112, 500001, 600000, 11900),
(113, 600001, 700000, 13600),
(114, 700001, 750000, 14500),
(115, 750001, 1000000, 21700),
(116, 1000001, 1250000, 24500),
(117, 1250001, 1500000, 31900),
(118, 1500001, 2000000, 36000),
(119, 2000001, 3000000, 40000);

-- --------------------------------------------------------

--
-- Structure de la table `compte`
--

CREATE TABLE `compte` (
  `id` int NOT NULL,
  `numero_compte` double NOT NULL,
  `code_bank` double NOT NULL,
  `nom_beneficiaire` varchar(255) CHARACTER SET utf8mb4 COLLATE utf8mb4_unicode_ci NOT NULL,
  `solde` double NOT NULL,
  `date_creation` datetime NOT NULL,
  `partenaire_id` int DEFAULT NULL
) ENGINE=InnoDB DEFAULT CHARSET=utf8mb4 COLLATE=utf8mb4_unicode_ci;

--
-- Déchargement des données de la table `compte`
--

INSERT INTO `compte` (`id`, `numero_compte`, `code_bank`, `nom_beneficiaire`, `solde`, `date_creation`, `partenaire_id`) VALUES
(4, 1402368385066, 960820, 'Ababacar Sadikh GUEYE', 977040, '2019-08-15 12:25:07', 6),
(5, 8061439398760, 784502, 'Ababacar Sadikh GUEYE', 189400, '2019-08-15 13:18:12', 6),
(6, 4780443832729, 992012, 'Khalifa GUEYE', 400000, '2019-08-16 07:57:38', 6),
(7, 1960196019604, 600404, 'Etat', 270, '2019-08-16 09:47:05', 15),
(8, 2019201920190, 191919, 'Wari', 360, '2019-08-16 09:50:05', 16),
(9, 8763148142614, 784523, 'Moimeme Baye', 0, '2019-08-28 15:53:38', 8),
(12, 6750039609304, 785629, 'Bassirou BITEYE', 0, '2019-09-03 15:48:54', 11),
(13, 7122272248739, 66556, 'dcecdece', 375000, '2019-09-03 16:11:48', 12),
(14, 3682114885792, 784523, 'Mor Seck', 0, '2019-09-04 08:08:46', 13),
(15, 6273380055791, 789320, 'Abdoulaye Diakité', 0, '2019-09-06 08:56:26', 11),
(16, 6777561192113, 785412, 'Seynabou SECK', 0, '2019-09-06 09:01:39', 14),
(17, 7913122722585, 85215325, 'Yaya Ly', 0, '2019-09-11 09:08:10', 13),
(18, 2455718649097, 778832, 'Théodore Adrien SARR', 0, '2019-09-19 07:59:27', 17),
(19, 6011118210884, 784552, 'Wane', 50000, '2019-10-08 09:51:09', 18);

-- --------------------------------------------------------

--
-- Structure de la table `depot`
--

CREATE TABLE `depot` (
  `id` int NOT NULL,
  `date_depot` datetime NOT NULL,
  `montant_depot` double NOT NULL,
  `compte_id` int NOT NULL,
  `caissier_id` int NOT NULL
) ENGINE=InnoDB DEFAULT CHARSET=utf8mb4 COLLATE=utf8mb4_unicode_ci;

--
-- Déchargement des données de la table `depot`
--

INSERT INTO `depot` (`id`, `date_depot`, `montant_depot`, `compte_id`, `caissier_id`) VALUES
(4, '2019-08-15 12:48:03', 750000, 4, 22),
(5, '2019-09-02 07:47:18', 600000, 4, 22),
(6, '2019-09-04 08:38:48', 250000, 13, 22),
(7, '2019-09-15 20:24:03', 250000, 6, 22),
(8, '2019-09-15 21:14:52', 125000, 13, 22),
(9, '2019-10-08 09:59:06', 50000, 19, 22),
(10, '2019-12-29 14:02:07', 150000, 6, 22);

-- --------------------------------------------------------

--
-- Structure de la table `migration_versions`
--

CREATE TABLE `migration_versions` (
  `version` varchar(14) CHARACTER SET utf8mb4 COLLATE utf8mb4_unicode_ci NOT NULL,
  `executed_at` datetime NOT NULL COMMENT '(DC2Type:datetime_immutable)'
) ENGINE=InnoDB DEFAULT CHARSET=utf8mb4 COLLATE=utf8mb4_unicode_ci;

--
-- Déchargement des données de la table `migration_versions`
--

INSERT INTO `migration_versions` (`version`, `executed_at`) VALUES
('20190807092612', '2019-08-07 09:26:27'),
('20190807093625', '2019-08-07 09:36:55'),
('20190807113657', '2019-08-07 11:37:10'),
('20190807201445', '2019-08-07 20:15:05'),
('20190807204200', '2019-08-07 20:42:11'),
('20190809094011', '2019-08-09 09:41:23'),
('20190813182818', '2019-08-13 18:54:49');

-- --------------------------------------------------------

--
-- Structure de la table `partenaire`
--

CREATE TABLE `partenaire` (
  `id` int NOT NULL,
  `ninea` double NOT NULL,
  `localisation` varchar(255) CHARACTER SET utf8mb4 COLLATE utf8mb4_unicode_ci NOT NULL,
  `domaine_activite` varchar(255) CHARACTER SET utf8mb4 COLLATE utf8mb4_unicode_ci NOT NULL,
  `date_creation` datetime NOT NULL,
  `statut` tinyint(1) NOT NULL
) ENGINE=InnoDB DEFAULT CHARSET=utf8mb4 COLLATE=utf8mb4_unicode_ci;

--
-- Déchargement des données de la table `partenaire`
--

INSERT INTO `partenaire` (`id`, `ninea`, `localisation`, `domaine_activite`, `date_creation`, `statut`) VALUES
(6, 1870199602000, 'Sénégal, Dakar, Guédiawaye 101 Hamo 4', 'Numérique', '2019-08-15 12:25:07', 1),
(8, 17455669555888, 'Kaolack', 'Numérique', '2019-08-28 15:53:38', 1),
(11, 1875422652550, 'Dakar', 'Ingenieurie', '2019-09-03 15:48:54', 1),
(12, 452564646, 'ececece', 'cececece', '2019-09-03 16:11:48', 1),
(13, 1785201503215, 'Quartier Sublime, Almadie', 'Transpot', '2019-09-04 08:08:45', 1),
(14, 1876199702005, 'Diapositive', 'Management', '2019-09-06 09:01:39', 1),
(15, 1960196019604, 'Sénégal', 'Etat', '2019-09-15 00:00:00', 1),
(16, 2019201920190, 'Sénégal', 'Sénégal', '2019-09-15 00:00:00', 1),
(17, 1485169535422, 'Parcelle Assainie', 'Infographie', '2019-09-19 07:59:27', 1),
(18, 123456789, 'Quartier Sublime, Almadie', 'Transpot', '2019-10-08 09:51:09', 1);

-- --------------------------------------------------------

--
-- Structure de la table `profil`
--

CREATE TABLE `profil` (
  `id` int NOT NULL,
  `libelle` varchar(255) CHARACTER SET utf8mb4 COLLATE utf8mb4_unicode_ci NOT NULL
) ENGINE=InnoDB DEFAULT CHARSET=utf8mb4 COLLATE=utf8mb4_unicode_ci;

--
-- Déchargement des données de la table `profil`
--

INSERT INTO `profil` (`id`, `libelle`) VALUES
(12, 'Admin-Partenaire'),
(13, 'Caissier'),
(11, 'Partenaire'),
(10, 'Super-Admin'),
(14, 'Utilisateur'),
(9, 'Wari');

-- --------------------------------------------------------

--
-- Structure de la table `transaction`
--

CREATE TABLE `transaction` (
  `id` int NOT NULL,
  `nom_envoyeur` varchar(255) CHARACTER SET utf8mb4 COLLATE utf8mb4_unicode_ci NOT NULL,
  `prenom_envoyeur` varchar(255) CHARACTER SET utf8mb4 COLLATE utf8mb4_unicode_ci NOT NULL,
  `adresse_envoyeur` varchar(255) CHARACTER SET utf8mb4 COLLATE utf8mb4_unicode_ci DEFAULT NULL,
  `tel_envoyeur` varchar(255) CHARACTER SET utf8mb4 COLLATE utf8mb4_unicode_ci NOT NULL,
  `cnienvoyeur` varchar(255) CHARACTER SET utf8mb4 COLLATE utf8mb4_unicode_ci NOT NULL,
  `nom_beneficiaire` varchar(255) CHARACTER SET utf8mb4 COLLATE utf8mb4_unicode_ci NOT NULL,
  `prenom_beneficiaire` varchar(255) CHARACTER SET utf8mb4 COLLATE utf8mb4_unicode_ci NOT NULL,
  `tel_beneficiaire` varchar(255) CHARACTER SET utf8mb4 COLLATE utf8mb4_unicode_ci NOT NULL,
  `adresse_beneficiaire` varchar(255) CHARACTER SET utf8mb4 COLLATE utf8mb4_unicode_ci DEFAULT NULL,
  `numero_transaction` double NOT NULL,
  `montant_envoyer` double NOT NULL,
  `total_envoyer` double NOT NULL,
  `montant_retirer` double DEFAULT NULL,
  `cnibeneficiaire` double DEFAULT NULL,
  `utilisateur_id` int NOT NULL,
  `date_envoie` datetime NOT NULL,
  `date_retrait` datetime DEFAULT NULL,
  `commission_ttc_id` int NOT NULL,
  `type` tinyint(1) NOT NULL,
  `commission_etat` double NOT NULL,
  `commission_wari` double NOT NULL,
  `commission_envoi` double NOT NULL,
  `commission_retrait` double DEFAULT NULL,
  `user_retrait_id` int DEFAULT NULL
) ENGINE=InnoDB DEFAULT CHARSET=utf8mb4 COLLATE=utf8mb4_unicode_ci;

--
-- Déchargement des données de la table `transaction`
--

INSERT INTO `transaction` (`id`, `nom_envoyeur`, `prenom_envoyeur`, `adresse_envoyeur`, `tel_envoyeur`, `cnienvoyeur`, `nom_beneficiaire`, `prenom_beneficiaire`, `tel_beneficiaire`, `adresse_beneficiaire`, `numero_transaction`, `montant_envoyer`, `total_envoyer`, `montant_retirer`, `cnibeneficiaire`, `utilisateur_id`, `date_envoie`, `date_retrait`, `commission_ttc_id`, `type`, `commission_etat`, `commission_wari`, `commission_envoi`, `commission_retrait`, `user_retrait_id`) VALUES
(8, 'GUEYE', 'Ababacar Sadikh', '101 Hamo 4 Guédiawaye', '784408822', '1870199602000', 'GUEYE', 'Maty', '774661377', 'Ouakam', 656708349, 10000, 10600, 10000, 1870199400356, 27, '2019-08-16 15:05:55', '2019-08-16 15:12:36', 89, 1, 180, 240, 60, 120, 21),
(9, 'GUEYE', 'Ababacar Sadikh', '101 Hamo 4 Guédiawaye', '+221784408822', '1870199602000', 'CISSÉ', 'Ndoumbé', '+221771180530', 'Scatt urbam', 146152640, 25000, 26500, 25000, 1345200000325, 21, '2019-09-01 19:49:16', '2019-09-08 01:57:48', 94, 1, 450, 600, 150, 300, 27),
(10, 'GUEYE', 'Madiabel', 'Strasbourg, France', '+3306457812', '18701998702456', 'CISSÉ', 'Khadidiatou', '776452189', 'Scatt urbam', 816820029, 150000, 153600, 150000, 1345200000325, 21, '2019-09-05 07:53:36', '2019-09-08 02:13:23', 104, 1, 1080, 1440, 360, 720, 27),
(11, 'GUEYE', 'Madiabel', 'Strasbourg, France', '+3306457812', '18701998702456', 'CISSÉ', 'Khadidiatou', '776452189', 'Hamo 4', 296156401, 10000, 10600, 10000, 1345200000325, 27, '2019-09-08 02:21:10', '2019-09-08 02:22:18', 89, 1, 180, 240, 60, 120, 27),
(12, 'GUEYE', 'Madiabel', 'Strasbourg, France', '+3306457812', '18701998702456', 'CISSÉ', 'Khadidiatou', '776452189', 'Hamo 4', 498104590, 10000, 10600, 10000, 1345200000325, 27, '2019-09-08 02:25:15', '2019-09-08 02:26:25', 89, 1, 180, 240, 60, 120, 27),
(13, 'GUEYE', 'Madiabel', 'Strasbourg, France', '+3306457812', '18701998702456', 'CISSÉ', 'Khadidiatou', '776452189', 'Hamo 4', 702681869, 10000, 10600, 10000, 1254459624485, 27, '2019-09-08 02:25:40', '2019-09-11 16:38:56', 89, 1, 180, 240, 60, 120, 21),
(14, 'MBAYE', 'Mbacké', 'Baobab Demba DIOP', '777856321', '125552258525', 'SENE', 'AWA', '787784526', 'je ne sais pas', 339776077, 15000, 15900, 15000, 14586953, 21, '2019-09-12 14:04:32', '2019-09-13 08:57:22', 91, 1, 270, 360, 90, 180, 21),
(15, 'SECK', 'Mor', 'Tally bou Makk', '7452486524', '1870199870245', 'SECK', 'Khadidiatou', '7451648954', 'Hamo 66', 114219057, 2000, 2200, 2000, 14152582484562, 21, '2019-09-13 11:35:31', '2019-09-13 11:36:50', 85, 1, 60, 80, 20, 40, 21),
(16, 'CAMARA', 'Aboubacar', 'Keur Massar', '778584822', '1458199504803', 'SARR', 'Mamadou', '84521454245', 'lamm', 202883769, 20000, 21000, 20000, 12255556556, 21, '2019-09-13 13:00:45', '2019-09-15 21:35:50', 93, 1, 300, 400, 100, 200, 33),
(17, 'Kane', 'Ndèye Rokhaya', '28 PLACE LOUISE DE VILMORIN', '784455522', '1870199602000', 'DIALLO', 'Lamine', '142515858', 'azerty', 192476694, 20000, 21000, 20000, 14545223666, 21, '2019-09-13 13:02:40', '2019-09-15 21:38:50', 93, 1, 300, 400, 100, 200, 33),
(18, 'Camara', 'Aboubacar', 'Keur Massar', '774825102', '1870199870245', 'DIALLO', 'Bintou', '78545222', 'Fann Hock', 806453089, 100000, 103000, 100000, 154216630520, 21, '2019-09-13 13:04:54', '2019-09-15 21:50:49', 102, 1, 900, 1200, 300, 600, 33),
(19, 'GUEYE', 'Mamadou Lamine', '101 Hamo 4 Guédiawaye', '774552130', '1574197300534', 'GUEYE', 'Ababacar', '+221784408822', '101 Hamo 4 Guédiawaye', 678733381, 5000, 5400, NULL, NULL, 21, '2019-09-13 14:33:49', NULL, 87, 0, 120, 160, 40, NULL, NULL),
(20, 'Ababacar', 'ghuu', '101 Hamo 4 Guédiawaye', '+221784408822', '4144155852', 'GUEYE', 'azertyu', '148858455', 'Mouhamed', 123316519, 12500, 13400, 12500, 174526211452, 21, '2019-10-24 12:14:36', '2019-10-27 16:12:33', 91, 1, 270, 360, 90, 180, 21);

-- --------------------------------------------------------

--
-- Structure de la table `utilisateur`
--

CREATE TABLE `utilisateur` (
  `id` int NOT NULL,
  `username` varchar(180) CHARACTER SET utf8mb4 COLLATE utf8mb4_unicode_ci NOT NULL,
  `roles` json NOT NULL,
  `password` varchar(255) CHARACTER SET utf8mb4 COLLATE utf8mb4_unicode_ci NOT NULL,
  `nom` varchar(255) CHARACTER SET utf8mb4 COLLATE utf8mb4_unicode_ci NOT NULL,
  `prenom` varchar(255) CHARACTER SET utf8mb4 COLLATE utf8mb4_unicode_ci NOT NULL,
  `adresse` varchar(255) CHARACTER SET utf8mb4 COLLATE utf8mb4_unicode_ci NOT NULL,
  `email` varchar(255) CHARACTER SET utf8mb4 COLLATE utf8mb4_unicode_ci NOT NULL,
  `tel` varchar(255) CHARACTER SET utf8mb4 COLLATE utf8mb4_unicode_ci NOT NULL,
  `statut` tinyint(1) NOT NULL,
  `profil` varchar(255) CHARACTER SET utf8mb4 COLLATE utf8mb4_unicode_ci NOT NULL,
  `date_creation` datetime NOT NULL,
  `partenaire_id` int DEFAULT NULL,
  `compte_id` int DEFAULT NULL,
  `image_name` varchar(255) CHARACTER SET utf8mb4 COLLATE utf8mb4_unicode_ci DEFAULT NULL,
  `updated_at` datetime DEFAULT NULL
) ENGINE=InnoDB DEFAULT CHARSET=utf8mb4 COLLATE=utf8mb4_unicode_ci;

--
-- Déchargement des données de la table `utilisateur`
--

INSERT INTO `utilisateur` (`id`, `username`, `roles`, `password`, `nom`, `prenom`, `adresse`, `email`, `tel`, `statut`, `profil`, `date_creation`, `partenaire_id`, `compte_id`, `image_name`, `updated_at`) VALUES
(19, 'Sadikh', '[\"ROLE_Wari\"]', '$argon2id$v=19$m=65536,t=4,p=1$m037DlJzlzzjULrR1oV21Q$DhY28694/0eTHUtNofYjdcymlxtmDGmd6O5rfMOZJxo', 'GUEYE', 'Ababacar Sadikh', '101 Hamo 4 Guédiawaye', 'abougueye96@yahoo.fr', '784408822', 1, '9', '2019-08-15 11:55:01', 16, 8, NULL, NULL),
(20, 'Abou', '[\"ROLE_Partenaire\"]', '$argon2id$v=19$m=65536,t=4,p=1$RinTUT2692fdBDLf2toSNA$sEIsBIqcZdLGtfOOmd7np5D8w1PB8fXOS5IBtwJrad4', 'GUEYE', 'Abou', '101 Hamo 4 Guédiawaye', 'abou@abou.sn', '771844682', 1, '11', '2019-08-15 12:25:07', 6, 4, '5d554f2330140453497777.jpg', '2019-08-15 12:25:06'),
(21, 'Mouhamed', '[\"ROLE_Utilisateur\"]', '$argon2id$v=19$m=65536,t=4,p=1$HMk5dvUr2SyEJ4OlUCDG0w$1XkjvhExPCA6/dM9HMrrosn5F0xh28PZKRqwfW8fOIw', 'GUEYE', 'Mouhamed', '101 Hamo 4 Guédiawaye', 'mouhamed@mouhamed.sn', '775482562', 1, '14', '2019-08-15 12:28:47', 6, 4, '5d554fffcea61528892712.jpeg', '2019-08-15 12:28:47'),
(22, 'cire', '[\"ROLE_Caissier\"]', '$argon2id$v=19$m=65536,t=4,p=1$EppO6pDyQbYnPcQNWRHQ+Q$8P1ZRHJOf5vhv2+tEOUgC77CtVLf6f8XVcjfX3HdvRg', 'GUEYE', 'Ciré', '101 Hamo 4 Guédiawaye', 'cire@cire.sn', '774398596', 1, '13', '2019-08-15 12:36:11', 16, 8, '5d5551bbc83f8176226212.jpeg', '2019-08-15 12:36:11'),
(24, 'Adji', '[\"ROLE_Admin-Partenaire\"]', '$argon2id$v=19$m=65536,t=4,p=1$1E6Z55SxOGmSHdaNpPtMSA$TzXSmweYohLaVg998fdtaqkin/EL2Kw6SFZe5RwARmk', 'DIA', 'Adji Awa', 'Mbour', 'adjiawa@hotmail.fr', '784561239', 1, '12', '2019-08-15 12:57:47', 6, 4, '5d5556cbd87bf745136945.jpg', '2019-08-15 12:57:47'),
(26, 'moimeme', '[\"ROLE_Super-Admin\"]', '$argon2id$v=19$m=65536,t=4,p=1$qMqapL64WSztlnGYPR+6gQ$NlKWFaVbYDM/zjd3O7H5SkOAJ1oQrOL6aN/bH15VP8k', 'moimeme', 'moimeme', 'Hamo 4', 'moimeme@moimeme.sn', '777878787', 1, '10', '2019-08-15 13:12:22', 16, 8, '5d555a361efa8972493846.jpg', '2019-08-15 13:12:21'),
(27, 'atina', '[\"ROLE_Utilisateur\"]', '$argon2id$v=19$m=65536,t=4,p=1$jxfOjY5n4PHZLyFNp2hR0w$Ku46dEqv4s8TssDcdYopfry4+NJsG3Ro6Szdb29gjb4', 'GUEYE', 'maty', 'Ouakam', 'atinag@gmail.com', '774661377', 1, '14', '2019-09-08 21:02:18', 6, 5, '5d569721d22d6014700693.jpg', '2019-08-16 11:44:33'),
(28, 'Baye', '[\"ROLE_Partenaire\"]', '$argon2id$v=19$m=65536,t=4,p=1$ioHKO8AEBgcyp1OROH5s3A$ZrbE2fexUm8VJ43LLFMivJCMThb8UvXWO6BJ9o5lJ/w', 'Niass', 'Baye', 'Kaolack', 'bniass@gmail.com', '120552565', 1, '11', '2019-08-28 15:53:38', 8, 9, '5d66a3820765b178750564.jpeg', '2019-08-28 15:53:37'),
(29, 'Bassirou', '[\"ROLE_Partenaire\"]', '$argon2id$v=19$m=65536,t=4,p=1$NbXYipO3ACy5HN9chVCSiQ$Lw7d9RBU4btAZcV07I7QcNzEMQILbDj937Uhnst1k9o', 'BITEYE', 'Bassirou', 'Kaolack', 'bassb@gmail.com', '777851485', 1, '11', '2019-09-03 15:48:54', 11, 12, '5d6e8b669f4e8071316978.png', '2019-09-03 15:48:54'),
(30, 'Sadikhdczz', '[\"ROLE_Partenaire\"]', '$argon2id$v=19$m=65536,t=4,p=1$3+e0vCRyP82gZcOelP5q/w$8fxH3F4GmYhoXLMmwKgYOs5lMPMjEtTojCEOsl5l+Ms', 'czsszs', 'dccs', 'cdc', 'dcce', '5555', 1, '11', '2019-09-03 16:11:48', 12, 13, '5d6e90c452a86709248577.jpg', '2019-09-03 16:11:47'),
(31, 'MorSeck00', '[\"ROLE_Partenaire\"]', '$argon2id$v=19$m=65536,t=4,p=1$t5+fz7AdbATSWkgkoOpSuA$r6gN2Sw8yBhRFVsjzCsLUXwsHXIsXK2N6ZYEd8XikA4', 'Seck', 'Mor', 'Guédiawaye', 'seckpaquet@gmail.com', '41563546431', 1, '11', '2019-09-04 08:08:46', 13, 14, '5d6f710e488a6822913190.jpg', '2019-09-04 08:08:45'),
(32, 'Seyzi', '[\"ROLE_Partenaire\"]', '$argon2id$v=19$m=65536,t=4,p=1$qGW86X+7Ff5OE7y/vPiz7Q$/QK/6GLf0C6cTVl7xA4+A4bRySBhI41PNkEfv4fPDCk', 'SECK', 'Seynabou', 'je ne sais pas', 'seyzi@seyzi.fr', '7895412632', 1, '11', '2019-09-06 09:01:39', 14, 16, '5d7220737360a542315191.jpg', '2019-09-06 09:01:39'),
(33, 'Maya', '[\"ROLE_Utilisateur\"]', '$argon2id$v=19$m=65536,t=4,p=1$ZtbrCbgA6eqsUfXdpquyhg$Lw5zyL4GpWhUl/2SBco0/pDi7ejJiYntZFhYISMbv24', 'Maya', 'Maya', 'Maya', 'maya@maya.sn', '741582148', 1, '14', '2019-09-06 09:09:47', 14, 16, '5d72225b8b75d005259744.jpg', '2019-09-06 09:09:47'),
(34, 'Bitty', '[\"ROLE_Admin-Partenaire\"]', '$argon2id$v=19$m=65536,t=4,p=1$3XhYjPXYCzFKumDdav+FFw$oQ+e7B0bW8ZU5xygIgQ/z4WBNVSaXU0ejs09hNWKvbQ', 'NDIAYE', 'Bitty', 'sdfghjkl', 'bity@bity.sn', '8651541145', 1, '12', '2019-09-06 09:46:12', 11, 12, '5d722ae476bbe581525807.jpg', '2019-09-06 09:46:12'),
(41, 'Aminata', '[\"ROLE_Utilisateur\"]', '$argon2id$v=19$m=65536,t=4,p=1$7bhKT8MHfLYAOm94pQUrLQ$p7w27JgrnnaatVpeZbrRVqJK+0tqzCMuLVxlq6JPVkE', 'Dramé', 'Aminata', 'Guédiawye', 'meena@gmail.com', '745246332', 1, '14', '2019-09-18 16:29:07', 11, 12, '5d825b538637c828001513.png', '2019-09-18 16:29:07'),
(42, 'Theodore', '[\"ROLE_Partenaire\"]', '$argon2id$v=19$m=65536,t=4,p=1$o+JkFHrKGeta4mXdz9YyLA$FvoRZf0r5ZbRjOJCHXl+Ww1lD7d+Zlv3Rrbm4JjnMbI', 'SARR', 'Théodore', 'Parcelle Assainie', 'theo@gmail.com', '789633524', 1, '11', '2019-09-19 07:59:27', 17, 18, '5d83355fd44ff395739351.png', '2019-09-19 07:59:27'),
(43, 'Wane', '[\"ROLE_Partenaire\"]', '$argon2id$v=19$m=65536,t=4,p=1$gnkcwrSndUvJno0Dne0m5w$LMro8v/wZGnCuVE1iz6ePIVm6rxQRs6TQ2q6UF2YZbQ', 'Wane', 'Wane', 'adresse', 'wane@gmail.com', '78545252', 1, '11', '2019-10-08 09:51:09', 18, 19, '5d9c5c0ddda21443342262.png', '2019-10-08 09:51:09'),
(44, 'abougueye', '[\"ROLE_Utilisateur\"]', '$argon2id$v=19$m=65536,t=4,p=1$mCMj0GC28xk6Vz2TItxwEg$73eCHmDT948/NL4vvLZQiTKqwzZCOMIaHRnWGtFpKU8', 'DIALLO', 'Ndèye Rokhaya Kane', '28 PLACE LOUISE DE VILMORIN', 'maissababma@gmail.com', '784445222', 1, '14', '2019-10-08 10:02:58', 6, 19, '5d9c5ed273fb9197863147.png', '2019-10-08 10:02:58');

--
-- Index pour les tables déchargées
--

--
-- Index pour la table `commission`
--
ALTER TABLE `commission`
  ADD PRIMARY KEY (`id`);

--
-- Index pour la table `compte`
--
ALTER TABLE `compte`
  ADD PRIMARY KEY (`id`),
  ADD UNIQUE KEY `UNIQ_CFF652609731415A` (`numero_compte`),
  ADD KEY `IDX_CFF6526098DE13AC` (`partenaire_id`);

--
-- Index pour la table `depot`
--
ALTER TABLE `depot`
  ADD PRIMARY KEY (`id`),
  ADD KEY `IDX_47948BBCF2C56620` (`compte_id`),
  ADD KEY `IDX_47948BBCB514973B` (`caissier_id`);

--
-- Index pour la table `migration_versions`
--
ALTER TABLE `migration_versions`
  ADD PRIMARY KEY (`version`);

--
-- Index pour la table `partenaire`
--
ALTER TABLE `partenaire`
  ADD PRIMARY KEY (`id`),
  ADD UNIQUE KEY `UNIQ_32FFA373C678AEBE` (`ninea`);

--
-- Index pour la table `profil`
--
ALTER TABLE `profil`
  ADD PRIMARY KEY (`id`),
  ADD UNIQUE KEY `UNIQ_E6D6B297A4D60759` (`libelle`);

--
-- Index pour la table `transaction`
--
ALTER TABLE `transaction`
  ADD PRIMARY KEY (`id`),
  ADD UNIQUE KEY `UNIQ_723705D13D880A1E` (`numero_transaction`),
  ADD KEY `IDX_723705D1FB88E14F` (`utilisateur_id`),
  ADD KEY `IDX_723705D1F4F86F58` (`commission_ttc_id`),
  ADD KEY `IDX_723705D1D99F8396` (`user_retrait_id`);

--
-- Index pour la table `utilisateur`
--
ALTER TABLE `utilisateur`
  ADD PRIMARY KEY (`id`),
  ADD UNIQUE KEY `UNIQ_1D1C63B3F85E0677` (`username`),
  ADD UNIQUE KEY `UNIQ_1D1C63B3E7927C74` (`email`),
  ADD UNIQUE KEY `UNIQ_1D1C63B3F037AB0F` (`tel`),
  ADD KEY `IDX_1D1C63B398DE13AC` (`partenaire_id`),
  ADD KEY `IDX_1D1C63B3F2C56620` (`compte_id`);

--
-- AUTO_INCREMENT pour les tables déchargées
--

--
-- AUTO_INCREMENT pour la table `commission`
--
ALTER TABLE `commission`
  MODIFY `id` int NOT NULL AUTO_INCREMENT, AUTO_INCREMENT=120;

--
-- AUTO_INCREMENT pour la table `compte`
--
ALTER TABLE `compte`
  MODIFY `id` int NOT NULL AUTO_INCREMENT, AUTO_INCREMENT=20;

--
-- AUTO_INCREMENT pour la table `depot`
--
ALTER TABLE `depot`
  MODIFY `id` int NOT NULL AUTO_INCREMENT, AUTO_INCREMENT=11;

--
-- AUTO_INCREMENT pour la table `partenaire`
--
ALTER TABLE `partenaire`
  MODIFY `id` int NOT NULL AUTO_INCREMENT, AUTO_INCREMENT=19;

--
-- AUTO_INCREMENT pour la table `profil`
--
ALTER TABLE `profil`
  MODIFY `id` int NOT NULL AUTO_INCREMENT, AUTO_INCREMENT=15;

--
-- AUTO_INCREMENT pour la table `transaction`
--
ALTER TABLE `transaction`
  MODIFY `id` int NOT NULL AUTO_INCREMENT, AUTO_INCREMENT=21;

--
-- AUTO_INCREMENT pour la table `utilisateur`
--
ALTER TABLE `utilisateur`
  MODIFY `id` int NOT NULL AUTO_INCREMENT, AUTO_INCREMENT=45;

--
-- Contraintes pour les tables déchargées
--

--
-- Contraintes pour la table `compte`
--
ALTER TABLE `compte`
  ADD CONSTRAINT `FK_CFF6526098DE13AC` FOREIGN KEY (`partenaire_id`) REFERENCES `partenaire` (`id`) ON DELETE RESTRICT ON UPDATE RESTRICT;

--
-- Contraintes pour la table `depot`
--
ALTER TABLE `depot`
  ADD CONSTRAINT `FK_47948BBCB514973B` FOREIGN KEY (`caissier_id`) REFERENCES `utilisateur` (`id`) ON DELETE RESTRICT ON UPDATE RESTRICT,
  ADD CONSTRAINT `FK_47948BBCF2C56620` FOREIGN KEY (`compte_id`) REFERENCES `compte` (`id`) ON DELETE RESTRICT ON UPDATE RESTRICT;

--
-- Contraintes pour la table `transaction`
--
ALTER TABLE `transaction`
  ADD CONSTRAINT `FK_723705D1D99F8396` FOREIGN KEY (`user_retrait_id`) REFERENCES `utilisateur` (`id`) ON DELETE RESTRICT ON UPDATE RESTRICT,
  ADD CONSTRAINT `FK_723705D1F4F86F58` FOREIGN KEY (`commission_ttc_id`) REFERENCES `commission` (`id`) ON DELETE RESTRICT ON UPDATE RESTRICT,
  ADD CONSTRAINT `FK_723705D1FB88E14F` FOREIGN KEY (`utilisateur_id`) REFERENCES `utilisateur` (`id`) ON DELETE RESTRICT ON UPDATE RESTRICT;

--
-- Contraintes pour la table `utilisateur`
--
ALTER TABLE `utilisateur`
  ADD CONSTRAINT `FK_1D1C63B398DE13AC` FOREIGN KEY (`partenaire_id`) REFERENCES `partenaire` (`id`) ON DELETE RESTRICT ON UPDATE RESTRICT,
  ADD CONSTRAINT `FK_1D1C63B3F2C56620` FOREIGN KEY (`compte_id`) REFERENCES `compte` (`id`) ON DELETE RESTRICT ON UPDATE RESTRICT;
--
-- Base de données : `phpmyadmin`
--
CREATE DATABASE IF NOT EXISTS `phpmyadmin` DEFAULT CHARACTER SET utf8mb4 COLLATE utf8mb4_0900_ai_ci;
USE `phpmyadmin`;

-- --------------------------------------------------------

--
-- Structure de la table `pma__bookmark`
--

CREATE TABLE `pma__bookmark` (
  `id` int UNSIGNED NOT NULL,
  `dbase` varchar(255) COLLATE utf8_bin NOT NULL DEFAULT '',
  `user` varchar(255) COLLATE utf8_bin NOT NULL DEFAULT '',
  `label` varchar(255) CHARACTER SET utf8 COLLATE utf8_general_ci NOT NULL DEFAULT '',
  `query` text COLLATE utf8_bin NOT NULL
) ENGINE=InnoDB DEFAULT CHARSET=utf8 COLLATE=utf8_bin COMMENT='Bookmarks';

-- --------------------------------------------------------

--
-- Structure de la table `pma__central_columns`
--

CREATE TABLE `pma__central_columns` (
  `db_name` varchar(64) COLLATE utf8_bin NOT NULL,
  `col_name` varchar(64) COLLATE utf8_bin NOT NULL,
  `col_type` varchar(64) COLLATE utf8_bin NOT NULL,
  `col_length` text COLLATE utf8_bin,
  `col_collation` varchar(64) COLLATE utf8_bin NOT NULL,
  `col_isNull` tinyint(1) NOT NULL,
  `col_extra` varchar(255) COLLATE utf8_bin DEFAULT '',
  `col_default` text COLLATE utf8_bin
) ENGINE=InnoDB DEFAULT CHARSET=utf8 COLLATE=utf8_bin COMMENT='Central list of columns';

-- --------------------------------------------------------

--
-- Structure de la table `pma__column_info`
--

CREATE TABLE `pma__column_info` (
  `id` int UNSIGNED NOT NULL,
  `db_name` varchar(64) COLLATE utf8_bin NOT NULL DEFAULT '',
  `table_name` varchar(64) COLLATE utf8_bin NOT NULL DEFAULT '',
  `column_name` varchar(64) COLLATE utf8_bin NOT NULL DEFAULT '',
  `comment` varchar(255) CHARACTER SET utf8 COLLATE utf8_general_ci NOT NULL DEFAULT '',
  `mimetype` varchar(255) CHARACTER SET utf8 COLLATE utf8_general_ci NOT NULL DEFAULT '',
  `transformation` varchar(255) COLLATE utf8_bin NOT NULL DEFAULT '',
  `transformation_options` varchar(255) COLLATE utf8_bin NOT NULL DEFAULT '',
  `input_transformation` varchar(255) COLLATE utf8_bin NOT NULL DEFAULT '',
  `input_transformation_options` varchar(255) COLLATE utf8_bin NOT NULL DEFAULT ''
) ENGINE=InnoDB DEFAULT CHARSET=utf8 COLLATE=utf8_bin COMMENT='Column information for phpMyAdmin';

-- --------------------------------------------------------

--
-- Structure de la table `pma__designer_settings`
--

CREATE TABLE `pma__designer_settings` (
  `username` varchar(64) COLLATE utf8_bin NOT NULL,
  `settings_data` text COLLATE utf8_bin NOT NULL
) ENGINE=InnoDB DEFAULT CHARSET=utf8 COLLATE=utf8_bin COMMENT='Settings related to Designer';

--
-- Déchargement des données de la table `pma__designer_settings`
--

INSERT INTO `pma__designer_settings` (`username`, `settings_data`) VALUES
('root', '{\"angular_direct\":\"direct\",\"relation_lines\":\"true\",\"snap_to_grid\":\"off\"}');

-- --------------------------------------------------------

--
-- Structure de la table `pma__export_templates`
--

CREATE TABLE `pma__export_templates` (
  `id` int UNSIGNED NOT NULL,
  `username` varchar(64) COLLATE utf8_bin NOT NULL,
  `export_type` varchar(10) COLLATE utf8_bin NOT NULL,
  `template_name` varchar(64) COLLATE utf8_bin NOT NULL,
  `template_data` text COLLATE utf8_bin NOT NULL
) ENGINE=InnoDB DEFAULT CHARSET=utf8 COLLATE=utf8_bin COMMENT='Saved export templates';

-- --------------------------------------------------------

--
-- Structure de la table `pma__favorite`
--

CREATE TABLE `pma__favorite` (
  `username` varchar(64) COLLATE utf8_bin NOT NULL,
  `tables` text COLLATE utf8_bin NOT NULL
) ENGINE=InnoDB DEFAULT CHARSET=utf8 COLLATE=utf8_bin COMMENT='Favorite tables';

-- --------------------------------------------------------

--
-- Structure de la table `pma__history`
--

CREATE TABLE `pma__history` (
  `id` bigint UNSIGNED NOT NULL,
  `username` varchar(64) COLLATE utf8_bin NOT NULL DEFAULT '',
  `db` varchar(64) COLLATE utf8_bin NOT NULL DEFAULT '',
  `table` varchar(64) COLLATE utf8_bin NOT NULL DEFAULT '',
  `timevalue` timestamp NOT NULL DEFAULT CURRENT_TIMESTAMP,
  `sqlquery` text COLLATE utf8_bin NOT NULL
) ENGINE=InnoDB DEFAULT CHARSET=utf8 COLLATE=utf8_bin COMMENT='SQL history for phpMyAdmin';

-- --------------------------------------------------------

--
-- Structure de la table `pma__navigationhiding`
--

CREATE TABLE `pma__navigationhiding` (
  `username` varchar(64) COLLATE utf8_bin NOT NULL,
  `item_name` varchar(64) COLLATE utf8_bin NOT NULL,
  `item_type` varchar(64) COLLATE utf8_bin NOT NULL,
  `db_name` varchar(64) COLLATE utf8_bin NOT NULL,
  `table_name` varchar(64) COLLATE utf8_bin NOT NULL
) ENGINE=InnoDB DEFAULT CHARSET=utf8 COLLATE=utf8_bin COMMENT='Hidden items of navigation tree';

-- --------------------------------------------------------

--
-- Structure de la table `pma__pdf_pages`
--

CREATE TABLE `pma__pdf_pages` (
  `db_name` varchar(64) COLLATE utf8_bin NOT NULL DEFAULT '',
  `page_nr` int UNSIGNED NOT NULL,
  `page_descr` varchar(50) CHARACTER SET utf8 COLLATE utf8_general_ci NOT NULL DEFAULT ''
) ENGINE=InnoDB DEFAULT CHARSET=utf8 COLLATE=utf8_bin COMMENT='PDF relation pages for phpMyAdmin';

-- --------------------------------------------------------

--
-- Structure de la table `pma__recent`
--

CREATE TABLE `pma__recent` (
  `username` varchar(64) COLLATE utf8_bin NOT NULL,
  `tables` text COLLATE utf8_bin NOT NULL
) ENGINE=InnoDB DEFAULT CHARSET=utf8 COLLATE=utf8_bin COMMENT='Recently accessed tables';

--
-- Déchargement des données de la table `pma__recent`
--

INSERT INTO `pma__recent` (`username`, `tables`) VALUES
('root', '[{\"db\":\"projetweb2021\",\"table\":\"Chapitre\"},{\"db\":\"projetweb2021\",\"table\":\"Utilisateur\"},{\"db\":\"projetweb2021\",\"table\":\"Cours\"},{\"db\":\"projetweb2021\",\"table\":\"Niveau\"},{\"db\":\"projetweb2021\",\"table\":\"Questionnaire\"},{\"db\":\"projetweb2021\",\"table\":\"Formation\"},{\"db\":\"td6\",\"table\":\"trajet\"},{\"db\":\"td6\",\"table\":\"utilisateur\"},{\"db\":\"td6\",\"table\":\"voiture\"},{\"db\":\"td6\",\"table\":\"voiture2\"}]');

-- --------------------------------------------------------

--
-- Structure de la table `pma__relation`
--

CREATE TABLE `pma__relation` (
  `master_db` varchar(64) COLLATE utf8_bin NOT NULL DEFAULT '',
  `master_table` varchar(64) COLLATE utf8_bin NOT NULL DEFAULT '',
  `master_field` varchar(64) COLLATE utf8_bin NOT NULL DEFAULT '',
  `foreign_db` varchar(64) COLLATE utf8_bin NOT NULL DEFAULT '',
  `foreign_table` varchar(64) COLLATE utf8_bin NOT NULL DEFAULT '',
  `foreign_field` varchar(64) COLLATE utf8_bin NOT NULL DEFAULT ''
) ENGINE=InnoDB DEFAULT CHARSET=utf8 COLLATE=utf8_bin COMMENT='Relation table';

-- --------------------------------------------------------

--
-- Structure de la table `pma__savedsearches`
--

CREATE TABLE `pma__savedsearches` (
  `id` int UNSIGNED NOT NULL,
  `username` varchar(64) COLLATE utf8_bin NOT NULL DEFAULT '',
  `db_name` varchar(64) COLLATE utf8_bin NOT NULL DEFAULT '',
  `search_name` varchar(64) COLLATE utf8_bin NOT NULL DEFAULT '',
  `search_data` text COLLATE utf8_bin NOT NULL
) ENGINE=InnoDB DEFAULT CHARSET=utf8 COLLATE=utf8_bin COMMENT='Saved searches';

-- --------------------------------------------------------

--
-- Structure de la table `pma__table_coords`
--

CREATE TABLE `pma__table_coords` (
  `db_name` varchar(64) COLLATE utf8_bin NOT NULL DEFAULT '',
  `table_name` varchar(64) COLLATE utf8_bin NOT NULL DEFAULT '',
  `pdf_page_number` int NOT NULL DEFAULT '0',
  `x` float UNSIGNED NOT NULL DEFAULT '0',
  `y` float UNSIGNED NOT NULL DEFAULT '0'
) ENGINE=InnoDB DEFAULT CHARSET=utf8 COLLATE=utf8_bin COMMENT='Table coordinates for phpMyAdmin PDF output';

-- --------------------------------------------------------

--
-- Structure de la table `pma__table_info`
--

CREATE TABLE `pma__table_info` (
  `db_name` varchar(64) COLLATE utf8_bin NOT NULL DEFAULT '',
  `table_name` varchar(64) COLLATE utf8_bin NOT NULL DEFAULT '',
  `display_field` varchar(64) COLLATE utf8_bin NOT NULL DEFAULT ''
) ENGINE=InnoDB DEFAULT CHARSET=utf8 COLLATE=utf8_bin COMMENT='Table information for phpMyAdmin';

-- --------------------------------------------------------

--
-- Structure de la table `pma__table_uiprefs`
--

CREATE TABLE `pma__table_uiprefs` (
  `username` varchar(64) COLLATE utf8_bin NOT NULL,
  `db_name` varchar(64) COLLATE utf8_bin NOT NULL,
  `table_name` varchar(64) COLLATE utf8_bin NOT NULL,
  `prefs` text COLLATE utf8_bin NOT NULL,
  `last_update` timestamp NOT NULL DEFAULT CURRENT_TIMESTAMP ON UPDATE CURRENT_TIMESTAMP
) ENGINE=InnoDB DEFAULT CHARSET=utf8 COLLATE=utf8_bin COMMENT='Tables'' UI preferences';

-- --------------------------------------------------------

--
-- Structure de la table `pma__tracking`
--

CREATE TABLE `pma__tracking` (
  `db_name` varchar(64) COLLATE utf8_bin NOT NULL,
  `table_name` varchar(64) COLLATE utf8_bin NOT NULL,
  `version` int UNSIGNED NOT NULL,
  `date_created` datetime NOT NULL,
  `date_updated` datetime NOT NULL,
  `schema_snapshot` text COLLATE utf8_bin NOT NULL,
  `schema_sql` text COLLATE utf8_bin,
  `data_sql` longtext COLLATE utf8_bin,
  `tracking` set('UPDATE','REPLACE','INSERT','DELETE','TRUNCATE','CREATE DATABASE','ALTER DATABASE','DROP DATABASE','CREATE TABLE','ALTER TABLE','RENAME TABLE','DROP TABLE','CREATE INDEX','DROP INDEX','CREATE VIEW','ALTER VIEW','DROP VIEW') COLLATE utf8_bin DEFAULT NULL,
  `tracking_active` int UNSIGNED NOT NULL DEFAULT '1'
) ENGINE=InnoDB DEFAULT CHARSET=utf8 COLLATE=utf8_bin COMMENT='Database changes tracking for phpMyAdmin';

-- --------------------------------------------------------

--
-- Structure de la table `pma__userconfig`
--

CREATE TABLE `pma__userconfig` (
  `username` varchar(64) COLLATE utf8_bin NOT NULL,
  `timevalue` timestamp NOT NULL DEFAULT CURRENT_TIMESTAMP ON UPDATE CURRENT_TIMESTAMP,
  `config_data` text COLLATE utf8_bin NOT NULL
) ENGINE=InnoDB DEFAULT CHARSET=utf8 COLLATE=utf8_bin COMMENT='User preferences storage for phpMyAdmin';

--
-- Déchargement des données de la table `pma__userconfig`
--

INSERT INTO `pma__userconfig` (`username`, `config_data`) VALUES
('root', '{\"lang\":\"fr\",\"Console\\/Mode\":\"collapse\",\"NavigationWidth\":206}');

-- --------------------------------------------------------

--
-- Structure de la table `pma__usergroups`
--

CREATE TABLE `pma__usergroups` (
  `usergroup` varchar(64) COLLATE utf8_bin NOT NULL,
  `tab` varchar(64) COLLATE utf8_bin NOT NULL,
  `allowed` enum('Y','N') COLLATE utf8_bin NOT NULL DEFAULT 'N'
) ENGINE=InnoDB DEFAULT CHARSET=utf8 COLLATE=utf8_bin COMMENT='User groups with configured menu items';

-- --------------------------------------------------------

--
-- Structure de la table `pma__users`
--

CREATE TABLE `pma__users` (
  `username` varchar(64) COLLATE utf8_bin NOT NULL,
  `usergroup` varchar(64) COLLATE utf8_bin NOT NULL
) ENGINE=InnoDB DEFAULT CHARSET=utf8 COLLATE=utf8_bin COMMENT='Users and their assignments to user groups';

--
-- Index pour les tables déchargées
--

--
-- Index pour la table `pma__bookmark`
--
ALTER TABLE `pma__bookmark`
  ADD PRIMARY KEY (`id`);

--
-- Index pour la table `pma__central_columns`
--
ALTER TABLE `pma__central_columns`
  ADD PRIMARY KEY (`db_name`,`col_name`);

--
-- Index pour la table `pma__column_info`
--
ALTER TABLE `pma__column_info`
  ADD PRIMARY KEY (`id`),
  ADD UNIQUE KEY `db_name` (`db_name`,`table_name`,`column_name`);

--
-- Index pour la table `pma__designer_settings`
--
ALTER TABLE `pma__designer_settings`
  ADD PRIMARY KEY (`username`);

--
-- Index pour la table `pma__export_templates`
--
ALTER TABLE `pma__export_templates`
  ADD PRIMARY KEY (`id`),
  ADD UNIQUE KEY `u_user_type_template` (`username`,`export_type`,`template_name`);

--
-- Index pour la table `pma__favorite`
--
ALTER TABLE `pma__favorite`
  ADD PRIMARY KEY (`username`);

--
-- Index pour la table `pma__history`
--
ALTER TABLE `pma__history`
  ADD PRIMARY KEY (`id`),
  ADD KEY `username` (`username`,`db`,`table`,`timevalue`);

--
-- Index pour la table `pma__navigationhiding`
--
ALTER TABLE `pma__navigationhiding`
  ADD PRIMARY KEY (`username`,`item_name`,`item_type`,`db_name`,`table_name`);

--
-- Index pour la table `pma__pdf_pages`
--
ALTER TABLE `pma__pdf_pages`
  ADD PRIMARY KEY (`page_nr`),
  ADD KEY `db_name` (`db_name`);

--
-- Index pour la table `pma__recent`
--
ALTER TABLE `pma__recent`
  ADD PRIMARY KEY (`username`);

--
-- Index pour la table `pma__relation`
--
ALTER TABLE `pma__relation`
  ADD PRIMARY KEY (`master_db`,`master_table`,`master_field`),
  ADD KEY `foreign_field` (`foreign_db`,`foreign_table`);

--
-- Index pour la table `pma__savedsearches`
--
ALTER TABLE `pma__savedsearches`
  ADD PRIMARY KEY (`id`),
  ADD UNIQUE KEY `u_savedsearches_username_dbname` (`username`,`db_name`,`search_name`);

--
-- Index pour la table `pma__table_coords`
--
ALTER TABLE `pma__table_coords`
  ADD PRIMARY KEY (`db_name`,`table_name`,`pdf_page_number`);

--
-- Index pour la table `pma__table_info`
--
ALTER TABLE `pma__table_info`
  ADD PRIMARY KEY (`db_name`,`table_name`);

--
-- Index pour la table `pma__table_uiprefs`
--
ALTER TABLE `pma__table_uiprefs`
  ADD PRIMARY KEY (`username`,`db_name`,`table_name`);

--
-- Index pour la table `pma__tracking`
--
ALTER TABLE `pma__tracking`
  ADD PRIMARY KEY (`db_name`,`table_name`,`version`);

--
-- Index pour la table `pma__userconfig`
--
ALTER TABLE `pma__userconfig`
  ADD PRIMARY KEY (`username`);

--
-- Index pour la table `pma__usergroups`
--
ALTER TABLE `pma__usergroups`
  ADD PRIMARY KEY (`usergroup`,`tab`,`allowed`);

--
-- Index pour la table `pma__users`
--
ALTER TABLE `pma__users`
  ADD PRIMARY KEY (`username`,`usergroup`);

--
-- AUTO_INCREMENT pour les tables déchargées
--

--
-- AUTO_INCREMENT pour la table `pma__bookmark`
--
ALTER TABLE `pma__bookmark`
  MODIFY `id` int UNSIGNED NOT NULL AUTO_INCREMENT;

--
-- AUTO_INCREMENT pour la table `pma__column_info`
--
ALTER TABLE `pma__column_info`
  MODIFY `id` int UNSIGNED NOT NULL AUTO_INCREMENT;

--
-- AUTO_INCREMENT pour la table `pma__export_templates`
--
ALTER TABLE `pma__export_templates`
  MODIFY `id` int UNSIGNED NOT NULL AUTO_INCREMENT;

--
-- AUTO_INCREMENT pour la table `pma__history`
--
ALTER TABLE `pma__history`
  MODIFY `id` bigint UNSIGNED NOT NULL AUTO_INCREMENT;

--
-- AUTO_INCREMENT pour la table `pma__pdf_pages`
--
ALTER TABLE `pma__pdf_pages`
  MODIFY `page_nr` int UNSIGNED NOT NULL AUTO_INCREMENT;

--
-- AUTO_INCREMENT pour la table `pma__savedsearches`
--
ALTER TABLE `pma__savedsearches`
  MODIFY `id` int UNSIGNED NOT NULL AUTO_INCREMENT;
--
-- Base de données : `projetweb2019`
--
CREATE DATABASE IF NOT EXISTS `projetweb2019` DEFAULT CHARACTER SET utf8mb4 COLLATE utf8mb4_0900_ai_ci;
USE `projetweb2019`;

-- --------------------------------------------------------

--
-- Structure de la table `boitereception`
--

CREATE TABLE `boitereception` (
  `id` int NOT NULL,
  `expediteur` varchar(50) DEFAULT NULL,
  `destinataire` varchar(50) DEFAULT NULL,
  `objet` varchar(50) DEFAULT NULL,
  `message` varchar(1000) DEFAULT NULL
) ENGINE=InnoDB DEFAULT CHARSET=latin1;

-- --------------------------------------------------------

--
-- Structure de la table `chat`
--

CREATE TABLE `chat` (
  `id` int NOT NULL,
  `pseudo` varchar(255) NOT NULL,
  `message` text NOT NULL
) ENGINE=InnoDB DEFAULT CHARSET=latin1;

--
-- Déchargement des données de la table `chat`
--

INSERT INTO `chat` (`id`, `pseudo`, `message`) VALUES
(5, 'Sadikh', 'slt');

-- --------------------------------------------------------

--
-- Structure de la table `compte`
--

CREATE TABLE `compte` (
  `login` varchar(255) NOT NULL,
  `email` varchar(255) NOT NULL,
  `mdp` varchar(255) NOT NULL,
  `gameID` int DEFAULT NULL
) ENGINE=InnoDB DEFAULT CHARSET=latin1;

--
-- Déchargement des données de la table `compte`
--

INSERT INTO `compte` (`login`, `email`, `mdp`, `gameID`) VALUES
('ozy', 'djellali71@hotmail.com', 'ppp', NULL),
('root', 'root@localhost.com', 'impo', NULL),
('Sadikh', 'Abougueye96@yahoo.fr', 'Sadikh', NULL);

-- --------------------------------------------------------

--
-- Structure de la table `game`
--

CREATE TABLE `game` (
  `IDgame` int NOT NULL,
  `nom` text NOT NULL,
  `status` text NOT NULL,
  `mdp` varchar(20) DEFAULT NULL
) ENGINE=InnoDB DEFAULT CHARSET=latin1;

--
-- Index pour les tables déchargées
--

--
-- Index pour la table `boitereception`
--
ALTER TABLE `boitereception`
  ADD PRIMARY KEY (`id`);

--
-- Index pour la table `chat`
--
ALTER TABLE `chat`
  ADD PRIMARY KEY (`id`);

--
-- Index pour la table `compte`
--
ALTER TABLE `compte`
  ADD PRIMARY KEY (`login`),
  ADD KEY `gameID` (`gameID`);

--
-- Index pour la table `game`
--
ALTER TABLE `game`
  ADD PRIMARY KEY (`IDgame`);

--
-- AUTO_INCREMENT pour les tables déchargées
--

--
-- AUTO_INCREMENT pour la table `chat`
--
ALTER TABLE `chat`
  MODIFY `id` int NOT NULL AUTO_INCREMENT, AUTO_INCREMENT=6;

--
-- AUTO_INCREMENT pour la table `game`
--
ALTER TABLE `game`
  MODIFY `IDgame` int NOT NULL AUTO_INCREMENT, AUTO_INCREMENT=19;
--
-- Base de données : `projetweb2021`
--
CREATE DATABASE IF NOT EXISTS `projetweb2021` DEFAULT CHARACTER SET utf8mb4 COLLATE utf8mb4_0900_ai_ci;
USE `projetweb2021`;

-- --------------------------------------------------------

--
-- Structure de la table `Chapitre`
--

CREATE TABLE `Chapitre` (
  `id` int NOT NULL,
  `titre` varchar(255) DEFAULT NULL,
  `description` varchar(255) DEFAULT NULL,
  `videos` varchar(255) DEFAULT NULL,
  `fichiers` varchar(255) DEFAULT NULL,
  `questionnaire` varchar(255) DEFAULT NULL,
  `dateCreation` datetime NOT NULL DEFAULT CURRENT_TIMESTAMP,
  `idCours` int NOT NULL
) ENGINE=InnoDB DEFAULT CHARSET=utf8mb4 COLLATE=utf8mb4_0900_ai_ci;

--
-- Déchargement des données de la table `Chapitre`
--

INSERT INTO `Chapitre` (`id`, `titre`, `description`, `videos`, `fichiers`, `questionnaire`, `dateCreation`, `idCours`) VALUES
(1, 'web 2.0', 'Chapitre sur les webs', 'videoTest.webm', 'courstest.pdf', 'qcmtest.xml', '2021-04-28 20:33:27', 3),
(2, 'chapitre test2', 'tdrbhjn,k;lm:azsdcfvbn,;:cfvh b,lm;ùm:ùxdcfgvhbjnk,l;m', 'Tuto.mp4', 'xpath.pdf', 'qcmtest.xml', '2021-04-28 22:51:22', 1);

-- --------------------------------------------------------

--
-- Structure de la table `Cours`
--

CREATE TABLE `Cours` (
  `id` int NOT NULL,
  `nom` varchar(200) NOT NULL,
  `description` varchar(255) NOT NULL,
  `image` varchar(255) DEFAULT NULL,
  `dateCreation` datetime NOT NULL DEFAULT CURRENT_TIMESTAMP,
  `idFormation` int NOT NULL
) ENGINE=InnoDB DEFAULT CHARSET=utf8mb4 COLLATE=utf8mb4_0900_ai_ci;

--
-- Déchargement des données de la table `Cours`
--

INSERT INTO `Cours` (`id`, `nom`, `description`, `image`, `dateCreation`, `idFormation`) VALUES
(1, 'PostgreSQL', 'PostgreSQL est un système de gestion de base de données relationnelle et objet. C\'est un outil libre disponible selon les termes d\'une licence de type BSD.', 'postgresql.png', '2021-04-10 15:26:45', 1),
(2, 'React', 'Ceci est la description du cours Réactjs', 'react.png', '2021-04-10 15:47:37', 1),
(3, 'C#', 'C# est un langage de programmation orientée objet, commercialisé par Microsoft depuis 2002 et destiné à développer sur la plateforme Microsoft .NET.', 'CSharp.jpeg', '2021-04-10 17:26:39', 1),
(4, 'SCRUM AGILE', 'Scrum est un framework ou cadre de développement de produits logiciels complexes. Il est défini par ses créateurs comme un cadre de travail', 'agile.jpeg', '2021-04-28 19:13:25', 2);

-- --------------------------------------------------------

--
-- Structure de la table `Formation`
--

CREATE TABLE `Formation` (
  `id` int NOT NULL,
  `titre` varchar(250) NOT NULL,
  `description` varchar(255) NOT NULL,
  `dateCreation` datetime DEFAULT NULL
) ENGINE=InnoDB DEFAULT CHARSET=utf8mb4 COLLATE=utf8mb4_0900_ai_ci;

--
-- Déchargement des données de la table `Formation`
--

INSERT INTO `Formation` (`id`, `titre`, `description`, `dateCreation`) VALUES
(1, 'Informatique', 'Formations sur les TICS', '2021-03-20 16:32:17'),
(2, 'Marketing', 'Description de Marketing', '2021-03-20 16:32:17');

-- --------------------------------------------------------

--
-- Structure de la table `Niveau`
--

CREATE TABLE `Niveau` (
  `id` int NOT NULL,
  `pourcentage` int NOT NULL,
  `idUtilisateur` int NOT NULL,
  `idChapitre` int NOT NULL,
  `dateCreation` datetime NOT NULL DEFAULT CURRENT_TIMESTAMP
) ENGINE=InnoDB DEFAULT CHARSET=utf8mb4 COLLATE=utf8mb4_0900_ai_ci;

-- --------------------------------------------------------

--
-- Structure de la table `Utilisateur`
--

CREATE TABLE `Utilisateur` (
  `id` int NOT NULL,
  `nom` varchar(100) NOT NULL,
  `prenom` varchar(150) NOT NULL,
  `mail` varchar(255) NOT NULL,
  `role` varchar(100) CHARACTER SET utf8mb4 COLLATE utf8mb4_0900_ai_ci DEFAULT NULL,
  `password` varchar(255) NOT NULL,
  `dateCreation` datetime NOT NULL,
  `idFormation` int DEFAULT NULL
) ENGINE=InnoDB DEFAULT CHARSET=utf8mb4 COLLATE=utf8mb4_0900_ai_ci;

--
-- Déchargement des données de la table `Utilisateur`
--

INSERT INTO `Utilisateur` (`id`, `nom`, `prenom`, `mail`, `role`, `password`, `dateCreation`, `idFormation`) VALUES
(1, 'GUEYE', 'Ababacar Sadikh', 'ababacar-sadikh_gueye@etu.u-bourgogne.fr', 'Admin', 'Sadikh', '2021-03-16 22:36:02', NULL),
(2, 'Baldé', 'Abdoul Gadiry', 'abdoul-gadiry_balde@etu.u-bourgogne.fr', 'Admin', 'Gadiry', '2021-03-16 22:37:12', NULL),
(3, 'Gueye', 'Abou', 'abougueye96@yahoo.fr', 'User', 'Sadikh', '2021-03-16 22:38:44', 1),
(4, 'Moimeme', 'Moimeme', 'Moimeme@gmail.com', 'User', 'Moimeme', '2021-03-17 12:41:03', 2),
(5, 'Seck', 'Seynabou', 'seyzi@gmail.com', 'User', 'Nabou', '2021-03-17 17:47:21', 2),
(6, 'azerty', 'azerty', 'azerty@gmail.com', 'User', 'Moimeme', '2021-03-20 20:39:29', 1),
(7, 'GUEYE', 'Awa', 'awagueye98@gmail.com', 'User', 'Moimeme', '2021-03-21 20:17:26', 2);

--
-- Index pour les tables déchargées
--

--
-- Index pour la table `Chapitre`
--
ALTER TABLE `Chapitre`
  ADD PRIMARY KEY (`id`),
  ADD KEY `idCours` (`idCours`);

--
-- Index pour la table `Cours`
--
ALTER TABLE `Cours`
  ADD PRIMARY KEY (`id`),
  ADD KEY `idFormation` (`idFormation`);

--
-- Index pour la table `Formation`
--
ALTER TABLE `Formation`
  ADD PRIMARY KEY (`id`);

--
-- Index pour la table `Niveau`
--
ALTER TABLE `Niveau`
  ADD PRIMARY KEY (`id`),
  ADD KEY `fk_niveau_users` (`idUtilisateur`),
  ADD KEY `idChapitre` (`idChapitre`);

--
-- Index pour la table `Utilisateur`
--
ALTER TABLE `Utilisateur`
  ADD PRIMARY KEY (`id`),
  ADD UNIQUE KEY `mail` (`mail`),
  ADD KEY `idFormation` (`idFormation`);

--
-- AUTO_INCREMENT pour les tables déchargées
--

--
-- AUTO_INCREMENT pour la table `Chapitre`
--
ALTER TABLE `Chapitre`
  MODIFY `id` int NOT NULL AUTO_INCREMENT, AUTO_INCREMENT=3;

--
-- AUTO_INCREMENT pour la table `Cours`
--
ALTER TABLE `Cours`
  MODIFY `id` int NOT NULL AUTO_INCREMENT, AUTO_INCREMENT=5;

--
-- AUTO_INCREMENT pour la table `Formation`
--
ALTER TABLE `Formation`
  MODIFY `id` int NOT NULL AUTO_INCREMENT, AUTO_INCREMENT=3;

--
-- AUTO_INCREMENT pour la table `Niveau`
--
ALTER TABLE `Niveau`
  MODIFY `id` int NOT NULL AUTO_INCREMENT;

--
-- AUTO_INCREMENT pour la table `Utilisateur`
--
ALTER TABLE `Utilisateur`
  MODIFY `id` int NOT NULL AUTO_INCREMENT, AUTO_INCREMENT=8;

--
-- Contraintes pour les tables déchargées
--

--
-- Contraintes pour la table `Chapitre`
--
ALTER TABLE `Chapitre`
  ADD CONSTRAINT `Chapitre_ibfk_1` FOREIGN KEY (`idCours`) REFERENCES `Cours` (`id`);

--
-- Contraintes pour la table `Cours`
--
ALTER TABLE `Cours`
  ADD CONSTRAINT `Cours_ibfk_1` FOREIGN KEY (`idFormation`) REFERENCES `Formation` (`id`);

--
-- Contraintes pour la table `Niveau`
--
ALTER TABLE `Niveau`
  ADD CONSTRAINT `fk_niveau_users` FOREIGN KEY (`idUtilisateur`) REFERENCES `Utilisateur` (`id`),
  ADD CONSTRAINT `Niveau_ibfk_1` FOREIGN KEY (`idChapitre`) REFERENCES `Chapitre` (`id`);

--
-- Contraintes pour la table `Utilisateur`
--
ALTER TABLE `Utilisateur`
  ADD CONSTRAINT `Utilisateur_ibfk_1` FOREIGN KEY (`idFormation`) REFERENCES `Formation` (`id`);
--
-- Base de données : `R1`
--
CREATE DATABASE IF NOT EXISTS `R1` DEFAULT CHARACTER SET utf8mb4 COLLATE utf8mb4_0900_ai_ci;
USE `R1`;

-- --------------------------------------------------------

--
-- Structure de la table `R1`
--

CREATE TABLE `R1` (
  `azerty` int NOT NULL,
  `azertg` int NOT NULL
) ENGINE=InnoDB DEFAULT CHARSET=utf8mb4 COLLATE=utf8mb4_0900_ai_ci;

--
-- Déchargement des données de la table `R1`
--

INSERT INTO `R1` (`azerty`, `azertg`) VALUES
(1, 1),
(2, 2);

-- --------------------------------------------------------

--
-- Structure de la table `R2`
--

CREATE TABLE `R2` (
  `test` int DEFAULT NULL,
  `tests` int NOT NULL
) ENGINE=InnoDB DEFAULT CHARSET=utf8mb4 COLLATE=utf8mb4_0900_ai_ci;

--
-- Déchargement des données de la table `R2`
--

INSERT INTO `R2` (`test`, `tests`) VALUES
(1, 1),
(1, 1);
--
-- Base de données : `symfony1`
--
CREATE DATABASE IF NOT EXISTS `symfony1` DEFAULT CHARACTER SET utf8mb4 COLLATE utf8mb4_0900_ai_ci;
USE `symfony1`;
--
-- Base de données : `td6`
--
CREATE DATABASE IF NOT EXISTS `td6` DEFAULT CHARACTER SET utf8 COLLATE utf8_general_ci;
USE `td6`;

-- --------------------------------------------------------

--
-- Structure de la table `trajet`
--

CREATE TABLE `trajet` (
  `id` int NOT NULL,
  `depart` varchar(200) NOT NULL,
  `arrivee` varchar(250) NOT NULL,
  `date` datetime NOT NULL,
  `nbplaces` int NOT NULL,
  `prix` int NOT NULL,
  `conducteur_login` varchar(255) NOT NULL
) ENGINE=InnoDB DEFAULT CHARSET=utf8;

-- --------------------------------------------------------

--
-- Structure de la table `utilisateur`
--

CREATE TABLE `utilisateur` (
  `login` varchar(255) NOT NULL,
  `nom` varchar(100) NOT NULL,
  `prenom` varchar(200) NOT NULL
) ENGINE=InnoDB DEFAULT CHARSET=utf8;

-- --------------------------------------------------------

--
-- Structure de la table `voiture`
--

CREATE TABLE `voiture` (
  `immatriculation` varchar(8) NOT NULL,
  `marque` varchar(25) NOT NULL,
  `couleur` varchar(12) NOT NULL
) ENGINE=InnoDB DEFAULT CHARSET=utf8;

--
-- Déchargement des données de la table `voiture`
--

INSERT INTO `voiture` (`immatriculation`, `marque`, `couleur`) VALUES
('12345678', 'Ferrari', 'vert'),
('259641', 'Renault', 'Noire'),
('710097', 'Tesla', 'Bleu nuit'),
('8369210', 'Tesla', 'Bleu nuit'),
('abc124az', 'Renault', 'bleu');

--
-- Index pour les tables déchargées
--

--
-- Index pour la table `trajet`
--
ALTER TABLE `trajet`
  ADD PRIMARY KEY (`id`),
  ADD KEY `conducteur_login` (`conducteur_login`);

--
-- Index pour la table `utilisateur`
--
ALTER TABLE `utilisateur`
  ADD PRIMARY KEY (`login`);

--
-- Index pour la table `voiture`
--
ALTER TABLE `voiture`
  ADD PRIMARY KEY (`immatriculation`);

--
-- AUTO_INCREMENT pour les tables déchargées
--

--
-- AUTO_INCREMENT pour la table `trajet`
--
ALTER TABLE `trajet`
  MODIFY `id` int NOT NULL AUTO_INCREMENT;

--
-- Contraintes pour les tables déchargées
--

--
-- Contraintes pour la table `trajet`
--
ALTER TABLE `trajet`
  ADD CONSTRAINT `trajet_ibfk_1` FOREIGN KEY (`conducteur_login`) REFERENCES `utilisateur` (`login`);
--
-- Base de données : `uvs_banque_examen`
--
CREATE DATABASE IF NOT EXISTS `uvs_banque_examen` DEFAULT CHARACTER SET utf8mb4 COLLATE utf8mb4_0900_ai_ci;
USE `uvs_banque_examen`;

-- --------------------------------------------------------

--
-- Structure de la table `ban_exercice_question`
--

CREATE TABLE `ban_exercice_question` (
  `id` int NOT NULL,
  `exercice` int NOT NULL,
  `question` int NOT NULL,
  `bareme` int DEFAULT NULL,
  `grille` int NOT NULL
) ENGINE=InnoDB DEFAULT CHARSET=utf8 COLLATE=utf8_unicode_ci;

-- --------------------------------------------------------

--
-- Structure de la table `ban_grille_critere`
--

CREATE TABLE `ban_grille_critere` (
  `id` int NOT NULL,
  `nom` varchar(100) CHARACTER SET utf8 COLLATE utf8_unicode_ci DEFAULT NULL,
  `description` text CHARACTER SET utf8 COLLATE utf8_unicode_ci
) ENGINE=InnoDB DEFAULT CHARSET=utf8 COLLATE=utf8_unicode_ci;

--
-- Déchargement des données de la table `ban_grille_critere`
--

INSERT INTO `ban_grille_critere` (`id`, `nom`, `description`) VALUES
(1, 'CONNAISSANCE', ''),
(2, 'COMPREHENSION', ''),
(3, 'APPLICATION', NULL),
(4, 'ANALYSE', NULL),
(5, 'EVALUATION', NULL),
(6, 'CREATION', NULL);

-- --------------------------------------------------------

--
-- Structure de la table `ban_grille_evaluation`
--

CREATE TABLE `ban_grille_evaluation` (
  `id` int NOT NULL,
  `niveau` int NOT NULL,
  `critere_evaluation` int NOT NULL,
  `bareme_evaluation` int NOT NULL,
  `pole` int NOT NULL
) ENGINE=InnoDB DEFAULT CHARSET=utf8 COLLATE=utf8_unicode_ci;

-- --------------------------------------------------------

--
-- Structure de la table `ban_hist`
--

CREATE TABLE `ban_hist` (
  `id` int NOT NULL,
  `type` int NOT NULL,
  `user` int NOT NULL,
  `date` timestamp NOT NULL DEFAULT CURRENT_TIMESTAMP ON UPDATE CURRENT_TIMESTAMP,
  `valeur` text
) ENGINE=InnoDB DEFAULT CHARSET=latin1;

--
-- Déchargement des données de la table `ban_hist`
--

INSERT INTO `ban_hist` (`id`, `type`, `user`, `valeur`) VALUES
(1, 4, 1, 'a:7:{s:9:\"connexion\";b:1;s:4:\"mail\";s:24:\"birahim.babou@uvs.edu.sn\";s:6:\"profil\";s:1:\"1\";s:11:\"utilisateur\";s:1:\"1\";s:6:\"prenom\";s:7:\"Birahim\";s:3:\"nom\";s:5:\"BABOU\";s:4:\"role\";s:24:\"GMB_SUPER_ADMINISTRATEUR\";}'),
(2, 4, 1, 'a:7:{s:9:\"connexion\";b:1;s:4:\"mail\";s:24:\"birahim.babou@uvs.edu.sn\";s:6:\"profil\";s:1:\"1\";s:11:\"utilisateur\";s:1:\"1\";s:6:\"prenom\";s:7:\"Birahim\";s:3:\"nom\";s:5:\"BABOU\";s:4:\"role\";s:24:\"GMB_SUPER_ADMINISTRATEUR\";}'),
(3, 4, 1, 'a:7:{s:9:\"connexion\";b:1;s:4:\"mail\";s:24:\"birahim.babou@uvs.edu.sn\";s:6:\"profil\";s:1:\"1\";s:11:\"utilisateur\";s:1:\"1\";s:6:\"prenom\";s:7:\"Birahim\";s:3:\"nom\";s:5:\"BABOU\";s:4:\"role\";s:24:\"GMB_SUPER_ADMINISTRATEUR\";}'),
(4, 4, 1, 'a:7:{s:9:\"connexion\";b:1;s:4:\"mail\";s:24:\"birahim.babou@uvs.edu.sn\";s:6:\"profil\";s:1:\"1\";s:11:\"utilisateur\";s:1:\"1\";s:6:\"prenom\";s:7:\"Birahim\";s:3:\"nom\";s:5:\"BABOU\";s:4:\"role\";s:24:\"GMB_SUPER_ADMINISTRATEUR\";}'),
(5, 4, 1, 'a:7:{s:9:\"connexion\";b:1;s:4:\"mail\";s:24:\"birahim.babou@uvs.edu.sn\";s:6:\"profil\";s:1:\"1\";s:11:\"utilisateur\";s:1:\"1\";s:6:\"prenom\";s:7:\"Birahim\";s:3:\"nom\";s:5:\"BABOU\";s:4:\"role\";s:24:\"GMB_SUPER_ADMINISTRATEUR\";}'),
(6, 4, 1, 'a:7:{s:9:\"connexion\";b:1;s:4:\"mail\";s:24:\"birahim.babou@uvs.edu.sn\";s:6:\"profil\";s:1:\"1\";s:11:\"utilisateur\";s:1:\"1\";s:6:\"prenom\";s:7:\"Birahim\";s:3:\"nom\";s:5:\"BABOU\";s:4:\"role\";s:24:\"GMB_SUPER_ADMINISTRATEUR\";}'),
(7, 4, 1, 'a:7:{s:9:\"connexion\";b:1;s:4:\"mail\";s:24:\"birahim.babou@uvs.edu.sn\";s:6:\"profil\";s:1:\"1\";s:11:\"utilisateur\";s:1:\"1\";s:6:\"prenom\";s:7:\"Birahim\";s:3:\"nom\";s:5:\"BABOU\";s:4:\"role\";s:24:\"GMB_SUPER_ADMINISTRATEUR\";}'),
(8, 4, 1, 'a:7:{s:9:\"connexion\";b:1;s:4:\"mail\";s:24:\"birahim.babou@uvs.edu.sn\";s:6:\"profil\";s:1:\"1\";s:11:\"utilisateur\";s:1:\"1\";s:6:\"prenom\";s:7:\"Birahim\";s:3:\"nom\";s:5:\"BABOU\";s:4:\"role\";s:24:\"GMB_SUPER_ADMINISTRATEUR\";}'),
(9, 4, 1, 'a:7:{s:9:\"connexion\";b:1;s:4:\"mail\";s:24:\"birahim.babou@uvs.edu.sn\";s:6:\"profil\";s:1:\"1\";s:11:\"utilisateur\";s:1:\"1\";s:6:\"prenom\";s:7:\"Birahim\";s:3:\"nom\";s:5:\"BABOU\";s:4:\"role\";s:24:\"GMB_SUPER_ADMINISTRATEUR\";}'),
(10, 4, 1, 'a:7:{s:9:\"connexion\";b:1;s:4:\"mail\";s:24:\"birahim.babou@uvs.edu.sn\";s:6:\"profil\";s:1:\"1\";s:11:\"utilisateur\";s:1:\"1\";s:6:\"prenom\";s:7:\"Birahim\";s:3:\"nom\";s:5:\"BABOU\";s:4:\"role\";s:24:\"GMB_SUPER_ADMINISTRATEUR\";}'),
(11, 4, 1, 'a:7:{s:9:\"connexion\";b:1;s:4:\"mail\";s:24:\"birahim.babou@uvs.edu.sn\";s:6:\"profil\";s:1:\"1\";s:11:\"utilisateur\";s:1:\"1\";s:6:\"prenom\";s:7:\"Birahim\";s:3:\"nom\";s:5:\"BABOU\";s:4:\"role\";s:24:\"GMB_SUPER_ADMINISTRATEUR\";}'),
(12, 4, 1, 'a:7:{s:9:\"connexion\";b:1;s:4:\"mail\";s:24:\"birahim.babou@uvs.edu.sn\";s:6:\"profil\";s:1:\"1\";s:11:\"utilisateur\";s:1:\"1\";s:6:\"prenom\";s:7:\"Birahim\";s:3:\"nom\";s:5:\"BABOU\";s:4:\"role\";s:24:\"GMB_SUPER_ADMINISTRATEUR\";}'),
(13, 4, 1, 'a:7:{s:9:\"connexion\";b:1;s:4:\"mail\";s:24:\"birahim.babou@uvs.edu.sn\";s:6:\"profil\";s:1:\"1\";s:11:\"utilisateur\";s:1:\"1\";s:6:\"prenom\";s:7:\"Birahim\";s:3:\"nom\";s:5:\"BABOU\";s:4:\"role\";s:24:\"GMB_SUPER_ADMINISTRATEUR\";}'),
(14, 4, 1, 'a:7:{s:9:\"connexion\";b:1;s:4:\"mail\";s:24:\"birahim.babou@uvs.edu.sn\";s:6:\"profil\";s:1:\"1\";s:11:\"utilisateur\";s:1:\"1\";s:6:\"prenom\";s:7:\"Birahim\";s:3:\"nom\";s:5:\"BABOU\";s:4:\"role\";s:24:\"GMB_SUPER_ADMINISTRATEUR\";}'),
(15, 4, 1, 'a:7:{s:9:\"connexion\";b:1;s:4:\"mail\";s:24:\"birahim.babou@uvs.edu.sn\";s:6:\"profil\";s:1:\"1\";s:11:\"utilisateur\";s:1:\"1\";s:6:\"prenom\";s:7:\"Birahim\";s:3:\"nom\";s:5:\"BABOU\";s:4:\"role\";s:24:\"GMB_SUPER_ADMINISTRATEUR\";}'),
(16, 4, 1, 'a:7:{s:9:\"connexion\";b:1;s:4:\"mail\";s:24:\"birahim.babou@uvs.edu.sn\";s:6:\"profil\";s:1:\"1\";s:11:\"utilisateur\";s:1:\"1\";s:6:\"prenom\";s:7:\"Birahim\";s:3:\"nom\";s:5:\"BABOU\";s:4:\"role\";s:24:\"GMB_SUPER_ADMINISTRATEUR\";}'),
(17, 4, 1, 'a:7:{s:9:\"connexion\";b:1;s:4:\"mail\";s:24:\"birahim.babou@uvs.edu.sn\";s:6:\"profil\";s:1:\"1\";s:11:\"utilisateur\";s:1:\"1\";s:6:\"prenom\";s:7:\"Birahim\";s:3:\"nom\";s:5:\"BABOU\";s:4:\"role\";s:24:\"GMB_SUPER_ADMINISTRATEUR\";}'),
(18, 4, 1, 'a:7:{s:9:\"connexion\";b:1;s:4:\"mail\";s:24:\"birahim.babou@uvs.edu.sn\";s:6:\"profil\";s:1:\"1\";s:11:\"utilisateur\";s:1:\"1\";s:6:\"prenom\";s:7:\"Birahim\";s:3:\"nom\";s:5:\"BABOU\";s:4:\"role\";s:24:\"GMB_SUPER_ADMINISTRATEUR\";}'),
(19, 4, 1, 'a:7:{s:9:\"connexion\";b:1;s:4:\"mail\";s:24:\"birahim.babou@uvs.edu.sn\";s:6:\"profil\";s:1:\"1\";s:11:\"utilisateur\";s:1:\"1\";s:6:\"prenom\";s:7:\"Birahim\";s:3:\"nom\";s:5:\"BABOU\";s:4:\"role\";s:24:\"GMB_SUPER_ADMINISTRATEUR\";}'),
(20, 4, 1, 'a:7:{s:9:\"connexion\";b:1;s:4:\"mail\";s:24:\"birahim.babou@uvs.edu.sn\";s:6:\"profil\";s:1:\"1\";s:11:\"utilisateur\";s:1:\"1\";s:6:\"prenom\";s:7:\"Birahim\";s:3:\"nom\";s:5:\"BABOU\";s:4:\"role\";s:24:\"GMB_SUPER_ADMINISTRATEUR\";}'),
(21, 4, 1, 'a:7:{s:9:\"connexion\";b:1;s:4:\"mail\";s:24:\"birahim.babou@uvs.edu.sn\";s:6:\"profil\";s:1:\"1\";s:11:\"utilisateur\";s:1:\"1\";s:6:\"prenom\";s:7:\"Birahim\";s:3:\"nom\";s:5:\"BABOU\";s:4:\"role\";s:24:\"GMB_SUPER_ADMINISTRATEUR\";}'),
(22, 4, 1, 'a:7:{s:9:\"connexion\";b:1;s:4:\"mail\";s:24:\"birahim.babou@uvs.edu.sn\";s:6:\"profil\";s:1:\"1\";s:11:\"utilisateur\";s:1:\"1\";s:6:\"prenom\";s:7:\"Birahim\";s:3:\"nom\";s:5:\"BABOU\";s:4:\"role\";s:24:\"GMB_SUPER_ADMINISTRATEUR\";}'),
(23, 4, 1, 'a:7:{s:9:\"connexion\";b:1;s:4:\"mail\";s:24:\"birahim.babou@uvs.edu.sn\";s:6:\"profil\";s:1:\"1\";s:11:\"utilisateur\";s:1:\"1\";s:6:\"prenom\";s:7:\"Birahim\";s:3:\"nom\";s:5:\"BABOU\";s:4:\"role\";s:24:\"GMB_SUPER_ADMINISTRATEUR\";}'),
(24, 4, 1, 'a:7:{s:9:\"connexion\";b:1;s:4:\"mail\";s:24:\"birahim.babou@uvs.edu.sn\";s:6:\"profil\";s:1:\"1\";s:11:\"utilisateur\";s:1:\"1\";s:6:\"prenom\";s:7:\"Birahim\";s:3:\"nom\";s:5:\"BABOU\";s:4:\"role\";s:24:\"GMB_SUPER_ADMINISTRATEUR\";}'),
(25, 4, 1, 'a:7:{s:9:\"connexion\";b:1;s:4:\"mail\";s:24:\"birahim.babou@uvs.edu.sn\";s:6:\"profil\";s:1:\"1\";s:11:\"utilisateur\";s:1:\"1\";s:6:\"prenom\";s:7:\"Birahim\";s:3:\"nom\";s:5:\"BABOU\";s:4:\"role\";s:24:\"GMB_SUPER_ADMINISTRATEUR\";}'),
(26, 4, 1, 'a:7:{s:9:\"connexion\";b:1;s:4:\"mail\";s:24:\"birahim.babou@uvs.edu.sn\";s:6:\"profil\";s:1:\"1\";s:11:\"utilisateur\";s:1:\"1\";s:6:\"prenom\";s:7:\"Birahim\";s:3:\"nom\";s:5:\"BABOU\";s:4:\"role\";s:24:\"GMB_SUPER_ADMINISTRATEUR\";}'),
(27, 4, 1, 'a:7:{s:9:\"connexion\";b:1;s:4:\"mail\";s:24:\"birahim.babou@uvs.edu.sn\";s:6:\"profil\";s:1:\"1\";s:11:\"utilisateur\";s:1:\"1\";s:6:\"prenom\";s:7:\"Birahim\";s:3:\"nom\";s:5:\"BABOU\";s:4:\"role\";s:24:\"GMB_SUPER_ADMINISTRATEUR\";}'),
(28, 4, 1, 'a:7:{s:9:\"connexion\";b:1;s:4:\"mail\";s:24:\"birahim.babou@uvs.edu.sn\";s:6:\"profil\";s:1:\"1\";s:11:\"utilisateur\";s:1:\"1\";s:6:\"prenom\";s:7:\"Birahim\";s:3:\"nom\";s:5:\"BABOU\";s:4:\"role\";s:24:\"GMB_SUPER_ADMINISTRATEUR\";}'),
(29, 4, 1, 'a:7:{s:9:\"connexion\";b:1;s:4:\"mail\";s:24:\"birahim.babou@uvs.edu.sn\";s:6:\"profil\";s:1:\"1\";s:11:\"utilisateur\";s:1:\"1\";s:6:\"prenom\";s:7:\"Birahim\";s:3:\"nom\";s:5:\"BABOU\";s:4:\"role\";s:24:\"GMB_SUPER_ADMINISTRATEUR\";}'),
(30, 4, 1, 'a:7:{s:9:\"connexion\";b:1;s:4:\"mail\";s:24:\"birahim.babou@uvs.edu.sn\";s:6:\"profil\";s:1:\"1\";s:11:\"utilisateur\";s:1:\"1\";s:6:\"prenom\";s:7:\"Birahim\";s:3:\"nom\";s:5:\"BABOU\";s:4:\"role\";s:24:\"GMB_SUPER_ADMINISTRATEUR\";}'),
(31, 4, 1, 'a:7:{s:9:\"connexion\";b:1;s:4:\"mail\";s:24:\"birahim.babou@uvs.edu.sn\";s:6:\"profil\";s:1:\"1\";s:11:\"utilisateur\";s:1:\"1\";s:6:\"prenom\";s:7:\"Birahim\";s:3:\"nom\";s:5:\"BABOU\";s:4:\"role\";s:24:\"GMB_SUPER_ADMINISTRATEUR\";}'),
(32, 4, 1, 'a:7:{s:9:\"connexion\";b:1;s:4:\"mail\";s:24:\"birahim.babou@uvs.edu.sn\";s:6:\"profil\";s:1:\"1\";s:11:\"utilisateur\";s:1:\"1\";s:6:\"prenom\";s:7:\"Birahim\";s:3:\"nom\";s:5:\"BABOU\";s:4:\"role\";s:24:\"GMB_SUPER_ADMINISTRATEUR\";}'),
(33, 4, 1, 'a:7:{s:9:\"connexion\";b:1;s:4:\"mail\";s:24:\"birahim.babou@uvs.edu.sn\";s:6:\"profil\";s:1:\"1\";s:11:\"utilisateur\";s:1:\"1\";s:6:\"prenom\";s:7:\"Birahim\";s:3:\"nom\";s:5:\"BABOU\";s:4:\"role\";s:24:\"GMB_SUPER_ADMINISTRATEUR\";}'),
(34, 4, 1, 'a:7:{s:9:\"connexion\";b:1;s:4:\"mail\";s:24:\"birahim.babou@uvs.edu.sn\";s:6:\"profil\";s:1:\"1\";s:11:\"utilisateur\";s:1:\"1\";s:6:\"prenom\";s:7:\"Birahim\";s:3:\"nom\";s:5:\"BABOU\";s:4:\"role\";s:24:\"GMB_SUPER_ADMINISTRATEUR\";}'),
(35, 4, 1, 'a:7:{s:9:\"connexion\";b:1;s:4:\"mail\";s:24:\"birahim.babou@uvs.edu.sn\";s:6:\"profil\";s:1:\"1\";s:11:\"utilisateur\";s:1:\"1\";s:6:\"prenom\";s:7:\"Birahim\";s:3:\"nom\";s:5:\"BABOU\";s:4:\"role\";s:24:\"GMB_SUPER_ADMINISTRATEUR\";}'),
(36, 4, 1, 'a:7:{s:9:\"connexion\";b:1;s:4:\"mail\";s:24:\"birahim.babou@uvs.edu.sn\";s:6:\"profil\";s:1:\"1\";s:11:\"utilisateur\";s:1:\"1\";s:6:\"prenom\";s:7:\"Birahim\";s:3:\"nom\";s:5:\"BABOU\";s:4:\"role\";s:24:\"GMB_SUPER_ADMINISTRATEUR\";}'),
(37, 4, 1, 'a:7:{s:9:\"connexion\";b:1;s:4:\"mail\";s:24:\"birahim.babou@uvs.edu.sn\";s:6:\"profil\";s:1:\"1\";s:11:\"utilisateur\";s:1:\"1\";s:6:\"prenom\";s:7:\"Birahim\";s:3:\"nom\";s:5:\"BABOU\";s:4:\"role\";s:24:\"GMB_SUPER_ADMINISTRATEUR\";}'),
(38, 4, 1, 'a:7:{s:9:\"connexion\";b:1;s:4:\"mail\";s:24:\"birahim.babou@uvs.edu.sn\";s:6:\"profil\";s:1:\"1\";s:11:\"utilisateur\";s:1:\"1\";s:6:\"prenom\";s:7:\"Birahim\";s:3:\"nom\";s:5:\"BABOU\";s:4:\"role\";s:24:\"GMB_SUPER_ADMINISTRATEUR\";}'),
(39, 4, 1, 'a:7:{s:9:\"connexion\";b:1;s:4:\"mail\";s:24:\"birahim.babou@uvs.edu.sn\";s:6:\"profil\";s:1:\"1\";s:11:\"utilisateur\";s:1:\"1\";s:6:\"prenom\";s:7:\"Birahim\";s:3:\"nom\";s:5:\"BABOU\";s:4:\"role\";s:24:\"GMB_SUPER_ADMINISTRATEUR\";}'),
(40, 4, 1, 'a:7:{s:9:\"connexion\";b:1;s:4:\"mail\";s:24:\"birahim.babou@uvs.edu.sn\";s:6:\"profil\";s:1:\"1\";s:11:\"utilisateur\";s:1:\"1\";s:6:\"prenom\";s:7:\"Birahim\";s:3:\"nom\";s:5:\"BABOU\";s:4:\"role\";s:24:\"GMB_SUPER_ADMINISTRATEUR\";}'),
(41, 4, 1, 'a:7:{s:9:\"connexion\";b:1;s:4:\"mail\";s:24:\"birahim.babou@uvs.edu.sn\";s:6:\"profil\";s:1:\"1\";s:11:\"utilisateur\";s:1:\"1\";s:6:\"prenom\";s:7:\"Birahim\";s:3:\"nom\";s:5:\"BABOU\";s:4:\"role\";s:24:\"GMB_SUPER_ADMINISTRATEUR\";}'),
(42, 4, 1, 'a:7:{s:9:\"connexion\";b:1;s:4:\"mail\";s:24:\"birahim.babou@uvs.edu.sn\";s:6:\"profil\";s:1:\"1\";s:11:\"utilisateur\";s:1:\"1\";s:6:\"prenom\";s:7:\"Birahim\";s:3:\"nom\";s:5:\"BABOU\";s:4:\"role\";s:24:\"GMB_SUPER_ADMINISTRATEUR\";}'),
(43, 4, 1, 'a:7:{s:9:\"connexion\";b:1;s:4:\"mail\";s:24:\"birahim.babou@uvs.edu.sn\";s:6:\"profil\";s:1:\"1\";s:11:\"utilisateur\";s:1:\"1\";s:6:\"prenom\";s:7:\"Birahim\";s:3:\"nom\";s:5:\"BABOU\";s:4:\"role\";s:24:\"GMB_SUPER_ADMINISTRATEUR\";}'),
(44, 4, 1, 'a:7:{s:9:\"connexion\";b:1;s:4:\"mail\";s:24:\"birahim.babou@uvs.edu.sn\";s:6:\"profil\";s:1:\"1\";s:11:\"utilisateur\";s:1:\"1\";s:6:\"prenom\";s:7:\"Birahim\";s:3:\"nom\";s:5:\"BABOU\";s:4:\"role\";s:24:\"GMB_SUPER_ADMINISTRATEUR\";}'),
(45, 4, 1, 'a:7:{s:9:\"connexion\";b:1;s:4:\"mail\";s:24:\"birahim.babou@uvs.edu.sn\";s:6:\"profil\";s:1:\"1\";s:11:\"utilisateur\";s:1:\"1\";s:6:\"prenom\";s:7:\"Birahim\";s:3:\"nom\";s:5:\"BABOU\";s:4:\"role\";s:24:\"GMB_SUPER_ADMINISTRATEUR\";}'),
(46, 4, 1, 'a:7:{s:9:\"connexion\";b:1;s:4:\"mail\";s:24:\"birahim.babou@uvs.edu.sn\";s:6:\"profil\";s:1:\"1\";s:11:\"utilisateur\";s:1:\"1\";s:6:\"prenom\";s:7:\"Birahim\";s:3:\"nom\";s:5:\"BABOU\";s:4:\"role\";s:24:\"GMB_SUPER_ADMINISTRATEUR\";}'),
(47, 4, 1, 'a:7:{s:9:\"connexion\";b:1;s:4:\"mail\";s:24:\"birahim.babou@uvs.edu.sn\";s:6:\"profil\";s:1:\"1\";s:11:\"utilisateur\";s:1:\"1\";s:6:\"prenom\";s:7:\"Birahim\";s:3:\"nom\";s:5:\"BABOU\";s:4:\"role\";s:24:\"GMB_SUPER_ADMINISTRATEUR\";}'),
(48, 4, 1, 'a:7:{s:9:\"connexion\";b:1;s:4:\"mail\";s:24:\"birahim.babou@uvs.edu.sn\";s:6:\"profil\";s:1:\"1\";s:11:\"utilisateur\";s:1:\"1\";s:6:\"prenom\";s:7:\"Birahim\";s:3:\"nom\";s:5:\"BABOU\";s:4:\"role\";s:24:\"GMB_SUPER_ADMINISTRATEUR\";}'),
(49, 4, 1, 'a:7:{s:9:\"connexion\";b:1;s:4:\"mail\";s:24:\"birahim.babou@uvs.edu.sn\";s:6:\"profil\";s:1:\"1\";s:11:\"utilisateur\";s:1:\"1\";s:6:\"prenom\";s:7:\"Birahim\";s:3:\"nom\";s:5:\"BABOU\";s:4:\"role\";s:24:\"GMB_SUPER_ADMINISTRATEUR\";}'),
(50, 4, 1, 'a:7:{s:9:\"connexion\";b:1;s:4:\"mail\";s:24:\"birahim.babou@uvs.edu.sn\";s:6:\"profil\";s:1:\"1\";s:11:\"utilisateur\";s:1:\"1\";s:6:\"prenom\";s:7:\"Birahim\";s:3:\"nom\";s:5:\"BABOU\";s:4:\"role\";s:24:\"GMB_SUPER_ADMINISTRATEUR\";}'),
(51, 4, 1, 'a:7:{s:9:\"connexion\";b:1;s:4:\"mail\";s:24:\"birahim.babou@uvs.edu.sn\";s:6:\"profil\";s:1:\"1\";s:11:\"utilisateur\";s:1:\"1\";s:6:\"prenom\";s:7:\"Birahim\";s:3:\"nom\";s:5:\"BABOU\";s:4:\"role\";s:24:\"GMB_SUPER_ADMINISTRATEUR\";}'),
(52, 4, 1, 'a:7:{s:9:\"connexion\";b:1;s:4:\"mail\";s:24:\"birahim.babou@uvs.edu.sn\";s:6:\"profil\";s:1:\"1\";s:11:\"utilisateur\";s:1:\"1\";s:6:\"prenom\";s:7:\"Birahim\";s:3:\"nom\";s:5:\"BABOU\";s:4:\"role\";s:24:\"GMB_SUPER_ADMINISTRATEUR\";}'),
(53, 4, 1, 'a:7:{s:9:\"connexion\";b:1;s:4:\"mail\";s:24:\"birahim.babou@uvs.edu.sn\";s:6:\"profil\";s:1:\"1\";s:11:\"utilisateur\";s:1:\"1\";s:6:\"prenom\";s:7:\"Birahim\";s:3:\"nom\";s:5:\"BABOU\";s:4:\"role\";s:24:\"GMB_SUPER_ADMINISTRATEUR\";}'),
(54, 4, 1, 'a:7:{s:9:\"connexion\";b:1;s:4:\"mail\";s:24:\"birahim.babou@uvs.edu.sn\";s:6:\"profil\";s:1:\"1\";s:11:\"utilisateur\";s:1:\"1\";s:6:\"prenom\";s:7:\"Birahim\";s:3:\"nom\";s:5:\"BABOU\";s:4:\"role\";s:24:\"GMB_SUPER_ADMINISTRATEUR\";}'),
(55, 4, 1, 'a:7:{s:9:\"connexion\";b:1;s:4:\"mail\";s:24:\"birahim.babou@uvs.edu.sn\";s:6:\"profil\";s:1:\"1\";s:11:\"utilisateur\";s:1:\"1\";s:6:\"prenom\";s:7:\"Birahim\";s:3:\"nom\";s:5:\"BABOU\";s:4:\"role\";s:24:\"GMB_SUPER_ADMINISTRATEUR\";}'),
(56, 4, 1, 'a:7:{s:9:\"connexion\";b:1;s:4:\"mail\";s:24:\"birahim.babou@uvs.edu.sn\";s:6:\"profil\";s:1:\"1\";s:11:\"utilisateur\";s:1:\"1\";s:6:\"prenom\";s:7:\"Birahim\";s:3:\"nom\";s:5:\"BABOU\";s:4:\"role\";s:24:\"GMB_SUPER_ADMINISTRATEUR\";}'),
(57, 4, 1, 'a:7:{s:9:\"connexion\";b:1;s:4:\"mail\";s:24:\"birahim.babou@uvs.edu.sn\";s:6:\"profil\";s:1:\"1\";s:11:\"utilisateur\";s:1:\"1\";s:6:\"prenom\";s:7:\"Birahim\";s:3:\"nom\";s:5:\"BABOU\";s:4:\"role\";s:24:\"GMB_SUPER_ADMINISTRATEUR\";}'),
(58, 4, 1, 'a:7:{s:9:\"connexion\";b:1;s:4:\"mail\";s:24:\"birahim.babou@uvs.edu.sn\";s:6:\"profil\";s:1:\"1\";s:11:\"utilisateur\";s:1:\"1\";s:6:\"prenom\";s:7:\"Birahim\";s:3:\"nom\";s:5:\"BABOU\";s:4:\"role\";s:24:\"GMB_SUPER_ADMINISTRATEUR\";}'),
(59, 4, 1, 'a:7:{s:9:\"connexion\";b:1;s:4:\"mail\";s:24:\"birahim.babou@uvs.edu.sn\";s:6:\"profil\";s:1:\"1\";s:11:\"utilisateur\";s:1:\"1\";s:6:\"prenom\";s:7:\"Birahim\";s:3:\"nom\";s:5:\"BABOU\";s:4:\"role\";s:24:\"GMB_SUPER_ADMINISTRATEUR\";}'),
(60, 4, 1, 'a:7:{s:9:\"connexion\";b:1;s:4:\"mail\";s:24:\"birahim.babou@uvs.edu.sn\";s:6:\"profil\";s:1:\"1\";s:11:\"utilisateur\";s:1:\"1\";s:6:\"prenom\";s:7:\"Birahim\";s:3:\"nom\";s:5:\"BABOU\";s:4:\"role\";s:24:\"GMB_SUPER_ADMINISTRATEUR\";}'),
(61, 4, 1, 'a:7:{s:9:\"connexion\";b:1;s:4:\"mail\";s:24:\"birahim.babou@uvs.edu.sn\";s:6:\"profil\";s:1:\"1\";s:11:\"utilisateur\";s:1:\"1\";s:6:\"prenom\";s:7:\"Birahim\";s:3:\"nom\";s:5:\"BABOU\";s:4:\"role\";s:24:\"GMB_SUPER_ADMINISTRATEUR\";}'),
(62, 4, 1, 'a:7:{s:9:\"connexion\";b:1;s:4:\"mail\";s:24:\"birahim.babou@uvs.edu.sn\";s:6:\"profil\";s:1:\"1\";s:11:\"utilisateur\";s:1:\"1\";s:6:\"prenom\";s:7:\"Birahim\";s:3:\"nom\";s:5:\"BABOU\";s:4:\"role\";s:24:\"GMB_SUPER_ADMINISTRATEUR\";}'),
(63, 4, 1, 'a:7:{s:9:\"connexion\";b:1;s:4:\"mail\";s:24:\"birahim.babou@uvs.edu.sn\";s:6:\"profil\";s:1:\"1\";s:11:\"utilisateur\";s:1:\"1\";s:6:\"prenom\";s:7:\"Birahim\";s:3:\"nom\";s:5:\"BABOU\";s:4:\"role\";s:24:\"GMB_SUPER_ADMINISTRATEUR\";}'),
(64, 4, 1, 'a:7:{s:9:\"connexion\";b:1;s:4:\"mail\";s:24:\"birahim.babou@uvs.edu.sn\";s:6:\"profil\";s:1:\"1\";s:11:\"utilisateur\";s:1:\"1\";s:6:\"prenom\";s:7:\"Birahim\";s:3:\"nom\";s:5:\"BABOU\";s:4:\"role\";s:24:\"GMB_SUPER_ADMINISTRATEUR\";}'),
(65, 4, 1, 'a:7:{s:9:\"connexion\";b:1;s:4:\"mail\";s:24:\"birahim.babou@uvs.edu.sn\";s:6:\"profil\";s:1:\"1\";s:11:\"utilisateur\";s:1:\"1\";s:6:\"prenom\";s:7:\"Birahim\";s:3:\"nom\";s:5:\"BABOU\";s:4:\"role\";s:24:\"GMB_SUPER_ADMINISTRATEUR\";}'),
(66, 4, 1, 'a:7:{s:9:\"connexion\";b:1;s:4:\"mail\";s:24:\"birahim.babou@uvs.edu.sn\";s:6:\"profil\";s:1:\"1\";s:11:\"utilisateur\";s:1:\"1\";s:6:\"prenom\";s:7:\"Birahim\";s:3:\"nom\";s:5:\"BABOU\";s:4:\"role\";s:24:\"GMB_SUPER_ADMINISTRATEUR\";}'),
(67, 4, 1, 'a:7:{s:9:\"connexion\";b:1;s:4:\"mail\";s:24:\"birahim.babou@uvs.edu.sn\";s:6:\"profil\";s:1:\"1\";s:11:\"utilisateur\";s:1:\"1\";s:6:\"prenom\";s:7:\"Birahim\";s:3:\"nom\";s:5:\"BABOU\";s:4:\"role\";s:24:\"GMB_SUPER_ADMINISTRATEUR\";}'),
(68, 4, 1, 'a:7:{s:9:\"connexion\";b:1;s:4:\"mail\";s:24:\"birahim.babou@uvs.edu.sn\";s:6:\"profil\";s:1:\"1\";s:11:\"utilisateur\";s:1:\"1\";s:6:\"prenom\";s:7:\"Birahim\";s:3:\"nom\";s:5:\"BABOU\";s:4:\"role\";s:24:\"GMB_SUPER_ADMINISTRATEUR\";}'),
(69, 4, 1, 'a:7:{s:9:\"connexion\";b:1;s:4:\"mail\";s:24:\"birahim.babou@uvs.edu.sn\";s:6:\"profil\";s:1:\"1\";s:11:\"utilisateur\";s:1:\"1\";s:6:\"prenom\";s:7:\"Birahim\";s:3:\"nom\";s:5:\"BABOU\";s:4:\"role\";s:24:\"GMB_SUPER_ADMINISTRATEUR\";}'),
(70, 4, 1, 'a:7:{s:9:\"connexion\";b:1;s:4:\"mail\";s:24:\"birahim.babou@uvs.edu.sn\";s:6:\"profil\";s:1:\"1\";s:11:\"utilisateur\";s:1:\"1\";s:6:\"prenom\";s:7:\"Birahim\";s:3:\"nom\";s:5:\"BABOU\";s:4:\"role\";s:24:\"GMB_SUPER_ADMINISTRATEUR\";}'),
(71, 4, 1, 'a:7:{s:9:\"connexion\";b:1;s:4:\"mail\";s:24:\"birahim.babou@uvs.edu.sn\";s:6:\"profil\";s:1:\"1\";s:11:\"utilisateur\";s:1:\"1\";s:6:\"prenom\";s:7:\"Birahim\";s:3:\"nom\";s:5:\"BABOU\";s:4:\"role\";s:24:\"GMB_SUPER_ADMINISTRATEUR\";}'),
(72, 4, 1, 'a:7:{s:9:\"connexion\";b:1;s:4:\"mail\";s:24:\"birahim.babou@uvs.edu.sn\";s:6:\"profil\";s:1:\"1\";s:11:\"utilisateur\";s:1:\"1\";s:6:\"prenom\";s:7:\"Birahim\";s:3:\"nom\";s:5:\"BABOU\";s:4:\"role\";s:24:\"GMB_SUPER_ADMINISTRATEUR\";}'),
(73, 4, 1, 'a:7:{s:9:\"connexion\";b:1;s:4:\"mail\";s:24:\"birahim.babou@uvs.edu.sn\";s:6:\"profil\";s:1:\"1\";s:11:\"utilisateur\";s:1:\"1\";s:6:\"prenom\";s:7:\"Birahim\";s:3:\"nom\";s:5:\"BABOU\";s:4:\"role\";s:24:\"GMB_SUPER_ADMINISTRATEUR\";}'),
(74, 4, 1, 'a:7:{s:9:\"connexion\";b:1;s:4:\"mail\";s:24:\"birahim.babou@uvs.edu.sn\";s:6:\"profil\";s:1:\"1\";s:11:\"utilisateur\";s:1:\"1\";s:6:\"prenom\";s:7:\"Birahim\";s:3:\"nom\";s:5:\"BABOU\";s:4:\"role\";s:24:\"GMB_SUPER_ADMINISTRATEUR\";}'),
(75, 4, 1, 'a:7:{s:9:\"connexion\";b:1;s:4:\"mail\";s:24:\"birahim.babou@uvs.edu.sn\";s:6:\"profil\";s:1:\"1\";s:11:\"utilisateur\";s:1:\"1\";s:6:\"prenom\";s:7:\"Birahim\";s:3:\"nom\";s:5:\"BABOU\";s:4:\"role\";s:24:\"GMB_SUPER_ADMINISTRATEUR\";}'),
(76, 4, 1, 'a:7:{s:9:\"connexion\";b:1;s:4:\"mail\";s:24:\"birahim.babou@uvs.edu.sn\";s:6:\"profil\";s:1:\"1\";s:11:\"utilisateur\";s:1:\"1\";s:6:\"prenom\";s:7:\"Birahim\";s:3:\"nom\";s:5:\"BABOU\";s:4:\"role\";s:24:\"GMB_SUPER_ADMINISTRATEUR\";}'),
(77, 4, 1, 'a:7:{s:9:\"connexion\";b:1;s:4:\"mail\";s:24:\"birahim.babou@uvs.edu.sn\";s:6:\"profil\";s:1:\"1\";s:11:\"utilisateur\";s:1:\"1\";s:6:\"prenom\";s:7:\"Birahim\";s:3:\"nom\";s:5:\"BABOU\";s:4:\"role\";s:24:\"GMB_SUPER_ADMINISTRATEUR\";}'),
(78, 4, 1, 'a:7:{s:9:\"connexion\";b:1;s:4:\"mail\";s:24:\"birahim.babou@uvs.edu.sn\";s:6:\"profil\";s:1:\"1\";s:11:\"utilisateur\";s:1:\"1\";s:6:\"prenom\";s:7:\"Birahim\";s:3:\"nom\";s:5:\"BABOU\";s:4:\"role\";s:24:\"GMB_SUPER_ADMINISTRATEUR\";}'),
(79, 4, 1, 'a:7:{s:9:\"connexion\";b:1;s:4:\"mail\";s:24:\"birahim.babou@uvs.edu.sn\";s:6:\"profil\";s:1:\"1\";s:11:\"utilisateur\";s:1:\"1\";s:6:\"prenom\";s:7:\"Birahim\";s:3:\"nom\";s:5:\"BABOU\";s:4:\"role\";s:24:\"GMB_SUPER_ADMINISTRATEUR\";}'),
(80, 4, 1, 'a:7:{s:9:\"connexion\";b:1;s:4:\"mail\";s:24:\"birahim.babou@uvs.edu.sn\";s:6:\"profil\";s:1:\"1\";s:11:\"utilisateur\";s:1:\"1\";s:6:\"prenom\";s:7:\"Birahim\";s:3:\"nom\";s:5:\"BABOU\";s:4:\"role\";s:24:\"GMB_SUPER_ADMINISTRATEUR\";}'),
(81, 4, 1, 'a:7:{s:9:\"connexion\";b:1;s:4:\"mail\";s:24:\"birahim.babou@uvs.edu.sn\";s:6:\"profil\";s:1:\"1\";s:11:\"utilisateur\";s:1:\"1\";s:6:\"prenom\";s:7:\"Birahim\";s:3:\"nom\";s:5:\"BABOU\";s:4:\"role\";s:24:\"GMB_SUPER_ADMINISTRATEUR\";}'),
(82, 4, 1, 'a:7:{s:9:\"connexion\";b:1;s:4:\"mail\";s:24:\"birahim.babou@uvs.edu.sn\";s:6:\"profil\";s:1:\"1\";s:11:\"utilisateur\";s:1:\"1\";s:6:\"prenom\";s:7:\"Birahim\";s:3:\"nom\";s:5:\"BABOU\";s:4:\"role\";s:24:\"GMB_SUPER_ADMINISTRATEUR\";}'),
(83, 4, 1, 'a:7:{s:9:\"connexion\";b:1;s:4:\"mail\";s:24:\"birahim.babou@uvs.edu.sn\";s:6:\"profil\";s:1:\"1\";s:11:\"utilisateur\";s:1:\"1\";s:6:\"prenom\";s:7:\"Birahim\";s:3:\"nom\";s:5:\"BABOU\";s:4:\"role\";s:24:\"GMB_SUPER_ADMINISTRATEUR\";}'),
(84, 4, 1, 'a:7:{s:9:\"connexion\";b:1;s:4:\"mail\";s:24:\"birahim.babou@uvs.edu.sn\";s:6:\"profil\";s:1:\"1\";s:11:\"utilisateur\";s:1:\"1\";s:6:\"prenom\";s:7:\"Birahim\";s:3:\"nom\";s:5:\"BABOU\";s:4:\"role\";s:24:\"GMB_SUPER_ADMINISTRATEUR\";}'),
(85, 4, 1, 'a:7:{s:9:\"connexion\";b:1;s:4:\"mail\";s:24:\"birahim.babou@uvs.edu.sn\";s:6:\"profil\";s:1:\"1\";s:11:\"utilisateur\";s:1:\"1\";s:6:\"prenom\";s:7:\"Birahim\";s:3:\"nom\";s:5:\"BABOU\";s:4:\"role\";s:24:\"GMB_SUPER_ADMINISTRATEUR\";}'),
(86, 4, 1, 'a:7:{s:9:\"connexion\";b:1;s:4:\"mail\";s:24:\"birahim.babou@uvs.edu.sn\";s:6:\"profil\";s:1:\"1\";s:11:\"utilisateur\";s:1:\"1\";s:6:\"prenom\";s:7:\"Birahim\";s:3:\"nom\";s:5:\"BABOU\";s:4:\"role\";s:24:\"GMB_SUPER_ADMINISTRATEUR\";}'),
(87, 4, 1, 'a:7:{s:9:\"connexion\";b:1;s:4:\"mail\";s:24:\"birahim.babou@uvs.edu.sn\";s:6:\"profil\";s:1:\"1\";s:11:\"utilisateur\";s:1:\"1\";s:6:\"prenom\";s:7:\"Birahim\";s:3:\"nom\";s:5:\"BABOU\";s:4:\"role\";s:24:\"GMB_SUPER_ADMINISTRATEUR\";}'),
(88, 4, 1, 'a:7:{s:9:\"connexion\";b:1;s:4:\"mail\";s:24:\"birahim.babou@uvs.edu.sn\";s:6:\"profil\";s:1:\"1\";s:11:\"utilisateur\";s:1:\"1\";s:6:\"prenom\";s:7:\"Birahim\";s:3:\"nom\";s:5:\"BABOU\";s:4:\"role\";s:24:\"GMB_SUPER_ADMINISTRATEUR\";}'),
(89, 4, 1, 'a:7:{s:9:\"connexion\";b:1;s:4:\"mail\";s:24:\"birahim.babou@uvs.edu.sn\";s:6:\"profil\";s:1:\"1\";s:11:\"utilisateur\";s:1:\"1\";s:6:\"prenom\";s:7:\"Birahim\";s:3:\"nom\";s:5:\"BABOU\";s:4:\"role\";s:24:\"GMB_SUPER_ADMINISTRATEUR\";}'),
(90, 4, 1, 'a:7:{s:9:\"connexion\";b:1;s:4:\"mail\";s:24:\"birahim.babou@uvs.edu.sn\";s:6:\"profil\";s:1:\"1\";s:11:\"utilisateur\";s:1:\"1\";s:6:\"prenom\";s:7:\"Birahim\";s:3:\"nom\";s:5:\"BABOU\";s:4:\"role\";s:24:\"GMB_SUPER_ADMINISTRATEUR\";}'),
(91, 4, 1, 'a:7:{s:9:\"connexion\";b:1;s:4:\"mail\";s:24:\"birahim.babou@uvs.edu.sn\";s:6:\"profil\";s:1:\"1\";s:11:\"utilisateur\";s:1:\"1\";s:6:\"prenom\";s:7:\"Birahim\";s:3:\"nom\";s:5:\"BABOU\";s:4:\"role\";s:24:\"GMB_SUPER_ADMINISTRATEUR\";}'),
(92, 4, 1, 'a:7:{s:9:\"connexion\";b:1;s:4:\"mail\";s:24:\"birahim.babou@uvs.edu.sn\";s:6:\"profil\";s:1:\"1\";s:11:\"utilisateur\";s:1:\"1\";s:6:\"prenom\";s:7:\"Birahim\";s:3:\"nom\";s:5:\"BABOU\";s:4:\"role\";s:24:\"GMB_SUPER_ADMINISTRATEUR\";}'),
(93, 4, 1, 'a:7:{s:9:\"connexion\";b:1;s:4:\"mail\";s:24:\"birahim.babou@uvs.edu.sn\";s:6:\"profil\";s:1:\"1\";s:11:\"utilisateur\";s:1:\"1\";s:6:\"prenom\";s:7:\"Birahim\";s:3:\"nom\";s:5:\"BABOU\";s:4:\"role\";s:24:\"GMB_SUPER_ADMINISTRATEUR\";}'),
(94, 4, 1, 'a:7:{s:9:\"connexion\";b:1;s:4:\"mail\";s:24:\"birahim.babou@uvs.edu.sn\";s:6:\"profil\";s:1:\"1\";s:11:\"utilisateur\";s:1:\"1\";s:6:\"prenom\";s:7:\"Birahim\";s:3:\"nom\";s:5:\"BABOU\";s:4:\"role\";s:24:\"GMB_SUPER_ADMINISTRATEUR\";}'),
(95, 4, 1, 'a:7:{s:9:\"connexion\";b:1;s:4:\"mail\";s:24:\"birahim.babou@uvs.edu.sn\";s:6:\"profil\";s:1:\"1\";s:11:\"utilisateur\";s:1:\"1\";s:6:\"prenom\";s:7:\"Birahim\";s:3:\"nom\";s:5:\"BABOU\";s:4:\"role\";s:24:\"GMB_SUPER_ADMINISTRATEUR\";}'),
(96, 4, 1, 'a:7:{s:9:\"connexion\";b:1;s:4:\"mail\";s:24:\"birahim.babou@uvs.edu.sn\";s:6:\"profil\";s:1:\"1\";s:11:\"utilisateur\";s:1:\"1\";s:6:\"prenom\";s:7:\"Birahim\";s:3:\"nom\";s:5:\"BABOU\";s:4:\"role\";s:24:\"GMB_SUPER_ADMINISTRATEUR\";}'),
(97, 4, 1, 'a:7:{s:9:\"connexion\";b:1;s:4:\"mail\";s:24:\"birahim.babou@uvs.edu.sn\";s:6:\"profil\";s:1:\"1\";s:11:\"utilisateur\";s:1:\"1\";s:6:\"prenom\";s:7:\"Birahim\";s:3:\"nom\";s:5:\"BABOU\";s:4:\"role\";s:24:\"GMB_SUPER_ADMINISTRATEUR\";}'),
(98, 4, 1, 'a:7:{s:9:\"connexion\";b:1;s:4:\"mail\";s:24:\"birahim.babou@uvs.edu.sn\";s:6:\"profil\";s:1:\"1\";s:11:\"utilisateur\";s:1:\"1\";s:6:\"prenom\";s:7:\"Birahim\";s:3:\"nom\";s:5:\"BABOU\";s:4:\"role\";s:24:\"GMB_SUPER_ADMINISTRATEUR\";}'),
(99, 4, 1, 'a:7:{s:9:\"connexion\";b:1;s:4:\"mail\";s:24:\"birahim.babou@uvs.edu.sn\";s:6:\"profil\";s:1:\"1\";s:11:\"utilisateur\";s:1:\"1\";s:6:\"prenom\";s:7:\"Birahim\";s:3:\"nom\";s:5:\"BABOU\";s:4:\"role\";s:24:\"GMB_SUPER_ADMINISTRATEUR\";}'),
(100, 4, 1, 'a:7:{s:9:\"connexion\";b:1;s:4:\"mail\";s:24:\"birahim.babou@uvs.edu.sn\";s:6:\"profil\";s:1:\"1\";s:11:\"utilisateur\";s:1:\"1\";s:6:\"prenom\";s:7:\"Birahim\";s:3:\"nom\";s:5:\"BABOU\";s:4:\"role\";s:24:\"GMB_SUPER_ADMINISTRATEUR\";}'),
(101, 4, 1, 'a:7:{s:9:\"connexion\";b:1;s:4:\"mail\";s:24:\"birahim.babou@uvs.edu.sn\";s:6:\"profil\";s:1:\"1\";s:11:\"utilisateur\";s:1:\"1\";s:6:\"prenom\";s:7:\"Birahim\";s:3:\"nom\";s:5:\"BABOU\";s:4:\"role\";s:24:\"GMB_SUPER_ADMINISTRATEUR\";}'),
(102, 4, 1, 'a:7:{s:9:\"connexion\";b:1;s:4:\"mail\";s:24:\"birahim.babou@uvs.edu.sn\";s:6:\"profil\";s:1:\"1\";s:11:\"utilisateur\";s:1:\"1\";s:6:\"prenom\";s:7:\"Birahim\";s:3:\"nom\";s:5:\"BABOU\";s:4:\"role\";s:24:\"GMB_SUPER_ADMINISTRATEUR\";}'),
(103, 4, 1, 'a:7:{s:9:\"connexion\";b:1;s:4:\"mail\";s:24:\"birahim.babou@uvs.edu.sn\";s:6:\"profil\";s:1:\"1\";s:11:\"utilisateur\";s:1:\"1\";s:6:\"prenom\";s:7:\"Birahim\";s:3:\"nom\";s:5:\"BABOU\";s:4:\"role\";s:24:\"GMB_SUPER_ADMINISTRATEUR\";}'),
(104, 4, 1, 'a:7:{s:9:\"connexion\";b:1;s:4:\"mail\";s:24:\"birahim.babou@uvs.edu.sn\";s:6:\"profil\";s:1:\"1\";s:11:\"utilisateur\";s:1:\"1\";s:6:\"prenom\";s:7:\"Birahim\";s:3:\"nom\";s:5:\"BABOU\";s:4:\"role\";s:24:\"GMB_SUPER_ADMINISTRATEUR\";}'),
(105, 4, 1, 'a:7:{s:9:\"connexion\";b:1;s:4:\"mail\";s:24:\"birahim.babou@uvs.edu.sn\";s:6:\"profil\";s:1:\"1\";s:11:\"utilisateur\";s:1:\"1\";s:6:\"prenom\";s:7:\"Birahim\";s:3:\"nom\";s:5:\"BABOU\";s:4:\"role\";s:24:\"GMB_SUPER_ADMINISTRATEUR\";}'),
(106, 4, 1, 'a:7:{s:9:\"connexion\";b:1;s:4:\"mail\";s:24:\"birahim.babou@uvs.edu.sn\";s:6:\"profil\";s:1:\"1\";s:11:\"utilisateur\";s:1:\"1\";s:6:\"prenom\";s:7:\"Birahim\";s:3:\"nom\";s:5:\"BABOU\";s:4:\"role\";s:24:\"GMB_SUPER_ADMINISTRATEUR\";}'),
(107, 4, 1, 'a:7:{s:9:\"connexion\";b:1;s:4:\"mail\";s:24:\"birahim.babou@uvs.edu.sn\";s:6:\"profil\";s:1:\"1\";s:11:\"utilisateur\";s:1:\"1\";s:6:\"prenom\";s:7:\"Birahim\";s:3:\"nom\";s:5:\"BABOU\";s:4:\"role\";s:24:\"GMB_SUPER_ADMINISTRATEUR\";}'),
(108, 4, 1, 'a:7:{s:9:\"connexion\";b:1;s:4:\"mail\";s:24:\"birahim.babou@uvs.edu.sn\";s:6:\"profil\";s:1:\"1\";s:11:\"utilisateur\";s:1:\"1\";s:6:\"prenom\";s:7:\"Birahim\";s:3:\"nom\";s:5:\"BABOU\";s:4:\"role\";s:24:\"GMB_SUPER_ADMINISTRATEUR\";}'),
(109, 4, 1, 'a:7:{s:9:\"connexion\";b:1;s:4:\"mail\";s:24:\"birahim.babou@uvs.edu.sn\";s:6:\"profil\";s:1:\"1\";s:11:\"utilisateur\";s:1:\"1\";s:6:\"prenom\";s:7:\"Birahim\";s:3:\"nom\";s:5:\"BABOU\";s:4:\"role\";s:24:\"GMB_SUPER_ADMINISTRATEUR\";}'),
(110, 4, 1, 'a:7:{s:9:\"connexion\";b:1;s:4:\"mail\";s:24:\"birahim.babou@uvs.edu.sn\";s:6:\"profil\";s:1:\"1\";s:11:\"utilisateur\";s:1:\"1\";s:6:\"prenom\";s:7:\"Birahim\";s:3:\"nom\";s:5:\"BABOU\";s:4:\"role\";s:24:\"GMB_SUPER_ADMINISTRATEUR\";}'),
(111, 4, 1, 'a:7:{s:9:\"connexion\";b:1;s:4:\"mail\";s:24:\"birahim.babou@uvs.edu.sn\";s:6:\"profil\";s:1:\"1\";s:11:\"utilisateur\";s:1:\"1\";s:6:\"prenom\";s:7:\"Birahim\";s:3:\"nom\";s:5:\"BABOU\";s:4:\"role\";s:24:\"GMB_SUPER_ADMINISTRATEUR\";}'),
(112, 4, 1, 'a:7:{s:9:\"connexion\";b:1;s:4:\"mail\";s:24:\"birahim.babou@uvs.edu.sn\";s:6:\"profil\";s:1:\"1\";s:11:\"utilisateur\";s:1:\"1\";s:6:\"prenom\";s:7:\"Birahim\";s:3:\"nom\";s:5:\"BABOU\";s:4:\"role\";s:24:\"GMB_SUPER_ADMINISTRATEUR\";}'),
(113, 4, 1, 'a:7:{s:9:\"connexion\";b:1;s:4:\"mail\";s:24:\"birahim.babou@uvs.edu.sn\";s:6:\"profil\";s:1:\"1\";s:11:\"utilisateur\";s:1:\"1\";s:6:\"prenom\";s:7:\"Birahim\";s:3:\"nom\";s:5:\"BABOU\";s:4:\"role\";s:24:\"GMB_SUPER_ADMINISTRATEUR\";}'),
(114, 4, 1, 'a:7:{s:9:\"connexion\";b:1;s:4:\"mail\";s:24:\"birahim.babou@uvs.edu.sn\";s:6:\"profil\";s:1:\"1\";s:11:\"utilisateur\";s:1:\"1\";s:6:\"prenom\";s:7:\"Birahim\";s:3:\"nom\";s:5:\"BABOU\";s:4:\"role\";s:24:\"GMB_SUPER_ADMINISTRATEUR\";}'),
(115, 4, 1, 'a:7:{s:9:\"connexion\";b:1;s:4:\"mail\";s:24:\"birahim.babou@uvs.edu.sn\";s:6:\"profil\";s:1:\"1\";s:11:\"utilisateur\";s:1:\"1\";s:6:\"prenom\";s:7:\"Birahim\";s:3:\"nom\";s:5:\"BABOU\";s:4:\"role\";s:24:\"GMB_SUPER_ADMINISTRATEUR\";}'),
(116, 4, 1, 'a:7:{s:9:\"connexion\";b:1;s:4:\"mail\";s:24:\"birahim.babou@uvs.edu.sn\";s:6:\"profil\";s:1:\"1\";s:11:\"utilisateur\";s:1:\"1\";s:6:\"prenom\";s:7:\"Birahim\";s:3:\"nom\";s:5:\"BABOU\";s:4:\"role\";s:24:\"GMB_SUPER_ADMINISTRATEUR\";}'),
(117, 4, 1, 'a:7:{s:9:\"connexion\";b:1;s:4:\"mail\";s:24:\"birahim.babou@uvs.edu.sn\";s:6:\"profil\";s:1:\"1\";s:11:\"utilisateur\";s:1:\"1\";s:6:\"prenom\";s:7:\"Birahim\";s:3:\"nom\";s:5:\"BABOU\";s:4:\"role\";s:24:\"GMB_SUPER_ADMINISTRATEUR\";}'),
(118, 4, 1, 'a:7:{s:9:\"connexion\";b:1;s:4:\"mail\";s:24:\"birahim.babou@uvs.edu.sn\";s:6:\"profil\";s:1:\"1\";s:11:\"utilisateur\";s:1:\"1\";s:6:\"prenom\";s:7:\"Birahim\";s:3:\"nom\";s:5:\"BABOU\";s:4:\"role\";s:24:\"GMB_SUPER_ADMINISTRATEUR\";}'),
(119, 4, 1, 'a:7:{s:9:\"connexion\";b:1;s:4:\"mail\";s:24:\"birahim.babou@uvs.edu.sn\";s:6:\"profil\";s:1:\"1\";s:11:\"utilisateur\";s:1:\"1\";s:6:\"prenom\";s:7:\"Birahim\";s:3:\"nom\";s:5:\"BABOU\";s:4:\"role\";s:24:\"GMB_SUPER_ADMINISTRATEUR\";}'),
(120, 4, 1, 'a:7:{s:9:\"connexion\";b:1;s:4:\"mail\";s:24:\"birahim.babou@uvs.edu.sn\";s:6:\"profil\";s:1:\"1\";s:11:\"utilisateur\";s:1:\"1\";s:6:\"prenom\";s:7:\"Birahim\";s:3:\"nom\";s:5:\"BABOU\";s:4:\"role\";s:24:\"GMB_SUPER_ADMINISTRATEUR\";}'),
(121, 4, 1, 'a:7:{s:9:\"connexion\";b:1;s:4:\"mail\";s:24:\"birahim.babou@uvs.edu.sn\";s:6:\"profil\";s:1:\"1\";s:11:\"utilisateur\";s:1:\"1\";s:6:\"prenom\";s:7:\"Birahim\";s:3:\"nom\";s:5:\"BABOU\";s:4:\"role\";s:24:\"GMB_SUPER_ADMINISTRATEUR\";}'),
(122, 4, 1, 'a:7:{s:9:\"connexion\";b:1;s:4:\"mail\";s:24:\"birahim.babou@uvs.edu.sn\";s:6:\"profil\";s:1:\"1\";s:11:\"utilisateur\";s:1:\"1\";s:6:\"prenom\";s:7:\"Birahim\";s:3:\"nom\";s:5:\"BABOU\";s:4:\"role\";s:24:\"GMB_SUPER_ADMINISTRATEUR\";}'),
(123, 4, 1, 'a:7:{s:9:\"connexion\";b:1;s:4:\"mail\";s:24:\"birahim.babou@uvs.edu.sn\";s:6:\"profil\";s:1:\"1\";s:11:\"utilisateur\";s:1:\"1\";s:6:\"prenom\";s:7:\"Birahim\";s:3:\"nom\";s:5:\"BABOU\";s:4:\"role\";s:24:\"GMB_SUPER_ADMINISTRATEUR\";}'),
(124, 4, 1, 'a:7:{s:9:\"connexion\";b:1;s:4:\"mail\";s:24:\"birahim.babou@uvs.edu.sn\";s:6:\"profil\";s:1:\"1\";s:11:\"utilisateur\";s:1:\"1\";s:6:\"prenom\";s:7:\"Birahim\";s:3:\"nom\";s:5:\"BABOU\";s:4:\"role\";s:24:\"GMB_SUPER_ADMINISTRATEUR\";}'),
(125, 4, 1, 'a:7:{s:9:\"connexion\";b:1;s:4:\"mail\";s:24:\"birahim.babou@uvs.edu.sn\";s:6:\"profil\";s:1:\"1\";s:11:\"utilisateur\";s:1:\"1\";s:6:\"prenom\";s:7:\"Birahim\";s:3:\"nom\";s:5:\"BABOU\";s:4:\"role\";s:24:\"GMB_SUPER_ADMINISTRATEUR\";}'),
(126, 4, 1, 'a:7:{s:9:\"connexion\";b:1;s:4:\"mail\";s:24:\"birahim.babou@uvs.edu.sn\";s:6:\"profil\";s:1:\"1\";s:11:\"utilisateur\";s:1:\"1\";s:6:\"prenom\";s:7:\"Birahim\";s:3:\"nom\";s:5:\"BABOU\";s:4:\"role\";s:24:\"GMB_SUPER_ADMINISTRATEUR\";}'),
(127, 4, 1, 'a:7:{s:9:\"connexion\";b:1;s:4:\"mail\";s:24:\"birahim.babou@uvs.edu.sn\";s:6:\"profil\";s:1:\"1\";s:11:\"utilisateur\";s:1:\"1\";s:6:\"prenom\";s:7:\"Birahim\";s:3:\"nom\";s:5:\"BABOU\";s:4:\"role\";s:24:\"GMB_SUPER_ADMINISTRATEUR\";}'),
(128, 2, 0, 'a:3:{s:2:\"id\";i:1;s:6:\"profil\";i:1;s:4:\"user\";i:1;}'),
(129, 4, 1, 'a:7:{s:9:\"connexion\";b:1;s:4:\"mail\";s:24:\"birahim.babou@uvs.edu.sn\";s:6:\"profil\";s:1:\"1\";s:11:\"utilisateur\";s:1:\"1\";s:6:\"prenom\";s:7:\"Birahim\";s:3:\"nom\";s:5:\"BABOU\";s:4:\"role\";s:24:\"GMB_SUPER_ADMINISTRATEUR\";}'),
(130, 4, 1, 'a:7:{s:9:\"connexion\";b:1;s:4:\"mail\";s:24:\"birahim.babou@uvs.edu.sn\";s:6:\"profil\";s:1:\"1\";s:11:\"utilisateur\";s:1:\"1\";s:6:\"prenom\";s:7:\"Birahim\";s:3:\"nom\";s:5:\"BABOU\";s:4:\"role\";s:24:\"GMB_SUPER_ADMINISTRATEUR\";}'),
(131, 2, 0, 'a:3:{s:2:\"id\";i:1;s:6:\"profil\";i:1;s:4:\"user\";i:1;}'),
(132, 4, 1, 'a:7:{s:9:\"connexion\";b:1;s:4:\"mail\";s:24:\"birahim.babou@uvs.edu.sn\";s:6:\"profil\";s:1:\"1\";s:11:\"utilisateur\";s:1:\"1\";s:6:\"prenom\";s:7:\"Birahim\";s:3:\"nom\";s:5:\"BABOU\";s:4:\"role\";s:24:\"GMB_SUPER_ADMINISTRATEUR\";}'),
(133, 4, 1, 'a:7:{s:9:\"connexion\";b:1;s:4:\"mail\";s:24:\"birahim.babou@uvs.edu.sn\";s:6:\"profil\";s:1:\"1\";s:11:\"utilisateur\";s:1:\"1\";s:6:\"prenom\";s:7:\"Birahim\";s:3:\"nom\";s:5:\"BABOU\";s:4:\"role\";s:24:\"GMB_SUPER_ADMINISTRATEUR\";}'),
(134, 2, 0, 'a:3:{s:2:\"id\";i:1;s:6:\"profil\";i:1;s:4:\"user\";i:1;}'),
(135, 4, 1, 'a:7:{s:9:\"connexion\";b:1;s:4:\"mail\";s:24:\"birahim.babou@uvs.edu.sn\";s:6:\"profil\";s:1:\"1\";s:11:\"utilisateur\";s:1:\"1\";s:6:\"prenom\";s:7:\"Birahim\";s:3:\"nom\";s:5:\"BABOU\";s:4:\"role\";s:24:\"GMB_SUPER_ADMINISTRATEUR\";}'),
(136, 4, 1, 'a:7:{s:9:\"connexion\";b:1;s:4:\"mail\";s:24:\"birahim.babou@uvs.edu.sn\";s:6:\"profil\";s:1:\"1\";s:11:\"utilisateur\";s:1:\"1\";s:6:\"prenom\";s:7:\"Birahim\";s:3:\"nom\";s:5:\"BABOU\";s:4:\"role\";s:24:\"GMB_SUPER_ADMINISTRATEUR\";}'),
(137, 4, 1, 'a:7:{s:9:\"connexion\";b:1;s:4:\"mail\";s:24:\"birahim.babou@uvs.edu.sn\";s:6:\"profil\";s:1:\"1\";s:11:\"utilisateur\";s:1:\"1\";s:6:\"prenom\";s:7:\"Birahim\";s:3:\"nom\";s:5:\"BABOU\";s:4:\"role\";s:24:\"GMB_SUPER_ADMINISTRATEUR\";}'),
(138, 4, 1, 'a:7:{s:9:\"connexion\";b:1;s:4:\"mail\";s:24:\"birahim.babou@uvs.edu.sn\";s:6:\"profil\";s:1:\"1\";s:11:\"utilisateur\";s:1:\"1\";s:6:\"prenom\";s:7:\"Birahim\";s:3:\"nom\";s:5:\"BABOU\";s:4:\"role\";s:24:\"GMB_SUPER_ADMINISTRATEUR\";}'),
(139, 4, 1, 'a:7:{s:9:\"connexion\";b:1;s:4:\"mail\";s:24:\"birahim.babou@uvs.edu.sn\";s:6:\"profil\";s:1:\"1\";s:11:\"utilisateur\";s:1:\"1\";s:6:\"prenom\";s:7:\"Birahim\";s:3:\"nom\";s:5:\"BABOU\";s:4:\"role\";s:24:\"GMB_SUPER_ADMINISTRATEUR\";}'),
(140, 4, 1, 'a:7:{s:9:\"connexion\";b:1;s:4:\"mail\";s:24:\"birahim.babou@uvs.edu.sn\";s:6:\"profil\";s:1:\"1\";s:11:\"utilisateur\";s:1:\"1\";s:6:\"prenom\";s:7:\"Birahim\";s:3:\"nom\";s:5:\"BABOU\";s:4:\"role\";s:24:\"GMB_SUPER_ADMINISTRATEUR\";}'),
(141, 4, 1, 'a:7:{s:9:\"connexion\";b:1;s:4:\"mail\";s:24:\"birahim.babou@uvs.edu.sn\";s:6:\"profil\";s:1:\"1\";s:11:\"utilisateur\";s:1:\"1\";s:6:\"prenom\";s:7:\"Birahim\";s:3:\"nom\";s:5:\"BABOU\";s:4:\"role\";s:24:\"GMB_SUPER_ADMINISTRATEUR\";}'),
(142, 4, 1, 'a:7:{s:9:\"connexion\";b:1;s:4:\"mail\";s:24:\"birahim.babou@uvs.edu.sn\";s:6:\"profil\";s:1:\"1\";s:11:\"utilisateur\";s:1:\"1\";s:6:\"prenom\";s:7:\"Birahim\";s:3:\"nom\";s:5:\"BABOU\";s:4:\"role\";s:24:\"GMB_SUPER_ADMINISTRATEUR\";}'),
(143, 4, 1, 'a:7:{s:9:\"connexion\";b:1;s:4:\"mail\";s:24:\"birahim.babou@uvs.edu.sn\";s:6:\"profil\";s:1:\"1\";s:11:\"utilisateur\";s:1:\"1\";s:6:\"prenom\";s:7:\"Birahim\";s:3:\"nom\";s:5:\"BABOU\";s:4:\"role\";s:24:\"GMB_SUPER_ADMINISTRATEUR\";}'),
(144, 4, 1, 'a:7:{s:9:\"connexion\";b:1;s:4:\"mail\";s:24:\"birahim.babou@uvs.edu.sn\";s:6:\"profil\";s:1:\"1\";s:11:\"utilisateur\";s:1:\"1\";s:6:\"prenom\";s:7:\"Birahim\";s:3:\"nom\";s:5:\"BABOU\";s:4:\"role\";s:24:\"GMB_SUPER_ADMINISTRATEUR\";}'),
(145, 4, 1, 'a:7:{s:9:\"connexion\";b:1;s:4:\"mail\";s:24:\"birahim.babou@uvs.edu.sn\";s:6:\"profil\";s:1:\"1\";s:11:\"utilisateur\";s:1:\"1\";s:6:\"prenom\";s:7:\"Birahim\";s:3:\"nom\";s:5:\"BABOU\";s:4:\"role\";s:24:\"GMB_SUPER_ADMINISTRATEUR\";}'),
(146, 4, 1, 'a:7:{s:9:\"connexion\";b:1;s:4:\"mail\";s:24:\"birahim.babou@uvs.edu.sn\";s:6:\"profil\";s:1:\"1\";s:11:\"utilisateur\";s:1:\"1\";s:6:\"prenom\";s:7:\"Birahim\";s:3:\"nom\";s:5:\"BABOU\";s:4:\"role\";s:24:\"GMB_SUPER_ADMINISTRATEUR\";}'),
(147, 4, 1, 'a:7:{s:9:\"connexion\";b:1;s:4:\"mail\";s:24:\"birahim.babou@uvs.edu.sn\";s:6:\"profil\";s:1:\"1\";s:11:\"utilisateur\";s:1:\"1\";s:6:\"prenom\";s:7:\"Birahim\";s:3:\"nom\";s:5:\"BABOU\";s:4:\"role\";s:24:\"GMB_SUPER_ADMINISTRATEUR\";}'),
(148, 4, 1, 'a:7:{s:9:\"connexion\";b:1;s:4:\"mail\";s:24:\"birahim.babou@uvs.edu.sn\";s:6:\"profil\";s:1:\"1\";s:11:\"utilisateur\";s:1:\"1\";s:6:\"prenom\";s:7:\"Birahim\";s:3:\"nom\";s:5:\"BABOU\";s:4:\"role\";s:24:\"GMB_SUPER_ADMINISTRATEUR\";}'),
(149, 4, 1, 'a:7:{s:9:\"connexion\";b:1;s:4:\"mail\";s:24:\"birahim.babou@uvs.edu.sn\";s:6:\"profil\";s:1:\"1\";s:11:\"utilisateur\";s:1:\"1\";s:6:\"prenom\";s:7:\"Birahim\";s:3:\"nom\";s:5:\"BABOU\";s:4:\"role\";s:24:\"GMB_SUPER_ADMINISTRATEUR\";}'),
(150, 4, 1, 'a:7:{s:9:\"connexion\";b:1;s:4:\"mail\";s:24:\"birahim.babou@uvs.edu.sn\";s:6:\"profil\";s:1:\"1\";s:11:\"utilisateur\";s:1:\"1\";s:6:\"prenom\";s:7:\"Birahim\";s:3:\"nom\";s:5:\"BABOU\";s:4:\"role\";s:24:\"GMB_SUPER_ADMINISTRATEUR\";}'),
(151, 4, 1, 'a:7:{s:9:\"connexion\";b:1;s:4:\"mail\";s:24:\"birahim.babou@uvs.edu.sn\";s:6:\"profil\";s:1:\"1\";s:11:\"utilisateur\";s:1:\"1\";s:6:\"prenom\";s:7:\"Birahim\";s:3:\"nom\";s:5:\"BABOU\";s:4:\"role\";s:24:\"GMB_SUPER_ADMINISTRATEUR\";}'),
(152, 4, 1, 'a:7:{s:9:\"connexion\";b:1;s:4:\"mail\";s:24:\"birahim.babou@uvs.edu.sn\";s:6:\"profil\";s:1:\"1\";s:11:\"utilisateur\";s:1:\"1\";s:6:\"prenom\";s:7:\"Birahim\";s:3:\"nom\";s:5:\"BABOU\";s:4:\"role\";s:24:\"GMB_SUPER_ADMINISTRATEUR\";}'),
(153, 4, 1, 'a:7:{s:9:\"connexion\";b:1;s:4:\"mail\";s:24:\"birahim.babou@uvs.edu.sn\";s:6:\"profil\";s:1:\"1\";s:11:\"utilisateur\";s:1:\"1\";s:6:\"prenom\";s:7:\"Birahim\";s:3:\"nom\";s:5:\"BABOU\";s:4:\"role\";s:24:\"GMB_SUPER_ADMINISTRATEUR\";}'),
(154, 4, 1, 'a:7:{s:9:\"connexion\";b:1;s:4:\"mail\";s:24:\"birahim.babou@uvs.edu.sn\";s:6:\"profil\";s:1:\"1\";s:11:\"utilisateur\";s:1:\"1\";s:6:\"prenom\";s:7:\"Birahim\";s:3:\"nom\";s:5:\"BABOU\";s:4:\"role\";s:24:\"GMB_SUPER_ADMINISTRATEUR\";}'),
(155, 4, 1, 'a:7:{s:9:\"connexion\";b:1;s:4:\"mail\";s:24:\"birahim.babou@uvs.edu.sn\";s:6:\"profil\";s:1:\"1\";s:11:\"utilisateur\";s:1:\"1\";s:6:\"prenom\";s:7:\"Birahim\";s:3:\"nom\";s:5:\"BABOU\";s:4:\"role\";s:24:\"GMB_SUPER_ADMINISTRATEUR\";}'),
(156, 4, 1, 'a:7:{s:9:\"connexion\";b:1;s:4:\"mail\";s:24:\"birahim.babou@uvs.edu.sn\";s:6:\"profil\";s:1:\"1\";s:11:\"utilisateur\";s:1:\"1\";s:6:\"prenom\";s:7:\"Birahim\";s:3:\"nom\";s:5:\"BABOU\";s:4:\"role\";s:24:\"GMB_SUPER_ADMINISTRATEUR\";}'),
(157, 4, 1, 'a:7:{s:9:\"connexion\";b:1;s:4:\"mail\";s:24:\"birahim.babou@uvs.edu.sn\";s:6:\"profil\";s:1:\"1\";s:11:\"utilisateur\";s:1:\"1\";s:6:\"prenom\";s:7:\"Birahim\";s:3:\"nom\";s:5:\"BABOU\";s:4:\"role\";s:24:\"GMB_SUPER_ADMINISTRATEUR\";}'),
(158, 4, 1, 'a:7:{s:9:\"connexion\";b:1;s:4:\"mail\";s:24:\"birahim.babou@uvs.edu.sn\";s:6:\"profil\";s:1:\"1\";s:11:\"utilisateur\";s:1:\"1\";s:6:\"prenom\";s:7:\"Birahim\";s:3:\"nom\";s:5:\"BABOU\";s:4:\"role\";s:24:\"GMB_SUPER_ADMINISTRATEUR\";}'),
(159, 4, 1, 'a:7:{s:9:\"connexion\";b:1;s:4:\"mail\";s:24:\"birahim.babou@uvs.edu.sn\";s:6:\"profil\";s:1:\"1\";s:11:\"utilisateur\";s:1:\"1\";s:6:\"prenom\";s:7:\"Birahim\";s:3:\"nom\";s:5:\"BABOU\";s:4:\"role\";s:24:\"GMB_SUPER_ADMINISTRATEUR\";}'),
(160, 4, 1, 'a:7:{s:9:\"connexion\";b:1;s:4:\"mail\";s:24:\"birahim.babou@uvs.edu.sn\";s:6:\"profil\";s:1:\"1\";s:11:\"utilisateur\";s:1:\"1\";s:6:\"prenom\";s:7:\"Birahim\";s:3:\"nom\";s:5:\"BABOU\";s:4:\"role\";s:24:\"GMB_SUPER_ADMINISTRATEUR\";}'),
(161, 4, 1, 'a:7:{s:9:\"connexion\";b:1;s:4:\"mail\";s:24:\"birahim.babou@uvs.edu.sn\";s:6:\"profil\";s:1:\"1\";s:11:\"utilisateur\";s:1:\"1\";s:6:\"prenom\";s:7:\"Birahim\";s:3:\"nom\";s:5:\"BABOU\";s:4:\"role\";s:24:\"GMB_SUPER_ADMINISTRATEUR\";}'),
(162, 4, 1, 'a:7:{s:9:\"connexion\";b:1;s:4:\"mail\";s:24:\"birahim.babou@uvs.edu.sn\";s:6:\"profil\";s:1:\"1\";s:11:\"utilisateur\";s:1:\"1\";s:6:\"prenom\";s:7:\"Birahim\";s:3:\"nom\";s:5:\"BABOU\";s:4:\"role\";s:24:\"GMB_SUPER_ADMINISTRATEUR\";}'),
(163, 4, 1, 'a:7:{s:9:\"connexion\";b:1;s:4:\"mail\";s:24:\"birahim.babou@uvs.edu.sn\";s:6:\"profil\";s:1:\"1\";s:11:\"utilisateur\";s:1:\"1\";s:6:\"prenom\";s:7:\"Birahim\";s:3:\"nom\";s:5:\"BABOU\";s:4:\"role\";s:24:\"GMB_SUPER_ADMINISTRATEUR\";}'),
(164, 4, 1, 'a:7:{s:9:\"connexion\";b:1;s:4:\"mail\";s:24:\"birahim.babou@uvs.edu.sn\";s:6:\"profil\";s:1:\"1\";s:11:\"utilisateur\";s:1:\"1\";s:6:\"prenom\";s:7:\"Birahim\";s:3:\"nom\";s:5:\"BABOU\";s:4:\"role\";s:24:\"GMB_SUPER_ADMINISTRATEUR\";}'),
(165, 4, 1, 'a:7:{s:9:\"connexion\";b:1;s:4:\"mail\";s:24:\"birahim.babou@uvs.edu.sn\";s:6:\"profil\";s:1:\"1\";s:11:\"utilisateur\";s:1:\"1\";s:6:\"prenom\";s:7:\"Birahim\";s:3:\"nom\";s:5:\"BABOU\";s:4:\"role\";s:24:\"GMB_SUPER_ADMINISTRATEUR\";}'),
(166, 4, 1, 'a:7:{s:9:\"connexion\";b:1;s:4:\"mail\";s:24:\"birahim.babou@uvs.edu.sn\";s:6:\"profil\";s:1:\"1\";s:11:\"utilisateur\";s:1:\"1\";s:6:\"prenom\";s:7:\"Birahim\";s:3:\"nom\";s:5:\"BABOU\";s:4:\"role\";s:24:\"GMB_SUPER_ADMINISTRATEUR\";}'),
(167, 4, 1, 'a:7:{s:9:\"connexion\";b:1;s:4:\"mail\";s:24:\"birahim.babou@uvs.edu.sn\";s:6:\"profil\";s:1:\"1\";s:11:\"utilisateur\";s:1:\"1\";s:6:\"prenom\";s:7:\"Birahim\";s:3:\"nom\";s:5:\"BABOU\";s:4:\"role\";s:24:\"GMB_SUPER_ADMINISTRATEUR\";}'),
(168, 4, 1, 'a:7:{s:9:\"connexion\";b:1;s:4:\"mail\";s:24:\"birahim.babou@uvs.edu.sn\";s:6:\"profil\";s:1:\"1\";s:11:\"utilisateur\";s:1:\"1\";s:6:\"prenom\";s:7:\"Birahim\";s:3:\"nom\";s:5:\"BABOU\";s:4:\"role\";s:24:\"GMB_SUPER_ADMINISTRATEUR\";}'),
(169, 4, 1, 'a:7:{s:9:\"connexion\";b:1;s:4:\"mail\";s:24:\"birahim.babou@uvs.edu.sn\";s:6:\"profil\";s:1:\"1\";s:11:\"utilisateur\";s:1:\"1\";s:6:\"prenom\";s:7:\"Birahim\";s:3:\"nom\";s:5:\"BABOU\";s:4:\"role\";s:24:\"GMB_SUPER_ADMINISTRATEUR\";}'),
(170, 4, 1, 'a:7:{s:9:\"connexion\";b:1;s:4:\"mail\";s:24:\"birahim.babou@uvs.edu.sn\";s:6:\"profil\";s:1:\"1\";s:11:\"utilisateur\";s:1:\"1\";s:6:\"prenom\";s:7:\"Birahim\";s:3:\"nom\";s:5:\"BABOU\";s:4:\"role\";s:24:\"GMB_SUPER_ADMINISTRATEUR\";}'),
(171, 4, 1, 'a:7:{s:9:\"connexion\";b:1;s:4:\"mail\";s:24:\"birahim.babou@uvs.edu.sn\";s:6:\"profil\";s:1:\"1\";s:11:\"utilisateur\";s:1:\"1\";s:6:\"prenom\";s:7:\"Birahim\";s:3:\"nom\";s:5:\"BABOU\";s:4:\"role\";s:24:\"GMB_SUPER_ADMINISTRATEUR\";}'),
(172, 4, 1, 'a:7:{s:9:\"connexion\";b:1;s:4:\"mail\";s:24:\"birahim.babou@uvs.edu.sn\";s:6:\"profil\";s:1:\"1\";s:11:\"utilisateur\";s:1:\"1\";s:6:\"prenom\";s:7:\"Birahim\";s:3:\"nom\";s:5:\"BABOU\";s:4:\"role\";s:24:\"GMB_SUPER_ADMINISTRATEUR\";}'),
(173, 4, 1, 'a:7:{s:9:\"connexion\";b:1;s:4:\"mail\";s:24:\"birahim.babou@uvs.edu.sn\";s:6:\"profil\";s:1:\"1\";s:11:\"utilisateur\";s:1:\"1\";s:6:\"prenom\";s:7:\"Birahim\";s:3:\"nom\";s:5:\"BABOU\";s:4:\"role\";s:24:\"GMB_SUPER_ADMINISTRATEUR\";}'),
(174, 4, 1, 'a:7:{s:9:\"connexion\";b:1;s:4:\"mail\";s:24:\"birahim.babou@uvs.edu.sn\";s:6:\"profil\";s:1:\"1\";s:11:\"utilisateur\";s:1:\"1\";s:6:\"prenom\";s:7:\"Birahim\";s:3:\"nom\";s:5:\"BABOU\";s:4:\"role\";s:24:\"GMB_SUPER_ADMINISTRATEUR\";}'),
(175, 4, 1, 'a:7:{s:9:\"connexion\";b:1;s:4:\"mail\";s:24:\"birahim.babou@uvs.edu.sn\";s:6:\"profil\";s:1:\"1\";s:11:\"utilisateur\";s:1:\"1\";s:6:\"prenom\";s:7:\"Birahim\";s:3:\"nom\";s:5:\"BABOU\";s:4:\"role\";s:24:\"GMB_SUPER_ADMINISTRATEUR\";}'),
(176, 4, 1, 'a:7:{s:9:\"connexion\";b:1;s:4:\"mail\";s:24:\"birahim.babou@uvs.edu.sn\";s:6:\"profil\";s:1:\"1\";s:11:\"utilisateur\";s:1:\"1\";s:6:\"prenom\";s:7:\"Birahim\";s:3:\"nom\";s:5:\"BABOU\";s:4:\"role\";s:24:\"GMB_SUPER_ADMINISTRATEUR\";}'),
(177, 4, 1, 'a:7:{s:9:\"connexion\";b:1;s:4:\"mail\";s:24:\"birahim.babou@uvs.edu.sn\";s:6:\"profil\";s:1:\"1\";s:11:\"utilisateur\";s:1:\"1\";s:6:\"prenom\";s:7:\"Birahim\";s:3:\"nom\";s:5:\"BABOU\";s:4:\"role\";s:24:\"GMB_SUPER_ADMINISTRATEUR\";}'),
(178, 4, 1, 'a:7:{s:9:\"connexion\";b:1;s:4:\"mail\";s:24:\"birahim.babou@uvs.edu.sn\";s:6:\"profil\";s:1:\"1\";s:11:\"utilisateur\";s:1:\"1\";s:6:\"prenom\";s:7:\"Birahim\";s:3:\"nom\";s:5:\"BABOU\";s:4:\"role\";s:24:\"GMB_SUPER_ADMINISTRATEUR\";}'),
(179, 4, 1, 'a:7:{s:9:\"connexion\";b:1;s:4:\"mail\";s:24:\"birahim.babou@uvs.edu.sn\";s:6:\"profil\";s:1:\"1\";s:11:\"utilisateur\";s:1:\"1\";s:6:\"prenom\";s:7:\"Birahim\";s:3:\"nom\";s:5:\"BABOU\";s:4:\"role\";s:24:\"GMB_SUPER_ADMINISTRATEUR\";}'),
(180, 4, 1, 'a:7:{s:9:\"connexion\";b:1;s:4:\"mail\";s:24:\"birahim.babou@uvs.edu.sn\";s:6:\"profil\";s:1:\"1\";s:11:\"utilisateur\";s:1:\"1\";s:6:\"prenom\";s:7:\"Birahim\";s:3:\"nom\";s:5:\"BABOU\";s:4:\"role\";s:24:\"GMB_SUPER_ADMINISTRATEUR\";}'),
(181, 4, 1, 'a:7:{s:9:\"connexion\";b:1;s:4:\"mail\";s:24:\"birahim.babou@uvs.edu.sn\";s:6:\"profil\";s:1:\"1\";s:11:\"utilisateur\";s:1:\"1\";s:6:\"prenom\";s:7:\"Birahim\";s:3:\"nom\";s:5:\"BABOU\";s:4:\"role\";s:24:\"GMB_SUPER_ADMINISTRATEUR\";}'),
(182, 4, 1, 'a:7:{s:9:\"connexion\";b:1;s:4:\"mail\";s:24:\"birahim.babou@uvs.edu.sn\";s:6:\"profil\";s:1:\"1\";s:11:\"utilisateur\";s:1:\"1\";s:6:\"prenom\";s:7:\"Birahim\";s:3:\"nom\";s:5:\"BABOU\";s:4:\"role\";s:24:\"GMB_SUPER_ADMINISTRATEUR\";}'),
(183, 4, 1, 'a:7:{s:9:\"connexion\";b:1;s:4:\"mail\";s:24:\"birahim.babou@uvs.edu.sn\";s:6:\"profil\";s:1:\"1\";s:11:\"utilisateur\";s:1:\"1\";s:6:\"prenom\";s:7:\"Birahim\";s:3:\"nom\";s:5:\"BABOU\";s:4:\"role\";s:24:\"GMB_SUPER_ADMINISTRATEUR\";}'),
(184, 4, 1, 'a:7:{s:9:\"connexion\";b:1;s:4:\"mail\";s:24:\"birahim.babou@uvs.edu.sn\";s:6:\"profil\";s:1:\"1\";s:11:\"utilisateur\";s:1:\"1\";s:6:\"prenom\";s:7:\"Birahim\";s:3:\"nom\";s:5:\"BABOU\";s:4:\"role\";s:24:\"GMB_SUPER_ADMINISTRATEUR\";}'),
(185, 4, 1, 'a:7:{s:9:\"connexion\";b:1;s:4:\"mail\";s:24:\"birahim.babou@uvs.edu.sn\";s:6:\"profil\";s:1:\"1\";s:11:\"utilisateur\";s:1:\"1\";s:6:\"prenom\";s:7:\"Birahim\";s:3:\"nom\";s:5:\"BABOU\";s:4:\"role\";s:24:\"GMB_SUPER_ADMINISTRATEUR\";}'),
(186, 4, 1, 'a:7:{s:9:\"connexion\";b:1;s:4:\"mail\";s:24:\"birahim.babou@uvs.edu.sn\";s:6:\"profil\";s:1:\"1\";s:11:\"utilisateur\";s:1:\"1\";s:6:\"prenom\";s:7:\"Birahim\";s:3:\"nom\";s:5:\"BABOU\";s:4:\"role\";s:24:\"GMB_SUPER_ADMINISTRATEUR\";}'),
(187, 4, 1, 'a:7:{s:9:\"connexion\";b:1;s:4:\"mail\";s:24:\"birahim.babou@uvs.edu.sn\";s:6:\"profil\";s:1:\"1\";s:11:\"utilisateur\";s:1:\"1\";s:6:\"prenom\";s:7:\"Birahim\";s:3:\"nom\";s:5:\"BABOU\";s:4:\"role\";s:24:\"GMB_SUPER_ADMINISTRATEUR\";}'),
(188, 4, 1, 'a:7:{s:9:\"connexion\";b:1;s:4:\"mail\";s:24:\"birahim.babou@uvs.edu.sn\";s:6:\"profil\";s:1:\"1\";s:11:\"utilisateur\";s:1:\"1\";s:6:\"prenom\";s:7:\"Birahim\";s:3:\"nom\";s:5:\"BABOU\";s:4:\"role\";s:24:\"GMB_SUPER_ADMINISTRATEUR\";}'),
(189, 4, 1, 'a:7:{s:9:\"connexion\";b:1;s:4:\"mail\";s:24:\"birahim.babou@uvs.edu.sn\";s:6:\"profil\";s:1:\"1\";s:11:\"utilisateur\";s:1:\"1\";s:6:\"prenom\";s:7:\"Birahim\";s:3:\"nom\";s:5:\"BABOU\";s:4:\"role\";s:24:\"GMB_SUPER_ADMINISTRATEUR\";}'),
(190, 4, 1, 'a:7:{s:9:\"connexion\";b:1;s:4:\"mail\";s:24:\"birahim.babou@uvs.edu.sn\";s:6:\"profil\";s:1:\"1\";s:11:\"utilisateur\";s:1:\"1\";s:6:\"prenom\";s:7:\"Birahim\";s:3:\"nom\";s:5:\"BABOU\";s:4:\"role\";s:24:\"GMB_SUPER_ADMINISTRATEUR\";}'),
(191, 4, 1, 'a:7:{s:9:\"connexion\";b:1;s:4:\"mail\";s:24:\"birahim.babou@uvs.edu.sn\";s:6:\"profil\";s:1:\"1\";s:11:\"utilisateur\";s:1:\"1\";s:6:\"prenom\";s:7:\"Birahim\";s:3:\"nom\";s:5:\"BABOU\";s:4:\"role\";s:24:\"GMB_SUPER_ADMINISTRATEUR\";}'),
(192, 4, 1, 'a:7:{s:9:\"connexion\";b:1;s:4:\"mail\";s:24:\"birahim.babou@uvs.edu.sn\";s:6:\"profil\";s:1:\"1\";s:11:\"utilisateur\";s:1:\"1\";s:6:\"prenom\";s:7:\"Birahim\";s:3:\"nom\";s:5:\"BABOU\";s:4:\"role\";s:24:\"GMB_SUPER_ADMINISTRATEUR\";}'),
(193, 4, 1, 'a:7:{s:9:\"connexion\";b:1;s:4:\"mail\";s:24:\"birahim.babou@uvs.edu.sn\";s:6:\"profil\";s:1:\"1\";s:11:\"utilisateur\";s:1:\"1\";s:6:\"prenom\";s:7:\"Birahim\";s:3:\"nom\";s:5:\"BABOU\";s:4:\"role\";s:24:\"GMB_SUPER_ADMINISTRATEUR\";}'),
(194, 4, 1, 'a:7:{s:9:\"connexion\";b:1;s:4:\"mail\";s:24:\"birahim.babou@uvs.edu.sn\";s:6:\"profil\";s:1:\"1\";s:11:\"utilisateur\";s:1:\"1\";s:6:\"prenom\";s:7:\"Birahim\";s:3:\"nom\";s:5:\"BABOU\";s:4:\"role\";s:24:\"GMB_SUPER_ADMINISTRATEUR\";}'),
(195, 4, 1, 'a:7:{s:9:\"connexion\";b:1;s:4:\"mail\";s:24:\"birahim.babou@uvs.edu.sn\";s:6:\"profil\";s:1:\"1\";s:11:\"utilisateur\";s:1:\"1\";s:6:\"prenom\";s:7:\"Birahim\";s:3:\"nom\";s:5:\"BABOU\";s:4:\"role\";s:24:\"GMB_SUPER_ADMINISTRATEUR\";}'),
(196, 4, 1, 'a:7:{s:9:\"connexion\";b:1;s:4:\"mail\";s:24:\"birahim.babou@uvs.edu.sn\";s:6:\"profil\";s:1:\"1\";s:11:\"utilisateur\";s:1:\"1\";s:6:\"prenom\";s:7:\"Birahim\";s:3:\"nom\";s:5:\"BABOU\";s:4:\"role\";s:24:\"GMB_SUPER_ADMINISTRATEUR\";}'),
(197, 4, 1, 'a:7:{s:9:\"connexion\";b:1;s:4:\"mail\";s:24:\"birahim.babou@uvs.edu.sn\";s:6:\"profil\";s:1:\"1\";s:11:\"utilisateur\";s:1:\"1\";s:6:\"prenom\";s:7:\"Birahim\";s:3:\"nom\";s:5:\"BABOU\";s:4:\"role\";s:24:\"GMB_SUPER_ADMINISTRATEUR\";}'),
(198, 4, 1, 'a:7:{s:9:\"connexion\";b:1;s:4:\"mail\";s:24:\"birahim.babou@uvs.edu.sn\";s:6:\"profil\";s:1:\"1\";s:11:\"utilisateur\";s:1:\"1\";s:6:\"prenom\";s:7:\"Birahim\";s:3:\"nom\";s:5:\"BABOU\";s:4:\"role\";s:24:\"GMB_SUPER_ADMINISTRATEUR\";}'),
(199, 4, 1, 'a:7:{s:9:\"connexion\";b:1;s:4:\"mail\";s:24:\"birahim.babou@uvs.edu.sn\";s:6:\"profil\";s:1:\"1\";s:11:\"utilisateur\";s:1:\"1\";s:6:\"prenom\";s:7:\"Birahim\";s:3:\"nom\";s:5:\"BABOU\";s:4:\"role\";s:24:\"GMB_SUPER_ADMINISTRATEUR\";}'),
(200, 4, 1, 'a:7:{s:9:\"connexion\";b:1;s:4:\"mail\";s:24:\"birahim.babou@uvs.edu.sn\";s:6:\"profil\";s:1:\"1\";s:11:\"utilisateur\";s:1:\"1\";s:6:\"prenom\";s:7:\"Birahim\";s:3:\"nom\";s:5:\"BABOU\";s:4:\"role\";s:24:\"GMB_SUPER_ADMINISTRATEUR\";}'),
(201, 4, 1, 'a:7:{s:9:\"connexion\";b:1;s:4:\"mail\";s:24:\"birahim.babou@uvs.edu.sn\";s:6:\"profil\";s:1:\"1\";s:11:\"utilisateur\";s:1:\"1\";s:6:\"prenom\";s:7:\"Birahim\";s:3:\"nom\";s:5:\"BABOU\";s:4:\"role\";s:24:\"GMB_SUPER_ADMINISTRATEUR\";}'),
(202, 4, 1, 'a:7:{s:9:\"connexion\";b:1;s:4:\"mail\";s:24:\"birahim.babou@uvs.edu.sn\";s:6:\"profil\";s:1:\"1\";s:11:\"utilisateur\";s:1:\"1\";s:6:\"prenom\";s:7:\"Birahim\";s:3:\"nom\";s:5:\"BABOU\";s:4:\"role\";s:24:\"GMB_SUPER_ADMINISTRATEUR\";}');
INSERT INTO `ban_hist` (`id`, `type`, `user`, `valeur`) VALUES
(203, 4, 1, 'a:7:{s:9:\"connexion\";b:1;s:4:\"mail\";s:24:\"birahim.babou@uvs.edu.sn\";s:6:\"profil\";s:1:\"1\";s:11:\"utilisateur\";s:1:\"1\";s:6:\"prenom\";s:7:\"Birahim\";s:3:\"nom\";s:5:\"BABOU\";s:4:\"role\";s:24:\"GMB_SUPER_ADMINISTRATEUR\";}'),
(204, 4, 1, 'a:7:{s:9:\"connexion\";b:1;s:4:\"mail\";s:24:\"birahim.babou@uvs.edu.sn\";s:6:\"profil\";s:1:\"1\";s:11:\"utilisateur\";s:1:\"1\";s:6:\"prenom\";s:7:\"Birahim\";s:3:\"nom\";s:5:\"BABOU\";s:4:\"role\";s:24:\"GMB_SUPER_ADMINISTRATEUR\";}'),
(205, 4, 1, 'a:7:{s:9:\"connexion\";b:1;s:4:\"mail\";s:24:\"birahim.babou@uvs.edu.sn\";s:6:\"profil\";s:1:\"1\";s:11:\"utilisateur\";s:1:\"1\";s:6:\"prenom\";s:7:\"Birahim\";s:3:\"nom\";s:5:\"BABOU\";s:4:\"role\";s:24:\"GMB_SUPER_ADMINISTRATEUR\";}'),
(206, 4, 1, 'a:7:{s:9:\"connexion\";b:1;s:4:\"mail\";s:24:\"birahim.babou@uvs.edu.sn\";s:6:\"profil\";s:1:\"1\";s:11:\"utilisateur\";s:1:\"1\";s:6:\"prenom\";s:7:\"Birahim\";s:3:\"nom\";s:5:\"BABOU\";s:4:\"role\";s:24:\"GMB_SUPER_ADMINISTRATEUR\";}'),
(207, 4, 1, 'a:7:{s:9:\"connexion\";b:1;s:4:\"mail\";s:24:\"birahim.babou@uvs.edu.sn\";s:6:\"profil\";s:1:\"1\";s:11:\"utilisateur\";s:1:\"1\";s:6:\"prenom\";s:7:\"Birahim\";s:3:\"nom\";s:5:\"BABOU\";s:4:\"role\";s:24:\"GMB_SUPER_ADMINISTRATEUR\";}'),
(208, 4, 1, 'a:7:{s:9:\"connexion\";b:1;s:4:\"mail\";s:24:\"birahim.babou@uvs.edu.sn\";s:6:\"profil\";s:1:\"1\";s:11:\"utilisateur\";s:1:\"1\";s:6:\"prenom\";s:7:\"Birahim\";s:3:\"nom\";s:5:\"BABOU\";s:4:\"role\";s:24:\"GMB_SUPER_ADMINISTRATEUR\";}'),
(209, 4, 1, 'a:7:{s:9:\"connexion\";b:1;s:4:\"mail\";s:24:\"birahim.babou@uvs.edu.sn\";s:6:\"profil\";s:1:\"1\";s:11:\"utilisateur\";s:1:\"1\";s:6:\"prenom\";s:7:\"Birahim\";s:3:\"nom\";s:5:\"BABOU\";s:4:\"role\";s:24:\"GMB_SUPER_ADMINISTRATEUR\";}'),
(210, 4, 1, 'a:7:{s:9:\"connexion\";b:1;s:4:\"mail\";s:24:\"birahim.babou@uvs.edu.sn\";s:6:\"profil\";s:1:\"1\";s:11:\"utilisateur\";s:1:\"1\";s:6:\"prenom\";s:7:\"Birahim\";s:3:\"nom\";s:5:\"BABOU\";s:4:\"role\";s:24:\"GMB_SUPER_ADMINISTRATEUR\";}'),
(211, 4, 1, 'a:7:{s:9:\"connexion\";b:1;s:4:\"mail\";s:24:\"birahim.babou@uvs.edu.sn\";s:6:\"profil\";s:1:\"1\";s:11:\"utilisateur\";s:1:\"1\";s:6:\"prenom\";s:7:\"Birahim\";s:3:\"nom\";s:5:\"BABOU\";s:4:\"role\";s:24:\"GMB_SUPER_ADMINISTRATEUR\";}'),
(212, 4, 1, 'a:7:{s:9:\"connexion\";b:1;s:4:\"mail\";s:24:\"birahim.babou@uvs.edu.sn\";s:6:\"profil\";s:1:\"1\";s:11:\"utilisateur\";s:1:\"1\";s:6:\"prenom\";s:7:\"Birahim\";s:3:\"nom\";s:5:\"BABOU\";s:4:\"role\";s:24:\"GMB_SUPER_ADMINISTRATEUR\";}'),
(213, 4, 1, 'a:7:{s:9:\"connexion\";b:1;s:4:\"mail\";s:24:\"birahim.babou@uvs.edu.sn\";s:6:\"profil\";s:1:\"1\";s:11:\"utilisateur\";s:1:\"1\";s:6:\"prenom\";s:7:\"Birahim\";s:3:\"nom\";s:5:\"BABOU\";s:4:\"role\";s:24:\"GMB_SUPER_ADMINISTRATEUR\";}'),
(214, 4, 1, 'a:7:{s:9:\"connexion\";b:1;s:4:\"mail\";s:24:\"birahim.babou@uvs.edu.sn\";s:6:\"profil\";s:1:\"1\";s:11:\"utilisateur\";s:1:\"1\";s:6:\"prenom\";s:7:\"Birahim\";s:3:\"nom\";s:5:\"BABOU\";s:4:\"role\";s:24:\"GMB_SUPER_ADMINISTRATEUR\";}'),
(215, 4, 1, 'a:7:{s:9:\"connexion\";b:1;s:4:\"mail\";s:24:\"birahim.babou@uvs.edu.sn\";s:6:\"profil\";s:1:\"1\";s:11:\"utilisateur\";s:1:\"1\";s:6:\"prenom\";s:7:\"Birahim\";s:3:\"nom\";s:5:\"BABOU\";s:4:\"role\";s:24:\"GMB_SUPER_ADMINISTRATEUR\";}'),
(216, 4, 1, 'a:7:{s:9:\"connexion\";b:1;s:4:\"mail\";s:24:\"birahim.babou@uvs.edu.sn\";s:6:\"profil\";s:1:\"1\";s:11:\"utilisateur\";s:1:\"1\";s:6:\"prenom\";s:7:\"Birahim\";s:3:\"nom\";s:5:\"BABOU\";s:4:\"role\";s:24:\"GMB_SUPER_ADMINISTRATEUR\";}'),
(217, 4, 1, 'a:7:{s:9:\"connexion\";b:1;s:4:\"mail\";s:24:\"birahim.babou@uvs.edu.sn\";s:6:\"profil\";s:1:\"1\";s:11:\"utilisateur\";s:1:\"1\";s:6:\"prenom\";s:7:\"Birahim\";s:3:\"nom\";s:5:\"BABOU\";s:4:\"role\";s:24:\"GMB_SUPER_ADMINISTRATEUR\";}'),
(218, 4, 1, 'a:7:{s:9:\"connexion\";b:1;s:4:\"mail\";s:24:\"birahim.babou@uvs.edu.sn\";s:6:\"profil\";s:1:\"1\";s:11:\"utilisateur\";s:1:\"1\";s:6:\"prenom\";s:7:\"Birahim\";s:3:\"nom\";s:5:\"BABOU\";s:4:\"role\";s:24:\"GMB_SUPER_ADMINISTRATEUR\";}'),
(219, 4, 1, 'a:7:{s:9:\"connexion\";b:1;s:4:\"mail\";s:24:\"birahim.babou@uvs.edu.sn\";s:6:\"profil\";s:1:\"1\";s:11:\"utilisateur\";s:1:\"1\";s:6:\"prenom\";s:7:\"Birahim\";s:3:\"nom\";s:5:\"BABOU\";s:4:\"role\";s:24:\"GMB_SUPER_ADMINISTRATEUR\";}'),
(220, 4, 1, 'a:7:{s:9:\"connexion\";b:1;s:4:\"mail\";s:24:\"birahim.babou@uvs.edu.sn\";s:6:\"profil\";s:1:\"1\";s:11:\"utilisateur\";s:1:\"1\";s:6:\"prenom\";s:7:\"Birahim\";s:3:\"nom\";s:5:\"BABOU\";s:4:\"role\";s:24:\"GMB_SUPER_ADMINISTRATEUR\";}'),
(221, 4, 1, 'a:7:{s:9:\"connexion\";b:1;s:4:\"mail\";s:24:\"birahim.babou@uvs.edu.sn\";s:6:\"profil\";s:1:\"1\";s:11:\"utilisateur\";s:1:\"1\";s:6:\"prenom\";s:7:\"Birahim\";s:3:\"nom\";s:5:\"BABOU\";s:4:\"role\";s:24:\"GMB_SUPER_ADMINISTRATEUR\";}'),
(222, 4, 1, 'a:7:{s:9:\"connexion\";b:1;s:4:\"mail\";s:24:\"birahim.babou@uvs.edu.sn\";s:6:\"profil\";s:1:\"1\";s:11:\"utilisateur\";s:1:\"1\";s:6:\"prenom\";s:7:\"Birahim\";s:3:\"nom\";s:5:\"BABOU\";s:4:\"role\";s:24:\"GMB_SUPER_ADMINISTRATEUR\";}'),
(223, 4, 1, 'a:7:{s:9:\"connexion\";b:1;s:4:\"mail\";s:24:\"birahim.babou@uvs.edu.sn\";s:6:\"profil\";s:1:\"1\";s:11:\"utilisateur\";s:1:\"1\";s:6:\"prenom\";s:7:\"Birahim\";s:3:\"nom\";s:5:\"BABOU\";s:4:\"role\";s:24:\"GMB_SUPER_ADMINISTRATEUR\";}'),
(224, 4, 1, 'a:7:{s:9:\"connexion\";b:1;s:4:\"mail\";s:24:\"birahim.babou@uvs.edu.sn\";s:6:\"profil\";s:1:\"1\";s:11:\"utilisateur\";s:1:\"1\";s:6:\"prenom\";s:7:\"Birahim\";s:3:\"nom\";s:5:\"BABOU\";s:4:\"role\";s:24:\"GMB_SUPER_ADMINISTRATEUR\";}'),
(225, 4, 1, 'a:7:{s:9:\"connexion\";b:1;s:4:\"mail\";s:24:\"birahim.babou@uvs.edu.sn\";s:6:\"profil\";s:1:\"1\";s:11:\"utilisateur\";s:1:\"1\";s:6:\"prenom\";s:7:\"Birahim\";s:3:\"nom\";s:5:\"BABOU\";s:4:\"role\";s:24:\"GMB_SUPER_ADMINISTRATEUR\";}'),
(226, 4, 1, 'a:7:{s:9:\"connexion\";b:1;s:4:\"mail\";s:24:\"birahim.babou@uvs.edu.sn\";s:6:\"profil\";s:1:\"1\";s:11:\"utilisateur\";s:1:\"1\";s:6:\"prenom\";s:7:\"Birahim\";s:3:\"nom\";s:5:\"BABOU\";s:4:\"role\";s:24:\"GMB_SUPER_ADMINISTRATEUR\";}'),
(227, 4, 1, 'a:7:{s:9:\"connexion\";b:1;s:4:\"mail\";s:24:\"birahim.babou@uvs.edu.sn\";s:6:\"profil\";s:1:\"1\";s:11:\"utilisateur\";s:1:\"1\";s:6:\"prenom\";s:7:\"Birahim\";s:3:\"nom\";s:5:\"BABOU\";s:4:\"role\";s:24:\"GMB_SUPER_ADMINISTRATEUR\";}'),
(228, 4, 1, 'a:7:{s:9:\"connexion\";b:1;s:4:\"mail\";s:24:\"birahim.babou@uvs.edu.sn\";s:6:\"profil\";s:1:\"1\";s:11:\"utilisateur\";s:1:\"1\";s:6:\"prenom\";s:7:\"Birahim\";s:3:\"nom\";s:5:\"BABOU\";s:4:\"role\";s:24:\"GMB_SUPER_ADMINISTRATEUR\";}'),
(229, 4, 1, 'a:7:{s:9:\"connexion\";b:1;s:4:\"mail\";s:24:\"birahim.babou@uvs.edu.sn\";s:6:\"profil\";s:1:\"1\";s:11:\"utilisateur\";s:1:\"1\";s:6:\"prenom\";s:7:\"Birahim\";s:3:\"nom\";s:5:\"BABOU\";s:4:\"role\";s:24:\"GMB_SUPER_ADMINISTRATEUR\";}'),
(230, 4, 1, 'a:7:{s:9:\"connexion\";b:1;s:4:\"mail\";s:24:\"birahim.babou@uvs.edu.sn\";s:6:\"profil\";s:1:\"1\";s:11:\"utilisateur\";s:1:\"1\";s:6:\"prenom\";s:7:\"Birahim\";s:3:\"nom\";s:5:\"BABOU\";s:4:\"role\";s:24:\"GMB_SUPER_ADMINISTRATEUR\";}'),
(231, 4, 1, 'a:7:{s:9:\"connexion\";b:1;s:4:\"mail\";s:24:\"birahim.babou@uvs.edu.sn\";s:6:\"profil\";s:1:\"1\";s:11:\"utilisateur\";s:1:\"1\";s:6:\"prenom\";s:7:\"Birahim\";s:3:\"nom\";s:5:\"BABOU\";s:4:\"role\";s:24:\"GMB_SUPER_ADMINISTRATEUR\";}'),
(232, 4, 1, 'a:7:{s:9:\"connexion\";b:1;s:4:\"mail\";s:24:\"birahim.babou@uvs.edu.sn\";s:6:\"profil\";s:1:\"1\";s:11:\"utilisateur\";s:1:\"1\";s:6:\"prenom\";s:7:\"Birahim\";s:3:\"nom\";s:5:\"BABOU\";s:4:\"role\";s:24:\"GMB_SUPER_ADMINISTRATEUR\";}'),
(233, 4, 1, 'a:7:{s:9:\"connexion\";b:1;s:4:\"mail\";s:24:\"birahim.babou@uvs.edu.sn\";s:6:\"profil\";s:1:\"1\";s:11:\"utilisateur\";s:1:\"1\";s:6:\"prenom\";s:7:\"Birahim\";s:3:\"nom\";s:5:\"BABOU\";s:4:\"role\";s:24:\"GMB_SUPER_ADMINISTRATEUR\";}'),
(234, 4, 1, 'a:7:{s:9:\"connexion\";b:1;s:4:\"mail\";s:24:\"birahim.babou@uvs.edu.sn\";s:6:\"profil\";s:1:\"1\";s:11:\"utilisateur\";s:1:\"1\";s:6:\"prenom\";s:7:\"Birahim\";s:3:\"nom\";s:5:\"BABOU\";s:4:\"role\";s:24:\"GMB_SUPER_ADMINISTRATEUR\";}'),
(235, 4, 1, 'a:7:{s:9:\"connexion\";b:1;s:4:\"mail\";s:24:\"birahim.babou@uvs.edu.sn\";s:6:\"profil\";s:1:\"1\";s:11:\"utilisateur\";s:1:\"1\";s:6:\"prenom\";s:7:\"Birahim\";s:3:\"nom\";s:5:\"BABOU\";s:4:\"role\";s:24:\"GMB_SUPER_ADMINISTRATEUR\";}'),
(236, 4, 1, 'a:7:{s:9:\"connexion\";b:1;s:4:\"mail\";s:24:\"birahim.babou@uvs.edu.sn\";s:6:\"profil\";s:1:\"1\";s:11:\"utilisateur\";s:1:\"1\";s:6:\"prenom\";s:7:\"Birahim\";s:3:\"nom\";s:5:\"BABOU\";s:4:\"role\";s:24:\"GMB_SUPER_ADMINISTRATEUR\";}'),
(237, 4, 1, 'a:7:{s:9:\"connexion\";b:1;s:4:\"mail\";s:24:\"birahim.babou@uvs.edu.sn\";s:6:\"profil\";s:1:\"1\";s:11:\"utilisateur\";s:1:\"1\";s:6:\"prenom\";s:7:\"Birahim\";s:3:\"nom\";s:5:\"BABOU\";s:4:\"role\";s:24:\"GMB_SUPER_ADMINISTRATEUR\";}'),
(238, 4, 1, 'a:7:{s:9:\"connexion\";b:1;s:4:\"mail\";s:24:\"birahim.babou@uvs.edu.sn\";s:6:\"profil\";s:1:\"1\";s:11:\"utilisateur\";s:1:\"1\";s:6:\"prenom\";s:7:\"Birahim\";s:3:\"nom\";s:5:\"BABOU\";s:4:\"role\";s:24:\"GMB_SUPER_ADMINISTRATEUR\";}'),
(239, 4, 1, 'a:7:{s:9:\"connexion\";b:1;s:4:\"mail\";s:24:\"birahim.babou@uvs.edu.sn\";s:6:\"profil\";s:1:\"1\";s:11:\"utilisateur\";s:1:\"1\";s:6:\"prenom\";s:7:\"Birahim\";s:3:\"nom\";s:5:\"BABOU\";s:4:\"role\";s:24:\"GMB_SUPER_ADMINISTRATEUR\";}'),
(240, 4, 1, 'a:7:{s:9:\"connexion\";b:1;s:4:\"mail\";s:24:\"birahim.babou@uvs.edu.sn\";s:6:\"profil\";s:1:\"1\";s:11:\"utilisateur\";s:1:\"1\";s:6:\"prenom\";s:7:\"Birahim\";s:3:\"nom\";s:5:\"BABOU\";s:4:\"role\";s:24:\"GMB_SUPER_ADMINISTRATEUR\";}'),
(241, 4, 1, 'a:7:{s:9:\"connexion\";b:1;s:4:\"mail\";s:24:\"birahim.babou@uvs.edu.sn\";s:6:\"profil\";s:1:\"1\";s:11:\"utilisateur\";s:1:\"1\";s:6:\"prenom\";s:7:\"Birahim\";s:3:\"nom\";s:5:\"BABOU\";s:4:\"role\";s:24:\"GMB_SUPER_ADMINISTRATEUR\";}'),
(242, 4, 1, 'a:7:{s:9:\"connexion\";b:1;s:4:\"mail\";s:24:\"birahim.babou@uvs.edu.sn\";s:6:\"profil\";s:1:\"1\";s:11:\"utilisateur\";s:1:\"1\";s:6:\"prenom\";s:7:\"Birahim\";s:3:\"nom\";s:5:\"BABOU\";s:4:\"role\";s:24:\"GMB_SUPER_ADMINISTRATEUR\";}'),
(243, 4, 1, 'a:7:{s:9:\"connexion\";b:1;s:4:\"mail\";s:24:\"birahim.babou@uvs.edu.sn\";s:6:\"profil\";s:1:\"1\";s:11:\"utilisateur\";s:1:\"1\";s:6:\"prenom\";s:7:\"Birahim\";s:3:\"nom\";s:5:\"BABOU\";s:4:\"role\";s:24:\"GMB_SUPER_ADMINISTRATEUR\";}'),
(244, 4, 1, 'a:7:{s:9:\"connexion\";b:1;s:4:\"mail\";s:24:\"birahim.babou@uvs.edu.sn\";s:6:\"profil\";s:1:\"1\";s:11:\"utilisateur\";s:1:\"1\";s:6:\"prenom\";s:7:\"Birahim\";s:3:\"nom\";s:5:\"BABOU\";s:4:\"role\";s:24:\"GMB_SUPER_ADMINISTRATEUR\";}'),
(245, 4, 1, 'a:7:{s:9:\"connexion\";b:1;s:4:\"mail\";s:24:\"birahim.babou@uvs.edu.sn\";s:6:\"profil\";s:1:\"1\";s:11:\"utilisateur\";s:1:\"1\";s:6:\"prenom\";s:7:\"Birahim\";s:3:\"nom\";s:5:\"BABOU\";s:4:\"role\";s:24:\"GMB_SUPER_ADMINISTRATEUR\";}'),
(246, 4, 1, 'a:7:{s:9:\"connexion\";b:1;s:4:\"mail\";s:24:\"birahim.babou@uvs.edu.sn\";s:6:\"profil\";s:1:\"1\";s:11:\"utilisateur\";s:1:\"1\";s:6:\"prenom\";s:7:\"Birahim\";s:3:\"nom\";s:5:\"BABOU\";s:4:\"role\";s:24:\"GMB_SUPER_ADMINISTRATEUR\";}'),
(247, 4, 1, 'a:7:{s:9:\"connexion\";b:1;s:4:\"mail\";s:24:\"birahim.babou@uvs.edu.sn\";s:6:\"profil\";s:1:\"1\";s:11:\"utilisateur\";s:1:\"1\";s:6:\"prenom\";s:7:\"Birahim\";s:3:\"nom\";s:5:\"BABOU\";s:4:\"role\";s:24:\"GMB_SUPER_ADMINISTRATEUR\";}'),
(248, 4, 1, 'a:7:{s:9:\"connexion\";b:1;s:4:\"mail\";s:24:\"birahim.babou@uvs.edu.sn\";s:6:\"profil\";s:1:\"1\";s:11:\"utilisateur\";s:1:\"1\";s:6:\"prenom\";s:7:\"Birahim\";s:3:\"nom\";s:5:\"BABOU\";s:4:\"role\";s:24:\"GMB_SUPER_ADMINISTRATEUR\";}'),
(249, 4, 1, 'a:7:{s:9:\"connexion\";b:1;s:4:\"mail\";s:24:\"birahim.babou@uvs.edu.sn\";s:6:\"profil\";s:1:\"1\";s:11:\"utilisateur\";s:1:\"1\";s:6:\"prenom\";s:7:\"Birahim\";s:3:\"nom\";s:5:\"BABOU\";s:4:\"role\";s:24:\"GMB_SUPER_ADMINISTRATEUR\";}'),
(250, 4, 1, 'a:7:{s:9:\"connexion\";b:1;s:4:\"mail\";s:24:\"birahim.babou@uvs.edu.sn\";s:6:\"profil\";s:1:\"1\";s:11:\"utilisateur\";s:1:\"1\";s:6:\"prenom\";s:7:\"Birahim\";s:3:\"nom\";s:5:\"BABOU\";s:4:\"role\";s:24:\"GMB_SUPER_ADMINISTRATEUR\";}'),
(251, 4, 1, 'a:7:{s:9:\"connexion\";b:1;s:4:\"mail\";s:24:\"birahim.babou@uvs.edu.sn\";s:6:\"profil\";s:1:\"1\";s:11:\"utilisateur\";s:1:\"1\";s:6:\"prenom\";s:7:\"Birahim\";s:3:\"nom\";s:5:\"BABOU\";s:4:\"role\";s:24:\"GMB_SUPER_ADMINISTRATEUR\";}'),
(252, 4, 1, 'a:7:{s:9:\"connexion\";b:1;s:4:\"mail\";s:24:\"birahim.babou@uvs.edu.sn\";s:6:\"profil\";s:1:\"1\";s:11:\"utilisateur\";s:1:\"1\";s:6:\"prenom\";s:7:\"Birahim\";s:3:\"nom\";s:5:\"BABOU\";s:4:\"role\";s:24:\"GMB_SUPER_ADMINISTRATEUR\";}'),
(253, 4, 1, 'a:7:{s:9:\"connexion\";b:1;s:4:\"mail\";s:24:\"birahim.babou@uvs.edu.sn\";s:6:\"profil\";s:1:\"1\";s:11:\"utilisateur\";s:1:\"1\";s:6:\"prenom\";s:7:\"Birahim\";s:3:\"nom\";s:5:\"BABOU\";s:4:\"role\";s:24:\"GMB_SUPER_ADMINISTRATEUR\";}'),
(254, 4, 1, 'a:7:{s:9:\"connexion\";b:1;s:4:\"mail\";s:24:\"birahim.babou@uvs.edu.sn\";s:6:\"profil\";s:1:\"1\";s:11:\"utilisateur\";s:1:\"1\";s:6:\"prenom\";s:7:\"Birahim\";s:3:\"nom\";s:5:\"BABOU\";s:4:\"role\";s:24:\"GMB_SUPER_ADMINISTRATEUR\";}'),
(255, 4, 1, 'a:7:{s:9:\"connexion\";b:1;s:4:\"mail\";s:24:\"birahim.babou@uvs.edu.sn\";s:6:\"profil\";s:1:\"1\";s:11:\"utilisateur\";s:1:\"1\";s:6:\"prenom\";s:7:\"Birahim\";s:3:\"nom\";s:5:\"BABOU\";s:4:\"role\";s:24:\"GMB_SUPER_ADMINISTRATEUR\";}'),
(256, 4, 1, 'a:7:{s:9:\"connexion\";b:1;s:4:\"mail\";s:24:\"birahim.babou@uvs.edu.sn\";s:6:\"profil\";s:1:\"1\";s:11:\"utilisateur\";s:1:\"1\";s:6:\"prenom\";s:7:\"Birahim\";s:3:\"nom\";s:5:\"BABOU\";s:4:\"role\";s:24:\"GMB_SUPER_ADMINISTRATEUR\";}'),
(257, 4, 1, 'a:7:{s:9:\"connexion\";b:1;s:4:\"mail\";s:24:\"birahim.babou@uvs.edu.sn\";s:6:\"profil\";s:1:\"1\";s:11:\"utilisateur\";s:1:\"1\";s:6:\"prenom\";s:7:\"Birahim\";s:3:\"nom\";s:5:\"BABOU\";s:4:\"role\";s:24:\"GMB_SUPER_ADMINISTRATEUR\";}'),
(258, 4, 1, 'a:7:{s:9:\"connexion\";b:1;s:4:\"mail\";s:24:\"birahim.babou@uvs.edu.sn\";s:6:\"profil\";s:1:\"1\";s:11:\"utilisateur\";s:1:\"1\";s:6:\"prenom\";s:7:\"Birahim\";s:3:\"nom\";s:5:\"BABOU\";s:4:\"role\";s:24:\"GMB_SUPER_ADMINISTRATEUR\";}'),
(259, 4, 1, 'a:7:{s:9:\"connexion\";b:1;s:4:\"mail\";s:24:\"birahim.babou@uvs.edu.sn\";s:6:\"profil\";s:1:\"1\";s:11:\"utilisateur\";s:1:\"1\";s:6:\"prenom\";s:7:\"Birahim\";s:3:\"nom\";s:5:\"BABOU\";s:4:\"role\";s:24:\"GMB_SUPER_ADMINISTRATEUR\";}'),
(260, 4, 1, 'a:7:{s:9:\"connexion\";b:1;s:4:\"mail\";s:24:\"birahim.babou@uvs.edu.sn\";s:6:\"profil\";s:1:\"1\";s:11:\"utilisateur\";s:1:\"1\";s:6:\"prenom\";s:7:\"Birahim\";s:3:\"nom\";s:5:\"BABOU\";s:4:\"role\";s:24:\"GMB_SUPER_ADMINISTRATEUR\";}'),
(261, 4, 1, 'a:7:{s:9:\"connexion\";b:1;s:4:\"mail\";s:24:\"birahim.babou@uvs.edu.sn\";s:6:\"profil\";s:1:\"1\";s:11:\"utilisateur\";s:1:\"1\";s:6:\"prenom\";s:7:\"Birahim\";s:3:\"nom\";s:5:\"BABOU\";s:4:\"role\";s:24:\"GMB_SUPER_ADMINISTRATEUR\";}'),
(262, 4, 1, 'a:7:{s:9:\"connexion\";b:1;s:4:\"mail\";s:24:\"birahim.babou@uvs.edu.sn\";s:6:\"profil\";s:1:\"1\";s:11:\"utilisateur\";s:1:\"1\";s:6:\"prenom\";s:7:\"Birahim\";s:3:\"nom\";s:5:\"BABOU\";s:4:\"role\";s:24:\"GMB_SUPER_ADMINISTRATEUR\";}'),
(263, 4, 1, 'a:7:{s:9:\"connexion\";b:1;s:4:\"mail\";s:24:\"birahim.babou@uvs.edu.sn\";s:6:\"profil\";s:1:\"1\";s:11:\"utilisateur\";s:1:\"1\";s:6:\"prenom\";s:7:\"Birahim\";s:3:\"nom\";s:5:\"BABOU\";s:4:\"role\";s:24:\"GMB_SUPER_ADMINISTRATEUR\";}'),
(264, 4, 1, 'a:7:{s:9:\"connexion\";b:1;s:4:\"mail\";s:24:\"birahim.babou@uvs.edu.sn\";s:6:\"profil\";s:1:\"1\";s:11:\"utilisateur\";s:1:\"1\";s:6:\"prenom\";s:7:\"Birahim\";s:3:\"nom\";s:5:\"BABOU\";s:4:\"role\";s:24:\"GMB_SUPER_ADMINISTRATEUR\";}'),
(265, 4, 1, 'a:7:{s:9:\"connexion\";b:1;s:4:\"mail\";s:24:\"birahim.babou@uvs.edu.sn\";s:6:\"profil\";s:1:\"1\";s:11:\"utilisateur\";s:1:\"1\";s:6:\"prenom\";s:7:\"Birahim\";s:3:\"nom\";s:5:\"BABOU\";s:4:\"role\";s:24:\"GMB_SUPER_ADMINISTRATEUR\";}'),
(266, 4, 1, 'a:7:{s:9:\"connexion\";b:1;s:4:\"mail\";s:24:\"birahim.babou@uvs.edu.sn\";s:6:\"profil\";s:1:\"1\";s:11:\"utilisateur\";s:1:\"1\";s:6:\"prenom\";s:7:\"Birahim\";s:3:\"nom\";s:5:\"BABOU\";s:4:\"role\";s:24:\"GMB_SUPER_ADMINISTRATEUR\";}'),
(267, 4, 1, 'a:7:{s:9:\"connexion\";b:1;s:4:\"mail\";s:24:\"birahim.babou@uvs.edu.sn\";s:6:\"profil\";s:1:\"1\";s:11:\"utilisateur\";s:1:\"1\";s:6:\"prenom\";s:7:\"Birahim\";s:3:\"nom\";s:5:\"BABOU\";s:4:\"role\";s:24:\"GMB_SUPER_ADMINISTRATEUR\";}'),
(268, 4, 1, 'a:7:{s:9:\"connexion\";b:1;s:4:\"mail\";s:24:\"birahim.babou@uvs.edu.sn\";s:6:\"profil\";s:1:\"1\";s:11:\"utilisateur\";s:1:\"1\";s:6:\"prenom\";s:7:\"Birahim\";s:3:\"nom\";s:5:\"BABOU\";s:4:\"role\";s:24:\"GMB_SUPER_ADMINISTRATEUR\";}'),
(269, 4, 1, 'a:7:{s:9:\"connexion\";b:1;s:4:\"mail\";s:24:\"birahim.babou@uvs.edu.sn\";s:6:\"profil\";s:1:\"1\";s:11:\"utilisateur\";s:1:\"1\";s:6:\"prenom\";s:7:\"Birahim\";s:3:\"nom\";s:5:\"BABOU\";s:4:\"role\";s:24:\"GMB_SUPER_ADMINISTRATEUR\";}'),
(270, 4, 1, 'a:7:{s:9:\"connexion\";b:1;s:4:\"mail\";s:24:\"birahim.babou@uvs.edu.sn\";s:6:\"profil\";s:1:\"1\";s:11:\"utilisateur\";s:1:\"1\";s:6:\"prenom\";s:7:\"Birahim\";s:3:\"nom\";s:5:\"BABOU\";s:4:\"role\";s:24:\"GMB_SUPER_ADMINISTRATEUR\";}'),
(271, 4, 1, 'a:7:{s:9:\"connexion\";b:1;s:4:\"mail\";s:24:\"birahim.babou@uvs.edu.sn\";s:6:\"profil\";s:1:\"1\";s:11:\"utilisateur\";s:1:\"1\";s:6:\"prenom\";s:7:\"Birahim\";s:3:\"nom\";s:5:\"BABOU\";s:4:\"role\";s:24:\"GMB_SUPER_ADMINISTRATEUR\";}'),
(272, 4, 1, 'a:7:{s:9:\"connexion\";b:1;s:4:\"mail\";s:24:\"birahim.babou@uvs.edu.sn\";s:6:\"profil\";s:1:\"1\";s:11:\"utilisateur\";s:1:\"1\";s:6:\"prenom\";s:7:\"Birahim\";s:3:\"nom\";s:5:\"BABOU\";s:4:\"role\";s:24:\"GMB_SUPER_ADMINISTRATEUR\";}'),
(273, 4, 1, 'a:7:{s:9:\"connexion\";b:1;s:4:\"mail\";s:24:\"birahim.babou@uvs.edu.sn\";s:6:\"profil\";s:1:\"1\";s:11:\"utilisateur\";s:1:\"1\";s:6:\"prenom\";s:7:\"Birahim\";s:3:\"nom\";s:5:\"BABOU\";s:4:\"role\";s:24:\"GMB_SUPER_ADMINISTRATEUR\";}'),
(274, 4, 1, 'a:7:{s:9:\"connexion\";b:1;s:4:\"mail\";s:24:\"birahim.babou@uvs.edu.sn\";s:6:\"profil\";s:1:\"1\";s:11:\"utilisateur\";s:1:\"1\";s:6:\"prenom\";s:7:\"Birahim\";s:3:\"nom\";s:5:\"BABOU\";s:4:\"role\";s:24:\"GMB_SUPER_ADMINISTRATEUR\";}'),
(275, 4, 1, 'a:7:{s:9:\"connexion\";b:1;s:4:\"mail\";s:24:\"birahim.babou@uvs.edu.sn\";s:6:\"profil\";s:1:\"1\";s:11:\"utilisateur\";s:1:\"1\";s:6:\"prenom\";s:7:\"Birahim\";s:3:\"nom\";s:5:\"BABOU\";s:4:\"role\";s:24:\"GMB_SUPER_ADMINISTRATEUR\";}'),
(276, 4, 1, 'a:7:{s:9:\"connexion\";b:1;s:4:\"mail\";s:24:\"birahim.babou@uvs.edu.sn\";s:6:\"profil\";s:1:\"1\";s:11:\"utilisateur\";s:1:\"1\";s:6:\"prenom\";s:7:\"Birahim\";s:3:\"nom\";s:5:\"BABOU\";s:4:\"role\";s:24:\"GMB_SUPER_ADMINISTRATEUR\";}'),
(277, 4, 1, 'a:7:{s:9:\"connexion\";b:1;s:4:\"mail\";s:24:\"birahim.babou@uvs.edu.sn\";s:6:\"profil\";s:1:\"1\";s:11:\"utilisateur\";s:1:\"1\";s:6:\"prenom\";s:7:\"Birahim\";s:3:\"nom\";s:5:\"BABOU\";s:4:\"role\";s:24:\"GMB_SUPER_ADMINISTRATEUR\";}'),
(278, 4, 1, 'a:7:{s:9:\"connexion\";b:1;s:4:\"mail\";s:24:\"birahim.babou@uvs.edu.sn\";s:6:\"profil\";s:1:\"1\";s:11:\"utilisateur\";s:1:\"1\";s:6:\"prenom\";s:7:\"Birahim\";s:3:\"nom\";s:5:\"BABOU\";s:4:\"role\";s:24:\"GMB_SUPER_ADMINISTRATEUR\";}'),
(279, 4, 1, 'a:7:{s:9:\"connexion\";b:1;s:4:\"mail\";s:24:\"birahim.babou@uvs.edu.sn\";s:6:\"profil\";s:1:\"1\";s:11:\"utilisateur\";s:1:\"1\";s:6:\"prenom\";s:7:\"Birahim\";s:3:\"nom\";s:5:\"BABOU\";s:4:\"role\";s:24:\"GMB_SUPER_ADMINISTRATEUR\";}'),
(280, 4, 1, 'a:7:{s:9:\"connexion\";b:1;s:4:\"mail\";s:24:\"birahim.babou@uvs.edu.sn\";s:6:\"profil\";s:1:\"1\";s:11:\"utilisateur\";s:1:\"1\";s:6:\"prenom\";s:7:\"Birahim\";s:3:\"nom\";s:5:\"BABOU\";s:4:\"role\";s:24:\"GMB_SUPER_ADMINISTRATEUR\";}'),
(281, 4, 1, 'a:7:{s:9:\"connexion\";b:1;s:4:\"mail\";s:24:\"birahim.babou@uvs.edu.sn\";s:6:\"profil\";s:1:\"1\";s:11:\"utilisateur\";s:1:\"1\";s:6:\"prenom\";s:7:\"Birahim\";s:3:\"nom\";s:5:\"BABOU\";s:4:\"role\";s:24:\"GMB_SUPER_ADMINISTRATEUR\";}'),
(282, 4, 1, 'a:7:{s:9:\"connexion\";b:1;s:4:\"mail\";s:24:\"birahim.babou@uvs.edu.sn\";s:6:\"profil\";s:1:\"1\";s:11:\"utilisateur\";s:1:\"1\";s:6:\"prenom\";s:7:\"Birahim\";s:3:\"nom\";s:5:\"BABOU\";s:4:\"role\";s:24:\"GMB_SUPER_ADMINISTRATEUR\";}'),
(283, 4, 1, 'a:7:{s:9:\"connexion\";b:1;s:4:\"mail\";s:24:\"birahim.babou@uvs.edu.sn\";s:6:\"profil\";s:1:\"1\";s:11:\"utilisateur\";s:1:\"1\";s:6:\"prenom\";s:7:\"Birahim\";s:3:\"nom\";s:5:\"BABOU\";s:4:\"role\";s:24:\"GMB_SUPER_ADMINISTRATEUR\";}'),
(284, 4, 1, 'a:7:{s:9:\"connexion\";b:1;s:4:\"mail\";s:24:\"birahim.babou@uvs.edu.sn\";s:6:\"profil\";s:1:\"1\";s:11:\"utilisateur\";s:1:\"1\";s:6:\"prenom\";s:7:\"Birahim\";s:3:\"nom\";s:5:\"BABOU\";s:4:\"role\";s:24:\"GMB_SUPER_ADMINISTRATEUR\";}'),
(285, 4, 1, 'a:7:{s:9:\"connexion\";b:1;s:4:\"mail\";s:24:\"birahim.babou@uvs.edu.sn\";s:6:\"profil\";s:1:\"1\";s:11:\"utilisateur\";s:1:\"1\";s:6:\"prenom\";s:7:\"Birahim\";s:3:\"nom\";s:5:\"BABOU\";s:4:\"role\";s:24:\"GMB_SUPER_ADMINISTRATEUR\";}'),
(286, 4, 1, 'a:7:{s:9:\"connexion\";b:1;s:4:\"mail\";s:24:\"birahim.babou@uvs.edu.sn\";s:6:\"profil\";s:1:\"1\";s:11:\"utilisateur\";s:1:\"1\";s:6:\"prenom\";s:7:\"Birahim\";s:3:\"nom\";s:5:\"BABOU\";s:4:\"role\";s:24:\"GMB_SUPER_ADMINISTRATEUR\";}'),
(287, 4, 1, 'a:7:{s:9:\"connexion\";b:1;s:4:\"mail\";s:24:\"birahim.babou@uvs.edu.sn\";s:6:\"profil\";s:1:\"1\";s:11:\"utilisateur\";s:1:\"1\";s:6:\"prenom\";s:7:\"Birahim\";s:3:\"nom\";s:5:\"BABOU\";s:4:\"role\";s:24:\"GMB_SUPER_ADMINISTRATEUR\";}'),
(288, 4, 1, 'a:7:{s:9:\"connexion\";b:1;s:4:\"mail\";s:24:\"birahim.babou@uvs.edu.sn\";s:6:\"profil\";s:1:\"1\";s:11:\"utilisateur\";s:1:\"1\";s:6:\"prenom\";s:7:\"Birahim\";s:3:\"nom\";s:5:\"BABOU\";s:4:\"role\";s:24:\"GMB_SUPER_ADMINISTRATEUR\";}'),
(289, 4, 1, 'a:7:{s:9:\"connexion\";b:1;s:4:\"mail\";s:24:\"birahim.babou@uvs.edu.sn\";s:6:\"profil\";s:1:\"1\";s:11:\"utilisateur\";s:1:\"1\";s:6:\"prenom\";s:7:\"Birahim\";s:3:\"nom\";s:5:\"BABOU\";s:4:\"role\";s:24:\"GMB_SUPER_ADMINISTRATEUR\";}'),
(290, 4, 1, 'a:7:{s:9:\"connexion\";b:1;s:4:\"mail\";s:24:\"birahim.babou@uvs.edu.sn\";s:6:\"profil\";s:1:\"1\";s:11:\"utilisateur\";s:1:\"1\";s:6:\"prenom\";s:7:\"Birahim\";s:3:\"nom\";s:5:\"BABOU\";s:4:\"role\";s:24:\"GMB_SUPER_ADMINISTRATEUR\";}'),
(291, 4, 1, 'a:7:{s:9:\"connexion\";b:1;s:4:\"mail\";s:24:\"birahim.babou@uvs.edu.sn\";s:6:\"profil\";s:1:\"1\";s:11:\"utilisateur\";s:1:\"1\";s:6:\"prenom\";s:7:\"Birahim\";s:3:\"nom\";s:5:\"BABOU\";s:4:\"role\";s:24:\"GMB_SUPER_ADMINISTRATEUR\";}'),
(292, 4, 1, 'a:7:{s:9:\"connexion\";b:1;s:4:\"mail\";s:24:\"birahim.babou@uvs.edu.sn\";s:6:\"profil\";s:1:\"1\";s:11:\"utilisateur\";s:1:\"1\";s:6:\"prenom\";s:7:\"Birahim\";s:3:\"nom\";s:5:\"BABOU\";s:4:\"role\";s:24:\"GMB_SUPER_ADMINISTRATEUR\";}'),
(293, 4, 1, 'a:7:{s:9:\"connexion\";b:1;s:4:\"mail\";s:24:\"birahim.babou@uvs.edu.sn\";s:6:\"profil\";s:1:\"1\";s:11:\"utilisateur\";s:1:\"1\";s:6:\"prenom\";s:7:\"Birahim\";s:3:\"nom\";s:5:\"BABOU\";s:4:\"role\";s:24:\"GMB_SUPER_ADMINISTRATEUR\";}'),
(294, 4, 1, 'a:7:{s:9:\"connexion\";b:1;s:4:\"mail\";s:24:\"birahim.babou@uvs.edu.sn\";s:6:\"profil\";s:1:\"1\";s:11:\"utilisateur\";s:1:\"1\";s:6:\"prenom\";s:7:\"Birahim\";s:3:\"nom\";s:5:\"BABOU\";s:4:\"role\";s:24:\"GMB_SUPER_ADMINISTRATEUR\";}'),
(295, 4, 1, 'a:7:{s:9:\"connexion\";b:1;s:4:\"mail\";s:24:\"birahim.babou@uvs.edu.sn\";s:6:\"profil\";s:1:\"1\";s:11:\"utilisateur\";s:1:\"1\";s:6:\"prenom\";s:7:\"Birahim\";s:3:\"nom\";s:5:\"BABOU\";s:4:\"role\";s:24:\"GMB_SUPER_ADMINISTRATEUR\";}'),
(296, 4, 1, 'a:7:{s:9:\"connexion\";b:1;s:4:\"mail\";s:24:\"birahim.babou@uvs.edu.sn\";s:6:\"profil\";s:1:\"1\";s:11:\"utilisateur\";s:1:\"1\";s:6:\"prenom\";s:7:\"Birahim\";s:3:\"nom\";s:5:\"BABOU\";s:4:\"role\";s:24:\"GMB_SUPER_ADMINISTRATEUR\";}'),
(297, 4, 1, 'a:7:{s:9:\"connexion\";b:1;s:4:\"mail\";s:24:\"birahim.babou@uvs.edu.sn\";s:6:\"profil\";s:1:\"1\";s:11:\"utilisateur\";s:1:\"1\";s:6:\"prenom\";s:7:\"Birahim\";s:3:\"nom\";s:5:\"BABOU\";s:4:\"role\";s:24:\"GMB_SUPER_ADMINISTRATEUR\";}'),
(298, 4, 1, 'a:7:{s:9:\"connexion\";b:1;s:4:\"mail\";s:24:\"birahim.babou@uvs.edu.sn\";s:6:\"profil\";s:1:\"1\";s:11:\"utilisateur\";s:1:\"1\";s:6:\"prenom\";s:7:\"Birahim\";s:3:\"nom\";s:5:\"BABOU\";s:4:\"role\";s:24:\"GMB_SUPER_ADMINISTRATEUR\";}'),
(299, 4, 1, 'a:7:{s:9:\"connexion\";b:1;s:4:\"mail\";s:24:\"birahim.babou@uvs.edu.sn\";s:6:\"profil\";s:1:\"1\";s:11:\"utilisateur\";s:1:\"1\";s:6:\"prenom\";s:7:\"Birahim\";s:3:\"nom\";s:5:\"BABOU\";s:4:\"role\";s:24:\"GMB_SUPER_ADMINISTRATEUR\";}'),
(300, 4, 1, 'a:7:{s:9:\"connexion\";b:1;s:4:\"mail\";s:24:\"birahim.babou@uvs.edu.sn\";s:6:\"profil\";s:1:\"1\";s:11:\"utilisateur\";s:1:\"1\";s:6:\"prenom\";s:7:\"Birahim\";s:3:\"nom\";s:5:\"BABOU\";s:4:\"role\";s:24:\"GMB_SUPER_ADMINISTRATEUR\";}'),
(301, 4, 1, 'a:7:{s:9:\"connexion\";b:1;s:4:\"mail\";s:24:\"birahim.babou@uvs.edu.sn\";s:6:\"profil\";s:1:\"1\";s:11:\"utilisateur\";s:1:\"1\";s:6:\"prenom\";s:7:\"Birahim\";s:3:\"nom\";s:5:\"BABOU\";s:4:\"role\";s:24:\"GMB_SUPER_ADMINISTRATEUR\";}'),
(302, 4, 1, 'a:7:{s:9:\"connexion\";b:1;s:4:\"mail\";s:24:\"birahim.babou@uvs.edu.sn\";s:6:\"profil\";s:1:\"1\";s:11:\"utilisateur\";s:1:\"1\";s:6:\"prenom\";s:7:\"Birahim\";s:3:\"nom\";s:5:\"BABOU\";s:4:\"role\";s:24:\"GMB_SUPER_ADMINISTRATEUR\";}'),
(303, 4, 1, 'a:7:{s:9:\"connexion\";b:1;s:4:\"mail\";s:24:\"birahim.babou@uvs.edu.sn\";s:6:\"profil\";s:1:\"1\";s:11:\"utilisateur\";s:1:\"1\";s:6:\"prenom\";s:7:\"Birahim\";s:3:\"nom\";s:5:\"BABOU\";s:4:\"role\";s:24:\"GMB_SUPER_ADMINISTRATEUR\";}'),
(304, 4, 1, 'a:7:{s:9:\"connexion\";b:1;s:4:\"mail\";s:24:\"birahim.babou@uvs.edu.sn\";s:6:\"profil\";s:1:\"1\";s:11:\"utilisateur\";s:1:\"1\";s:6:\"prenom\";s:7:\"Birahim\";s:3:\"nom\";s:5:\"BABOU\";s:4:\"role\";s:24:\"GMB_SUPER_ADMINISTRATEUR\";}'),
(305, 4, 1, 'a:7:{s:9:\"connexion\";b:1;s:4:\"mail\";s:24:\"birahim.babou@uvs.edu.sn\";s:6:\"profil\";s:1:\"1\";s:11:\"utilisateur\";s:1:\"1\";s:6:\"prenom\";s:7:\"Birahim\";s:3:\"nom\";s:5:\"BABOU\";s:4:\"role\";s:24:\"GMB_SUPER_ADMINISTRATEUR\";}'),
(306, 4, 1, 'a:7:{s:9:\"connexion\";b:1;s:4:\"mail\";s:24:\"birahim.babou@uvs.edu.sn\";s:6:\"profil\";s:1:\"1\";s:11:\"utilisateur\";s:1:\"1\";s:6:\"prenom\";s:7:\"Birahim\";s:3:\"nom\";s:5:\"BABOU\";s:4:\"role\";s:24:\"GMB_SUPER_ADMINISTRATEUR\";}'),
(307, 4, 1, 'a:7:{s:9:\"connexion\";b:1;s:4:\"mail\";s:24:\"birahim.babou@uvs.edu.sn\";s:6:\"profil\";s:1:\"1\";s:11:\"utilisateur\";s:1:\"1\";s:6:\"prenom\";s:7:\"Birahim\";s:3:\"nom\";s:5:\"BABOU\";s:4:\"role\";s:24:\"GMB_SUPER_ADMINISTRATEUR\";}'),
(308, 4, 1, 'a:7:{s:9:\"connexion\";b:1;s:4:\"mail\";s:24:\"birahim.babou@uvs.edu.sn\";s:6:\"profil\";s:1:\"1\";s:11:\"utilisateur\";s:1:\"1\";s:6:\"prenom\";s:7:\"Birahim\";s:3:\"nom\";s:5:\"BABOU\";s:4:\"role\";s:24:\"GMB_SUPER_ADMINISTRATEUR\";}'),
(309, 4, 1, 'a:7:{s:9:\"connexion\";b:1;s:4:\"mail\";s:24:\"birahim.babou@uvs.edu.sn\";s:6:\"profil\";s:1:\"1\";s:11:\"utilisateur\";s:1:\"1\";s:6:\"prenom\";s:7:\"Birahim\";s:3:\"nom\";s:5:\"BABOU\";s:4:\"role\";s:24:\"GMB_SUPER_ADMINISTRATEUR\";}'),
(310, 4, 1, 'a:7:{s:9:\"connexion\";b:1;s:4:\"mail\";s:24:\"birahim.babou@uvs.edu.sn\";s:6:\"profil\";s:1:\"1\";s:11:\"utilisateur\";s:1:\"1\";s:6:\"prenom\";s:7:\"Birahim\";s:3:\"nom\";s:5:\"BABOU\";s:4:\"role\";s:24:\"GMB_SUPER_ADMINISTRATEUR\";}'),
(311, 4, 1, 'a:7:{s:9:\"connexion\";b:1;s:4:\"mail\";s:24:\"birahim.babou@uvs.edu.sn\";s:6:\"profil\";s:1:\"1\";s:11:\"utilisateur\";s:1:\"1\";s:6:\"prenom\";s:7:\"Birahim\";s:3:\"nom\";s:5:\"BABOU\";s:4:\"role\";s:24:\"GMB_SUPER_ADMINISTRATEUR\";}'),
(312, 4, 1, 'a:7:{s:9:\"connexion\";b:1;s:4:\"mail\";s:24:\"birahim.babou@uvs.edu.sn\";s:6:\"profil\";s:1:\"1\";s:11:\"utilisateur\";s:1:\"1\";s:6:\"prenom\";s:7:\"Birahim\";s:3:\"nom\";s:5:\"BABOU\";s:4:\"role\";s:24:\"GMB_SUPER_ADMINISTRATEUR\";}'),
(313, 4, 1, 'a:7:{s:9:\"connexion\";b:1;s:4:\"mail\";s:24:\"birahim.babou@uvs.edu.sn\";s:6:\"profil\";s:1:\"1\";s:11:\"utilisateur\";s:1:\"1\";s:6:\"prenom\";s:7:\"Birahim\";s:3:\"nom\";s:5:\"BABOU\";s:4:\"role\";s:24:\"GMB_SUPER_ADMINISTRATEUR\";}'),
(314, 4, 1, 'a:7:{s:9:\"connexion\";b:1;s:4:\"mail\";s:24:\"birahim.babou@uvs.edu.sn\";s:6:\"profil\";s:1:\"1\";s:11:\"utilisateur\";s:1:\"1\";s:6:\"prenom\";s:7:\"Birahim\";s:3:\"nom\";s:5:\"BABOU\";s:4:\"role\";s:24:\"GMB_SUPER_ADMINISTRATEUR\";}'),
(315, 4, 1, 'a:7:{s:9:\"connexion\";b:1;s:4:\"mail\";s:24:\"birahim.babou@uvs.edu.sn\";s:6:\"profil\";s:1:\"1\";s:11:\"utilisateur\";s:1:\"1\";s:6:\"prenom\";s:7:\"Birahim\";s:3:\"nom\";s:5:\"BABOU\";s:4:\"role\";s:24:\"GMB_SUPER_ADMINISTRATEUR\";}'),
(316, 4, 1, 'a:7:{s:9:\"connexion\";b:1;s:4:\"mail\";s:24:\"birahim.babou@uvs.edu.sn\";s:6:\"profil\";s:1:\"1\";s:11:\"utilisateur\";s:1:\"1\";s:6:\"prenom\";s:7:\"Birahim\";s:3:\"nom\";s:5:\"BABOU\";s:4:\"role\";s:24:\"GMB_SUPER_ADMINISTRATEUR\";}'),
(317, 4, 1, 'a:7:{s:9:\"connexion\";b:1;s:4:\"mail\";s:24:\"birahim.babou@uvs.edu.sn\";s:6:\"profil\";s:1:\"1\";s:11:\"utilisateur\";s:1:\"1\";s:6:\"prenom\";s:7:\"Birahim\";s:3:\"nom\";s:5:\"BABOU\";s:4:\"role\";s:24:\"GMB_SUPER_ADMINISTRATEUR\";}'),
(318, 4, 1, 'a:7:{s:9:\"connexion\";b:1;s:4:\"mail\";s:24:\"birahim.babou@uvs.edu.sn\";s:6:\"profil\";s:1:\"1\";s:11:\"utilisateur\";s:1:\"1\";s:6:\"prenom\";s:7:\"Birahim\";s:3:\"nom\";s:5:\"BABOU\";s:4:\"role\";s:24:\"GMB_SUPER_ADMINISTRATEUR\";}'),
(319, 4, 1, 'a:7:{s:9:\"connexion\";b:1;s:4:\"mail\";s:24:\"birahim.babou@uvs.edu.sn\";s:6:\"profil\";s:1:\"1\";s:11:\"utilisateur\";s:1:\"1\";s:6:\"prenom\";s:7:\"Birahim\";s:3:\"nom\";s:5:\"BABOU\";s:4:\"role\";s:24:\"GMB_SUPER_ADMINISTRATEUR\";}'),
(320, 4, 1, 'a:7:{s:9:\"connexion\";b:1;s:4:\"mail\";s:24:\"birahim.babou@uvs.edu.sn\";s:6:\"profil\";s:1:\"1\";s:11:\"utilisateur\";s:1:\"1\";s:6:\"prenom\";s:7:\"Birahim\";s:3:\"nom\";s:5:\"BABOU\";s:4:\"role\";s:24:\"GMB_SUPER_ADMINISTRATEUR\";}'),
(321, 4, 1, 'a:7:{s:9:\"connexion\";b:1;s:4:\"mail\";s:24:\"birahim.babou@uvs.edu.sn\";s:6:\"profil\";s:1:\"1\";s:11:\"utilisateur\";s:1:\"1\";s:6:\"prenom\";s:7:\"Birahim\";s:3:\"nom\";s:5:\"BABOU\";s:4:\"role\";s:24:\"GMB_SUPER_ADMINISTRATEUR\";}'),
(322, 4, 1, 'a:7:{s:9:\"connexion\";b:1;s:4:\"mail\";s:24:\"birahim.babou@uvs.edu.sn\";s:6:\"profil\";s:1:\"1\";s:11:\"utilisateur\";s:1:\"1\";s:6:\"prenom\";s:7:\"Birahim\";s:3:\"nom\";s:5:\"BABOU\";s:4:\"role\";s:24:\"GMB_SUPER_ADMINISTRATEUR\";}'),
(323, 4, 1, 'a:7:{s:9:\"connexion\";b:1;s:4:\"mail\";s:24:\"birahim.babou@uvs.edu.sn\";s:6:\"profil\";s:1:\"1\";s:11:\"utilisateur\";s:1:\"1\";s:6:\"prenom\";s:7:\"Birahim\";s:3:\"nom\";s:5:\"BABOU\";s:4:\"role\";s:24:\"GMB_SUPER_ADMINISTRATEUR\";}'),
(324, 4, 1, 'a:7:{s:9:\"connexion\";b:1;s:4:\"mail\";s:24:\"birahim.babou@uvs.edu.sn\";s:6:\"profil\";s:1:\"1\";s:11:\"utilisateur\";s:1:\"1\";s:6:\"prenom\";s:7:\"Birahim\";s:3:\"nom\";s:5:\"BABOU\";s:4:\"role\";s:24:\"GMB_SUPER_ADMINISTRATEUR\";}'),
(325, 4, 1, 'a:7:{s:9:\"connexion\";b:1;s:4:\"mail\";s:24:\"birahim.babou@uvs.edu.sn\";s:6:\"profil\";s:1:\"1\";s:11:\"utilisateur\";s:1:\"1\";s:6:\"prenom\";s:7:\"Birahim\";s:3:\"nom\";s:5:\"BABOU\";s:4:\"role\";s:24:\"GMB_SUPER_ADMINISTRATEUR\";}'),
(326, 4, 1, 'a:7:{s:9:\"connexion\";b:1;s:4:\"mail\";s:24:\"birahim.babou@uvs.edu.sn\";s:6:\"profil\";s:1:\"1\";s:11:\"utilisateur\";s:1:\"1\";s:6:\"prenom\";s:7:\"Birahim\";s:3:\"nom\";s:5:\"BABOU\";s:4:\"role\";s:24:\"GMB_SUPER_ADMINISTRATEUR\";}'),
(327, 4, 1, 'a:7:{s:9:\"connexion\";b:1;s:4:\"mail\";s:24:\"birahim.babou@uvs.edu.sn\";s:6:\"profil\";s:1:\"1\";s:11:\"utilisateur\";s:1:\"1\";s:6:\"prenom\";s:7:\"Birahim\";s:3:\"nom\";s:5:\"BABOU\";s:4:\"role\";s:24:\"GMB_SUPER_ADMINISTRATEUR\";}'),
(328, 4, 1, 'a:7:{s:9:\"connexion\";b:1;s:4:\"mail\";s:24:\"birahim.babou@uvs.edu.sn\";s:6:\"profil\";s:1:\"1\";s:11:\"utilisateur\";s:1:\"1\";s:6:\"prenom\";s:7:\"Birahim\";s:3:\"nom\";s:5:\"BABOU\";s:4:\"role\";s:24:\"GMB_SUPER_ADMINISTRATEUR\";}'),
(329, 4, 1, 'a:7:{s:9:\"connexion\";b:1;s:4:\"mail\";s:24:\"birahim.babou@uvs.edu.sn\";s:6:\"profil\";s:1:\"1\";s:11:\"utilisateur\";s:1:\"1\";s:6:\"prenom\";s:7:\"Birahim\";s:3:\"nom\";s:5:\"BABOU\";s:4:\"role\";s:24:\"GMB_SUPER_ADMINISTRATEUR\";}'),
(330, 4, 1, 'a:7:{s:9:\"connexion\";b:1;s:4:\"mail\";s:24:\"birahim.babou@uvs.edu.sn\";s:6:\"profil\";s:1:\"1\";s:11:\"utilisateur\";s:1:\"1\";s:6:\"prenom\";s:7:\"Birahim\";s:3:\"nom\";s:5:\"BABOU\";s:4:\"role\";s:24:\"GMB_SUPER_ADMINISTRATEUR\";}'),
(331, 4, 1, 'a:7:{s:9:\"connexion\";b:1;s:4:\"mail\";s:24:\"birahim.babou@uvs.edu.sn\";s:6:\"profil\";s:1:\"1\";s:11:\"utilisateur\";s:1:\"1\";s:6:\"prenom\";s:7:\"Birahim\";s:3:\"nom\";s:5:\"BABOU\";s:4:\"role\";s:24:\"GMB_SUPER_ADMINISTRATEUR\";}'),
(332, 4, 1, 'a:7:{s:9:\"connexion\";b:1;s:4:\"mail\";s:24:\"birahim.babou@uvs.edu.sn\";s:6:\"profil\";s:1:\"1\";s:11:\"utilisateur\";s:1:\"1\";s:6:\"prenom\";s:7:\"Birahim\";s:3:\"nom\";s:5:\"BABOU\";s:4:\"role\";s:24:\"GMB_SUPER_ADMINISTRATEUR\";}'),
(333, 4, 1, 'a:7:{s:9:\"connexion\";b:1;s:4:\"mail\";s:24:\"birahim.babou@uvs.edu.sn\";s:6:\"profil\";s:1:\"1\";s:11:\"utilisateur\";s:1:\"1\";s:6:\"prenom\";s:7:\"Birahim\";s:3:\"nom\";s:5:\"BABOU\";s:4:\"role\";s:24:\"GMB_SUPER_ADMINISTRATEUR\";}'),
(334, 4, 1, 'a:7:{s:9:\"connexion\";b:1;s:4:\"mail\";s:24:\"birahim.babou@uvs.edu.sn\";s:6:\"profil\";s:1:\"1\";s:11:\"utilisateur\";s:1:\"1\";s:6:\"prenom\";s:7:\"Birahim\";s:3:\"nom\";s:5:\"BABOU\";s:4:\"role\";s:24:\"GMB_SUPER_ADMINISTRATEUR\";}'),
(335, 4, 1, 'a:7:{s:9:\"connexion\";b:1;s:4:\"mail\";s:24:\"birahim.babou@uvs.edu.sn\";s:6:\"profil\";s:1:\"1\";s:11:\"utilisateur\";s:1:\"1\";s:6:\"prenom\";s:7:\"Birahim\";s:3:\"nom\";s:5:\"BABOU\";s:4:\"role\";s:24:\"GMB_SUPER_ADMINISTRATEUR\";}'),
(336, 4, 1, 'a:7:{s:9:\"connexion\";b:1;s:4:\"mail\";s:24:\"birahim.babou@uvs.edu.sn\";s:6:\"profil\";s:1:\"1\";s:11:\"utilisateur\";s:1:\"1\";s:6:\"prenom\";s:7:\"Birahim\";s:3:\"nom\";s:5:\"BABOU\";s:4:\"role\";s:24:\"GMB_SUPER_ADMINISTRATEUR\";}'),
(337, 4, 1, 'a:7:{s:9:\"connexion\";b:1;s:4:\"mail\";s:24:\"birahim.babou@uvs.edu.sn\";s:6:\"profil\";s:1:\"1\";s:11:\"utilisateur\";s:1:\"1\";s:6:\"prenom\";s:7:\"Birahim\";s:3:\"nom\";s:5:\"BABOU\";s:4:\"role\";s:24:\"GMB_SUPER_ADMINISTRATEUR\";}'),
(338, 4, 1, 'a:7:{s:9:\"connexion\";b:1;s:4:\"mail\";s:24:\"birahim.babou@uvs.edu.sn\";s:6:\"profil\";s:1:\"1\";s:11:\"utilisateur\";s:1:\"1\";s:6:\"prenom\";s:7:\"Birahim\";s:3:\"nom\";s:5:\"BABOU\";s:4:\"role\";s:24:\"GMB_SUPER_ADMINISTRATEUR\";}'),
(339, 4, 1, 'a:7:{s:9:\"connexion\";b:1;s:4:\"mail\";s:24:\"birahim.babou@uvs.edu.sn\";s:6:\"profil\";s:1:\"1\";s:11:\"utilisateur\";s:1:\"1\";s:6:\"prenom\";s:7:\"Birahim\";s:3:\"nom\";s:5:\"BABOU\";s:4:\"role\";s:24:\"GMB_SUPER_ADMINISTRATEUR\";}'),
(340, 4, 1, 'a:7:{s:9:\"connexion\";b:1;s:4:\"mail\";s:24:\"birahim.babou@uvs.edu.sn\";s:6:\"profil\";s:1:\"1\";s:11:\"utilisateur\";s:1:\"1\";s:6:\"prenom\";s:7:\"Birahim\";s:3:\"nom\";s:5:\"BABOU\";s:4:\"role\";s:24:\"GMB_SUPER_ADMINISTRATEUR\";}'),
(341, 4, 1, 'a:7:{s:9:\"connexion\";b:1;s:4:\"mail\";s:24:\"birahim.babou@uvs.edu.sn\";s:6:\"profil\";s:1:\"1\";s:11:\"utilisateur\";s:1:\"1\";s:6:\"prenom\";s:7:\"Birahim\";s:3:\"nom\";s:5:\"BABOU\";s:4:\"role\";s:24:\"GMB_SUPER_ADMINISTRATEUR\";}'),
(342, 4, 1, 'a:7:{s:9:\"connexion\";b:1;s:4:\"mail\";s:24:\"birahim.babou@uvs.edu.sn\";s:6:\"profil\";s:1:\"1\";s:11:\"utilisateur\";s:1:\"1\";s:6:\"prenom\";s:7:\"Birahim\";s:3:\"nom\";s:5:\"BABOU\";s:4:\"role\";s:24:\"GMB_SUPER_ADMINISTRATEUR\";}'),
(343, 4, 1, 'a:7:{s:9:\"connexion\";b:1;s:4:\"mail\";s:24:\"birahim.babou@uvs.edu.sn\";s:6:\"profil\";s:1:\"1\";s:11:\"utilisateur\";s:1:\"1\";s:6:\"prenom\";s:7:\"Birahim\";s:3:\"nom\";s:5:\"BABOU\";s:4:\"role\";s:24:\"GMB_SUPER_ADMINISTRATEUR\";}'),
(344, 4, 1, 'a:7:{s:9:\"connexion\";b:1;s:4:\"mail\";s:24:\"birahim.babou@uvs.edu.sn\";s:6:\"profil\";s:1:\"1\";s:11:\"utilisateur\";s:1:\"1\";s:6:\"prenom\";s:7:\"Birahim\";s:3:\"nom\";s:5:\"BABOU\";s:4:\"role\";s:24:\"GMB_SUPER_ADMINISTRATEUR\";}'),
(345, 4, 1, 'a:7:{s:9:\"connexion\";b:1;s:4:\"mail\";s:24:\"birahim.babou@uvs.edu.sn\";s:6:\"profil\";s:1:\"1\";s:11:\"utilisateur\";s:1:\"1\";s:6:\"prenom\";s:7:\"Birahim\";s:3:\"nom\";s:5:\"BABOU\";s:4:\"role\";s:24:\"GMB_SUPER_ADMINISTRATEUR\";}'),
(346, 4, 1, 'a:7:{s:9:\"connexion\";b:1;s:4:\"mail\";s:24:\"birahim.babou@uvs.edu.sn\";s:6:\"profil\";s:1:\"1\";s:11:\"utilisateur\";s:1:\"1\";s:6:\"prenom\";s:7:\"Birahim\";s:3:\"nom\";s:5:\"BABOU\";s:4:\"role\";s:24:\"GMB_SUPER_ADMINISTRATEUR\";}'),
(347, 4, 1, 'a:7:{s:9:\"connexion\";b:1;s:4:\"mail\";s:24:\"birahim.babou@uvs.edu.sn\";s:6:\"profil\";s:1:\"1\";s:11:\"utilisateur\";s:1:\"1\";s:6:\"prenom\";s:7:\"Birahim\";s:3:\"nom\";s:5:\"BABOU\";s:4:\"role\";s:24:\"GMB_SUPER_ADMINISTRATEUR\";}'),
(348, 4, 1, 'a:7:{s:9:\"connexion\";b:1;s:4:\"mail\";s:24:\"birahim.babou@uvs.edu.sn\";s:6:\"profil\";s:1:\"1\";s:11:\"utilisateur\";s:1:\"1\";s:6:\"prenom\";s:7:\"Birahim\";s:3:\"nom\";s:5:\"BABOU\";s:4:\"role\";s:24:\"GMB_SUPER_ADMINISTRATEUR\";}'),
(349, 4, 1, 'a:7:{s:9:\"connexion\";b:1;s:4:\"mail\";s:24:\"birahim.babou@uvs.edu.sn\";s:6:\"profil\";s:1:\"1\";s:11:\"utilisateur\";s:1:\"1\";s:6:\"prenom\";s:7:\"Birahim\";s:3:\"nom\";s:5:\"BABOU\";s:4:\"role\";s:24:\"GMB_SUPER_ADMINISTRATEUR\";}'),
(350, 4, 1, 'a:7:{s:9:\"connexion\";b:1;s:4:\"mail\";s:24:\"birahim.babou@uvs.edu.sn\";s:6:\"profil\";s:1:\"1\";s:11:\"utilisateur\";s:1:\"1\";s:6:\"prenom\";s:7:\"Birahim\";s:3:\"nom\";s:5:\"BABOU\";s:4:\"role\";s:24:\"GMB_SUPER_ADMINISTRATEUR\";}'),
(351, 4, 1, 'a:7:{s:9:\"connexion\";b:1;s:4:\"mail\";s:24:\"birahim.babou@uvs.edu.sn\";s:6:\"profil\";s:1:\"1\";s:11:\"utilisateur\";s:1:\"1\";s:6:\"prenom\";s:7:\"Birahim\";s:3:\"nom\";s:5:\"BABOU\";s:4:\"role\";s:24:\"GMB_SUPER_ADMINISTRATEUR\";}'),
(352, 4, 1, 'a:7:{s:9:\"connexion\";b:1;s:4:\"mail\";s:24:\"birahim.babou@uvs.edu.sn\";s:6:\"profil\";s:1:\"1\";s:11:\"utilisateur\";s:1:\"1\";s:6:\"prenom\";s:7:\"Birahim\";s:3:\"nom\";s:5:\"BABOU\";s:4:\"role\";s:24:\"GMB_SUPER_ADMINISTRATEUR\";}'),
(353, 4, 1, 'a:7:{s:9:\"connexion\";b:1;s:4:\"mail\";s:24:\"birahim.babou@uvs.edu.sn\";s:6:\"profil\";s:1:\"1\";s:11:\"utilisateur\";s:1:\"1\";s:6:\"prenom\";s:7:\"Birahim\";s:3:\"nom\";s:5:\"BABOU\";s:4:\"role\";s:24:\"GMB_SUPER_ADMINISTRATEUR\";}'),
(354, 4, 1, 'a:7:{s:9:\"connexion\";b:1;s:4:\"mail\";s:24:\"birahim.babou@uvs.edu.sn\";s:6:\"profil\";s:1:\"1\";s:11:\"utilisateur\";s:1:\"1\";s:6:\"prenom\";s:7:\"Birahim\";s:3:\"nom\";s:5:\"BABOU\";s:4:\"role\";s:24:\"GMB_SUPER_ADMINISTRATEUR\";}'),
(355, 4, 1, 'a:7:{s:9:\"connexion\";b:1;s:4:\"mail\";s:24:\"birahim.babou@uvs.edu.sn\";s:6:\"profil\";s:1:\"1\";s:11:\"utilisateur\";s:1:\"1\";s:6:\"prenom\";s:7:\"Birahim\";s:3:\"nom\";s:5:\"BABOU\";s:4:\"role\";s:24:\"GMB_SUPER_ADMINISTRATEUR\";}'),
(356, 4, 1, 'a:7:{s:9:\"connexion\";b:1;s:4:\"mail\";s:24:\"birahim.babou@uvs.edu.sn\";s:6:\"profil\";s:1:\"1\";s:11:\"utilisateur\";s:1:\"1\";s:6:\"prenom\";s:7:\"Birahim\";s:3:\"nom\";s:5:\"BABOU\";s:4:\"role\";s:24:\"GMB_SUPER_ADMINISTRATEUR\";}'),
(357, 4, 1, 'a:7:{s:9:\"connexion\";b:1;s:4:\"mail\";s:24:\"birahim.babou@uvs.edu.sn\";s:6:\"profil\";s:1:\"1\";s:11:\"utilisateur\";s:1:\"1\";s:6:\"prenom\";s:7:\"Birahim\";s:3:\"nom\";s:5:\"BABOU\";s:4:\"role\";s:24:\"GMB_SUPER_ADMINISTRATEUR\";}'),
(358, 4, 1, 'a:7:{s:9:\"connexion\";b:1;s:4:\"mail\";s:24:\"birahim.babou@uvs.edu.sn\";s:6:\"profil\";s:1:\"1\";s:11:\"utilisateur\";s:1:\"1\";s:6:\"prenom\";s:7:\"Birahim\";s:3:\"nom\";s:5:\"BABOU\";s:4:\"role\";s:24:\"GMB_SUPER_ADMINISTRATEUR\";}'),
(359, 4, 1, 'a:7:{s:9:\"connexion\";b:1;s:4:\"mail\";s:24:\"birahim.babou@uvs.edu.sn\";s:6:\"profil\";s:1:\"1\";s:11:\"utilisateur\";s:1:\"1\";s:6:\"prenom\";s:7:\"Birahim\";s:3:\"nom\";s:5:\"BABOU\";s:4:\"role\";s:24:\"GMB_SUPER_ADMINISTRATEUR\";}'),
(360, 4, 1, 'a:7:{s:9:\"connexion\";b:1;s:4:\"mail\";s:24:\"birahim.babou@uvs.edu.sn\";s:6:\"profil\";s:1:\"1\";s:11:\"utilisateur\";s:1:\"1\";s:6:\"prenom\";s:7:\"Birahim\";s:3:\"nom\";s:5:\"BABOU\";s:4:\"role\";s:24:\"GMB_SUPER_ADMINISTRATEUR\";}'),
(361, 4, 1, 'a:7:{s:9:\"connexion\";b:1;s:4:\"mail\";s:24:\"birahim.babou@uvs.edu.sn\";s:6:\"profil\";s:1:\"1\";s:11:\"utilisateur\";s:1:\"1\";s:6:\"prenom\";s:7:\"Birahim\";s:3:\"nom\";s:5:\"BABOU\";s:4:\"role\";s:24:\"GMB_SUPER_ADMINISTRATEUR\";}'),
(362, 4, 1, 'a:7:{s:9:\"connexion\";b:1;s:4:\"mail\";s:24:\"birahim.babou@uvs.edu.sn\";s:6:\"profil\";s:1:\"1\";s:11:\"utilisateur\";s:1:\"1\";s:6:\"prenom\";s:7:\"Birahim\";s:3:\"nom\";s:5:\"BABOU\";s:4:\"role\";s:24:\"GMB_SUPER_ADMINISTRATEUR\";}'),
(363, 4, 1, 'a:7:{s:9:\"connexion\";b:1;s:4:\"mail\";s:24:\"birahim.babou@uvs.edu.sn\";s:6:\"profil\";s:1:\"1\";s:11:\"utilisateur\";s:1:\"1\";s:6:\"prenom\";s:7:\"Birahim\";s:3:\"nom\";s:5:\"BABOU\";s:4:\"role\";s:24:\"GMB_SUPER_ADMINISTRATEUR\";}'),
(364, 4, 1, 'a:7:{s:9:\"connexion\";b:1;s:4:\"mail\";s:24:\"birahim.babou@uvs.edu.sn\";s:6:\"profil\";s:1:\"1\";s:11:\"utilisateur\";s:1:\"1\";s:6:\"prenom\";s:7:\"Birahim\";s:3:\"nom\";s:5:\"BABOU\";s:4:\"role\";s:24:\"GMB_SUPER_ADMINISTRATEUR\";}'),
(365, 4, 1, 'a:7:{s:9:\"connexion\";b:1;s:4:\"mail\";s:24:\"birahim.babou@uvs.edu.sn\";s:6:\"profil\";s:1:\"1\";s:11:\"utilisateur\";s:1:\"1\";s:6:\"prenom\";s:7:\"Birahim\";s:3:\"nom\";s:5:\"BABOU\";s:4:\"role\";s:24:\"GMB_SUPER_ADMINISTRATEUR\";}'),
(366, 4, 1, 'a:7:{s:9:\"connexion\";b:1;s:4:\"mail\";s:24:\"birahim.babou@uvs.edu.sn\";s:6:\"profil\";s:1:\"1\";s:11:\"utilisateur\";s:1:\"1\";s:6:\"prenom\";s:7:\"Birahim\";s:3:\"nom\";s:5:\"BABOU\";s:4:\"role\";s:24:\"GMB_SUPER_ADMINISTRATEUR\";}'),
(367, 4, 1, 'a:7:{s:9:\"connexion\";b:1;s:4:\"mail\";s:24:\"birahim.babou@uvs.edu.sn\";s:6:\"profil\";s:1:\"1\";s:11:\"utilisateur\";s:1:\"1\";s:6:\"prenom\";s:7:\"Birahim\";s:3:\"nom\";s:5:\"BABOU\";s:4:\"role\";s:24:\"GMB_SUPER_ADMINISTRATEUR\";}'),
(368, 4, 1, 'a:7:{s:9:\"connexion\";b:1;s:4:\"mail\";s:24:\"birahim.babou@uvs.edu.sn\";s:6:\"profil\";s:1:\"1\";s:11:\"utilisateur\";s:1:\"1\";s:6:\"prenom\";s:7:\"Birahim\";s:3:\"nom\";s:5:\"BABOU\";s:4:\"role\";s:24:\"GMB_SUPER_ADMINISTRATEUR\";}'),
(369, 4, 1, 'a:7:{s:9:\"connexion\";b:1;s:4:\"mail\";s:24:\"birahim.babou@uvs.edu.sn\";s:6:\"profil\";s:1:\"1\";s:11:\"utilisateur\";s:1:\"1\";s:6:\"prenom\";s:7:\"Birahim\";s:3:\"nom\";s:5:\"BABOU\";s:4:\"role\";s:24:\"GMB_SUPER_ADMINISTRATEUR\";}'),
(370, 4, 1, 'a:7:{s:9:\"connexion\";b:1;s:4:\"mail\";s:24:\"birahim.babou@uvs.edu.sn\";s:6:\"profil\";s:1:\"1\";s:11:\"utilisateur\";s:1:\"1\";s:6:\"prenom\";s:7:\"Birahim\";s:3:\"nom\";s:5:\"BABOU\";s:4:\"role\";s:24:\"GMB_SUPER_ADMINISTRATEUR\";}'),
(371, 4, 1, 'a:7:{s:9:\"connexion\";b:1;s:4:\"mail\";s:24:\"birahim.babou@uvs.edu.sn\";s:6:\"profil\";s:1:\"1\";s:11:\"utilisateur\";s:1:\"1\";s:6:\"prenom\";s:7:\"Birahim\";s:3:\"nom\";s:5:\"BABOU\";s:4:\"role\";s:24:\"GMB_SUPER_ADMINISTRATEUR\";}'),
(372, 4, 1, 'a:7:{s:9:\"connexion\";b:1;s:4:\"mail\";s:24:\"birahim.babou@uvs.edu.sn\";s:6:\"profil\";s:1:\"1\";s:11:\"utilisateur\";s:1:\"1\";s:6:\"prenom\";s:7:\"Birahim\";s:3:\"nom\";s:5:\"BABOU\";s:4:\"role\";s:24:\"GMB_SUPER_ADMINISTRATEUR\";}'),
(373, 4, 1, 'a:7:{s:9:\"connexion\";b:1;s:4:\"mail\";s:24:\"birahim.babou@uvs.edu.sn\";s:6:\"profil\";s:1:\"1\";s:11:\"utilisateur\";s:1:\"1\";s:6:\"prenom\";s:7:\"Birahim\";s:3:\"nom\";s:5:\"BABOU\";s:4:\"role\";s:24:\"GMB_SUPER_ADMINISTRATEUR\";}'),
(374, 4, 1, 'a:7:{s:9:\"connexion\";b:1;s:4:\"mail\";s:24:\"birahim.babou@uvs.edu.sn\";s:6:\"profil\";s:1:\"1\";s:11:\"utilisateur\";s:1:\"1\";s:6:\"prenom\";s:7:\"Birahim\";s:3:\"nom\";s:5:\"BABOU\";s:4:\"role\";s:24:\"GMB_SUPER_ADMINISTRATEUR\";}'),
(375, 4, 1, 'a:7:{s:9:\"connexion\";b:1;s:4:\"mail\";s:24:\"birahim.babou@uvs.edu.sn\";s:6:\"profil\";s:1:\"1\";s:11:\"utilisateur\";s:1:\"1\";s:6:\"prenom\";s:7:\"Birahim\";s:3:\"nom\";s:5:\"BABOU\";s:4:\"role\";s:24:\"GMB_SUPER_ADMINISTRATEUR\";}'),
(376, 4, 1, 'a:7:{s:9:\"connexion\";b:1;s:4:\"mail\";s:24:\"birahim.babou@uvs.edu.sn\";s:6:\"profil\";s:1:\"1\";s:11:\"utilisateur\";s:1:\"1\";s:6:\"prenom\";s:7:\"Birahim\";s:3:\"nom\";s:5:\"BABOU\";s:4:\"role\";s:24:\"GMB_SUPER_ADMINISTRATEUR\";}'),
(377, 4, 1, 'a:7:{s:9:\"connexion\";b:1;s:4:\"mail\";s:24:\"birahim.babou@uvs.edu.sn\";s:6:\"profil\";s:1:\"1\";s:11:\"utilisateur\";s:1:\"1\";s:6:\"prenom\";s:7:\"Birahim\";s:3:\"nom\";s:5:\"BABOU\";s:4:\"role\";s:24:\"GMB_SUPER_ADMINISTRATEUR\";}'),
(378, 4, 1, 'a:7:{s:9:\"connexion\";b:1;s:4:\"mail\";s:24:\"birahim.babou@uvs.edu.sn\";s:6:\"profil\";s:1:\"1\";s:11:\"utilisateur\";s:1:\"1\";s:6:\"prenom\";s:7:\"Birahim\";s:3:\"nom\";s:5:\"BABOU\";s:4:\"role\";s:24:\"GMB_SUPER_ADMINISTRATEUR\";}'),
(379, 4, 1, 'a:7:{s:9:\"connexion\";b:1;s:4:\"mail\";s:24:\"birahim.babou@uvs.edu.sn\";s:6:\"profil\";s:1:\"1\";s:11:\"utilisateur\";s:1:\"1\";s:6:\"prenom\";s:7:\"Birahim\";s:3:\"nom\";s:5:\"BABOU\";s:4:\"role\";s:24:\"GMB_SUPER_ADMINISTRATEUR\";}'),
(380, 4, 1, 'a:7:{s:9:\"connexion\";b:1;s:4:\"mail\";s:24:\"birahim.babou@uvs.edu.sn\";s:6:\"profil\";s:1:\"1\";s:11:\"utilisateur\";s:1:\"1\";s:6:\"prenom\";s:7:\"Birahim\";s:3:\"nom\";s:5:\"BABOU\";s:4:\"role\";s:24:\"GMB_SUPER_ADMINISTRATEUR\";}'),
(381, 4, 1, 'a:7:{s:9:\"connexion\";b:1;s:4:\"mail\";s:24:\"birahim.babou@uvs.edu.sn\";s:6:\"profil\";s:1:\"1\";s:11:\"utilisateur\";s:1:\"1\";s:6:\"prenom\";s:7:\"Birahim\";s:3:\"nom\";s:5:\"BABOU\";s:4:\"role\";s:24:\"GMB_SUPER_ADMINISTRATEUR\";}'),
(382, 4, 1, 'a:7:{s:9:\"connexion\";b:1;s:4:\"mail\";s:24:\"birahim.babou@uvs.edu.sn\";s:6:\"profil\";s:1:\"1\";s:11:\"utilisateur\";s:1:\"1\";s:6:\"prenom\";s:7:\"Birahim\";s:3:\"nom\";s:5:\"BABOU\";s:4:\"role\";s:24:\"GMB_SUPER_ADMINISTRATEUR\";}'),
(383, 4, 1, 'a:7:{s:9:\"connexion\";b:1;s:4:\"mail\";s:24:\"birahim.babou@uvs.edu.sn\";s:6:\"profil\";s:1:\"1\";s:11:\"utilisateur\";s:1:\"1\";s:6:\"prenom\";s:7:\"Birahim\";s:3:\"nom\";s:5:\"BABOU\";s:4:\"role\";s:24:\"GMB_SUPER_ADMINISTRATEUR\";}'),
(384, 4, 1, 'a:7:{s:9:\"connexion\";b:1;s:4:\"mail\";s:24:\"birahim.babou@uvs.edu.sn\";s:6:\"profil\";s:1:\"1\";s:11:\"utilisateur\";s:1:\"1\";s:6:\"prenom\";s:7:\"Birahim\";s:3:\"nom\";s:5:\"BABOU\";s:4:\"role\";s:24:\"GMB_SUPER_ADMINISTRATEUR\";}'),
(385, 4, 1, 'a:7:{s:9:\"connexion\";b:1;s:4:\"mail\";s:24:\"birahim.babou@uvs.edu.sn\";s:6:\"profil\";s:1:\"1\";s:11:\"utilisateur\";s:1:\"1\";s:6:\"prenom\";s:7:\"Birahim\";s:3:\"nom\";s:5:\"BABOU\";s:4:\"role\";s:24:\"GMB_SUPER_ADMINISTRATEUR\";}'),
(386, 4, 1, 'a:7:{s:9:\"connexion\";b:1;s:4:\"mail\";s:24:\"birahim.babou@uvs.edu.sn\";s:6:\"profil\";s:1:\"1\";s:11:\"utilisateur\";s:1:\"1\";s:6:\"prenom\";s:7:\"Birahim\";s:3:\"nom\";s:5:\"BABOU\";s:4:\"role\";s:24:\"GMB_SUPER_ADMINISTRATEUR\";}'),
(387, 4, 1, 'a:7:{s:9:\"connexion\";b:1;s:4:\"mail\";s:24:\"birahim.babou@uvs.edu.sn\";s:6:\"profil\";s:1:\"1\";s:11:\"utilisateur\";s:1:\"1\";s:6:\"prenom\";s:7:\"Birahim\";s:3:\"nom\";s:5:\"BABOU\";s:4:\"role\";s:24:\"GMB_SUPER_ADMINISTRATEUR\";}'),
(388, 4, 1, 'a:7:{s:9:\"connexion\";b:1;s:4:\"mail\";s:24:\"birahim.babou@uvs.edu.sn\";s:6:\"profil\";s:1:\"1\";s:11:\"utilisateur\";s:1:\"1\";s:6:\"prenom\";s:7:\"Birahim\";s:3:\"nom\";s:5:\"BABOU\";s:4:\"role\";s:24:\"GMB_SUPER_ADMINISTRATEUR\";}'),
(389, 4, 1, 'a:7:{s:9:\"connexion\";b:1;s:4:\"mail\";s:24:\"birahim.babou@uvs.edu.sn\";s:6:\"profil\";s:1:\"1\";s:11:\"utilisateur\";s:1:\"1\";s:6:\"prenom\";s:7:\"Birahim\";s:3:\"nom\";s:5:\"BABOU\";s:4:\"role\";s:24:\"GMB_SUPER_ADMINISTRATEUR\";}'),
(390, 4, 1, 'a:7:{s:9:\"connexion\";b:1;s:4:\"mail\";s:24:\"birahim.babou@uvs.edu.sn\";s:6:\"profil\";s:1:\"1\";s:11:\"utilisateur\";s:1:\"1\";s:6:\"prenom\";s:7:\"Birahim\";s:3:\"nom\";s:5:\"BABOU\";s:4:\"role\";s:24:\"GMB_SUPER_ADMINISTRATEUR\";}'),
(391, 4, 1, 'a:7:{s:9:\"connexion\";b:1;s:4:\"mail\";s:24:\"birahim.babou@uvs.edu.sn\";s:6:\"profil\";s:1:\"1\";s:11:\"utilisateur\";s:1:\"1\";s:6:\"prenom\";s:7:\"Birahim\";s:3:\"nom\";s:5:\"BABOU\";s:4:\"role\";s:24:\"GMB_SUPER_ADMINISTRATEUR\";}'),
(392, 4, 1, 'a:7:{s:9:\"connexion\";b:1;s:4:\"mail\";s:24:\"birahim.babou@uvs.edu.sn\";s:6:\"profil\";s:1:\"1\";s:11:\"utilisateur\";s:1:\"1\";s:6:\"prenom\";s:7:\"Birahim\";s:3:\"nom\";s:5:\"BABOU\";s:4:\"role\";s:24:\"GMB_SUPER_ADMINISTRATEUR\";}'),
(393, 4, 1, 'a:7:{s:9:\"connexion\";b:1;s:4:\"mail\";s:24:\"birahim.babou@uvs.edu.sn\";s:6:\"profil\";s:1:\"1\";s:11:\"utilisateur\";s:1:\"1\";s:6:\"prenom\";s:7:\"Birahim\";s:3:\"nom\";s:5:\"BABOU\";s:4:\"role\";s:24:\"GMB_SUPER_ADMINISTRATEUR\";}'),
(394, 4, 1, 'a:7:{s:9:\"connexion\";b:1;s:4:\"mail\";s:24:\"birahim.babou@uvs.edu.sn\";s:6:\"profil\";s:1:\"1\";s:11:\"utilisateur\";s:1:\"1\";s:6:\"prenom\";s:7:\"Birahim\";s:3:\"nom\";s:5:\"BABOU\";s:4:\"role\";s:24:\"GMB_SUPER_ADMINISTRATEUR\";}'),
(395, 4, 1, 'a:7:{s:9:\"connexion\";b:1;s:4:\"mail\";s:24:\"birahim.babou@uvs.edu.sn\";s:6:\"profil\";s:1:\"1\";s:11:\"utilisateur\";s:1:\"1\";s:6:\"prenom\";s:7:\"Birahim\";s:3:\"nom\";s:5:\"BABOU\";s:4:\"role\";s:24:\"GMB_SUPER_ADMINISTRATEUR\";}'),
(396, 4, 1, 'a:7:{s:9:\"connexion\";b:1;s:4:\"mail\";s:24:\"birahim.babou@uvs.edu.sn\";s:6:\"profil\";s:1:\"1\";s:11:\"utilisateur\";s:1:\"1\";s:6:\"prenom\";s:7:\"Birahim\";s:3:\"nom\";s:5:\"BABOU\";s:4:\"role\";s:24:\"GMB_SUPER_ADMINISTRATEUR\";}'),
(397, 4, 1, 'a:7:{s:9:\"connexion\";b:1;s:4:\"mail\";s:24:\"birahim.babou@uvs.edu.sn\";s:6:\"profil\";s:1:\"1\";s:11:\"utilisateur\";s:1:\"1\";s:6:\"prenom\";s:7:\"Birahim\";s:3:\"nom\";s:5:\"BABOU\";s:4:\"role\";s:24:\"GMB_SUPER_ADMINISTRATEUR\";}'),
(398, 4, 1, 'a:7:{s:9:\"connexion\";b:1;s:4:\"mail\";s:24:\"birahim.babou@uvs.edu.sn\";s:6:\"profil\";s:1:\"1\";s:11:\"utilisateur\";s:1:\"1\";s:6:\"prenom\";s:7:\"Birahim\";s:3:\"nom\";s:5:\"BABOU\";s:4:\"role\";s:24:\"GMB_SUPER_ADMINISTRATEUR\";}'),
(399, 4, 1, 'a:7:{s:9:\"connexion\";b:1;s:4:\"mail\";s:24:\"birahim.babou@uvs.edu.sn\";s:6:\"profil\";s:1:\"1\";s:11:\"utilisateur\";s:1:\"1\";s:6:\"prenom\";s:7:\"Birahim\";s:3:\"nom\";s:5:\"BABOU\";s:4:\"role\";s:24:\"GMB_SUPER_ADMINISTRATEUR\";}'),
(400, 4, 1, 'a:7:{s:9:\"connexion\";b:1;s:4:\"mail\";s:24:\"birahim.babou@uvs.edu.sn\";s:6:\"profil\";s:1:\"1\";s:11:\"utilisateur\";s:1:\"1\";s:6:\"prenom\";s:7:\"Birahim\";s:3:\"nom\";s:5:\"BABOU\";s:4:\"role\";s:24:\"GMB_SUPER_ADMINISTRATEUR\";}'),
(401, 4, 1, 'a:7:{s:9:\"connexion\";b:1;s:4:\"mail\";s:24:\"birahim.babou@uvs.edu.sn\";s:6:\"profil\";s:1:\"1\";s:11:\"utilisateur\";s:1:\"1\";s:6:\"prenom\";s:7:\"Birahim\";s:3:\"nom\";s:5:\"BABOU\";s:4:\"role\";s:24:\"GMB_SUPER_ADMINISTRATEUR\";}');
INSERT INTO `ban_hist` (`id`, `type`, `user`, `valeur`) VALUES
(402, 4, 1, 'a:7:{s:9:\"connexion\";b:1;s:4:\"mail\";s:24:\"birahim.babou@uvs.edu.sn\";s:6:\"profil\";s:1:\"1\";s:11:\"utilisateur\";s:1:\"1\";s:6:\"prenom\";s:7:\"Birahim\";s:3:\"nom\";s:5:\"BABOU\";s:4:\"role\";s:24:\"GMB_SUPER_ADMINISTRATEUR\";}'),
(403, 4, 1, 'a:7:{s:9:\"connexion\";b:1;s:4:\"mail\";s:24:\"birahim.babou@uvs.edu.sn\";s:6:\"profil\";s:1:\"1\";s:11:\"utilisateur\";s:1:\"1\";s:6:\"prenom\";s:7:\"Birahim\";s:3:\"nom\";s:5:\"BABOU\";s:4:\"role\";s:24:\"GMB_SUPER_ADMINISTRATEUR\";}'),
(404, 4, 1, 'a:7:{s:9:\"connexion\";b:1;s:4:\"mail\";s:24:\"birahim.babou@uvs.edu.sn\";s:6:\"profil\";s:1:\"1\";s:11:\"utilisateur\";s:1:\"1\";s:6:\"prenom\";s:7:\"Birahim\";s:3:\"nom\";s:5:\"BABOU\";s:4:\"role\";s:24:\"GMB_SUPER_ADMINISTRATEUR\";}'),
(405, 4, 1, 'a:7:{s:9:\"connexion\";b:1;s:4:\"mail\";s:24:\"birahim.babou@uvs.edu.sn\";s:6:\"profil\";s:1:\"1\";s:11:\"utilisateur\";s:1:\"1\";s:6:\"prenom\";s:7:\"Birahim\";s:3:\"nom\";s:5:\"BABOU\";s:4:\"role\";s:24:\"GMB_SUPER_ADMINISTRATEUR\";}'),
(406, 4, 1, 'a:7:{s:9:\"connexion\";b:1;s:4:\"mail\";s:24:\"birahim.babou@uvs.edu.sn\";s:6:\"profil\";s:1:\"1\";s:11:\"utilisateur\";s:1:\"1\";s:6:\"prenom\";s:7:\"Birahim\";s:3:\"nom\";s:5:\"BABOU\";s:4:\"role\";s:24:\"GMB_SUPER_ADMINISTRATEUR\";}'),
(407, 4, 1, 'a:7:{s:9:\"connexion\";b:1;s:4:\"mail\";s:24:\"birahim.babou@uvs.edu.sn\";s:6:\"profil\";s:1:\"1\";s:11:\"utilisateur\";s:1:\"1\";s:6:\"prenom\";s:7:\"Birahim\";s:3:\"nom\";s:5:\"BABOU\";s:4:\"role\";s:24:\"GMB_SUPER_ADMINISTRATEUR\";}'),
(408, 4, 1, 'a:7:{s:9:\"connexion\";b:1;s:4:\"mail\";s:24:\"birahim.babou@uvs.edu.sn\";s:6:\"profil\";s:1:\"1\";s:11:\"utilisateur\";s:1:\"1\";s:6:\"prenom\";s:7:\"Birahim\";s:3:\"nom\";s:5:\"BABOU\";s:4:\"role\";s:24:\"GMB_SUPER_ADMINISTRATEUR\";}'),
(409, 4, 1, 'a:7:{s:9:\"connexion\";b:1;s:4:\"mail\";s:24:\"birahim.babou@uvs.edu.sn\";s:6:\"profil\";s:1:\"1\";s:11:\"utilisateur\";s:1:\"1\";s:6:\"prenom\";s:7:\"Birahim\";s:3:\"nom\";s:5:\"BABOU\";s:4:\"role\";s:24:\"GMB_SUPER_ADMINISTRATEUR\";}'),
(410, 4, 1, 'a:7:{s:9:\"connexion\";b:1;s:4:\"mail\";s:24:\"birahim.babou@uvs.edu.sn\";s:6:\"profil\";s:1:\"1\";s:11:\"utilisateur\";s:1:\"1\";s:6:\"prenom\";s:7:\"Birahim\";s:3:\"nom\";s:5:\"BABOU\";s:4:\"role\";s:24:\"GMB_SUPER_ADMINISTRATEUR\";}'),
(411, 4, 1, 'a:7:{s:9:\"connexion\";b:1;s:4:\"mail\";s:24:\"birahim.babou@uvs.edu.sn\";s:6:\"profil\";s:1:\"1\";s:11:\"utilisateur\";s:1:\"1\";s:6:\"prenom\";s:7:\"Birahim\";s:3:\"nom\";s:5:\"BABOU\";s:4:\"role\";s:24:\"GMB_SUPER_ADMINISTRATEUR\";}'),
(412, 4, 1, 'a:7:{s:9:\"connexion\";b:1;s:4:\"mail\";s:24:\"birahim.babou@uvs.edu.sn\";s:6:\"profil\";s:1:\"1\";s:11:\"utilisateur\";s:1:\"1\";s:6:\"prenom\";s:7:\"Birahim\";s:3:\"nom\";s:5:\"BABOU\";s:4:\"role\";s:24:\"GMB_SUPER_ADMINISTRATEUR\";}'),
(413, 4, 1, 'a:7:{s:9:\"connexion\";b:1;s:4:\"mail\";s:24:\"birahim.babou@uvs.edu.sn\";s:6:\"profil\";s:1:\"1\";s:11:\"utilisateur\";s:1:\"1\";s:6:\"prenom\";s:7:\"Birahim\";s:3:\"nom\";s:5:\"BABOU\";s:4:\"role\";s:24:\"GMB_SUPER_ADMINISTRATEUR\";}'),
(414, 4, 1, 'a:7:{s:9:\"connexion\";b:1;s:4:\"mail\";s:24:\"birahim.babou@uvs.edu.sn\";s:6:\"profil\";s:1:\"1\";s:11:\"utilisateur\";s:1:\"1\";s:6:\"prenom\";s:7:\"Birahim\";s:3:\"nom\";s:5:\"BABOU\";s:4:\"role\";s:24:\"GMB_SUPER_ADMINISTRATEUR\";}'),
(415, 4, 1, 'a:7:{s:9:\"connexion\";b:1;s:4:\"mail\";s:24:\"birahim.babou@uvs.edu.sn\";s:6:\"profil\";s:1:\"1\";s:11:\"utilisateur\";s:1:\"1\";s:6:\"prenom\";s:7:\"Birahim\";s:3:\"nom\";s:5:\"BABOU\";s:4:\"role\";s:24:\"GMB_SUPER_ADMINISTRATEUR\";}'),
(416, 4, 1, 'a:7:{s:9:\"connexion\";b:1;s:4:\"mail\";s:24:\"birahim.babou@uvs.edu.sn\";s:6:\"profil\";s:1:\"1\";s:11:\"utilisateur\";s:1:\"1\";s:6:\"prenom\";s:7:\"Birahim\";s:3:\"nom\";s:5:\"BABOU\";s:4:\"role\";s:24:\"GMB_SUPER_ADMINISTRATEUR\";}'),
(417, 4, 1, 'a:7:{s:9:\"connexion\";b:1;s:4:\"mail\";s:24:\"birahim.babou@uvs.edu.sn\";s:6:\"profil\";s:1:\"1\";s:11:\"utilisateur\";s:1:\"1\";s:6:\"prenom\";s:7:\"Birahim\";s:3:\"nom\";s:5:\"BABOU\";s:4:\"role\";s:24:\"GMB_SUPER_ADMINISTRATEUR\";}'),
(418, 4, 1, 'a:7:{s:9:\"connexion\";b:1;s:4:\"mail\";s:24:\"birahim.babou@uvs.edu.sn\";s:6:\"profil\";s:1:\"1\";s:11:\"utilisateur\";s:1:\"1\";s:6:\"prenom\";s:7:\"Birahim\";s:3:\"nom\";s:5:\"BABOU\";s:4:\"role\";s:24:\"GMB_SUPER_ADMINISTRATEUR\";}'),
(419, 4, 1, 'a:7:{s:9:\"connexion\";b:1;s:4:\"mail\";s:24:\"birahim.babou@uvs.edu.sn\";s:6:\"profil\";s:1:\"1\";s:11:\"utilisateur\";s:1:\"1\";s:6:\"prenom\";s:7:\"Birahim\";s:3:\"nom\";s:5:\"BABOU\";s:4:\"role\";s:24:\"GMB_SUPER_ADMINISTRATEUR\";}'),
(420, 4, 1, 'a:7:{s:9:\"connexion\";b:1;s:4:\"mail\";s:24:\"birahim.babou@uvs.edu.sn\";s:6:\"profil\";s:1:\"1\";s:11:\"utilisateur\";s:1:\"1\";s:6:\"prenom\";s:7:\"Birahim\";s:3:\"nom\";s:5:\"BABOU\";s:4:\"role\";s:24:\"GMB_SUPER_ADMINISTRATEUR\";}'),
(421, 4, 1, 'a:7:{s:9:\"connexion\";b:1;s:4:\"mail\";s:24:\"birahim.babou@uvs.edu.sn\";s:6:\"profil\";s:1:\"1\";s:11:\"utilisateur\";s:1:\"1\";s:6:\"prenom\";s:7:\"Birahim\";s:3:\"nom\";s:5:\"BABOU\";s:4:\"role\";s:24:\"GMB_SUPER_ADMINISTRATEUR\";}'),
(422, 4, 1, 'a:7:{s:9:\"connexion\";b:1;s:4:\"mail\";s:24:\"birahim.babou@uvs.edu.sn\";s:6:\"profil\";s:1:\"1\";s:11:\"utilisateur\";s:1:\"1\";s:6:\"prenom\";s:7:\"Birahim\";s:3:\"nom\";s:5:\"BABOU\";s:4:\"role\";s:24:\"GMB_SUPER_ADMINISTRATEUR\";}'),
(423, 4, 1, 'a:7:{s:9:\"connexion\";b:1;s:4:\"mail\";s:24:\"birahim.babou@uvs.edu.sn\";s:6:\"profil\";s:1:\"1\";s:11:\"utilisateur\";s:1:\"1\";s:6:\"prenom\";s:7:\"Birahim\";s:3:\"nom\";s:5:\"BABOU\";s:4:\"role\";s:24:\"GMB_SUPER_ADMINISTRATEUR\";}'),
(424, 4, 1, 'a:7:{s:9:\"connexion\";b:1;s:4:\"mail\";s:24:\"birahim.babou@uvs.edu.sn\";s:6:\"profil\";s:1:\"1\";s:11:\"utilisateur\";s:1:\"1\";s:6:\"prenom\";s:7:\"Birahim\";s:3:\"nom\";s:5:\"BABOU\";s:4:\"role\";s:24:\"GMB_SUPER_ADMINISTRATEUR\";}'),
(425, 4, 1, 'a:7:{s:9:\"connexion\";b:1;s:4:\"mail\";s:24:\"birahim.babou@uvs.edu.sn\";s:6:\"profil\";s:1:\"1\";s:11:\"utilisateur\";s:1:\"1\";s:6:\"prenom\";s:7:\"Birahim\";s:3:\"nom\";s:5:\"BABOU\";s:4:\"role\";s:24:\"GMB_SUPER_ADMINISTRATEUR\";}'),
(426, 4, 1, 'a:7:{s:9:\"connexion\";b:1;s:4:\"mail\";s:24:\"birahim.babou@uvs.edu.sn\";s:6:\"profil\";s:1:\"1\";s:11:\"utilisateur\";s:1:\"1\";s:6:\"prenom\";s:7:\"Birahim\";s:3:\"nom\";s:5:\"BABOU\";s:4:\"role\";s:24:\"GMB_SUPER_ADMINISTRATEUR\";}'),
(427, 4, 1, 'a:7:{s:9:\"connexion\";b:1;s:4:\"mail\";s:24:\"birahim.babou@uvs.edu.sn\";s:6:\"profil\";s:1:\"1\";s:11:\"utilisateur\";s:1:\"1\";s:6:\"prenom\";s:7:\"Birahim\";s:3:\"nom\";s:5:\"BABOU\";s:4:\"role\";s:24:\"GMB_SUPER_ADMINISTRATEUR\";}'),
(428, 4, 1, 'a:7:{s:9:\"connexion\";b:1;s:4:\"mail\";s:24:\"birahim.babou@uvs.edu.sn\";s:6:\"profil\";s:1:\"1\";s:11:\"utilisateur\";s:1:\"1\";s:6:\"prenom\";s:7:\"Birahim\";s:3:\"nom\";s:5:\"BABOU\";s:4:\"role\";s:24:\"GMB_SUPER_ADMINISTRATEUR\";}'),
(429, 4, 1, 'a:7:{s:9:\"connexion\";b:1;s:4:\"mail\";s:24:\"birahim.babou@uvs.edu.sn\";s:6:\"profil\";s:1:\"1\";s:11:\"utilisateur\";s:1:\"1\";s:6:\"prenom\";s:7:\"Birahim\";s:3:\"nom\";s:5:\"BABOU\";s:4:\"role\";s:24:\"GMB_SUPER_ADMINISTRATEUR\";}'),
(430, 4, 1, 'a:7:{s:9:\"connexion\";b:1;s:4:\"mail\";s:24:\"birahim.babou@uvs.edu.sn\";s:6:\"profil\";s:1:\"1\";s:11:\"utilisateur\";s:1:\"1\";s:6:\"prenom\";s:7:\"Birahim\";s:3:\"nom\";s:5:\"BABOU\";s:4:\"role\";s:24:\"GMB_SUPER_ADMINISTRATEUR\";}'),
(431, 4, 1, 'a:7:{s:9:\"connexion\";b:1;s:4:\"mail\";s:24:\"birahim.babou@uvs.edu.sn\";s:6:\"profil\";s:1:\"1\";s:11:\"utilisateur\";s:1:\"1\";s:6:\"prenom\";s:7:\"Birahim\";s:3:\"nom\";s:5:\"BABOU\";s:4:\"role\";s:24:\"GMB_SUPER_ADMINISTRATEUR\";}'),
(432, 4, 1, 'a:7:{s:9:\"connexion\";b:1;s:4:\"mail\";s:24:\"birahim.babou@uvs.edu.sn\";s:6:\"profil\";s:1:\"1\";s:11:\"utilisateur\";s:1:\"1\";s:6:\"prenom\";s:7:\"Birahim\";s:3:\"nom\";s:5:\"BABOU\";s:4:\"role\";s:24:\"GMB_SUPER_ADMINISTRATEUR\";}'),
(433, 4, 1, 'a:7:{s:9:\"connexion\";b:1;s:4:\"mail\";s:24:\"birahim.babou@uvs.edu.sn\";s:6:\"profil\";s:1:\"1\";s:11:\"utilisateur\";s:1:\"1\";s:6:\"prenom\";s:7:\"Birahim\";s:3:\"nom\";s:5:\"BABOU\";s:4:\"role\";s:24:\"GMB_SUPER_ADMINISTRATEUR\";}'),
(434, 4, 1, 'a:7:{s:9:\"connexion\";b:1;s:4:\"mail\";s:24:\"birahim.babou@uvs.edu.sn\";s:6:\"profil\";s:1:\"1\";s:11:\"utilisateur\";s:1:\"1\";s:6:\"prenom\";s:7:\"Birahim\";s:3:\"nom\";s:5:\"BABOU\";s:4:\"role\";s:24:\"GMB_SUPER_ADMINISTRATEUR\";}'),
(435, 4, 1, 'a:7:{s:9:\"connexion\";b:1;s:4:\"mail\";s:24:\"birahim.babou@uvs.edu.sn\";s:6:\"profil\";s:1:\"1\";s:11:\"utilisateur\";s:1:\"1\";s:6:\"prenom\";s:7:\"Birahim\";s:3:\"nom\";s:5:\"BABOU\";s:4:\"role\";s:24:\"GMB_SUPER_ADMINISTRATEUR\";}'),
(436, 4, 1, 'a:7:{s:9:\"connexion\";b:1;s:4:\"mail\";s:24:\"birahim.babou@uvs.edu.sn\";s:6:\"profil\";s:1:\"1\";s:11:\"utilisateur\";s:1:\"1\";s:6:\"prenom\";s:7:\"Birahim\";s:3:\"nom\";s:5:\"BABOU\";s:4:\"role\";s:24:\"GMB_SUPER_ADMINISTRATEUR\";}'),
(437, 4, 1, 'a:7:{s:9:\"connexion\";b:1;s:4:\"mail\";s:24:\"birahim.babou@uvs.edu.sn\";s:6:\"profil\";s:1:\"1\";s:11:\"utilisateur\";s:1:\"1\";s:6:\"prenom\";s:7:\"Birahim\";s:3:\"nom\";s:5:\"BABOU\";s:4:\"role\";s:24:\"GMB_SUPER_ADMINISTRATEUR\";}'),
(438, 4, 1, 'a:7:{s:9:\"connexion\";b:1;s:4:\"mail\";s:24:\"birahim.babou@uvs.edu.sn\";s:6:\"profil\";s:1:\"1\";s:11:\"utilisateur\";s:1:\"1\";s:6:\"prenom\";s:7:\"Birahim\";s:3:\"nom\";s:5:\"BABOU\";s:4:\"role\";s:24:\"GMB_SUPER_ADMINISTRATEUR\";}'),
(439, 4, 1, 'a:7:{s:9:\"connexion\";b:1;s:4:\"mail\";s:24:\"birahim.babou@uvs.edu.sn\";s:6:\"profil\";s:1:\"1\";s:11:\"utilisateur\";s:1:\"1\";s:6:\"prenom\";s:7:\"Birahim\";s:3:\"nom\";s:5:\"BABOU\";s:4:\"role\";s:24:\"GMB_SUPER_ADMINISTRATEUR\";}'),
(440, 4, 1, 'a:7:{s:9:\"connexion\";b:1;s:4:\"mail\";s:24:\"birahim.babou@uvs.edu.sn\";s:6:\"profil\";s:1:\"1\";s:11:\"utilisateur\";s:1:\"1\";s:6:\"prenom\";s:7:\"Birahim\";s:3:\"nom\";s:5:\"BABOU\";s:4:\"role\";s:24:\"GMB_SUPER_ADMINISTRATEUR\";}'),
(441, 4, 1, 'a:7:{s:9:\"connexion\";b:1;s:4:\"mail\";s:24:\"birahim.babou@uvs.edu.sn\";s:6:\"profil\";s:1:\"1\";s:11:\"utilisateur\";s:1:\"1\";s:6:\"prenom\";s:7:\"Birahim\";s:3:\"nom\";s:5:\"BABOU\";s:4:\"role\";s:24:\"GMB_SUPER_ADMINISTRATEUR\";}'),
(442, 4, 1, 'a:7:{s:9:\"connexion\";b:1;s:4:\"mail\";s:24:\"birahim.babou@uvs.edu.sn\";s:6:\"profil\";s:1:\"1\";s:11:\"utilisateur\";s:1:\"1\";s:6:\"prenom\";s:7:\"Birahim\";s:3:\"nom\";s:5:\"BABOU\";s:4:\"role\";s:24:\"GMB_SUPER_ADMINISTRATEUR\";}'),
(443, 4, 1, 'a:7:{s:9:\"connexion\";b:1;s:4:\"mail\";s:24:\"birahim.babou@uvs.edu.sn\";s:6:\"profil\";s:1:\"1\";s:11:\"utilisateur\";s:1:\"1\";s:6:\"prenom\";s:7:\"Birahim\";s:3:\"nom\";s:5:\"BABOU\";s:4:\"role\";s:24:\"GMB_SUPER_ADMINISTRATEUR\";}'),
(444, 4, 1, 'a:7:{s:9:\"connexion\";b:1;s:4:\"mail\";s:24:\"birahim.babou@uvs.edu.sn\";s:6:\"profil\";s:1:\"1\";s:11:\"utilisateur\";s:1:\"1\";s:6:\"prenom\";s:7:\"Birahim\";s:3:\"nom\";s:5:\"BABOU\";s:4:\"role\";s:24:\"GMB_SUPER_ADMINISTRATEUR\";}'),
(445, 4, 1, 'a:7:{s:9:\"connexion\";b:1;s:4:\"mail\";s:24:\"birahim.babou@uvs.edu.sn\";s:6:\"profil\";s:1:\"1\";s:11:\"utilisateur\";s:1:\"1\";s:6:\"prenom\";s:7:\"Birahim\";s:3:\"nom\";s:5:\"BABOU\";s:4:\"role\";s:24:\"GMB_SUPER_ADMINISTRATEUR\";}'),
(446, 4, 1, 'a:7:{s:9:\"connexion\";b:1;s:4:\"mail\";s:24:\"birahim.babou@uvs.edu.sn\";s:6:\"profil\";s:1:\"1\";s:11:\"utilisateur\";s:1:\"1\";s:6:\"prenom\";s:7:\"Birahim\";s:3:\"nom\";s:5:\"BABOU\";s:4:\"role\";s:24:\"GMB_SUPER_ADMINISTRATEUR\";}'),
(447, 4, 1, 'a:7:{s:9:\"connexion\";b:1;s:4:\"mail\";s:24:\"birahim.babou@uvs.edu.sn\";s:6:\"profil\";s:1:\"1\";s:11:\"utilisateur\";s:1:\"1\";s:6:\"prenom\";s:7:\"Birahim\";s:3:\"nom\";s:5:\"BABOU\";s:4:\"role\";s:24:\"GMB_SUPER_ADMINISTRATEUR\";}'),
(448, 4, 1, 'a:7:{s:9:\"connexion\";b:1;s:4:\"mail\";s:24:\"birahim.babou@uvs.edu.sn\";s:6:\"profil\";s:1:\"1\";s:11:\"utilisateur\";s:1:\"1\";s:6:\"prenom\";s:7:\"Birahim\";s:3:\"nom\";s:5:\"BABOU\";s:4:\"role\";s:24:\"GMB_SUPER_ADMINISTRATEUR\";}'),
(449, 4, 1, 'a:7:{s:9:\"connexion\";b:1;s:4:\"mail\";s:24:\"birahim.babou@uvs.edu.sn\";s:6:\"profil\";s:1:\"1\";s:11:\"utilisateur\";s:1:\"1\";s:6:\"prenom\";s:7:\"Birahim\";s:3:\"nom\";s:5:\"BABOU\";s:4:\"role\";s:24:\"GMB_SUPER_ADMINISTRATEUR\";}'),
(450, 4, 1, 'a:7:{s:9:\"connexion\";b:1;s:4:\"mail\";s:24:\"birahim.babou@uvs.edu.sn\";s:6:\"profil\";s:1:\"1\";s:11:\"utilisateur\";s:1:\"1\";s:6:\"prenom\";s:7:\"Birahim\";s:3:\"nom\";s:5:\"BABOU\";s:4:\"role\";s:24:\"GMB_SUPER_ADMINISTRATEUR\";}'),
(451, 4, 1, 'a:7:{s:9:\"connexion\";b:1;s:4:\"mail\";s:24:\"birahim.babou@uvs.edu.sn\";s:6:\"profil\";s:1:\"1\";s:11:\"utilisateur\";s:1:\"1\";s:6:\"prenom\";s:7:\"Birahim\";s:3:\"nom\";s:5:\"BABOU\";s:4:\"role\";s:24:\"GMB_SUPER_ADMINISTRATEUR\";}'),
(452, 4, 1, 'a:7:{s:9:\"connexion\";b:1;s:4:\"mail\";s:24:\"birahim.babou@uvs.edu.sn\";s:6:\"profil\";s:1:\"1\";s:11:\"utilisateur\";s:1:\"1\";s:6:\"prenom\";s:7:\"Birahim\";s:3:\"nom\";s:5:\"BABOU\";s:4:\"role\";s:24:\"GMB_SUPER_ADMINISTRATEUR\";}'),
(453, 4, 1, 'a:7:{s:9:\"connexion\";b:1;s:4:\"mail\";s:24:\"birahim.babou@uvs.edu.sn\";s:6:\"profil\";s:1:\"1\";s:11:\"utilisateur\";s:1:\"1\";s:6:\"prenom\";s:7:\"Birahim\";s:3:\"nom\";s:5:\"BABOU\";s:4:\"role\";s:24:\"GMB_SUPER_ADMINISTRATEUR\";}'),
(454, 4, 1, 'a:7:{s:9:\"connexion\";b:1;s:4:\"mail\";s:24:\"birahim.babou@uvs.edu.sn\";s:6:\"profil\";s:1:\"1\";s:11:\"utilisateur\";s:1:\"1\";s:6:\"prenom\";s:7:\"Birahim\";s:3:\"nom\";s:5:\"BABOU\";s:4:\"role\";s:24:\"GMB_SUPER_ADMINISTRATEUR\";}'),
(455, 4, 1, 'a:7:{s:9:\"connexion\";b:1;s:4:\"mail\";s:24:\"birahim.babou@uvs.edu.sn\";s:6:\"profil\";s:1:\"1\";s:11:\"utilisateur\";s:1:\"1\";s:6:\"prenom\";s:7:\"Birahim\";s:3:\"nom\";s:5:\"BABOU\";s:4:\"role\";s:24:\"GMB_SUPER_ADMINISTRATEUR\";}'),
(456, 4, 1, 'a:7:{s:9:\"connexion\";b:1;s:4:\"mail\";s:24:\"birahim.babou@uvs.edu.sn\";s:6:\"profil\";s:1:\"1\";s:11:\"utilisateur\";s:1:\"1\";s:6:\"prenom\";s:7:\"Birahim\";s:3:\"nom\";s:5:\"BABOU\";s:4:\"role\";s:24:\"GMB_SUPER_ADMINISTRATEUR\";}'),
(457, 4, 1, 'a:7:{s:9:\"connexion\";b:1;s:4:\"mail\";s:24:\"birahim.babou@uvs.edu.sn\";s:6:\"profil\";s:1:\"1\";s:11:\"utilisateur\";s:1:\"1\";s:6:\"prenom\";s:7:\"Birahim\";s:3:\"nom\";s:5:\"BABOU\";s:4:\"role\";s:24:\"GMB_SUPER_ADMINISTRATEUR\";}'),
(458, 4, 1, 'a:7:{s:9:\"connexion\";b:1;s:4:\"mail\";s:24:\"birahim.babou@uvs.edu.sn\";s:6:\"profil\";s:1:\"1\";s:11:\"utilisateur\";s:1:\"1\";s:6:\"prenom\";s:7:\"Birahim\";s:3:\"nom\";s:5:\"BABOU\";s:4:\"role\";s:24:\"GMB_SUPER_ADMINISTRATEUR\";}'),
(459, 4, 1, 'a:7:{s:9:\"connexion\";b:1;s:4:\"mail\";s:24:\"birahim.babou@uvs.edu.sn\";s:6:\"profil\";s:1:\"1\";s:11:\"utilisateur\";s:1:\"1\";s:6:\"prenom\";s:7:\"Birahim\";s:3:\"nom\";s:5:\"BABOU\";s:4:\"role\";s:24:\"GMB_SUPER_ADMINISTRATEUR\";}'),
(460, 4, 1, 'a:7:{s:9:\"connexion\";b:1;s:4:\"mail\";s:24:\"birahim.babou@uvs.edu.sn\";s:6:\"profil\";s:1:\"1\";s:11:\"utilisateur\";s:1:\"1\";s:6:\"prenom\";s:7:\"Birahim\";s:3:\"nom\";s:5:\"BABOU\";s:4:\"role\";s:24:\"GMB_SUPER_ADMINISTRATEUR\";}'),
(461, 4, 1, 'a:7:{s:9:\"connexion\";b:1;s:4:\"mail\";s:24:\"birahim.babou@uvs.edu.sn\";s:6:\"profil\";s:1:\"1\";s:11:\"utilisateur\";s:1:\"1\";s:6:\"prenom\";s:7:\"Birahim\";s:3:\"nom\";s:5:\"BABOU\";s:4:\"role\";s:24:\"GMB_SUPER_ADMINISTRATEUR\";}'),
(462, 4, 1, 'a:7:{s:9:\"connexion\";b:1;s:4:\"mail\";s:24:\"birahim.babou@uvs.edu.sn\";s:6:\"profil\";s:1:\"1\";s:11:\"utilisateur\";s:1:\"1\";s:6:\"prenom\";s:7:\"Birahim\";s:3:\"nom\";s:5:\"BABOU\";s:4:\"role\";s:24:\"GMB_SUPER_ADMINISTRATEUR\";}'),
(463, 4, 1, 'a:7:{s:9:\"connexion\";b:1;s:4:\"mail\";s:24:\"birahim.babou@uvs.edu.sn\";s:6:\"profil\";s:1:\"1\";s:11:\"utilisateur\";s:1:\"1\";s:6:\"prenom\";s:7:\"Birahim\";s:3:\"nom\";s:5:\"BABOU\";s:4:\"role\";s:24:\"GMB_SUPER_ADMINISTRATEUR\";}'),
(464, 4, 1, 'a:7:{s:9:\"connexion\";b:1;s:4:\"mail\";s:24:\"birahim.babou@uvs.edu.sn\";s:6:\"profil\";s:1:\"1\";s:11:\"utilisateur\";s:1:\"1\";s:6:\"prenom\";s:7:\"Birahim\";s:3:\"nom\";s:5:\"BABOU\";s:4:\"role\";s:24:\"GMB_SUPER_ADMINISTRATEUR\";}'),
(465, 4, 1, 'a:7:{s:9:\"connexion\";b:1;s:4:\"mail\";s:24:\"birahim.babou@uvs.edu.sn\";s:6:\"profil\";s:1:\"1\";s:11:\"utilisateur\";s:1:\"1\";s:6:\"prenom\";s:7:\"Birahim\";s:3:\"nom\";s:5:\"BABOU\";s:4:\"role\";s:24:\"GMB_SUPER_ADMINISTRATEUR\";}'),
(466, 4, 1, 'a:7:{s:9:\"connexion\";b:1;s:4:\"mail\";s:24:\"birahim.babou@uvs.edu.sn\";s:6:\"profil\";s:1:\"1\";s:11:\"utilisateur\";s:1:\"1\";s:6:\"prenom\";s:7:\"Birahim\";s:3:\"nom\";s:5:\"BABOU\";s:4:\"role\";s:24:\"GMB_SUPER_ADMINISTRATEUR\";}'),
(467, 4, 1, 'a:7:{s:9:\"connexion\";b:1;s:4:\"mail\";s:24:\"birahim.babou@uvs.edu.sn\";s:6:\"profil\";s:1:\"1\";s:11:\"utilisateur\";s:1:\"1\";s:6:\"prenom\";s:7:\"Birahim\";s:3:\"nom\";s:5:\"BABOU\";s:4:\"role\";s:24:\"GMB_SUPER_ADMINISTRATEUR\";}'),
(468, 4, 1, 'a:7:{s:9:\"connexion\";b:1;s:4:\"mail\";s:24:\"birahim.babou@uvs.edu.sn\";s:6:\"profil\";s:1:\"1\";s:11:\"utilisateur\";s:1:\"1\";s:6:\"prenom\";s:7:\"Birahim\";s:3:\"nom\";s:5:\"BABOU\";s:4:\"role\";s:24:\"GMB_SUPER_ADMINISTRATEUR\";}'),
(469, 4, 1, 'a:7:{s:9:\"connexion\";b:1;s:4:\"mail\";s:24:\"birahim.babou@uvs.edu.sn\";s:6:\"profil\";s:1:\"1\";s:11:\"utilisateur\";s:1:\"1\";s:6:\"prenom\";s:7:\"Birahim\";s:3:\"nom\";s:5:\"BABOU\";s:4:\"role\";s:24:\"GMB_SUPER_ADMINISTRATEUR\";}'),
(470, 4, 1, 'a:7:{s:9:\"connexion\";b:1;s:4:\"mail\";s:24:\"birahim.babou@uvs.edu.sn\";s:6:\"profil\";s:1:\"1\";s:11:\"utilisateur\";s:1:\"1\";s:6:\"prenom\";s:7:\"Birahim\";s:3:\"nom\";s:5:\"BABOU\";s:4:\"role\";s:24:\"GMB_SUPER_ADMINISTRATEUR\";}'),
(471, 4, 1, 'a:7:{s:9:\"connexion\";b:1;s:4:\"mail\";s:24:\"birahim.babou@uvs.edu.sn\";s:6:\"profil\";s:1:\"1\";s:11:\"utilisateur\";s:1:\"1\";s:6:\"prenom\";s:7:\"Birahim\";s:3:\"nom\";s:5:\"BABOU\";s:4:\"role\";s:24:\"GMB_SUPER_ADMINISTRATEUR\";}'),
(472, 4, 1, 'a:7:{s:9:\"connexion\";b:1;s:4:\"mail\";s:24:\"birahim.babou@uvs.edu.sn\";s:6:\"profil\";s:1:\"1\";s:11:\"utilisateur\";s:1:\"1\";s:6:\"prenom\";s:7:\"Birahim\";s:3:\"nom\";s:5:\"BABOU\";s:4:\"role\";s:24:\"GMB_SUPER_ADMINISTRATEUR\";}'),
(473, 4, 1, 'a:7:{s:9:\"connexion\";b:1;s:4:\"mail\";s:24:\"birahim.babou@uvs.edu.sn\";s:6:\"profil\";s:1:\"1\";s:11:\"utilisateur\";s:1:\"1\";s:6:\"prenom\";s:7:\"Birahim\";s:3:\"nom\";s:5:\"BABOU\";s:4:\"role\";s:24:\"GMB_SUPER_ADMINISTRATEUR\";}'),
(474, 4, 1, 'a:7:{s:9:\"connexion\";b:1;s:4:\"mail\";s:24:\"birahim.babou@uvs.edu.sn\";s:6:\"profil\";s:1:\"1\";s:11:\"utilisateur\";s:1:\"1\";s:6:\"prenom\";s:7:\"Birahim\";s:3:\"nom\";s:5:\"BABOU\";s:4:\"role\";s:24:\"GMB_SUPER_ADMINISTRATEUR\";}'),
(475, 4, 1, 'a:7:{s:9:\"connexion\";b:1;s:4:\"mail\";s:24:\"birahim.babou@uvs.edu.sn\";s:6:\"profil\";s:1:\"1\";s:11:\"utilisateur\";s:1:\"1\";s:6:\"prenom\";s:7:\"Birahim\";s:3:\"nom\";s:5:\"BABOU\";s:4:\"role\";s:24:\"GMB_SUPER_ADMINISTRATEUR\";}'),
(476, 4, 1, 'a:7:{s:9:\"connexion\";b:1;s:4:\"mail\";s:24:\"birahim.babou@uvs.edu.sn\";s:6:\"profil\";s:1:\"1\";s:11:\"utilisateur\";s:1:\"1\";s:6:\"prenom\";s:7:\"Birahim\";s:3:\"nom\";s:5:\"BABOU\";s:4:\"role\";s:24:\"GMB_SUPER_ADMINISTRATEUR\";}'),
(477, 4, 1, 'a:7:{s:9:\"connexion\";b:1;s:4:\"mail\";s:24:\"birahim.babou@uvs.edu.sn\";s:6:\"profil\";s:1:\"1\";s:11:\"utilisateur\";s:1:\"1\";s:6:\"prenom\";s:7:\"Birahim\";s:3:\"nom\";s:5:\"BABOU\";s:4:\"role\";s:24:\"GMB_SUPER_ADMINISTRATEUR\";}'),
(478, 4, 1, 'a:7:{s:9:\"connexion\";b:1;s:4:\"mail\";s:24:\"birahim.babou@uvs.edu.sn\";s:6:\"profil\";s:1:\"1\";s:11:\"utilisateur\";s:1:\"1\";s:6:\"prenom\";s:7:\"Birahim\";s:3:\"nom\";s:5:\"BABOU\";s:4:\"role\";s:24:\"GMB_SUPER_ADMINISTRATEUR\";}'),
(479, 4, 1, 'a:7:{s:9:\"connexion\";b:1;s:4:\"mail\";s:24:\"birahim.babou@uvs.edu.sn\";s:6:\"profil\";s:1:\"1\";s:11:\"utilisateur\";s:1:\"1\";s:6:\"prenom\";s:7:\"Birahim\";s:3:\"nom\";s:5:\"BABOU\";s:4:\"role\";s:24:\"GMB_SUPER_ADMINISTRATEUR\";}'),
(480, 4, 1, 'a:7:{s:9:\"connexion\";b:1;s:4:\"mail\";s:24:\"birahim.babou@uvs.edu.sn\";s:6:\"profil\";s:1:\"1\";s:11:\"utilisateur\";s:1:\"1\";s:6:\"prenom\";s:7:\"Birahim\";s:3:\"nom\";s:5:\"BABOU\";s:4:\"role\";s:24:\"GMB_SUPER_ADMINISTRATEUR\";}'),
(481, 4, 1, 'a:7:{s:9:\"connexion\";b:1;s:4:\"mail\";s:24:\"birahim.babou@uvs.edu.sn\";s:6:\"profil\";s:1:\"1\";s:11:\"utilisateur\";s:1:\"1\";s:6:\"prenom\";s:7:\"Birahim\";s:3:\"nom\";s:5:\"BABOU\";s:4:\"role\";s:24:\"GMB_SUPER_ADMINISTRATEUR\";}'),
(482, 4, 1, 'a:7:{s:9:\"connexion\";b:1;s:4:\"mail\";s:24:\"birahim.babou@uvs.edu.sn\";s:6:\"profil\";s:1:\"1\";s:11:\"utilisateur\";s:1:\"1\";s:6:\"prenom\";s:7:\"Birahim\";s:3:\"nom\";s:5:\"BABOU\";s:4:\"role\";s:24:\"GMB_SUPER_ADMINISTRATEUR\";}'),
(483, 4, 1, 'a:7:{s:9:\"connexion\";b:1;s:4:\"mail\";s:24:\"birahim.babou@uvs.edu.sn\";s:6:\"profil\";s:1:\"1\";s:11:\"utilisateur\";s:1:\"1\";s:6:\"prenom\";s:7:\"Birahim\";s:3:\"nom\";s:5:\"BABOU\";s:4:\"role\";s:24:\"GMB_SUPER_ADMINISTRATEUR\";}'),
(484, 2, 0, 'a:3:{s:2:\"id\";i:1;s:6:\"profil\";i:2;s:4:\"user\";i:1;}'),
(485, 4, 1, 'a:7:{s:9:\"connexion\";b:1;s:4:\"mail\";s:24:\"birahim.babou@uvs.edu.sn\";s:6:\"profil\";s:1:\"2\";s:11:\"utilisateur\";s:1:\"1\";s:6:\"prenom\";s:7:\"Birahim\";s:3:\"nom\";s:5:\"BABOU\";s:4:\"role\";s:18:\"GMB_ADMINISTRATEUR\";}'),
(486, 4, 1, 'a:7:{s:9:\"connexion\";b:1;s:4:\"mail\";s:24:\"birahim.babou@uvs.edu.sn\";s:6:\"profil\";s:1:\"2\";s:11:\"utilisateur\";s:1:\"1\";s:6:\"prenom\";s:7:\"Birahim\";s:3:\"nom\";s:5:\"BABOU\";s:4:\"role\";s:18:\"GMB_ADMINISTRATEUR\";}'),
(487, 4, 1, 'a:7:{s:9:\"connexion\";b:1;s:4:\"mail\";s:24:\"birahim.babou@uvs.edu.sn\";s:6:\"profil\";s:1:\"2\";s:11:\"utilisateur\";s:1:\"1\";s:6:\"prenom\";s:7:\"Birahim\";s:3:\"nom\";s:5:\"BABOU\";s:4:\"role\";s:18:\"GMB_ADMINISTRATEUR\";}'),
(488, 4, 1, 'a:7:{s:9:\"connexion\";b:1;s:4:\"mail\";s:24:\"birahim.babou@uvs.edu.sn\";s:6:\"profil\";s:1:\"2\";s:11:\"utilisateur\";s:1:\"1\";s:6:\"prenom\";s:7:\"Birahim\";s:3:\"nom\";s:5:\"BABOU\";s:4:\"role\";s:18:\"GMB_ADMINISTRATEUR\";}'),
(489, 4, 1, 'a:7:{s:9:\"connexion\";b:1;s:4:\"mail\";s:24:\"birahim.babou@uvs.edu.sn\";s:6:\"profil\";s:1:\"2\";s:11:\"utilisateur\";s:1:\"1\";s:6:\"prenom\";s:7:\"Birahim\";s:3:\"nom\";s:5:\"BABOU\";s:4:\"role\";s:18:\"GMB_ADMINISTRATEUR\";}'),
(490, 4, 1, 'a:7:{s:9:\"connexion\";b:1;s:4:\"mail\";s:24:\"birahim.babou@uvs.edu.sn\";s:6:\"profil\";s:1:\"2\";s:11:\"utilisateur\";s:1:\"1\";s:6:\"prenom\";s:7:\"Birahim\";s:3:\"nom\";s:5:\"BABOU\";s:4:\"role\";s:18:\"GMB_ADMINISTRATEUR\";}'),
(491, 4, 1, 'a:7:{s:9:\"connexion\";b:1;s:4:\"mail\";s:24:\"birahim.babou@uvs.edu.sn\";s:6:\"profil\";s:1:\"2\";s:11:\"utilisateur\";s:1:\"1\";s:6:\"prenom\";s:7:\"Birahim\";s:3:\"nom\";s:5:\"BABOU\";s:4:\"role\";s:18:\"GMB_ADMINISTRATEUR\";}'),
(492, 4, 1, 'a:7:{s:9:\"connexion\";b:1;s:4:\"mail\";s:24:\"birahim.babou@uvs.edu.sn\";s:6:\"profil\";s:1:\"2\";s:11:\"utilisateur\";s:1:\"1\";s:6:\"prenom\";s:7:\"Birahim\";s:3:\"nom\";s:5:\"BABOU\";s:4:\"role\";s:18:\"GMB_ADMINISTRATEUR\";}'),
(493, 4, 1, 'a:7:{s:9:\"connexion\";b:1;s:4:\"mail\";s:24:\"birahim.babou@uvs.edu.sn\";s:6:\"profil\";s:1:\"2\";s:11:\"utilisateur\";s:1:\"1\";s:6:\"prenom\";s:7:\"Birahim\";s:3:\"nom\";s:5:\"BABOU\";s:4:\"role\";s:18:\"GMB_ADMINISTRATEUR\";}'),
(494, 4, 1, 'a:7:{s:9:\"connexion\";b:1;s:4:\"mail\";s:24:\"birahim.babou@uvs.edu.sn\";s:6:\"profil\";s:1:\"2\";s:11:\"utilisateur\";s:1:\"1\";s:6:\"prenom\";s:7:\"Birahim\";s:3:\"nom\";s:5:\"BABOU\";s:4:\"role\";s:18:\"GMB_ADMINISTRATEUR\";}'),
(495, 4, 1, 'a:7:{s:9:\"connexion\";b:1;s:4:\"mail\";s:24:\"birahim.babou@uvs.edu.sn\";s:6:\"profil\";s:1:\"2\";s:11:\"utilisateur\";s:1:\"1\";s:6:\"prenom\";s:7:\"Birahim\";s:3:\"nom\";s:5:\"BABOU\";s:4:\"role\";s:18:\"GMB_ADMINISTRATEUR\";}'),
(496, 4, 1, 'a:7:{s:9:\"connexion\";b:1;s:4:\"mail\";s:24:\"birahim.babou@uvs.edu.sn\";s:6:\"profil\";s:1:\"2\";s:11:\"utilisateur\";s:1:\"1\";s:6:\"prenom\";s:7:\"Birahim\";s:3:\"nom\";s:5:\"BABOU\";s:4:\"role\";s:18:\"GMB_ADMINISTRATEUR\";}'),
(497, 4, 1, 'a:7:{s:9:\"connexion\";b:1;s:4:\"mail\";s:24:\"birahim.babou@uvs.edu.sn\";s:6:\"profil\";s:1:\"2\";s:11:\"utilisateur\";s:1:\"1\";s:6:\"prenom\";s:7:\"Birahim\";s:3:\"nom\";s:5:\"BABOU\";s:4:\"role\";s:18:\"GMB_ADMINISTRATEUR\";}'),
(498, 4, 1, 'a:7:{s:9:\"connexion\";b:1;s:4:\"mail\";s:24:\"birahim.babou@uvs.edu.sn\";s:6:\"profil\";s:1:\"2\";s:11:\"utilisateur\";s:1:\"1\";s:6:\"prenom\";s:7:\"Birahim\";s:3:\"nom\";s:5:\"BABOU\";s:4:\"role\";s:18:\"GMB_ADMINISTRATEUR\";}'),
(499, 4, 1, 'a:7:{s:9:\"connexion\";b:1;s:4:\"mail\";s:24:\"birahim.babou@uvs.edu.sn\";s:6:\"profil\";s:1:\"2\";s:11:\"utilisateur\";s:1:\"1\";s:6:\"prenom\";s:7:\"Birahim\";s:3:\"nom\";s:5:\"BABOU\";s:4:\"role\";s:18:\"GMB_ADMINISTRATEUR\";}'),
(500, 4, 1, 'a:7:{s:9:\"connexion\";b:1;s:4:\"mail\";s:24:\"birahim.babou@uvs.edu.sn\";s:6:\"profil\";s:1:\"2\";s:11:\"utilisateur\";s:1:\"1\";s:6:\"prenom\";s:7:\"Birahim\";s:3:\"nom\";s:5:\"BABOU\";s:4:\"role\";s:18:\"GMB_ADMINISTRATEUR\";}'),
(501, 4, 1, 'a:7:{s:9:\"connexion\";b:1;s:4:\"mail\";s:24:\"birahim.babou@uvs.edu.sn\";s:6:\"profil\";s:1:\"2\";s:11:\"utilisateur\";s:1:\"1\";s:6:\"prenom\";s:7:\"Birahim\";s:3:\"nom\";s:5:\"BABOU\";s:4:\"role\";s:18:\"GMB_ADMINISTRATEUR\";}'),
(502, 4, 1, 'a:7:{s:9:\"connexion\";b:1;s:4:\"mail\";s:24:\"birahim.babou@uvs.edu.sn\";s:6:\"profil\";s:1:\"2\";s:11:\"utilisateur\";s:1:\"1\";s:6:\"prenom\";s:7:\"Birahim\";s:3:\"nom\";s:5:\"BABOU\";s:4:\"role\";s:18:\"GMB_ADMINISTRATEUR\";}'),
(503, 4, 1, 'a:7:{s:9:\"connexion\";b:1;s:4:\"mail\";s:24:\"birahim.babou@uvs.edu.sn\";s:6:\"profil\";s:1:\"2\";s:11:\"utilisateur\";s:1:\"1\";s:6:\"prenom\";s:7:\"Birahim\";s:3:\"nom\";s:5:\"BABOU\";s:4:\"role\";s:18:\"GMB_ADMINISTRATEUR\";}'),
(504, 4, 1, 'a:7:{s:9:\"connexion\";b:1;s:4:\"mail\";s:24:\"birahim.babou@uvs.edu.sn\";s:6:\"profil\";s:1:\"2\";s:11:\"utilisateur\";s:1:\"1\";s:6:\"prenom\";s:7:\"Birahim\";s:3:\"nom\";s:5:\"BABOU\";s:4:\"role\";s:18:\"GMB_ADMINISTRATEUR\";}'),
(505, 4, 1, 'a:7:{s:9:\"connexion\";b:1;s:4:\"mail\";s:24:\"birahim.babou@uvs.edu.sn\";s:6:\"profil\";s:1:\"2\";s:11:\"utilisateur\";s:1:\"1\";s:6:\"prenom\";s:7:\"Birahim\";s:3:\"nom\";s:5:\"BABOU\";s:4:\"role\";s:18:\"GMB_ADMINISTRATEUR\";}'),
(506, 4, 1, 'a:7:{s:9:\"connexion\";b:1;s:4:\"mail\";s:24:\"birahim.babou@uvs.edu.sn\";s:6:\"profil\";s:1:\"2\";s:11:\"utilisateur\";s:1:\"1\";s:6:\"prenom\";s:7:\"Birahim\";s:3:\"nom\";s:5:\"BABOU\";s:4:\"role\";s:18:\"GMB_ADMINISTRATEUR\";}'),
(507, 4, 1, 'a:7:{s:9:\"connexion\";b:1;s:4:\"mail\";s:24:\"birahim.babou@uvs.edu.sn\";s:6:\"profil\";s:1:\"2\";s:11:\"utilisateur\";s:1:\"1\";s:6:\"prenom\";s:7:\"Birahim\";s:3:\"nom\";s:5:\"BABOU\";s:4:\"role\";s:18:\"GMB_ADMINISTRATEUR\";}'),
(508, 4, 1, 'a:7:{s:9:\"connexion\";b:1;s:4:\"mail\";s:24:\"birahim.babou@uvs.edu.sn\";s:6:\"profil\";s:1:\"2\";s:11:\"utilisateur\";s:1:\"1\";s:6:\"prenom\";s:7:\"Birahim\";s:3:\"nom\";s:5:\"BABOU\";s:4:\"role\";s:18:\"GMB_ADMINISTRATEUR\";}'),
(509, 4, 1, 'a:7:{s:9:\"connexion\";b:1;s:4:\"mail\";s:24:\"birahim.babou@uvs.edu.sn\";s:6:\"profil\";s:1:\"2\";s:11:\"utilisateur\";s:1:\"1\";s:6:\"prenom\";s:7:\"Birahim\";s:3:\"nom\";s:5:\"BABOU\";s:4:\"role\";s:18:\"GMB_ADMINISTRATEUR\";}'),
(510, 4, 1, 'a:7:{s:9:\"connexion\";b:1;s:4:\"mail\";s:24:\"birahim.babou@uvs.edu.sn\";s:6:\"profil\";s:1:\"2\";s:11:\"utilisateur\";s:1:\"1\";s:6:\"prenom\";s:7:\"Birahim\";s:3:\"nom\";s:5:\"BABOU\";s:4:\"role\";s:18:\"GMB_ADMINISTRATEUR\";}'),
(511, 4, 1, 'a:7:{s:9:\"connexion\";b:1;s:4:\"mail\";s:24:\"birahim.babou@uvs.edu.sn\";s:6:\"profil\";s:1:\"2\";s:11:\"utilisateur\";s:1:\"1\";s:6:\"prenom\";s:7:\"Birahim\";s:3:\"nom\";s:5:\"BABOU\";s:4:\"role\";s:18:\"GMB_ADMINISTRATEUR\";}'),
(512, 4, 1, 'a:7:{s:9:\"connexion\";b:1;s:4:\"mail\";s:24:\"birahim.babou@uvs.edu.sn\";s:6:\"profil\";s:1:\"2\";s:11:\"utilisateur\";s:1:\"1\";s:6:\"prenom\";s:7:\"Birahim\";s:3:\"nom\";s:5:\"BABOU\";s:4:\"role\";s:18:\"GMB_ADMINISTRATEUR\";}'),
(513, 4, 1, 'a:7:{s:9:\"connexion\";b:1;s:4:\"mail\";s:24:\"birahim.babou@uvs.edu.sn\";s:6:\"profil\";s:1:\"2\";s:11:\"utilisateur\";s:1:\"1\";s:6:\"prenom\";s:7:\"Birahim\";s:3:\"nom\";s:5:\"BABOU\";s:4:\"role\";s:18:\"GMB_ADMINISTRATEUR\";}'),
(514, 4, 1, 'a:7:{s:9:\"connexion\";b:1;s:4:\"mail\";s:24:\"birahim.babou@uvs.edu.sn\";s:6:\"profil\";s:1:\"2\";s:11:\"utilisateur\";s:1:\"1\";s:6:\"prenom\";s:7:\"Birahim\";s:3:\"nom\";s:5:\"BABOU\";s:4:\"role\";s:18:\"GMB_ADMINISTRATEUR\";}'),
(515, 4, 1, 'a:7:{s:9:\"connexion\";b:1;s:4:\"mail\";s:24:\"birahim.babou@uvs.edu.sn\";s:6:\"profil\";s:1:\"2\";s:11:\"utilisateur\";s:1:\"1\";s:6:\"prenom\";s:7:\"Birahim\";s:3:\"nom\";s:5:\"BABOU\";s:4:\"role\";s:18:\"GMB_ADMINISTRATEUR\";}'),
(516, 4, 1, 'a:7:{s:9:\"connexion\";b:1;s:4:\"mail\";s:24:\"birahim.babou@uvs.edu.sn\";s:6:\"profil\";s:1:\"2\";s:11:\"utilisateur\";s:1:\"1\";s:6:\"prenom\";s:7:\"Birahim\";s:3:\"nom\";s:5:\"BABOU\";s:4:\"role\";s:18:\"GMB_ADMINISTRATEUR\";}'),
(517, 4, 1, 'a:7:{s:9:\"connexion\";b:1;s:4:\"mail\";s:24:\"birahim.babou@uvs.edu.sn\";s:6:\"profil\";s:1:\"2\";s:11:\"utilisateur\";s:1:\"1\";s:6:\"prenom\";s:7:\"Birahim\";s:3:\"nom\";s:5:\"BABOU\";s:4:\"role\";s:18:\"GMB_ADMINISTRATEUR\";}'),
(518, 4, 1, 'a:7:{s:9:\"connexion\";b:1;s:4:\"mail\";s:24:\"birahim.babou@uvs.edu.sn\";s:6:\"profil\";s:1:\"2\";s:11:\"utilisateur\";s:1:\"1\";s:6:\"prenom\";s:7:\"Birahim\";s:3:\"nom\";s:5:\"BABOU\";s:4:\"role\";s:18:\"GMB_ADMINISTRATEUR\";}'),
(519, 4, 1, 'a:7:{s:9:\"connexion\";b:1;s:4:\"mail\";s:24:\"birahim.babou@uvs.edu.sn\";s:6:\"profil\";s:1:\"2\";s:11:\"utilisateur\";s:1:\"1\";s:6:\"prenom\";s:7:\"Birahim\";s:3:\"nom\";s:5:\"BABOU\";s:4:\"role\";s:18:\"GMB_ADMINISTRATEUR\";}'),
(520, 4, 1, 'a:7:{s:9:\"connexion\";b:1;s:4:\"mail\";s:24:\"birahim.babou@uvs.edu.sn\";s:6:\"profil\";s:1:\"2\";s:11:\"utilisateur\";s:1:\"1\";s:6:\"prenom\";s:7:\"Birahim\";s:3:\"nom\";s:5:\"BABOU\";s:4:\"role\";s:18:\"GMB_ADMINISTRATEUR\";}'),
(521, 4, 1, 'a:7:{s:9:\"connexion\";b:1;s:4:\"mail\";s:24:\"birahim.babou@uvs.edu.sn\";s:6:\"profil\";s:1:\"2\";s:11:\"utilisateur\";s:1:\"1\";s:6:\"prenom\";s:7:\"Birahim\";s:3:\"nom\";s:5:\"BABOU\";s:4:\"role\";s:18:\"GMB_ADMINISTRATEUR\";}'),
(522, 4, 1, 'a:7:{s:9:\"connexion\";b:1;s:4:\"mail\";s:24:\"birahim.babou@uvs.edu.sn\";s:6:\"profil\";s:1:\"2\";s:11:\"utilisateur\";s:1:\"1\";s:6:\"prenom\";s:7:\"Birahim\";s:3:\"nom\";s:5:\"BABOU\";s:4:\"role\";s:18:\"GMB_ADMINISTRATEUR\";}'),
(523, 4, 1, 'a:7:{s:9:\"connexion\";b:1;s:4:\"mail\";s:24:\"birahim.babou@uvs.edu.sn\";s:6:\"profil\";s:1:\"2\";s:11:\"utilisateur\";s:1:\"1\";s:6:\"prenom\";s:7:\"Birahim\";s:3:\"nom\";s:5:\"BABOU\";s:4:\"role\";s:18:\"GMB_ADMINISTRATEUR\";}'),
(524, 4, 1, 'a:7:{s:9:\"connexion\";b:1;s:4:\"mail\";s:24:\"birahim.babou@uvs.edu.sn\";s:6:\"profil\";s:1:\"2\";s:11:\"utilisateur\";s:1:\"1\";s:6:\"prenom\";s:7:\"Birahim\";s:3:\"nom\";s:5:\"BABOU\";s:4:\"role\";s:18:\"GMB_ADMINISTRATEUR\";}'),
(525, 4, 1, 'a:7:{s:9:\"connexion\";b:1;s:4:\"mail\";s:24:\"birahim.babou@uvs.edu.sn\";s:6:\"profil\";s:1:\"2\";s:11:\"utilisateur\";s:1:\"1\";s:6:\"prenom\";s:7:\"Birahim\";s:3:\"nom\";s:5:\"BABOU\";s:4:\"role\";s:18:\"GMB_ADMINISTRATEUR\";}'),
(526, 4, 1, 'a:7:{s:9:\"connexion\";b:1;s:4:\"mail\";s:24:\"birahim.babou@uvs.edu.sn\";s:6:\"profil\";s:1:\"2\";s:11:\"utilisateur\";s:1:\"1\";s:6:\"prenom\";s:7:\"Birahim\";s:3:\"nom\";s:5:\"BABOU\";s:4:\"role\";s:18:\"GMB_ADMINISTRATEUR\";}'),
(527, 4, 1, 'a:7:{s:9:\"connexion\";b:1;s:4:\"mail\";s:24:\"birahim.babou@uvs.edu.sn\";s:6:\"profil\";s:1:\"2\";s:11:\"utilisateur\";s:1:\"1\";s:6:\"prenom\";s:7:\"Birahim\";s:3:\"nom\";s:5:\"BABOU\";s:4:\"role\";s:18:\"GMB_ADMINISTRATEUR\";}'),
(528, 4, 1, 'a:7:{s:9:\"connexion\";b:1;s:4:\"mail\";s:24:\"birahim.babou@uvs.edu.sn\";s:6:\"profil\";s:1:\"2\";s:11:\"utilisateur\";s:1:\"1\";s:6:\"prenom\";s:7:\"Birahim\";s:3:\"nom\";s:5:\"BABOU\";s:4:\"role\";s:18:\"GMB_ADMINISTRATEUR\";}'),
(529, 4, 1, 'a:7:{s:9:\"connexion\";b:1;s:4:\"mail\";s:24:\"birahim.babou@uvs.edu.sn\";s:6:\"profil\";s:1:\"2\";s:11:\"utilisateur\";s:1:\"1\";s:6:\"prenom\";s:7:\"Birahim\";s:3:\"nom\";s:5:\"BABOU\";s:4:\"role\";s:18:\"GMB_ADMINISTRATEUR\";}'),
(530, 4, 1, 'a:7:{s:9:\"connexion\";b:1;s:4:\"mail\";s:24:\"birahim.babou@uvs.edu.sn\";s:6:\"profil\";s:1:\"2\";s:11:\"utilisateur\";s:1:\"1\";s:6:\"prenom\";s:7:\"Birahim\";s:3:\"nom\";s:5:\"BABOU\";s:4:\"role\";s:18:\"GMB_ADMINISTRATEUR\";}'),
(531, 4, 1, 'a:7:{s:9:\"connexion\";b:1;s:4:\"mail\";s:24:\"birahim.babou@uvs.edu.sn\";s:6:\"profil\";s:1:\"2\";s:11:\"utilisateur\";s:1:\"1\";s:6:\"prenom\";s:7:\"Birahim\";s:3:\"nom\";s:5:\"BABOU\";s:4:\"role\";s:18:\"GMB_ADMINISTRATEUR\";}'),
(532, 4, 1, 'a:7:{s:9:\"connexion\";b:1;s:4:\"mail\";s:24:\"birahim.babou@uvs.edu.sn\";s:6:\"profil\";s:1:\"2\";s:11:\"utilisateur\";s:1:\"1\";s:6:\"prenom\";s:7:\"Birahim\";s:3:\"nom\";s:5:\"BABOU\";s:4:\"role\";s:18:\"GMB_ADMINISTRATEUR\";}'),
(533, 4, 1, 'a:7:{s:9:\"connexion\";b:1;s:4:\"mail\";s:24:\"birahim.babou@uvs.edu.sn\";s:6:\"profil\";s:1:\"2\";s:11:\"utilisateur\";s:1:\"1\";s:6:\"prenom\";s:7:\"Birahim\";s:3:\"nom\";s:5:\"BABOU\";s:4:\"role\";s:18:\"GMB_ADMINISTRATEUR\";}'),
(534, 4, 1, 'a:7:{s:9:\"connexion\";b:1;s:4:\"mail\";s:24:\"birahim.babou@uvs.edu.sn\";s:6:\"profil\";s:1:\"2\";s:11:\"utilisateur\";s:1:\"1\";s:6:\"prenom\";s:7:\"Birahim\";s:3:\"nom\";s:5:\"BABOU\";s:4:\"role\";s:18:\"GMB_ADMINISTRATEUR\";}'),
(535, 4, 1, 'a:7:{s:9:\"connexion\";b:1;s:4:\"mail\";s:24:\"birahim.babou@uvs.edu.sn\";s:6:\"profil\";s:1:\"2\";s:11:\"utilisateur\";s:1:\"1\";s:6:\"prenom\";s:7:\"Birahim\";s:3:\"nom\";s:5:\"BABOU\";s:4:\"role\";s:18:\"GMB_ADMINISTRATEUR\";}'),
(536, 4, 1, 'a:7:{s:9:\"connexion\";b:1;s:4:\"mail\";s:24:\"birahim.babou@uvs.edu.sn\";s:6:\"profil\";s:1:\"2\";s:11:\"utilisateur\";s:1:\"1\";s:6:\"prenom\";s:7:\"Birahim\";s:3:\"nom\";s:5:\"BABOU\";s:4:\"role\";s:18:\"GMB_ADMINISTRATEUR\";}'),
(537, 4, 1, 'a:7:{s:9:\"connexion\";b:1;s:4:\"mail\";s:24:\"birahim.babou@uvs.edu.sn\";s:6:\"profil\";s:1:\"2\";s:11:\"utilisateur\";s:1:\"1\";s:6:\"prenom\";s:7:\"Birahim\";s:3:\"nom\";s:5:\"BABOU\";s:4:\"role\";s:18:\"GMB_ADMINISTRATEUR\";}'),
(538, 4, 1, 'a:7:{s:9:\"connexion\";b:1;s:4:\"mail\";s:24:\"birahim.babou@uvs.edu.sn\";s:6:\"profil\";s:1:\"2\";s:11:\"utilisateur\";s:1:\"1\";s:6:\"prenom\";s:7:\"Birahim\";s:3:\"nom\";s:5:\"BABOU\";s:4:\"role\";s:18:\"GMB_ADMINISTRATEUR\";}'),
(539, 4, 1, 'a:7:{s:9:\"connexion\";b:1;s:4:\"mail\";s:24:\"birahim.babou@uvs.edu.sn\";s:6:\"profil\";s:1:\"2\";s:11:\"utilisateur\";s:1:\"1\";s:6:\"prenom\";s:7:\"Birahim\";s:3:\"nom\";s:5:\"BABOU\";s:4:\"role\";s:18:\"GMB_ADMINISTRATEUR\";}'),
(540, 4, 1, 'a:7:{s:9:\"connexion\";b:1;s:4:\"mail\";s:24:\"birahim.babou@uvs.edu.sn\";s:6:\"profil\";s:1:\"2\";s:11:\"utilisateur\";s:1:\"1\";s:6:\"prenom\";s:7:\"Birahim\";s:3:\"nom\";s:5:\"BABOU\";s:4:\"role\";s:18:\"GMB_ADMINISTRATEUR\";}'),
(541, 4, 1, 'a:7:{s:9:\"connexion\";b:1;s:4:\"mail\";s:24:\"birahim.babou@uvs.edu.sn\";s:6:\"profil\";s:1:\"2\";s:11:\"utilisateur\";s:1:\"1\";s:6:\"prenom\";s:7:\"Birahim\";s:3:\"nom\";s:5:\"BABOU\";s:4:\"role\";s:18:\"GMB_ADMINISTRATEUR\";}'),
(542, 4, 1, 'a:7:{s:9:\"connexion\";b:1;s:4:\"mail\";s:24:\"birahim.babou@uvs.edu.sn\";s:6:\"profil\";s:1:\"2\";s:11:\"utilisateur\";s:1:\"1\";s:6:\"prenom\";s:7:\"Birahim\";s:3:\"nom\";s:5:\"BABOU\";s:4:\"role\";s:18:\"GMB_ADMINISTRATEUR\";}'),
(543, 4, 1, 'a:7:{s:9:\"connexion\";b:1;s:4:\"mail\";s:24:\"birahim.babou@uvs.edu.sn\";s:6:\"profil\";s:1:\"2\";s:11:\"utilisateur\";s:1:\"1\";s:6:\"prenom\";s:7:\"Birahim\";s:3:\"nom\";s:5:\"BABOU\";s:4:\"role\";s:18:\"GMB_ADMINISTRATEUR\";}'),
(544, 4, 1, 'a:7:{s:9:\"connexion\";b:1;s:4:\"mail\";s:24:\"birahim.babou@uvs.edu.sn\";s:6:\"profil\";s:1:\"2\";s:11:\"utilisateur\";s:1:\"1\";s:6:\"prenom\";s:7:\"Birahim\";s:3:\"nom\";s:5:\"BABOU\";s:4:\"role\";s:18:\"GMB_ADMINISTRATEUR\";}'),
(545, 4, 1, 'a:7:{s:9:\"connexion\";b:1;s:4:\"mail\";s:24:\"birahim.babou@uvs.edu.sn\";s:6:\"profil\";s:1:\"2\";s:11:\"utilisateur\";s:1:\"1\";s:6:\"prenom\";s:7:\"Birahim\";s:3:\"nom\";s:5:\"BABOU\";s:4:\"role\";s:18:\"GMB_ADMINISTRATEUR\";}'),
(546, 4, 1, 'a:7:{s:9:\"connexion\";b:1;s:4:\"mail\";s:24:\"birahim.babou@uvs.edu.sn\";s:6:\"profil\";s:1:\"2\";s:11:\"utilisateur\";s:1:\"1\";s:6:\"prenom\";s:7:\"Birahim\";s:3:\"nom\";s:5:\"BABOU\";s:4:\"role\";s:18:\"GMB_ADMINISTRATEUR\";}'),
(547, 4, 1, 'a:7:{s:9:\"connexion\";b:1;s:4:\"mail\";s:24:\"birahim.babou@uvs.edu.sn\";s:6:\"profil\";s:1:\"2\";s:11:\"utilisateur\";s:1:\"1\";s:6:\"prenom\";s:7:\"Birahim\";s:3:\"nom\";s:5:\"BABOU\";s:4:\"role\";s:18:\"GMB_ADMINISTRATEUR\";}'),
(548, 4, 1, 'a:7:{s:9:\"connexion\";b:1;s:4:\"mail\";s:24:\"birahim.babou@uvs.edu.sn\";s:6:\"profil\";s:1:\"2\";s:11:\"utilisateur\";s:1:\"1\";s:6:\"prenom\";s:7:\"Birahim\";s:3:\"nom\";s:5:\"BABOU\";s:4:\"role\";s:18:\"GMB_ADMINISTRATEUR\";}'),
(549, 4, 1, 'a:7:{s:9:\"connexion\";b:1;s:4:\"mail\";s:24:\"birahim.babou@uvs.edu.sn\";s:6:\"profil\";s:1:\"2\";s:11:\"utilisateur\";s:1:\"1\";s:6:\"prenom\";s:7:\"Birahim\";s:3:\"nom\";s:5:\"BABOU\";s:4:\"role\";s:18:\"GMB_ADMINISTRATEUR\";}'),
(550, 4, 1, 'a:7:{s:9:\"connexion\";b:1;s:4:\"mail\";s:24:\"birahim.babou@uvs.edu.sn\";s:6:\"profil\";s:1:\"2\";s:11:\"utilisateur\";s:1:\"1\";s:6:\"prenom\";s:7:\"Birahim\";s:3:\"nom\";s:5:\"BABOU\";s:4:\"role\";s:18:\"GMB_ADMINISTRATEUR\";}'),
(551, 4, 1, 'a:7:{s:9:\"connexion\";b:1;s:4:\"mail\";s:24:\"birahim.babou@uvs.edu.sn\";s:6:\"profil\";s:1:\"2\";s:11:\"utilisateur\";s:1:\"1\";s:6:\"prenom\";s:7:\"Birahim\";s:3:\"nom\";s:5:\"BABOU\";s:4:\"role\";s:18:\"GMB_ADMINISTRATEUR\";}'),
(552, 4, 1, 'a:7:{s:9:\"connexion\";b:1;s:4:\"mail\";s:24:\"birahim.babou@uvs.edu.sn\";s:6:\"profil\";s:1:\"2\";s:11:\"utilisateur\";s:1:\"1\";s:6:\"prenom\";s:7:\"Birahim\";s:3:\"nom\";s:5:\"BABOU\";s:4:\"role\";s:18:\"GMB_ADMINISTRATEUR\";}'),
(553, 4, 1, 'a:7:{s:9:\"connexion\";b:1;s:4:\"mail\";s:24:\"birahim.babou@uvs.edu.sn\";s:6:\"profil\";s:1:\"2\";s:11:\"utilisateur\";s:1:\"1\";s:6:\"prenom\";s:7:\"Birahim\";s:3:\"nom\";s:5:\"BABOU\";s:4:\"role\";s:18:\"GMB_ADMINISTRATEUR\";}'),
(554, 4, 1, 'a:7:{s:9:\"connexion\";b:1;s:4:\"mail\";s:24:\"birahim.babou@uvs.edu.sn\";s:6:\"profil\";s:1:\"2\";s:11:\"utilisateur\";s:1:\"1\";s:6:\"prenom\";s:7:\"Birahim\";s:3:\"nom\";s:5:\"BABOU\";s:4:\"role\";s:18:\"GMB_ADMINISTRATEUR\";}'),
(555, 4, 1, 'a:7:{s:9:\"connexion\";b:1;s:4:\"mail\";s:24:\"birahim.babou@uvs.edu.sn\";s:6:\"profil\";s:1:\"2\";s:11:\"utilisateur\";s:1:\"1\";s:6:\"prenom\";s:7:\"Birahim\";s:3:\"nom\";s:5:\"BABOU\";s:4:\"role\";s:18:\"GMB_ADMINISTRATEUR\";}'),
(556, 4, 1, 'a:7:{s:9:\"connexion\";b:1;s:4:\"mail\";s:24:\"birahim.babou@uvs.edu.sn\";s:6:\"profil\";s:1:\"2\";s:11:\"utilisateur\";s:1:\"1\";s:6:\"prenom\";s:7:\"Birahim\";s:3:\"nom\";s:5:\"BABOU\";s:4:\"role\";s:18:\"GMB_ADMINISTRATEUR\";}'),
(557, 4, 1, 'a:7:{s:9:\"connexion\";b:1;s:4:\"mail\";s:24:\"birahim.babou@uvs.edu.sn\";s:6:\"profil\";s:1:\"2\";s:11:\"utilisateur\";s:1:\"1\";s:6:\"prenom\";s:7:\"Birahim\";s:3:\"nom\";s:5:\"BABOU\";s:4:\"role\";s:18:\"GMB_ADMINISTRATEUR\";}'),
(558, 4, 1, 'a:7:{s:9:\"connexion\";b:1;s:4:\"mail\";s:24:\"birahim.babou@uvs.edu.sn\";s:6:\"profil\";s:1:\"2\";s:11:\"utilisateur\";s:1:\"1\";s:6:\"prenom\";s:7:\"Birahim\";s:3:\"nom\";s:5:\"BABOU\";s:4:\"role\";s:18:\"GMB_ADMINISTRATEUR\";}'),
(559, 4, 1, 'a:7:{s:9:\"connexion\";b:1;s:4:\"mail\";s:24:\"birahim.babou@uvs.edu.sn\";s:6:\"profil\";s:1:\"2\";s:11:\"utilisateur\";s:1:\"1\";s:6:\"prenom\";s:7:\"Birahim\";s:3:\"nom\";s:5:\"BABOU\";s:4:\"role\";s:18:\"GMB_ADMINISTRATEUR\";}'),
(560, 4, 1, 'a:7:{s:9:\"connexion\";b:1;s:4:\"mail\";s:24:\"birahim.babou@uvs.edu.sn\";s:6:\"profil\";s:1:\"2\";s:11:\"utilisateur\";s:1:\"1\";s:6:\"prenom\";s:7:\"Birahim\";s:3:\"nom\";s:5:\"BABOU\";s:4:\"role\";s:18:\"GMB_ADMINISTRATEUR\";}'),
(561, 4, 1, 'a:7:{s:9:\"connexion\";b:1;s:4:\"mail\";s:24:\"birahim.babou@uvs.edu.sn\";s:6:\"profil\";s:1:\"2\";s:11:\"utilisateur\";s:1:\"1\";s:6:\"prenom\";s:7:\"Birahim\";s:3:\"nom\";s:5:\"BABOU\";s:4:\"role\";s:18:\"GMB_ADMINISTRATEUR\";}'),
(562, 4, 1, 'a:7:{s:9:\"connexion\";b:1;s:4:\"mail\";s:24:\"birahim.babou@uvs.edu.sn\";s:6:\"profil\";s:1:\"2\";s:11:\"utilisateur\";s:1:\"1\";s:6:\"prenom\";s:7:\"Birahim\";s:3:\"nom\";s:5:\"BABOU\";s:4:\"role\";s:18:\"GMB_ADMINISTRATEUR\";}'),
(563, 4, 1, 'a:7:{s:9:\"connexion\";b:1;s:4:\"mail\";s:24:\"birahim.babou@uvs.edu.sn\";s:6:\"profil\";s:1:\"2\";s:11:\"utilisateur\";s:1:\"1\";s:6:\"prenom\";s:7:\"Birahim\";s:3:\"nom\";s:5:\"BABOU\";s:4:\"role\";s:18:\"GMB_ADMINISTRATEUR\";}'),
(564, 4, 1, 'a:7:{s:9:\"connexion\";b:1;s:4:\"mail\";s:24:\"birahim.babou@uvs.edu.sn\";s:6:\"profil\";s:1:\"2\";s:11:\"utilisateur\";s:1:\"1\";s:6:\"prenom\";s:7:\"Birahim\";s:3:\"nom\";s:5:\"BABOU\";s:4:\"role\";s:18:\"GMB_ADMINISTRATEUR\";}'),
(565, 4, 1, 'a:7:{s:9:\"connexion\";b:1;s:4:\"mail\";s:24:\"birahim.babou@uvs.edu.sn\";s:6:\"profil\";s:1:\"2\";s:11:\"utilisateur\";s:1:\"1\";s:6:\"prenom\";s:7:\"Birahim\";s:3:\"nom\";s:5:\"BABOU\";s:4:\"role\";s:18:\"GMB_ADMINISTRATEUR\";}'),
(566, 4, 1, 'a:7:{s:9:\"connexion\";b:1;s:4:\"mail\";s:24:\"birahim.babou@uvs.edu.sn\";s:6:\"profil\";s:1:\"2\";s:11:\"utilisateur\";s:1:\"1\";s:6:\"prenom\";s:7:\"Birahim\";s:3:\"nom\";s:5:\"BABOU\";s:4:\"role\";s:18:\"GMB_ADMINISTRATEUR\";}'),
(567, 4, 1, 'a:7:{s:9:\"connexion\";b:1;s:4:\"mail\";s:24:\"birahim.babou@uvs.edu.sn\";s:6:\"profil\";s:1:\"2\";s:11:\"utilisateur\";s:1:\"1\";s:6:\"prenom\";s:7:\"Birahim\";s:3:\"nom\";s:5:\"BABOU\";s:4:\"role\";s:18:\"GMB_ADMINISTRATEUR\";}'),
(568, 4, 1, 'a:7:{s:9:\"connexion\";b:1;s:4:\"mail\";s:24:\"birahim.babou@uvs.edu.sn\";s:6:\"profil\";s:1:\"2\";s:11:\"utilisateur\";s:1:\"1\";s:6:\"prenom\";s:7:\"Birahim\";s:3:\"nom\";s:5:\"BABOU\";s:4:\"role\";s:18:\"GMB_ADMINISTRATEUR\";}'),
(569, 4, 1, 'a:7:{s:9:\"connexion\";b:1;s:4:\"mail\";s:24:\"birahim.babou@uvs.edu.sn\";s:6:\"profil\";s:1:\"2\";s:11:\"utilisateur\";s:1:\"1\";s:6:\"prenom\";s:7:\"Birahim\";s:3:\"nom\";s:5:\"BABOU\";s:4:\"role\";s:18:\"GMB_ADMINISTRATEUR\";}'),
(570, 4, 1, 'a:7:{s:9:\"connexion\";b:1;s:4:\"mail\";s:24:\"birahim.babou@uvs.edu.sn\";s:6:\"profil\";s:1:\"2\";s:11:\"utilisateur\";s:1:\"1\";s:6:\"prenom\";s:7:\"Birahim\";s:3:\"nom\";s:5:\"BABOU\";s:4:\"role\";s:18:\"GMB_ADMINISTRATEUR\";}'),
(571, 4, 1, 'a:7:{s:9:\"connexion\";b:1;s:4:\"mail\";s:24:\"birahim.babou@uvs.edu.sn\";s:6:\"profil\";s:1:\"2\";s:11:\"utilisateur\";s:1:\"1\";s:6:\"prenom\";s:7:\"Birahim\";s:3:\"nom\";s:5:\"BABOU\";s:4:\"role\";s:18:\"GMB_ADMINISTRATEUR\";}'),
(572, 4, 1, 'a:7:{s:9:\"connexion\";b:1;s:4:\"mail\";s:24:\"birahim.babou@uvs.edu.sn\";s:6:\"profil\";s:1:\"2\";s:11:\"utilisateur\";s:1:\"1\";s:6:\"prenom\";s:7:\"Birahim\";s:3:\"nom\";s:5:\"BABOU\";s:4:\"role\";s:18:\"GMB_ADMINISTRATEUR\";}'),
(573, 4, 1, 'a:7:{s:9:\"connexion\";b:1;s:4:\"mail\";s:24:\"birahim.babou@uvs.edu.sn\";s:6:\"profil\";s:1:\"2\";s:11:\"utilisateur\";s:1:\"1\";s:6:\"prenom\";s:7:\"Birahim\";s:3:\"nom\";s:5:\"BABOU\";s:4:\"role\";s:18:\"GMB_ADMINISTRATEUR\";}'),
(574, 4, 1, 'a:7:{s:9:\"connexion\";b:1;s:4:\"mail\";s:24:\"birahim.babou@uvs.edu.sn\";s:6:\"profil\";s:1:\"2\";s:11:\"utilisateur\";s:1:\"1\";s:6:\"prenom\";s:7:\"Birahim\";s:3:\"nom\";s:5:\"BABOU\";s:4:\"role\";s:18:\"GMB_ADMINISTRATEUR\";}'),
(575, 4, 1, 'a:7:{s:9:\"connexion\";b:1;s:4:\"mail\";s:24:\"birahim.babou@uvs.edu.sn\";s:6:\"profil\";s:1:\"2\";s:11:\"utilisateur\";s:1:\"1\";s:6:\"prenom\";s:7:\"Birahim\";s:3:\"nom\";s:5:\"BABOU\";s:4:\"role\";s:18:\"GMB_ADMINISTRATEUR\";}'),
(576, 4, 1, 'a:7:{s:9:\"connexion\";b:1;s:4:\"mail\";s:24:\"birahim.babou@uvs.edu.sn\";s:6:\"profil\";s:1:\"2\";s:11:\"utilisateur\";s:1:\"1\";s:6:\"prenom\";s:7:\"Birahim\";s:3:\"nom\";s:5:\"BABOU\";s:4:\"role\";s:18:\"GMB_ADMINISTRATEUR\";}'),
(577, 4, 1, 'a:7:{s:9:\"connexion\";b:1;s:4:\"mail\";s:24:\"birahim.babou@uvs.edu.sn\";s:6:\"profil\";s:1:\"2\";s:11:\"utilisateur\";s:1:\"1\";s:6:\"prenom\";s:7:\"Birahim\";s:3:\"nom\";s:5:\"BABOU\";s:4:\"role\";s:18:\"GMB_ADMINISTRATEUR\";}'),
(578, 4, 1, 'a:7:{s:9:\"connexion\";b:1;s:4:\"mail\";s:24:\"birahim.babou@uvs.edu.sn\";s:6:\"profil\";s:1:\"2\";s:11:\"utilisateur\";s:1:\"1\";s:6:\"prenom\";s:7:\"Birahim\";s:3:\"nom\";s:5:\"BABOU\";s:4:\"role\";s:18:\"GMB_ADMINISTRATEUR\";}'),
(579, 4, 1, 'a:7:{s:9:\"connexion\";b:1;s:4:\"mail\";s:24:\"birahim.babou@uvs.edu.sn\";s:6:\"profil\";s:1:\"2\";s:11:\"utilisateur\";s:1:\"1\";s:6:\"prenom\";s:7:\"Birahim\";s:3:\"nom\";s:5:\"BABOU\";s:4:\"role\";s:18:\"GMB_ADMINISTRATEUR\";}'),
(580, 4, 1, 'a:7:{s:9:\"connexion\";b:1;s:4:\"mail\";s:24:\"birahim.babou@uvs.edu.sn\";s:6:\"profil\";s:1:\"2\";s:11:\"utilisateur\";s:1:\"1\";s:6:\"prenom\";s:7:\"Birahim\";s:3:\"nom\";s:5:\"BABOU\";s:4:\"role\";s:18:\"GMB_ADMINISTRATEUR\";}'),
(581, 4, 1, 'a:7:{s:9:\"connexion\";b:1;s:4:\"mail\";s:24:\"birahim.babou@uvs.edu.sn\";s:6:\"profil\";s:1:\"2\";s:11:\"utilisateur\";s:1:\"1\";s:6:\"prenom\";s:7:\"Birahim\";s:3:\"nom\";s:5:\"BABOU\";s:4:\"role\";s:18:\"GMB_ADMINISTRATEUR\";}'),
(582, 4, 1, 'a:7:{s:9:\"connexion\";b:1;s:4:\"mail\";s:24:\"birahim.babou@uvs.edu.sn\";s:6:\"profil\";s:1:\"2\";s:11:\"utilisateur\";s:1:\"1\";s:6:\"prenom\";s:7:\"Birahim\";s:3:\"nom\";s:5:\"BABOU\";s:4:\"role\";s:18:\"GMB_ADMINISTRATEUR\";}'),
(583, 4, 1, 'a:7:{s:9:\"connexion\";b:1;s:4:\"mail\";s:24:\"birahim.babou@uvs.edu.sn\";s:6:\"profil\";s:1:\"2\";s:11:\"utilisateur\";s:1:\"1\";s:6:\"prenom\";s:7:\"Birahim\";s:3:\"nom\";s:5:\"BABOU\";s:4:\"role\";s:18:\"GMB_ADMINISTRATEUR\";}'),
(584, 4, 1, 'a:7:{s:9:\"connexion\";b:1;s:4:\"mail\";s:24:\"birahim.babou@uvs.edu.sn\";s:6:\"profil\";s:1:\"2\";s:11:\"utilisateur\";s:1:\"1\";s:6:\"prenom\";s:7:\"Birahim\";s:3:\"nom\";s:5:\"BABOU\";s:4:\"role\";s:18:\"GMB_ADMINISTRATEUR\";}'),
(585, 4, 1, 'a:7:{s:9:\"connexion\";b:1;s:4:\"mail\";s:24:\"birahim.babou@uvs.edu.sn\";s:6:\"profil\";s:1:\"2\";s:11:\"utilisateur\";s:1:\"1\";s:6:\"prenom\";s:7:\"Birahim\";s:3:\"nom\";s:5:\"BABOU\";s:4:\"role\";s:18:\"GMB_ADMINISTRATEUR\";}'),
(586, 4, 1, 'a:7:{s:9:\"connexion\";b:1;s:4:\"mail\";s:24:\"birahim.babou@uvs.edu.sn\";s:6:\"profil\";s:1:\"2\";s:11:\"utilisateur\";s:1:\"1\";s:6:\"prenom\";s:7:\"Birahim\";s:3:\"nom\";s:5:\"BABOU\";s:4:\"role\";s:18:\"GMB_ADMINISTRATEUR\";}'),
(587, 4, 1, 'a:7:{s:9:\"connexion\";b:1;s:4:\"mail\";s:24:\"birahim.babou@uvs.edu.sn\";s:6:\"profil\";s:1:\"2\";s:11:\"utilisateur\";s:1:\"1\";s:6:\"prenom\";s:7:\"Birahim\";s:3:\"nom\";s:5:\"BABOU\";s:4:\"role\";s:18:\"GMB_ADMINISTRATEUR\";}'),
(588, 4, 1, 'a:7:{s:9:\"connexion\";b:1;s:4:\"mail\";s:24:\"birahim.babou@uvs.edu.sn\";s:6:\"profil\";s:1:\"2\";s:11:\"utilisateur\";s:1:\"1\";s:6:\"prenom\";s:7:\"Birahim\";s:3:\"nom\";s:5:\"BABOU\";s:4:\"role\";s:18:\"GMB_ADMINISTRATEUR\";}'),
(589, 4, 1, 'a:7:{s:9:\"connexion\";b:1;s:4:\"mail\";s:24:\"birahim.babou@uvs.edu.sn\";s:6:\"profil\";s:1:\"2\";s:11:\"utilisateur\";s:1:\"1\";s:6:\"prenom\";s:7:\"Birahim\";s:3:\"nom\";s:5:\"BABOU\";s:4:\"role\";s:18:\"GMB_ADMINISTRATEUR\";}'),
(590, 4, 1, 'a:7:{s:9:\"connexion\";b:1;s:4:\"mail\";s:24:\"birahim.babou@uvs.edu.sn\";s:6:\"profil\";s:1:\"2\";s:11:\"utilisateur\";s:1:\"1\";s:6:\"prenom\";s:7:\"Birahim\";s:3:\"nom\";s:5:\"BABOU\";s:4:\"role\";s:18:\"GMB_ADMINISTRATEUR\";}'),
(591, 4, 1, 'a:7:{s:9:\"connexion\";b:1;s:4:\"mail\";s:24:\"birahim.babou@uvs.edu.sn\";s:6:\"profil\";s:1:\"2\";s:11:\"utilisateur\";s:1:\"1\";s:6:\"prenom\";s:7:\"Birahim\";s:3:\"nom\";s:5:\"BABOU\";s:4:\"role\";s:18:\"GMB_ADMINISTRATEUR\";}'),
(592, 4, 1, 'a:7:{s:9:\"connexion\";b:1;s:4:\"mail\";s:24:\"birahim.babou@uvs.edu.sn\";s:6:\"profil\";s:1:\"2\";s:11:\"utilisateur\";s:1:\"1\";s:6:\"prenom\";s:7:\"Birahim\";s:3:\"nom\";s:5:\"BABOU\";s:4:\"role\";s:18:\"GMB_ADMINISTRATEUR\";}'),
(593, 4, 1, 'a:7:{s:9:\"connexion\";b:1;s:4:\"mail\";s:24:\"birahim.babou@uvs.edu.sn\";s:6:\"profil\";s:1:\"2\";s:11:\"utilisateur\";s:1:\"1\";s:6:\"prenom\";s:7:\"Birahim\";s:3:\"nom\";s:5:\"BABOU\";s:4:\"role\";s:18:\"GMB_ADMINISTRATEUR\";}'),
(594, 4, 1, 'a:7:{s:9:\"connexion\";b:1;s:4:\"mail\";s:24:\"birahim.babou@uvs.edu.sn\";s:6:\"profil\";s:1:\"2\";s:11:\"utilisateur\";s:1:\"1\";s:6:\"prenom\";s:7:\"Birahim\";s:3:\"nom\";s:5:\"BABOU\";s:4:\"role\";s:18:\"GMB_ADMINISTRATEUR\";}'),
(595, 4, 1, 'a:7:{s:9:\"connexion\";b:1;s:4:\"mail\";s:24:\"birahim.babou@uvs.edu.sn\";s:6:\"profil\";s:1:\"2\";s:11:\"utilisateur\";s:1:\"1\";s:6:\"prenom\";s:7:\"Birahim\";s:3:\"nom\";s:5:\"BABOU\";s:4:\"role\";s:18:\"GMB_ADMINISTRATEUR\";}'),
(596, 4, 1, 'a:7:{s:9:\"connexion\";b:1;s:4:\"mail\";s:24:\"birahim.babou@uvs.edu.sn\";s:6:\"profil\";s:1:\"2\";s:11:\"utilisateur\";s:1:\"1\";s:6:\"prenom\";s:7:\"Birahim\";s:3:\"nom\";s:5:\"BABOU\";s:4:\"role\";s:18:\"GMB_ADMINISTRATEUR\";}'),
(597, 4, 1, 'a:7:{s:9:\"connexion\";b:1;s:4:\"mail\";s:24:\"birahim.babou@uvs.edu.sn\";s:6:\"profil\";s:1:\"2\";s:11:\"utilisateur\";s:1:\"1\";s:6:\"prenom\";s:7:\"Birahim\";s:3:\"nom\";s:5:\"BABOU\";s:4:\"role\";s:18:\"GMB_ADMINISTRATEUR\";}'),
(598, 4, 1, 'a:7:{s:9:\"connexion\";b:1;s:4:\"mail\";s:24:\"birahim.babou@uvs.edu.sn\";s:6:\"profil\";s:1:\"2\";s:11:\"utilisateur\";s:1:\"1\";s:6:\"prenom\";s:7:\"Birahim\";s:3:\"nom\";s:5:\"BABOU\";s:4:\"role\";s:18:\"GMB_ADMINISTRATEUR\";}'),
(599, 4, 1, 'a:7:{s:9:\"connexion\";b:1;s:4:\"mail\";s:24:\"birahim.babou@uvs.edu.sn\";s:6:\"profil\";s:1:\"2\";s:11:\"utilisateur\";s:1:\"1\";s:6:\"prenom\";s:7:\"Birahim\";s:3:\"nom\";s:5:\"BABOU\";s:4:\"role\";s:18:\"GMB_ADMINISTRATEUR\";}'),
(600, 4, 1, 'a:7:{s:9:\"connexion\";b:1;s:4:\"mail\";s:24:\"birahim.babou@uvs.edu.sn\";s:6:\"profil\";s:1:\"2\";s:11:\"utilisateur\";s:1:\"1\";s:6:\"prenom\";s:7:\"Birahim\";s:3:\"nom\";s:5:\"BABOU\";s:4:\"role\";s:18:\"GMB_ADMINISTRATEUR\";}'),
(601, 4, 1, 'a:7:{s:9:\"connexion\";b:1;s:4:\"mail\";s:24:\"birahim.babou@uvs.edu.sn\";s:6:\"profil\";s:1:\"2\";s:11:\"utilisateur\";s:1:\"1\";s:6:\"prenom\";s:7:\"Birahim\";s:3:\"nom\";s:5:\"BABOU\";s:4:\"role\";s:18:\"GMB_ADMINISTRATEUR\";}'),
(602, 4, 1, 'a:7:{s:9:\"connexion\";b:1;s:4:\"mail\";s:24:\"birahim.babou@uvs.edu.sn\";s:6:\"profil\";s:1:\"2\";s:11:\"utilisateur\";s:1:\"1\";s:6:\"prenom\";s:7:\"Birahim\";s:3:\"nom\";s:5:\"BABOU\";s:4:\"role\";s:18:\"GMB_ADMINISTRATEUR\";}'),
(603, 4, 1, 'a:7:{s:9:\"connexion\";b:1;s:4:\"mail\";s:24:\"birahim.babou@uvs.edu.sn\";s:6:\"profil\";s:1:\"2\";s:11:\"utilisateur\";s:1:\"1\";s:6:\"prenom\";s:7:\"Birahim\";s:3:\"nom\";s:5:\"BABOU\";s:4:\"role\";s:18:\"GMB_ADMINISTRATEUR\";}'),
(604, 4, 1, 'a:7:{s:9:\"connexion\";b:1;s:4:\"mail\";s:24:\"birahim.babou@uvs.edu.sn\";s:6:\"profil\";s:1:\"2\";s:11:\"utilisateur\";s:1:\"1\";s:6:\"prenom\";s:7:\"Birahim\";s:3:\"nom\";s:5:\"BABOU\";s:4:\"role\";s:18:\"GMB_ADMINISTRATEUR\";}');
INSERT INTO `ban_hist` (`id`, `type`, `user`, `valeur`) VALUES
(605, 4, 1, 'a:7:{s:9:\"connexion\";b:1;s:4:\"mail\";s:24:\"birahim.babou@uvs.edu.sn\";s:6:\"profil\";s:1:\"2\";s:11:\"utilisateur\";s:1:\"1\";s:6:\"prenom\";s:7:\"Birahim\";s:3:\"nom\";s:5:\"BABOU\";s:4:\"role\";s:18:\"GMB_ADMINISTRATEUR\";}'),
(606, 4, 1, 'a:7:{s:9:\"connexion\";b:1;s:4:\"mail\";s:24:\"birahim.babou@uvs.edu.sn\";s:6:\"profil\";s:1:\"2\";s:11:\"utilisateur\";s:1:\"1\";s:6:\"prenom\";s:7:\"Birahim\";s:3:\"nom\";s:5:\"BABOU\";s:4:\"role\";s:18:\"GMB_ADMINISTRATEUR\";}'),
(607, 4, 1, 'a:7:{s:9:\"connexion\";b:1;s:4:\"mail\";s:24:\"birahim.babou@uvs.edu.sn\";s:6:\"profil\";s:1:\"2\";s:11:\"utilisateur\";s:1:\"1\";s:6:\"prenom\";s:7:\"Birahim\";s:3:\"nom\";s:5:\"BABOU\";s:4:\"role\";s:18:\"GMB_ADMINISTRATEUR\";}'),
(608, 4, 1, 'a:7:{s:9:\"connexion\";b:1;s:4:\"mail\";s:24:\"birahim.babou@uvs.edu.sn\";s:6:\"profil\";s:1:\"2\";s:11:\"utilisateur\";s:1:\"1\";s:6:\"prenom\";s:7:\"Birahim\";s:3:\"nom\";s:5:\"BABOU\";s:4:\"role\";s:18:\"GMB_ADMINISTRATEUR\";}'),
(609, 4, 1, 'a:7:{s:9:\"connexion\";b:1;s:4:\"mail\";s:24:\"birahim.babou@uvs.edu.sn\";s:6:\"profil\";s:1:\"2\";s:11:\"utilisateur\";s:1:\"1\";s:6:\"prenom\";s:7:\"Birahim\";s:3:\"nom\";s:5:\"BABOU\";s:4:\"role\";s:18:\"GMB_ADMINISTRATEUR\";}'),
(610, 4, 1, 'a:7:{s:9:\"connexion\";b:1;s:4:\"mail\";s:24:\"birahim.babou@uvs.edu.sn\";s:6:\"profil\";s:1:\"2\";s:11:\"utilisateur\";s:1:\"1\";s:6:\"prenom\";s:7:\"Birahim\";s:3:\"nom\";s:5:\"BABOU\";s:4:\"role\";s:18:\"GMB_ADMINISTRATEUR\";}'),
(611, 4, 1, 'a:7:{s:9:\"connexion\";b:1;s:4:\"mail\";s:24:\"birahim.babou@uvs.edu.sn\";s:6:\"profil\";s:1:\"2\";s:11:\"utilisateur\";s:1:\"1\";s:6:\"prenom\";s:7:\"Birahim\";s:3:\"nom\";s:5:\"BABOU\";s:4:\"role\";s:18:\"GMB_ADMINISTRATEUR\";}'),
(612, 4, 1, 'a:7:{s:9:\"connexion\";b:1;s:4:\"mail\";s:24:\"birahim.babou@uvs.edu.sn\";s:6:\"profil\";s:1:\"2\";s:11:\"utilisateur\";s:1:\"1\";s:6:\"prenom\";s:7:\"Birahim\";s:3:\"nom\";s:5:\"BABOU\";s:4:\"role\";s:18:\"GMB_ADMINISTRATEUR\";}'),
(613, 4, 1, 'a:7:{s:9:\"connexion\";b:1;s:4:\"mail\";s:24:\"birahim.babou@uvs.edu.sn\";s:6:\"profil\";s:1:\"2\";s:11:\"utilisateur\";s:1:\"1\";s:6:\"prenom\";s:7:\"Birahim\";s:3:\"nom\";s:5:\"BABOU\";s:4:\"role\";s:18:\"GMB_ADMINISTRATEUR\";}'),
(614, 4, 1, 'a:7:{s:9:\"connexion\";b:1;s:4:\"mail\";s:24:\"birahim.babou@uvs.edu.sn\";s:6:\"profil\";s:1:\"2\";s:11:\"utilisateur\";s:1:\"1\";s:6:\"prenom\";s:7:\"Birahim\";s:3:\"nom\";s:5:\"BABOU\";s:4:\"role\";s:18:\"GMB_ADMINISTRATEUR\";}'),
(615, 4, 1, 'a:7:{s:9:\"connexion\";b:1;s:4:\"mail\";s:24:\"birahim.babou@uvs.edu.sn\";s:6:\"profil\";s:1:\"2\";s:11:\"utilisateur\";s:1:\"1\";s:6:\"prenom\";s:7:\"Birahim\";s:3:\"nom\";s:5:\"BABOU\";s:4:\"role\";s:18:\"GMB_ADMINISTRATEUR\";}'),
(616, 4, 1, 'a:7:{s:9:\"connexion\";b:1;s:4:\"mail\";s:24:\"birahim.babou@uvs.edu.sn\";s:6:\"profil\";s:1:\"2\";s:11:\"utilisateur\";s:1:\"1\";s:6:\"prenom\";s:7:\"Birahim\";s:3:\"nom\";s:5:\"BABOU\";s:4:\"role\";s:18:\"GMB_ADMINISTRATEUR\";}'),
(617, 4, 1, 'a:7:{s:9:\"connexion\";b:1;s:4:\"mail\";s:24:\"birahim.babou@uvs.edu.sn\";s:6:\"profil\";s:1:\"2\";s:11:\"utilisateur\";s:1:\"1\";s:6:\"prenom\";s:7:\"Birahim\";s:3:\"nom\";s:5:\"BABOU\";s:4:\"role\";s:18:\"GMB_ADMINISTRATEUR\";}'),
(618, 4, 1, 'a:7:{s:9:\"connexion\";b:1;s:4:\"mail\";s:24:\"birahim.babou@uvs.edu.sn\";s:6:\"profil\";s:1:\"2\";s:11:\"utilisateur\";s:1:\"1\";s:6:\"prenom\";s:7:\"Birahim\";s:3:\"nom\";s:5:\"BABOU\";s:4:\"role\";s:18:\"GMB_ADMINISTRATEUR\";}'),
(619, 4, 1, 'a:7:{s:9:\"connexion\";b:1;s:4:\"mail\";s:24:\"birahim.babou@uvs.edu.sn\";s:6:\"profil\";s:1:\"2\";s:11:\"utilisateur\";s:1:\"1\";s:6:\"prenom\";s:7:\"Birahim\";s:3:\"nom\";s:5:\"BABOU\";s:4:\"role\";s:18:\"GMB_ADMINISTRATEUR\";}'),
(620, 4, 1, 'a:7:{s:9:\"connexion\";b:1;s:4:\"mail\";s:24:\"birahim.babou@uvs.edu.sn\";s:6:\"profil\";s:1:\"2\";s:11:\"utilisateur\";s:1:\"1\";s:6:\"prenom\";s:7:\"Birahim\";s:3:\"nom\";s:5:\"BABOU\";s:4:\"role\";s:18:\"GMB_ADMINISTRATEUR\";}'),
(621, 4, 1, 'a:7:{s:9:\"connexion\";b:1;s:4:\"mail\";s:24:\"birahim.babou@uvs.edu.sn\";s:6:\"profil\";s:1:\"2\";s:11:\"utilisateur\";s:1:\"1\";s:6:\"prenom\";s:7:\"Birahim\";s:3:\"nom\";s:5:\"BABOU\";s:4:\"role\";s:18:\"GMB_ADMINISTRATEUR\";}'),
(622, 4, 1, 'a:7:{s:9:\"connexion\";b:1;s:4:\"mail\";s:24:\"birahim.babou@uvs.edu.sn\";s:6:\"profil\";s:1:\"2\";s:11:\"utilisateur\";s:1:\"1\";s:6:\"prenom\";s:7:\"Birahim\";s:3:\"nom\";s:5:\"BABOU\";s:4:\"role\";s:18:\"GMB_ADMINISTRATEUR\";}'),
(623, 4, 1, 'a:7:{s:9:\"connexion\";b:1;s:4:\"mail\";s:24:\"birahim.babou@uvs.edu.sn\";s:6:\"profil\";s:1:\"2\";s:11:\"utilisateur\";s:1:\"1\";s:6:\"prenom\";s:7:\"Birahim\";s:3:\"nom\";s:5:\"BABOU\";s:4:\"role\";s:18:\"GMB_ADMINISTRATEUR\";}'),
(624, 4, 1, 'a:7:{s:9:\"connexion\";b:1;s:4:\"mail\";s:24:\"birahim.babou@uvs.edu.sn\";s:6:\"profil\";s:1:\"2\";s:11:\"utilisateur\";s:1:\"1\";s:6:\"prenom\";s:7:\"Birahim\";s:3:\"nom\";s:5:\"BABOU\";s:4:\"role\";s:18:\"GMB_ADMINISTRATEUR\";}'),
(625, 4, 1, 'a:7:{s:9:\"connexion\";b:1;s:4:\"mail\";s:24:\"birahim.babou@uvs.edu.sn\";s:6:\"profil\";s:1:\"2\";s:11:\"utilisateur\";s:1:\"1\";s:6:\"prenom\";s:7:\"Birahim\";s:3:\"nom\";s:5:\"BABOU\";s:4:\"role\";s:18:\"GMB_ADMINISTRATEUR\";}'),
(626, 4, 1, 'a:7:{s:9:\"connexion\";b:1;s:4:\"mail\";s:24:\"birahim.babou@uvs.edu.sn\";s:6:\"profil\";s:1:\"2\";s:11:\"utilisateur\";s:1:\"1\";s:6:\"prenom\";s:7:\"Birahim\";s:3:\"nom\";s:5:\"BABOU\";s:4:\"role\";s:18:\"GMB_ADMINISTRATEUR\";}'),
(627, 4, 1, 'a:7:{s:9:\"connexion\";b:1;s:4:\"mail\";s:24:\"birahim.babou@uvs.edu.sn\";s:6:\"profil\";s:1:\"2\";s:11:\"utilisateur\";s:1:\"1\";s:6:\"prenom\";s:7:\"Birahim\";s:3:\"nom\";s:5:\"BABOU\";s:4:\"role\";s:18:\"GMB_ADMINISTRATEUR\";}'),
(628, 4, 1, 'a:7:{s:9:\"connexion\";b:1;s:4:\"mail\";s:24:\"birahim.babou@uvs.edu.sn\";s:6:\"profil\";s:1:\"2\";s:11:\"utilisateur\";s:1:\"1\";s:6:\"prenom\";s:7:\"Birahim\";s:3:\"nom\";s:5:\"BABOU\";s:4:\"role\";s:18:\"GMB_ADMINISTRATEUR\";}'),
(629, 4, 1, 'a:7:{s:9:\"connexion\";b:1;s:4:\"mail\";s:24:\"birahim.babou@uvs.edu.sn\";s:6:\"profil\";s:1:\"2\";s:11:\"utilisateur\";s:1:\"1\";s:6:\"prenom\";s:7:\"Birahim\";s:3:\"nom\";s:5:\"BABOU\";s:4:\"role\";s:18:\"GMB_ADMINISTRATEUR\";}'),
(630, 4, 1, 'a:7:{s:9:\"connexion\";b:1;s:4:\"mail\";s:24:\"birahim.babou@uvs.edu.sn\";s:6:\"profil\";s:1:\"2\";s:11:\"utilisateur\";s:1:\"1\";s:6:\"prenom\";s:7:\"Birahim\";s:3:\"nom\";s:5:\"BABOU\";s:4:\"role\";s:18:\"GMB_ADMINISTRATEUR\";}'),
(631, 4, 1, 'a:7:{s:9:\"connexion\";b:1;s:4:\"mail\";s:24:\"birahim.babou@uvs.edu.sn\";s:6:\"profil\";s:1:\"2\";s:11:\"utilisateur\";s:1:\"1\";s:6:\"prenom\";s:7:\"Birahim\";s:3:\"nom\";s:5:\"BABOU\";s:4:\"role\";s:18:\"GMB_ADMINISTRATEUR\";}'),
(632, 4, 1, 'a:7:{s:9:\"connexion\";b:1;s:4:\"mail\";s:24:\"birahim.babou@uvs.edu.sn\";s:6:\"profil\";s:1:\"2\";s:11:\"utilisateur\";s:1:\"1\";s:6:\"prenom\";s:7:\"Birahim\";s:3:\"nom\";s:5:\"BABOU\";s:4:\"role\";s:18:\"GMB_ADMINISTRATEUR\";}'),
(633, 4, 1, 'a:7:{s:9:\"connexion\";b:1;s:4:\"mail\";s:24:\"birahim.babou@uvs.edu.sn\";s:6:\"profil\";s:1:\"2\";s:11:\"utilisateur\";s:1:\"1\";s:6:\"prenom\";s:7:\"Birahim\";s:3:\"nom\";s:5:\"BABOU\";s:4:\"role\";s:18:\"GMB_ADMINISTRATEUR\";}'),
(634, 4, 1, 'a:7:{s:9:\"connexion\";b:1;s:4:\"mail\";s:24:\"birahim.babou@uvs.edu.sn\";s:6:\"profil\";s:1:\"2\";s:11:\"utilisateur\";s:1:\"1\";s:6:\"prenom\";s:7:\"Birahim\";s:3:\"nom\";s:5:\"BABOU\";s:4:\"role\";s:18:\"GMB_ADMINISTRATEUR\";}'),
(635, 4, 1, 'a:7:{s:9:\"connexion\";b:1;s:4:\"mail\";s:24:\"birahim.babou@uvs.edu.sn\";s:6:\"profil\";s:1:\"2\";s:11:\"utilisateur\";s:1:\"1\";s:6:\"prenom\";s:7:\"Birahim\";s:3:\"nom\";s:5:\"BABOU\";s:4:\"role\";s:18:\"GMB_ADMINISTRATEUR\";}'),
(636, 4, 1, 'a:7:{s:9:\"connexion\";b:1;s:4:\"mail\";s:24:\"birahim.babou@uvs.edu.sn\";s:6:\"profil\";s:1:\"2\";s:11:\"utilisateur\";s:1:\"1\";s:6:\"prenom\";s:7:\"Birahim\";s:3:\"nom\";s:5:\"BABOU\";s:4:\"role\";s:18:\"GMB_ADMINISTRATEUR\";}'),
(637, 4, 1, 'a:7:{s:9:\"connexion\";b:1;s:4:\"mail\";s:24:\"birahim.babou@uvs.edu.sn\";s:6:\"profil\";s:1:\"2\";s:11:\"utilisateur\";s:1:\"1\";s:6:\"prenom\";s:7:\"Birahim\";s:3:\"nom\";s:5:\"BABOU\";s:4:\"role\";s:18:\"GMB_ADMINISTRATEUR\";}'),
(638, 4, 1, 'a:7:{s:9:\"connexion\";b:1;s:4:\"mail\";s:24:\"birahim.babou@uvs.edu.sn\";s:6:\"profil\";s:1:\"2\";s:11:\"utilisateur\";s:1:\"1\";s:6:\"prenom\";s:7:\"Birahim\";s:3:\"nom\";s:5:\"BABOU\";s:4:\"role\";s:18:\"GMB_ADMINISTRATEUR\";}'),
(639, 4, 1, 'a:7:{s:9:\"connexion\";b:1;s:4:\"mail\";s:24:\"birahim.babou@uvs.edu.sn\";s:6:\"profil\";s:1:\"2\";s:11:\"utilisateur\";s:1:\"1\";s:6:\"prenom\";s:7:\"Birahim\";s:3:\"nom\";s:5:\"BABOU\";s:4:\"role\";s:18:\"GMB_ADMINISTRATEUR\";}'),
(640, 4, 1, 'a:7:{s:9:\"connexion\";b:1;s:4:\"mail\";s:24:\"birahim.babou@uvs.edu.sn\";s:6:\"profil\";s:1:\"2\";s:11:\"utilisateur\";s:1:\"1\";s:6:\"prenom\";s:7:\"Birahim\";s:3:\"nom\";s:5:\"BABOU\";s:4:\"role\";s:18:\"GMB_ADMINISTRATEUR\";}'),
(641, 4, 1, 'a:7:{s:9:\"connexion\";b:1;s:4:\"mail\";s:24:\"birahim.babou@uvs.edu.sn\";s:6:\"profil\";s:1:\"2\";s:11:\"utilisateur\";s:1:\"1\";s:6:\"prenom\";s:7:\"Birahim\";s:3:\"nom\";s:5:\"BABOU\";s:4:\"role\";s:18:\"GMB_ADMINISTRATEUR\";}'),
(642, 4, 1, 'a:7:{s:9:\"connexion\";b:1;s:4:\"mail\";s:24:\"birahim.babou@uvs.edu.sn\";s:6:\"profil\";s:1:\"2\";s:11:\"utilisateur\";s:1:\"1\";s:6:\"prenom\";s:7:\"Birahim\";s:3:\"nom\";s:5:\"BABOU\";s:4:\"role\";s:18:\"GMB_ADMINISTRATEUR\";}'),
(643, 4, 1, 'a:7:{s:9:\"connexion\";b:1;s:4:\"mail\";s:24:\"birahim.babou@uvs.edu.sn\";s:6:\"profil\";s:1:\"2\";s:11:\"utilisateur\";s:1:\"1\";s:6:\"prenom\";s:7:\"Birahim\";s:3:\"nom\";s:5:\"BABOU\";s:4:\"role\";s:18:\"GMB_ADMINISTRATEUR\";}'),
(644, 4, 1, 'a:7:{s:9:\"connexion\";b:1;s:4:\"mail\";s:24:\"birahim.babou@uvs.edu.sn\";s:6:\"profil\";s:1:\"2\";s:11:\"utilisateur\";s:1:\"1\";s:6:\"prenom\";s:7:\"Birahim\";s:3:\"nom\";s:5:\"BABOU\";s:4:\"role\";s:18:\"GMB_ADMINISTRATEUR\";}'),
(645, 4, 1, 'a:7:{s:9:\"connexion\";b:1;s:4:\"mail\";s:24:\"birahim.babou@uvs.edu.sn\";s:6:\"profil\";s:1:\"2\";s:11:\"utilisateur\";s:1:\"1\";s:6:\"prenom\";s:7:\"Birahim\";s:3:\"nom\";s:5:\"BABOU\";s:4:\"role\";s:18:\"GMB_ADMINISTRATEUR\";}'),
(646, 4, 1, 'a:7:{s:9:\"connexion\";b:1;s:4:\"mail\";s:24:\"birahim.babou@uvs.edu.sn\";s:6:\"profil\";s:1:\"2\";s:11:\"utilisateur\";s:1:\"1\";s:6:\"prenom\";s:7:\"Birahim\";s:3:\"nom\";s:5:\"BABOU\";s:4:\"role\";s:18:\"GMB_ADMINISTRATEUR\";}'),
(647, 4, 1, 'a:7:{s:9:\"connexion\";b:1;s:4:\"mail\";s:24:\"birahim.babou@uvs.edu.sn\";s:6:\"profil\";s:1:\"2\";s:11:\"utilisateur\";s:1:\"1\";s:6:\"prenom\";s:7:\"Birahim\";s:3:\"nom\";s:5:\"BABOU\";s:4:\"role\";s:18:\"GMB_ADMINISTRATEUR\";}'),
(648, 4, 1, 'a:7:{s:9:\"connexion\";b:1;s:4:\"mail\";s:24:\"birahim.babou@uvs.edu.sn\";s:6:\"profil\";s:1:\"2\";s:11:\"utilisateur\";s:1:\"1\";s:6:\"prenom\";s:7:\"Birahim\";s:3:\"nom\";s:5:\"BABOU\";s:4:\"role\";s:18:\"GMB_ADMINISTRATEUR\";}'),
(649, 4, 1, 'a:7:{s:9:\"connexion\";b:1;s:4:\"mail\";s:24:\"birahim.babou@uvs.edu.sn\";s:6:\"profil\";s:1:\"2\";s:11:\"utilisateur\";s:1:\"1\";s:6:\"prenom\";s:7:\"Birahim\";s:3:\"nom\";s:5:\"BABOU\";s:4:\"role\";s:18:\"GMB_ADMINISTRATEUR\";}'),
(650, 4, 1, 'a:7:{s:9:\"connexion\";b:1;s:4:\"mail\";s:24:\"birahim.babou@uvs.edu.sn\";s:6:\"profil\";s:1:\"2\";s:11:\"utilisateur\";s:1:\"1\";s:6:\"prenom\";s:7:\"Birahim\";s:3:\"nom\";s:5:\"BABOU\";s:4:\"role\";s:18:\"GMB_ADMINISTRATEUR\";}'),
(651, 4, 1, 'a:7:{s:9:\"connexion\";b:1;s:4:\"mail\";s:24:\"birahim.babou@uvs.edu.sn\";s:6:\"profil\";s:1:\"2\";s:11:\"utilisateur\";s:1:\"1\";s:6:\"prenom\";s:7:\"Birahim\";s:3:\"nom\";s:5:\"BABOU\";s:4:\"role\";s:18:\"GMB_ADMINISTRATEUR\";}'),
(652, 4, 1, 'a:7:{s:9:\"connexion\";b:1;s:4:\"mail\";s:24:\"birahim.babou@uvs.edu.sn\";s:6:\"profil\";s:1:\"2\";s:11:\"utilisateur\";s:1:\"1\";s:6:\"prenom\";s:7:\"Birahim\";s:3:\"nom\";s:5:\"BABOU\";s:4:\"role\";s:18:\"GMB_ADMINISTRATEUR\";}'),
(653, 4, 1, 'a:7:{s:9:\"connexion\";b:1;s:4:\"mail\";s:24:\"birahim.babou@uvs.edu.sn\";s:6:\"profil\";s:1:\"2\";s:11:\"utilisateur\";s:1:\"1\";s:6:\"prenom\";s:7:\"Birahim\";s:3:\"nom\";s:5:\"BABOU\";s:4:\"role\";s:18:\"GMB_ADMINISTRATEUR\";}'),
(654, 4, 1, 'a:7:{s:9:\"connexion\";b:1;s:4:\"mail\";s:24:\"birahim.babou@uvs.edu.sn\";s:6:\"profil\";s:1:\"2\";s:11:\"utilisateur\";s:1:\"1\";s:6:\"prenom\";s:7:\"Birahim\";s:3:\"nom\";s:5:\"BABOU\";s:4:\"role\";s:18:\"GMB_ADMINISTRATEUR\";}'),
(655, 4, 1, 'a:7:{s:9:\"connexion\";b:1;s:4:\"mail\";s:24:\"birahim.babou@uvs.edu.sn\";s:6:\"profil\";s:1:\"2\";s:11:\"utilisateur\";s:1:\"1\";s:6:\"prenom\";s:7:\"Birahim\";s:3:\"nom\";s:5:\"BABOU\";s:4:\"role\";s:18:\"GMB_ADMINISTRATEUR\";}'),
(656, 4, 1, 'a:7:{s:9:\"connexion\";b:1;s:4:\"mail\";s:24:\"birahim.babou@uvs.edu.sn\";s:6:\"profil\";s:1:\"2\";s:11:\"utilisateur\";s:1:\"1\";s:6:\"prenom\";s:7:\"Birahim\";s:3:\"nom\";s:5:\"BABOU\";s:4:\"role\";s:18:\"GMB_ADMINISTRATEUR\";}'),
(657, 4, 1, 'a:7:{s:9:\"connexion\";b:1;s:4:\"mail\";s:24:\"birahim.babou@uvs.edu.sn\";s:6:\"profil\";s:1:\"2\";s:11:\"utilisateur\";s:1:\"1\";s:6:\"prenom\";s:7:\"Birahim\";s:3:\"nom\";s:5:\"BABOU\";s:4:\"role\";s:18:\"GMB_ADMINISTRATEUR\";}'),
(658, 4, 1, 'a:7:{s:9:\"connexion\";b:1;s:4:\"mail\";s:24:\"birahim.babou@uvs.edu.sn\";s:6:\"profil\";s:1:\"2\";s:11:\"utilisateur\";s:1:\"1\";s:6:\"prenom\";s:7:\"Birahim\";s:3:\"nom\";s:5:\"BABOU\";s:4:\"role\";s:18:\"GMB_ADMINISTRATEUR\";}'),
(659, 4, 1, 'a:7:{s:9:\"connexion\";b:1;s:4:\"mail\";s:24:\"birahim.babou@uvs.edu.sn\";s:6:\"profil\";s:1:\"2\";s:11:\"utilisateur\";s:1:\"1\";s:6:\"prenom\";s:7:\"Birahim\";s:3:\"nom\";s:5:\"BABOU\";s:4:\"role\";s:18:\"GMB_ADMINISTRATEUR\";}'),
(660, 4, 1, 'a:7:{s:9:\"connexion\";b:1;s:4:\"mail\";s:24:\"birahim.babou@uvs.edu.sn\";s:6:\"profil\";s:1:\"2\";s:11:\"utilisateur\";s:1:\"1\";s:6:\"prenom\";s:7:\"Birahim\";s:3:\"nom\";s:5:\"BABOU\";s:4:\"role\";s:18:\"GMB_ADMINISTRATEUR\";}'),
(661, 4, 1, 'a:7:{s:9:\"connexion\";b:1;s:4:\"mail\";s:24:\"birahim.babou@uvs.edu.sn\";s:6:\"profil\";s:1:\"2\";s:11:\"utilisateur\";s:1:\"1\";s:6:\"prenom\";s:7:\"Birahim\";s:3:\"nom\";s:5:\"BABOU\";s:4:\"role\";s:18:\"GMB_ADMINISTRATEUR\";}'),
(662, 4, 1, 'a:7:{s:9:\"connexion\";b:1;s:4:\"mail\";s:24:\"birahim.babou@uvs.edu.sn\";s:6:\"profil\";s:1:\"2\";s:11:\"utilisateur\";s:1:\"1\";s:6:\"prenom\";s:7:\"Birahim\";s:3:\"nom\";s:5:\"BABOU\";s:4:\"role\";s:18:\"GMB_ADMINISTRATEUR\";}'),
(663, 4, 1, 'a:7:{s:9:\"connexion\";b:1;s:4:\"mail\";s:24:\"birahim.babou@uvs.edu.sn\";s:6:\"profil\";s:1:\"2\";s:11:\"utilisateur\";s:1:\"1\";s:6:\"prenom\";s:7:\"Birahim\";s:3:\"nom\";s:5:\"BABOU\";s:4:\"role\";s:18:\"GMB_ADMINISTRATEUR\";}'),
(664, 4, 1, 'a:7:{s:9:\"connexion\";b:1;s:4:\"mail\";s:24:\"birahim.babou@uvs.edu.sn\";s:6:\"profil\";s:1:\"2\";s:11:\"utilisateur\";s:1:\"1\";s:6:\"prenom\";s:7:\"Birahim\";s:3:\"nom\";s:5:\"BABOU\";s:4:\"role\";s:18:\"GMB_ADMINISTRATEUR\";}'),
(665, 4, 1, 'a:7:{s:9:\"connexion\";b:1;s:4:\"mail\";s:24:\"birahim.babou@uvs.edu.sn\";s:6:\"profil\";s:1:\"2\";s:11:\"utilisateur\";s:1:\"1\";s:6:\"prenom\";s:7:\"Birahim\";s:3:\"nom\";s:5:\"BABOU\";s:4:\"role\";s:18:\"GMB_ADMINISTRATEUR\";}'),
(666, 4, 1, 'a:7:{s:9:\"connexion\";b:1;s:4:\"mail\";s:24:\"birahim.babou@uvs.edu.sn\";s:6:\"profil\";s:1:\"2\";s:11:\"utilisateur\";s:1:\"1\";s:6:\"prenom\";s:7:\"Birahim\";s:3:\"nom\";s:5:\"BABOU\";s:4:\"role\";s:18:\"GMB_ADMINISTRATEUR\";}'),
(667, 4, 1, 'a:7:{s:9:\"connexion\";b:1;s:4:\"mail\";s:24:\"birahim.babou@uvs.edu.sn\";s:6:\"profil\";s:1:\"2\";s:11:\"utilisateur\";s:1:\"1\";s:6:\"prenom\";s:7:\"Birahim\";s:3:\"nom\";s:5:\"BABOU\";s:4:\"role\";s:18:\"GMB_ADMINISTRATEUR\";}'),
(668, 4, 1, 'a:7:{s:9:\"connexion\";b:1;s:4:\"mail\";s:24:\"birahim.babou@uvs.edu.sn\";s:6:\"profil\";s:1:\"2\";s:11:\"utilisateur\";s:1:\"1\";s:6:\"prenom\";s:7:\"Birahim\";s:3:\"nom\";s:5:\"BABOU\";s:4:\"role\";s:18:\"GMB_ADMINISTRATEUR\";}'),
(669, 4, 1, 'a:7:{s:9:\"connexion\";b:1;s:4:\"mail\";s:24:\"birahim.babou@uvs.edu.sn\";s:6:\"profil\";s:1:\"2\";s:11:\"utilisateur\";s:1:\"1\";s:6:\"prenom\";s:7:\"Birahim\";s:3:\"nom\";s:5:\"BABOU\";s:4:\"role\";s:18:\"GMB_ADMINISTRATEUR\";}'),
(670, 4, 1, 'a:7:{s:9:\"connexion\";b:1;s:4:\"mail\";s:24:\"birahim.babou@uvs.edu.sn\";s:6:\"profil\";s:1:\"2\";s:11:\"utilisateur\";s:1:\"1\";s:6:\"prenom\";s:7:\"Birahim\";s:3:\"nom\";s:5:\"BABOU\";s:4:\"role\";s:18:\"GMB_ADMINISTRATEUR\";}'),
(671, 4, 1, 'a:7:{s:9:\"connexion\";b:1;s:4:\"mail\";s:24:\"birahim.babou@uvs.edu.sn\";s:6:\"profil\";s:1:\"2\";s:11:\"utilisateur\";s:1:\"1\";s:6:\"prenom\";s:7:\"Birahim\";s:3:\"nom\";s:5:\"BABOU\";s:4:\"role\";s:18:\"GMB_ADMINISTRATEUR\";}'),
(672, 4, 1, 'a:7:{s:9:\"connexion\";b:1;s:4:\"mail\";s:24:\"birahim.babou@uvs.edu.sn\";s:6:\"profil\";s:1:\"2\";s:11:\"utilisateur\";s:1:\"1\";s:6:\"prenom\";s:7:\"Birahim\";s:3:\"nom\";s:5:\"BABOU\";s:4:\"role\";s:18:\"GMB_ADMINISTRATEUR\";}'),
(673, 4, 1, 'a:7:{s:9:\"connexion\";b:1;s:4:\"mail\";s:24:\"birahim.babou@uvs.edu.sn\";s:6:\"profil\";s:1:\"2\";s:11:\"utilisateur\";s:1:\"1\";s:6:\"prenom\";s:7:\"Birahim\";s:3:\"nom\";s:5:\"BABOU\";s:4:\"role\";s:18:\"GMB_ADMINISTRATEUR\";}'),
(674, 4, 1, 'a:7:{s:9:\"connexion\";b:1;s:4:\"mail\";s:24:\"birahim.babou@uvs.edu.sn\";s:6:\"profil\";s:1:\"2\";s:11:\"utilisateur\";s:1:\"1\";s:6:\"prenom\";s:7:\"Birahim\";s:3:\"nom\";s:5:\"BABOU\";s:4:\"role\";s:18:\"GMB_ADMINISTRATEUR\";}'),
(675, 4, 1, 'a:7:{s:9:\"connexion\";b:1;s:4:\"mail\";s:24:\"birahim.babou@uvs.edu.sn\";s:6:\"profil\";s:1:\"2\";s:11:\"utilisateur\";s:1:\"1\";s:6:\"prenom\";s:7:\"Birahim\";s:3:\"nom\";s:5:\"BABOU\";s:4:\"role\";s:18:\"GMB_ADMINISTRATEUR\";}'),
(676, 4, 1, 'a:7:{s:9:\"connexion\";b:1;s:4:\"mail\";s:24:\"birahim.babou@uvs.edu.sn\";s:6:\"profil\";s:1:\"2\";s:11:\"utilisateur\";s:1:\"1\";s:6:\"prenom\";s:7:\"Birahim\";s:3:\"nom\";s:5:\"BABOU\";s:4:\"role\";s:18:\"GMB_ADMINISTRATEUR\";}'),
(677, 4, 1, 'a:7:{s:9:\"connexion\";b:1;s:4:\"mail\";s:24:\"birahim.babou@uvs.edu.sn\";s:6:\"profil\";s:1:\"2\";s:11:\"utilisateur\";s:1:\"1\";s:6:\"prenom\";s:7:\"Birahim\";s:3:\"nom\";s:5:\"BABOU\";s:4:\"role\";s:18:\"GMB_ADMINISTRATEUR\";}'),
(678, 4, 1, 'a:7:{s:9:\"connexion\";b:1;s:4:\"mail\";s:24:\"birahim.babou@uvs.edu.sn\";s:6:\"profil\";s:1:\"2\";s:11:\"utilisateur\";s:1:\"1\";s:6:\"prenom\";s:7:\"Birahim\";s:3:\"nom\";s:5:\"BABOU\";s:4:\"role\";s:18:\"GMB_ADMINISTRATEUR\";}'),
(679, 4, 1, 'a:7:{s:9:\"connexion\";b:1;s:4:\"mail\";s:24:\"birahim.babou@uvs.edu.sn\";s:6:\"profil\";s:1:\"2\";s:11:\"utilisateur\";s:1:\"1\";s:6:\"prenom\";s:7:\"Birahim\";s:3:\"nom\";s:5:\"BABOU\";s:4:\"role\";s:18:\"GMB_ADMINISTRATEUR\";}'),
(680, 4, 1, 'a:7:{s:9:\"connexion\";b:1;s:4:\"mail\";s:24:\"birahim.babou@uvs.edu.sn\";s:6:\"profil\";s:1:\"2\";s:11:\"utilisateur\";s:1:\"1\";s:6:\"prenom\";s:7:\"Birahim\";s:3:\"nom\";s:5:\"BABOU\";s:4:\"role\";s:18:\"GMB_ADMINISTRATEUR\";}'),
(681, 4, 1, 'a:7:{s:9:\"connexion\";b:1;s:4:\"mail\";s:24:\"birahim.babou@uvs.edu.sn\";s:6:\"profil\";s:1:\"2\";s:11:\"utilisateur\";s:1:\"1\";s:6:\"prenom\";s:7:\"Birahim\";s:3:\"nom\";s:5:\"BABOU\";s:4:\"role\";s:18:\"GMB_ADMINISTRATEUR\";}'),
(682, 4, 1, 'a:7:{s:9:\"connexion\";b:1;s:4:\"mail\";s:24:\"birahim.babou@uvs.edu.sn\";s:6:\"profil\";s:1:\"2\";s:11:\"utilisateur\";s:1:\"1\";s:6:\"prenom\";s:7:\"Birahim\";s:3:\"nom\";s:5:\"BABOU\";s:4:\"role\";s:18:\"GMB_ADMINISTRATEUR\";}'),
(683, 4, 1, 'a:7:{s:9:\"connexion\";b:1;s:4:\"mail\";s:24:\"birahim.babou@uvs.edu.sn\";s:6:\"profil\";s:1:\"2\";s:11:\"utilisateur\";s:1:\"1\";s:6:\"prenom\";s:7:\"Birahim\";s:3:\"nom\";s:5:\"BABOU\";s:4:\"role\";s:18:\"GMB_ADMINISTRATEUR\";}'),
(684, 4, 1, 'a:7:{s:9:\"connexion\";b:1;s:4:\"mail\";s:24:\"birahim.babou@uvs.edu.sn\";s:6:\"profil\";s:1:\"2\";s:11:\"utilisateur\";s:1:\"1\";s:6:\"prenom\";s:7:\"Birahim\";s:3:\"nom\";s:5:\"BABOU\";s:4:\"role\";s:18:\"GMB_ADMINISTRATEUR\";}'),
(685, 4, 1, 'a:7:{s:9:\"connexion\";b:1;s:4:\"mail\";s:24:\"birahim.babou@uvs.edu.sn\";s:6:\"profil\";s:1:\"2\";s:11:\"utilisateur\";s:1:\"1\";s:6:\"prenom\";s:7:\"Birahim\";s:3:\"nom\";s:5:\"BABOU\";s:4:\"role\";s:18:\"GMB_ADMINISTRATEUR\";}'),
(686, 4, 1, 'a:7:{s:9:\"connexion\";b:1;s:4:\"mail\";s:24:\"birahim.babou@uvs.edu.sn\";s:6:\"profil\";s:1:\"2\";s:11:\"utilisateur\";s:1:\"1\";s:6:\"prenom\";s:7:\"Birahim\";s:3:\"nom\";s:5:\"BABOU\";s:4:\"role\";s:18:\"GMB_ADMINISTRATEUR\";}'),
(687, 4, 1, 'a:7:{s:9:\"connexion\";b:1;s:4:\"mail\";s:24:\"birahim.babou@uvs.edu.sn\";s:6:\"profil\";s:1:\"2\";s:11:\"utilisateur\";s:1:\"1\";s:6:\"prenom\";s:7:\"Birahim\";s:3:\"nom\";s:5:\"BABOU\";s:4:\"role\";s:18:\"GMB_ADMINISTRATEUR\";}'),
(688, 4, 1, 'a:7:{s:9:\"connexion\";b:1;s:4:\"mail\";s:24:\"birahim.babou@uvs.edu.sn\";s:6:\"profil\";s:1:\"2\";s:11:\"utilisateur\";s:1:\"1\";s:6:\"prenom\";s:7:\"Birahim\";s:3:\"nom\";s:5:\"BABOU\";s:4:\"role\";s:18:\"GMB_ADMINISTRATEUR\";}'),
(689, 4, 1, 'a:7:{s:9:\"connexion\";b:1;s:4:\"mail\";s:24:\"birahim.babou@uvs.edu.sn\";s:6:\"profil\";s:1:\"2\";s:11:\"utilisateur\";s:1:\"1\";s:6:\"prenom\";s:7:\"Birahim\";s:3:\"nom\";s:5:\"BABOU\";s:4:\"role\";s:18:\"GMB_ADMINISTRATEUR\";}'),
(690, 4, 1, 'a:7:{s:9:\"connexion\";b:1;s:4:\"mail\";s:24:\"birahim.babou@uvs.edu.sn\";s:6:\"profil\";s:1:\"2\";s:11:\"utilisateur\";s:1:\"1\";s:6:\"prenom\";s:7:\"Birahim\";s:3:\"nom\";s:5:\"BABOU\";s:4:\"role\";s:18:\"GMB_ADMINISTRATEUR\";}'),
(691, 4, 1, 'a:7:{s:9:\"connexion\";b:1;s:4:\"mail\";s:24:\"birahim.babou@uvs.edu.sn\";s:6:\"profil\";s:1:\"2\";s:11:\"utilisateur\";s:1:\"1\";s:6:\"prenom\";s:7:\"Birahim\";s:3:\"nom\";s:5:\"BABOU\";s:4:\"role\";s:18:\"GMB_ADMINISTRATEUR\";}'),
(692, 4, 1, 'a:7:{s:9:\"connexion\";b:1;s:4:\"mail\";s:24:\"birahim.babou@uvs.edu.sn\";s:6:\"profil\";s:1:\"2\";s:11:\"utilisateur\";s:1:\"1\";s:6:\"prenom\";s:7:\"Birahim\";s:3:\"nom\";s:5:\"BABOU\";s:4:\"role\";s:18:\"GMB_ADMINISTRATEUR\";}'),
(693, 4, 1, 'a:7:{s:9:\"connexion\";b:1;s:4:\"mail\";s:24:\"birahim.babou@uvs.edu.sn\";s:6:\"profil\";s:1:\"2\";s:11:\"utilisateur\";s:1:\"1\";s:6:\"prenom\";s:7:\"Birahim\";s:3:\"nom\";s:5:\"BABOU\";s:4:\"role\";s:18:\"GMB_ADMINISTRATEUR\";}'),
(694, 4, 1, 'a:7:{s:9:\"connexion\";b:1;s:4:\"mail\";s:24:\"birahim.babou@uvs.edu.sn\";s:6:\"profil\";s:1:\"2\";s:11:\"utilisateur\";s:1:\"1\";s:6:\"prenom\";s:7:\"Birahim\";s:3:\"nom\";s:5:\"BABOU\";s:4:\"role\";s:18:\"GMB_ADMINISTRATEUR\";}'),
(695, 4, 1, 'a:7:{s:9:\"connexion\";b:1;s:4:\"mail\";s:24:\"birahim.babou@uvs.edu.sn\";s:6:\"profil\";s:1:\"2\";s:11:\"utilisateur\";s:1:\"1\";s:6:\"prenom\";s:7:\"Birahim\";s:3:\"nom\";s:5:\"BABOU\";s:4:\"role\";s:18:\"GMB_ADMINISTRATEUR\";}'),
(696, 4, 1, 'a:7:{s:9:\"connexion\";b:1;s:4:\"mail\";s:24:\"birahim.babou@uvs.edu.sn\";s:6:\"profil\";s:1:\"2\";s:11:\"utilisateur\";s:1:\"1\";s:6:\"prenom\";s:7:\"Birahim\";s:3:\"nom\";s:5:\"BABOU\";s:4:\"role\";s:18:\"GMB_ADMINISTRATEUR\";}'),
(697, 4, 1, 'a:7:{s:9:\"connexion\";b:1;s:4:\"mail\";s:24:\"birahim.babou@uvs.edu.sn\";s:6:\"profil\";s:1:\"2\";s:11:\"utilisateur\";s:1:\"1\";s:6:\"prenom\";s:7:\"Birahim\";s:3:\"nom\";s:5:\"BABOU\";s:4:\"role\";s:18:\"GMB_ADMINISTRATEUR\";}'),
(698, 4, 1, 'a:7:{s:9:\"connexion\";b:1;s:4:\"mail\";s:24:\"birahim.babou@uvs.edu.sn\";s:6:\"profil\";s:1:\"2\";s:11:\"utilisateur\";s:1:\"1\";s:6:\"prenom\";s:7:\"Birahim\";s:3:\"nom\";s:5:\"BABOU\";s:4:\"role\";s:18:\"GMB_ADMINISTRATEUR\";}'),
(699, 4, 1, 'a:7:{s:9:\"connexion\";b:1;s:4:\"mail\";s:24:\"birahim.babou@uvs.edu.sn\";s:6:\"profil\";s:1:\"2\";s:11:\"utilisateur\";s:1:\"1\";s:6:\"prenom\";s:7:\"Birahim\";s:3:\"nom\";s:5:\"BABOU\";s:4:\"role\";s:18:\"GMB_ADMINISTRATEUR\";}'),
(700, 4, 1, 'a:7:{s:9:\"connexion\";b:1;s:4:\"mail\";s:24:\"birahim.babou@uvs.edu.sn\";s:6:\"profil\";s:1:\"2\";s:11:\"utilisateur\";s:1:\"1\";s:6:\"prenom\";s:7:\"Birahim\";s:3:\"nom\";s:5:\"BABOU\";s:4:\"role\";s:18:\"GMB_ADMINISTRATEUR\";}'),
(701, 4, 1, 'a:7:{s:9:\"connexion\";b:1;s:4:\"mail\";s:24:\"birahim.babou@uvs.edu.sn\";s:6:\"profil\";s:1:\"2\";s:11:\"utilisateur\";s:1:\"1\";s:6:\"prenom\";s:7:\"Birahim\";s:3:\"nom\";s:5:\"BABOU\";s:4:\"role\";s:18:\"GMB_ADMINISTRATEUR\";}'),
(702, 4, 1, 'a:7:{s:9:\"connexion\";b:1;s:4:\"mail\";s:24:\"birahim.babou@uvs.edu.sn\";s:6:\"profil\";s:1:\"2\";s:11:\"utilisateur\";s:1:\"1\";s:6:\"prenom\";s:7:\"Birahim\";s:3:\"nom\";s:5:\"BABOU\";s:4:\"role\";s:18:\"GMB_ADMINISTRATEUR\";}'),
(703, 4, 1, 'a:7:{s:9:\"connexion\";b:1;s:4:\"mail\";s:24:\"birahim.babou@uvs.edu.sn\";s:6:\"profil\";s:1:\"2\";s:11:\"utilisateur\";s:1:\"1\";s:6:\"prenom\";s:7:\"Birahim\";s:3:\"nom\";s:5:\"BABOU\";s:4:\"role\";s:18:\"GMB_ADMINISTRATEUR\";}'),
(704, 4, 1, 'a:7:{s:9:\"connexion\";b:1;s:4:\"mail\";s:24:\"birahim.babou@uvs.edu.sn\";s:6:\"profil\";s:1:\"2\";s:11:\"utilisateur\";s:1:\"1\";s:6:\"prenom\";s:7:\"Birahim\";s:3:\"nom\";s:5:\"BABOU\";s:4:\"role\";s:18:\"GMB_ADMINISTRATEUR\";}'),
(705, 4, 1, 'a:7:{s:9:\"connexion\";b:1;s:4:\"mail\";s:24:\"birahim.babou@uvs.edu.sn\";s:6:\"profil\";s:1:\"2\";s:11:\"utilisateur\";s:1:\"1\";s:6:\"prenom\";s:7:\"Birahim\";s:3:\"nom\";s:5:\"BABOU\";s:4:\"role\";s:18:\"GMB_ADMINISTRATEUR\";}'),
(706, 4, 1, 'a:7:{s:9:\"connexion\";b:1;s:4:\"mail\";s:24:\"birahim.babou@uvs.edu.sn\";s:6:\"profil\";s:1:\"2\";s:11:\"utilisateur\";s:1:\"1\";s:6:\"prenom\";s:7:\"Birahim\";s:3:\"nom\";s:5:\"BABOU\";s:4:\"role\";s:18:\"GMB_ADMINISTRATEUR\";}'),
(707, 4, 1, 'a:7:{s:9:\"connexion\";b:1;s:4:\"mail\";s:24:\"birahim.babou@uvs.edu.sn\";s:6:\"profil\";s:1:\"2\";s:11:\"utilisateur\";s:1:\"1\";s:6:\"prenom\";s:7:\"Birahim\";s:3:\"nom\";s:5:\"BABOU\";s:4:\"role\";s:18:\"GMB_ADMINISTRATEUR\";}'),
(708, 4, 1, 'a:7:{s:9:\"connexion\";b:1;s:4:\"mail\";s:24:\"birahim.babou@uvs.edu.sn\";s:6:\"profil\";s:1:\"2\";s:11:\"utilisateur\";s:1:\"1\";s:6:\"prenom\";s:7:\"Birahim\";s:3:\"nom\";s:5:\"BABOU\";s:4:\"role\";s:18:\"GMB_ADMINISTRATEUR\";}'),
(709, 4, 1, 'a:7:{s:9:\"connexion\";b:1;s:4:\"mail\";s:24:\"birahim.babou@uvs.edu.sn\";s:6:\"profil\";s:1:\"2\";s:11:\"utilisateur\";s:1:\"1\";s:6:\"prenom\";s:7:\"Birahim\";s:3:\"nom\";s:5:\"BABOU\";s:4:\"role\";s:18:\"GMB_ADMINISTRATEUR\";}'),
(710, 4, 1, 'a:7:{s:9:\"connexion\";b:1;s:4:\"mail\";s:24:\"birahim.babou@uvs.edu.sn\";s:6:\"profil\";s:1:\"2\";s:11:\"utilisateur\";s:1:\"1\";s:6:\"prenom\";s:7:\"Birahim\";s:3:\"nom\";s:5:\"BABOU\";s:4:\"role\";s:18:\"GMB_ADMINISTRATEUR\";}'),
(711, 4, 1, 'a:7:{s:9:\"connexion\";b:1;s:4:\"mail\";s:24:\"birahim.babou@uvs.edu.sn\";s:6:\"profil\";s:1:\"2\";s:11:\"utilisateur\";s:1:\"1\";s:6:\"prenom\";s:7:\"Birahim\";s:3:\"nom\";s:5:\"BABOU\";s:4:\"role\";s:18:\"GMB_ADMINISTRATEUR\";}'),
(712, 4, 1, 'a:7:{s:9:\"connexion\";b:1;s:4:\"mail\";s:24:\"birahim.babou@uvs.edu.sn\";s:6:\"profil\";s:1:\"2\";s:11:\"utilisateur\";s:1:\"1\";s:6:\"prenom\";s:7:\"Birahim\";s:3:\"nom\";s:5:\"BABOU\";s:4:\"role\";s:18:\"GMB_ADMINISTRATEUR\";}'),
(713, 4, 1, 'a:7:{s:9:\"connexion\";b:1;s:4:\"mail\";s:24:\"birahim.babou@uvs.edu.sn\";s:6:\"profil\";s:1:\"2\";s:11:\"utilisateur\";s:1:\"1\";s:6:\"prenom\";s:7:\"Birahim\";s:3:\"nom\";s:5:\"BABOU\";s:4:\"role\";s:18:\"GMB_ADMINISTRATEUR\";}'),
(714, 4, 1, 'a:7:{s:9:\"connexion\";b:1;s:4:\"mail\";s:24:\"birahim.babou@uvs.edu.sn\";s:6:\"profil\";s:1:\"2\";s:11:\"utilisateur\";s:1:\"1\";s:6:\"prenom\";s:7:\"Birahim\";s:3:\"nom\";s:5:\"BABOU\";s:4:\"role\";s:18:\"GMB_ADMINISTRATEUR\";}'),
(715, 4, 1, 'a:7:{s:9:\"connexion\";b:1;s:4:\"mail\";s:24:\"birahim.babou@uvs.edu.sn\";s:6:\"profil\";s:1:\"2\";s:11:\"utilisateur\";s:1:\"1\";s:6:\"prenom\";s:7:\"Birahim\";s:3:\"nom\";s:5:\"BABOU\";s:4:\"role\";s:18:\"GMB_ADMINISTRATEUR\";}'),
(716, 4, 1, 'a:7:{s:9:\"connexion\";b:1;s:4:\"mail\";s:24:\"birahim.babou@uvs.edu.sn\";s:6:\"profil\";s:1:\"2\";s:11:\"utilisateur\";s:1:\"1\";s:6:\"prenom\";s:7:\"Birahim\";s:3:\"nom\";s:5:\"BABOU\";s:4:\"role\";s:18:\"GMB_ADMINISTRATEUR\";}'),
(717, 4, 1, 'a:7:{s:9:\"connexion\";b:1;s:4:\"mail\";s:24:\"birahim.babou@uvs.edu.sn\";s:6:\"profil\";s:1:\"2\";s:11:\"utilisateur\";s:1:\"1\";s:6:\"prenom\";s:7:\"Birahim\";s:3:\"nom\";s:5:\"BABOU\";s:4:\"role\";s:18:\"GMB_ADMINISTRATEUR\";}'),
(718, 4, 1, 'a:7:{s:9:\"connexion\";b:1;s:4:\"mail\";s:24:\"birahim.babou@uvs.edu.sn\";s:6:\"profil\";s:1:\"2\";s:11:\"utilisateur\";s:1:\"1\";s:6:\"prenom\";s:7:\"Birahim\";s:3:\"nom\";s:5:\"BABOU\";s:4:\"role\";s:18:\"GMB_ADMINISTRATEUR\";}'),
(719, 4, 1, 'a:7:{s:9:\"connexion\";b:1;s:4:\"mail\";s:24:\"birahim.babou@uvs.edu.sn\";s:6:\"profil\";s:1:\"2\";s:11:\"utilisateur\";s:1:\"1\";s:6:\"prenom\";s:7:\"Birahim\";s:3:\"nom\";s:5:\"BABOU\";s:4:\"role\";s:18:\"GMB_ADMINISTRATEUR\";}'),
(720, 4, 1, 'a:7:{s:9:\"connexion\";b:1;s:4:\"mail\";s:24:\"birahim.babou@uvs.edu.sn\";s:6:\"profil\";s:1:\"2\";s:11:\"utilisateur\";s:1:\"1\";s:6:\"prenom\";s:7:\"Birahim\";s:3:\"nom\";s:5:\"BABOU\";s:4:\"role\";s:18:\"GMB_ADMINISTRATEUR\";}'),
(721, 4, 1, 'a:7:{s:9:\"connexion\";b:1;s:4:\"mail\";s:24:\"birahim.babou@uvs.edu.sn\";s:6:\"profil\";s:1:\"2\";s:11:\"utilisateur\";s:1:\"1\";s:6:\"prenom\";s:7:\"Birahim\";s:3:\"nom\";s:5:\"BABOU\";s:4:\"role\";s:18:\"GMB_ADMINISTRATEUR\";}'),
(722, 4, 1, 'a:7:{s:9:\"connexion\";b:1;s:4:\"mail\";s:24:\"birahim.babou@uvs.edu.sn\";s:6:\"profil\";s:1:\"2\";s:11:\"utilisateur\";s:1:\"1\";s:6:\"prenom\";s:7:\"Birahim\";s:3:\"nom\";s:5:\"BABOU\";s:4:\"role\";s:18:\"GMB_ADMINISTRATEUR\";}'),
(723, 4, 1, 'a:7:{s:9:\"connexion\";b:1;s:4:\"mail\";s:24:\"birahim.babou@uvs.edu.sn\";s:6:\"profil\";s:1:\"2\";s:11:\"utilisateur\";s:1:\"1\";s:6:\"prenom\";s:7:\"Birahim\";s:3:\"nom\";s:5:\"BABOU\";s:4:\"role\";s:18:\"GMB_ADMINISTRATEUR\";}'),
(724, 4, 1, 'a:7:{s:9:\"connexion\";b:1;s:4:\"mail\";s:24:\"birahim.babou@uvs.edu.sn\";s:6:\"profil\";s:1:\"2\";s:11:\"utilisateur\";s:1:\"1\";s:6:\"prenom\";s:7:\"Birahim\";s:3:\"nom\";s:5:\"BABOU\";s:4:\"role\";s:18:\"GMB_ADMINISTRATEUR\";}'),
(725, 4, 1, 'a:7:{s:9:\"connexion\";b:1;s:4:\"mail\";s:24:\"birahim.babou@uvs.edu.sn\";s:6:\"profil\";s:1:\"2\";s:11:\"utilisateur\";s:1:\"1\";s:6:\"prenom\";s:7:\"Birahim\";s:3:\"nom\";s:5:\"BABOU\";s:4:\"role\";s:18:\"GMB_ADMINISTRATEUR\";}'),
(726, 4, 1, 'a:7:{s:9:\"connexion\";b:1;s:4:\"mail\";s:24:\"birahim.babou@uvs.edu.sn\";s:6:\"profil\";s:1:\"2\";s:11:\"utilisateur\";s:1:\"1\";s:6:\"prenom\";s:7:\"Birahim\";s:3:\"nom\";s:5:\"BABOU\";s:4:\"role\";s:18:\"GMB_ADMINISTRATEUR\";}'),
(727, 4, 1, 'a:7:{s:9:\"connexion\";b:1;s:4:\"mail\";s:24:\"birahim.babou@uvs.edu.sn\";s:6:\"profil\";s:1:\"2\";s:11:\"utilisateur\";s:1:\"1\";s:6:\"prenom\";s:7:\"Birahim\";s:3:\"nom\";s:5:\"BABOU\";s:4:\"role\";s:18:\"GMB_ADMINISTRATEUR\";}'),
(728, 4, 1, 'a:7:{s:9:\"connexion\";b:1;s:4:\"mail\";s:24:\"birahim.babou@uvs.edu.sn\";s:6:\"profil\";s:1:\"2\";s:11:\"utilisateur\";s:1:\"1\";s:6:\"prenom\";s:7:\"Birahim\";s:3:\"nom\";s:5:\"BABOU\";s:4:\"role\";s:18:\"GMB_ADMINISTRATEUR\";}'),
(729, 4, 1, 'a:7:{s:9:\"connexion\";b:1;s:4:\"mail\";s:24:\"birahim.babou@uvs.edu.sn\";s:6:\"profil\";s:1:\"2\";s:11:\"utilisateur\";s:1:\"1\";s:6:\"prenom\";s:7:\"Birahim\";s:3:\"nom\";s:5:\"BABOU\";s:4:\"role\";s:18:\"GMB_ADMINISTRATEUR\";}'),
(730, 4, 1, 'a:7:{s:9:\"connexion\";b:1;s:4:\"mail\";s:24:\"birahim.babou@uvs.edu.sn\";s:6:\"profil\";s:1:\"2\";s:11:\"utilisateur\";s:1:\"1\";s:6:\"prenom\";s:7:\"Birahim\";s:3:\"nom\";s:5:\"BABOU\";s:4:\"role\";s:18:\"GMB_ADMINISTRATEUR\";}'),
(731, 4, 1, 'a:7:{s:9:\"connexion\";b:1;s:4:\"mail\";s:24:\"birahim.babou@uvs.edu.sn\";s:6:\"profil\";s:1:\"2\";s:11:\"utilisateur\";s:1:\"1\";s:6:\"prenom\";s:7:\"Birahim\";s:3:\"nom\";s:5:\"BABOU\";s:4:\"role\";s:18:\"GMB_ADMINISTRATEUR\";}'),
(732, 4, 1, 'a:7:{s:9:\"connexion\";b:1;s:4:\"mail\";s:24:\"birahim.babou@uvs.edu.sn\";s:6:\"profil\";s:1:\"2\";s:11:\"utilisateur\";s:1:\"1\";s:6:\"prenom\";s:7:\"Birahim\";s:3:\"nom\";s:5:\"BABOU\";s:4:\"role\";s:18:\"GMB_ADMINISTRATEUR\";}'),
(733, 4, 1, 'a:7:{s:9:\"connexion\";b:1;s:4:\"mail\";s:24:\"birahim.babou@uvs.edu.sn\";s:6:\"profil\";s:1:\"2\";s:11:\"utilisateur\";s:1:\"1\";s:6:\"prenom\";s:7:\"Birahim\";s:3:\"nom\";s:5:\"BABOU\";s:4:\"role\";s:18:\"GMB_ADMINISTRATEUR\";}'),
(734, 4, 1, 'a:7:{s:9:\"connexion\";b:1;s:4:\"mail\";s:24:\"birahim.babou@uvs.edu.sn\";s:6:\"profil\";s:1:\"2\";s:11:\"utilisateur\";s:1:\"1\";s:6:\"prenom\";s:7:\"Birahim\";s:3:\"nom\";s:5:\"BABOU\";s:4:\"role\";s:18:\"GMB_ADMINISTRATEUR\";}'),
(735, 4, 1, 'a:7:{s:9:\"connexion\";b:1;s:4:\"mail\";s:24:\"birahim.babou@uvs.edu.sn\";s:6:\"profil\";s:1:\"2\";s:11:\"utilisateur\";s:1:\"1\";s:6:\"prenom\";s:7:\"Birahim\";s:3:\"nom\";s:5:\"BABOU\";s:4:\"role\";s:18:\"GMB_ADMINISTRATEUR\";}'),
(736, 4, 1, 'a:7:{s:9:\"connexion\";b:1;s:4:\"mail\";s:24:\"birahim.babou@uvs.edu.sn\";s:6:\"profil\";s:1:\"2\";s:11:\"utilisateur\";s:1:\"1\";s:6:\"prenom\";s:7:\"Birahim\";s:3:\"nom\";s:5:\"BABOU\";s:4:\"role\";s:18:\"GMB_ADMINISTRATEUR\";}'),
(737, 4, 1, 'a:7:{s:9:\"connexion\";b:1;s:4:\"mail\";s:24:\"birahim.babou@uvs.edu.sn\";s:6:\"profil\";s:1:\"2\";s:11:\"utilisateur\";s:1:\"1\";s:6:\"prenom\";s:7:\"Birahim\";s:3:\"nom\";s:5:\"BABOU\";s:4:\"role\";s:18:\"GMB_ADMINISTRATEUR\";}'),
(738, 4, 1, 'a:7:{s:9:\"connexion\";b:1;s:4:\"mail\";s:24:\"birahim.babou@uvs.edu.sn\";s:6:\"profil\";s:1:\"2\";s:11:\"utilisateur\";s:1:\"1\";s:6:\"prenom\";s:7:\"Birahim\";s:3:\"nom\";s:5:\"BABOU\";s:4:\"role\";s:18:\"GMB_ADMINISTRATEUR\";}'),
(739, 4, 1, 'a:7:{s:9:\"connexion\";b:1;s:4:\"mail\";s:24:\"birahim.babou@uvs.edu.sn\";s:6:\"profil\";s:1:\"2\";s:11:\"utilisateur\";s:1:\"1\";s:6:\"prenom\";s:7:\"Birahim\";s:3:\"nom\";s:5:\"BABOU\";s:4:\"role\";s:18:\"GMB_ADMINISTRATEUR\";}'),
(740, 4, 1, 'a:7:{s:9:\"connexion\";b:1;s:4:\"mail\";s:24:\"birahim.babou@uvs.edu.sn\";s:6:\"profil\";s:1:\"2\";s:11:\"utilisateur\";s:1:\"1\";s:6:\"prenom\";s:7:\"Birahim\";s:3:\"nom\";s:5:\"BABOU\";s:4:\"role\";s:18:\"GMB_ADMINISTRATEUR\";}'),
(741, 4, 1, 'a:7:{s:9:\"connexion\";b:1;s:4:\"mail\";s:24:\"birahim.babou@uvs.edu.sn\";s:6:\"profil\";s:1:\"2\";s:11:\"utilisateur\";s:1:\"1\";s:6:\"prenom\";s:7:\"Birahim\";s:3:\"nom\";s:5:\"BABOU\";s:4:\"role\";s:18:\"GMB_ADMINISTRATEUR\";}'),
(742, 4, 1, 'a:7:{s:9:\"connexion\";b:1;s:4:\"mail\";s:24:\"birahim.babou@uvs.edu.sn\";s:6:\"profil\";s:1:\"2\";s:11:\"utilisateur\";s:1:\"1\";s:6:\"prenom\";s:7:\"Birahim\";s:3:\"nom\";s:5:\"BABOU\";s:4:\"role\";s:18:\"GMB_ADMINISTRATEUR\";}'),
(743, 4, 1, 'a:7:{s:9:\"connexion\";b:1;s:4:\"mail\";s:24:\"birahim.babou@uvs.edu.sn\";s:6:\"profil\";s:1:\"2\";s:11:\"utilisateur\";s:1:\"1\";s:6:\"prenom\";s:7:\"Birahim\";s:3:\"nom\";s:5:\"BABOU\";s:4:\"role\";s:18:\"GMB_ADMINISTRATEUR\";}'),
(744, 4, 1, 'a:7:{s:9:\"connexion\";b:1;s:4:\"mail\";s:24:\"birahim.babou@uvs.edu.sn\";s:6:\"profil\";s:1:\"2\";s:11:\"utilisateur\";s:1:\"1\";s:6:\"prenom\";s:7:\"Birahim\";s:3:\"nom\";s:5:\"BABOU\";s:4:\"role\";s:18:\"GMB_ADMINISTRATEUR\";}'),
(745, 4, 1, 'a:7:{s:9:\"connexion\";b:1;s:4:\"mail\";s:24:\"birahim.babou@uvs.edu.sn\";s:6:\"profil\";s:1:\"2\";s:11:\"utilisateur\";s:1:\"1\";s:6:\"prenom\";s:7:\"Birahim\";s:3:\"nom\";s:5:\"BABOU\";s:4:\"role\";s:18:\"GMB_ADMINISTRATEUR\";}'),
(746, 4, 1, 'a:7:{s:9:\"connexion\";b:1;s:4:\"mail\";s:24:\"birahim.babou@uvs.edu.sn\";s:6:\"profil\";s:1:\"2\";s:11:\"utilisateur\";s:1:\"1\";s:6:\"prenom\";s:7:\"Birahim\";s:3:\"nom\";s:5:\"BABOU\";s:4:\"role\";s:18:\"GMB_ADMINISTRATEUR\";}'),
(747, 4, 1, 'a:7:{s:9:\"connexion\";b:1;s:4:\"mail\";s:24:\"birahim.babou@uvs.edu.sn\";s:6:\"profil\";s:1:\"2\";s:11:\"utilisateur\";s:1:\"1\";s:6:\"prenom\";s:7:\"Birahim\";s:3:\"nom\";s:5:\"BABOU\";s:4:\"role\";s:18:\"GMB_ADMINISTRATEUR\";}'),
(748, 4, 1, 'a:7:{s:9:\"connexion\";b:1;s:4:\"mail\";s:24:\"birahim.babou@uvs.edu.sn\";s:6:\"profil\";s:1:\"2\";s:11:\"utilisateur\";s:1:\"1\";s:6:\"prenom\";s:7:\"Birahim\";s:3:\"nom\";s:5:\"BABOU\";s:4:\"role\";s:18:\"GMB_ADMINISTRATEUR\";}'),
(749, 4, 1, 'a:7:{s:9:\"connexion\";b:1;s:4:\"mail\";s:24:\"birahim.babou@uvs.edu.sn\";s:6:\"profil\";s:1:\"2\";s:11:\"utilisateur\";s:1:\"1\";s:6:\"prenom\";s:7:\"Birahim\";s:3:\"nom\";s:5:\"BABOU\";s:4:\"role\";s:18:\"GMB_ADMINISTRATEUR\";}'),
(750, 4, 1, 'a:7:{s:9:\"connexion\";b:1;s:4:\"mail\";s:24:\"birahim.babou@uvs.edu.sn\";s:6:\"profil\";s:1:\"2\";s:11:\"utilisateur\";s:1:\"1\";s:6:\"prenom\";s:7:\"Birahim\";s:3:\"nom\";s:5:\"BABOU\";s:4:\"role\";s:18:\"GMB_ADMINISTRATEUR\";}'),
(751, 4, 1, 'a:7:{s:9:\"connexion\";b:1;s:4:\"mail\";s:24:\"birahim.babou@uvs.edu.sn\";s:6:\"profil\";s:1:\"2\";s:11:\"utilisateur\";s:1:\"1\";s:6:\"prenom\";s:7:\"Birahim\";s:3:\"nom\";s:5:\"BABOU\";s:4:\"role\";s:18:\"GMB_ADMINISTRATEUR\";}'),
(752, 4, 1, 'a:7:{s:9:\"connexion\";b:1;s:4:\"mail\";s:24:\"birahim.babou@uvs.edu.sn\";s:6:\"profil\";s:1:\"2\";s:11:\"utilisateur\";s:1:\"1\";s:6:\"prenom\";s:7:\"Birahim\";s:3:\"nom\";s:5:\"BABOU\";s:4:\"role\";s:18:\"GMB_ADMINISTRATEUR\";}'),
(753, 4, 1, 'a:7:{s:9:\"connexion\";b:1;s:4:\"mail\";s:24:\"birahim.babou@uvs.edu.sn\";s:6:\"profil\";s:1:\"2\";s:11:\"utilisateur\";s:1:\"1\";s:6:\"prenom\";s:7:\"Birahim\";s:3:\"nom\";s:5:\"BABOU\";s:4:\"role\";s:18:\"GMB_ADMINISTRATEUR\";}'),
(754, 4, 1, 'a:7:{s:9:\"connexion\";b:1;s:4:\"mail\";s:24:\"birahim.babou@uvs.edu.sn\";s:6:\"profil\";s:1:\"2\";s:11:\"utilisateur\";s:1:\"1\";s:6:\"prenom\";s:7:\"Birahim\";s:3:\"nom\";s:5:\"BABOU\";s:4:\"role\";s:18:\"GMB_ADMINISTRATEUR\";}'),
(755, 4, 1, 'a:7:{s:9:\"connexion\";b:1;s:4:\"mail\";s:24:\"birahim.babou@uvs.edu.sn\";s:6:\"profil\";s:1:\"2\";s:11:\"utilisateur\";s:1:\"1\";s:6:\"prenom\";s:7:\"Birahim\";s:3:\"nom\";s:5:\"BABOU\";s:4:\"role\";s:18:\"GMB_ADMINISTRATEUR\";}'),
(756, 4, 1, 'a:7:{s:9:\"connexion\";b:1;s:4:\"mail\";s:24:\"birahim.babou@uvs.edu.sn\";s:6:\"profil\";s:1:\"2\";s:11:\"utilisateur\";s:1:\"1\";s:6:\"prenom\";s:7:\"Birahim\";s:3:\"nom\";s:5:\"BABOU\";s:4:\"role\";s:18:\"GMB_ADMINISTRATEUR\";}'),
(757, 4, 1, 'a:7:{s:9:\"connexion\";b:1;s:4:\"mail\";s:24:\"birahim.babou@uvs.edu.sn\";s:6:\"profil\";s:1:\"2\";s:11:\"utilisateur\";s:1:\"1\";s:6:\"prenom\";s:7:\"Birahim\";s:3:\"nom\";s:5:\"BABOU\";s:4:\"role\";s:18:\"GMB_ADMINISTRATEUR\";}'),
(758, 4, 1, 'a:7:{s:9:\"connexion\";b:1;s:4:\"mail\";s:24:\"birahim.babou@uvs.edu.sn\";s:6:\"profil\";s:1:\"2\";s:11:\"utilisateur\";s:1:\"1\";s:6:\"prenom\";s:7:\"Birahim\";s:3:\"nom\";s:5:\"BABOU\";s:4:\"role\";s:18:\"GMB_ADMINISTRATEUR\";}'),
(759, 4, 1, 'a:7:{s:9:\"connexion\";b:1;s:4:\"mail\";s:24:\"birahim.babou@uvs.edu.sn\";s:6:\"profil\";s:1:\"2\";s:11:\"utilisateur\";s:1:\"1\";s:6:\"prenom\";s:7:\"Birahim\";s:3:\"nom\";s:5:\"BABOU\";s:4:\"role\";s:18:\"GMB_ADMINISTRATEUR\";}'),
(760, 4, 1, 'a:7:{s:9:\"connexion\";b:1;s:4:\"mail\";s:24:\"birahim.babou@uvs.edu.sn\";s:6:\"profil\";s:1:\"2\";s:11:\"utilisateur\";s:1:\"1\";s:6:\"prenom\";s:7:\"Birahim\";s:3:\"nom\";s:5:\"BABOU\";s:4:\"role\";s:18:\"GMB_ADMINISTRATEUR\";}'),
(761, 4, 1, 'a:7:{s:9:\"connexion\";b:1;s:4:\"mail\";s:24:\"birahim.babou@uvs.edu.sn\";s:6:\"profil\";s:1:\"2\";s:11:\"utilisateur\";s:1:\"1\";s:6:\"prenom\";s:7:\"Birahim\";s:3:\"nom\";s:5:\"BABOU\";s:4:\"role\";s:18:\"GMB_ADMINISTRATEUR\";}'),
(762, 4, 1, 'a:7:{s:9:\"connexion\";b:1;s:4:\"mail\";s:24:\"birahim.babou@uvs.edu.sn\";s:6:\"profil\";s:1:\"2\";s:11:\"utilisateur\";s:1:\"1\";s:6:\"prenom\";s:7:\"Birahim\";s:3:\"nom\";s:5:\"BABOU\";s:4:\"role\";s:18:\"GMB_ADMINISTRATEUR\";}'),
(763, 4, 1, 'a:7:{s:9:\"connexion\";b:1;s:4:\"mail\";s:24:\"birahim.babou@uvs.edu.sn\";s:6:\"profil\";s:1:\"2\";s:11:\"utilisateur\";s:1:\"1\";s:6:\"prenom\";s:7:\"Birahim\";s:3:\"nom\";s:5:\"BABOU\";s:4:\"role\";s:18:\"GMB_ADMINISTRATEUR\";}'),
(764, 4, 1, 'a:7:{s:9:\"connexion\";b:1;s:4:\"mail\";s:24:\"birahim.babou@uvs.edu.sn\";s:6:\"profil\";s:1:\"2\";s:11:\"utilisateur\";s:1:\"1\";s:6:\"prenom\";s:7:\"Birahim\";s:3:\"nom\";s:5:\"BABOU\";s:4:\"role\";s:18:\"GMB_ADMINISTRATEUR\";}'),
(765, 4, 1, 'a:7:{s:9:\"connexion\";b:1;s:4:\"mail\";s:24:\"birahim.babou@uvs.edu.sn\";s:6:\"profil\";s:1:\"2\";s:11:\"utilisateur\";s:1:\"1\";s:6:\"prenom\";s:7:\"Birahim\";s:3:\"nom\";s:5:\"BABOU\";s:4:\"role\";s:18:\"GMB_ADMINISTRATEUR\";}'),
(766, 4, 1, 'a:7:{s:9:\"connexion\";b:1;s:4:\"mail\";s:24:\"birahim.babou@uvs.edu.sn\";s:6:\"profil\";s:1:\"2\";s:11:\"utilisateur\";s:1:\"1\";s:6:\"prenom\";s:7:\"Birahim\";s:3:\"nom\";s:5:\"BABOU\";s:4:\"role\";s:18:\"GMB_ADMINISTRATEUR\";}'),
(767, 4, 1, 'a:7:{s:9:\"connexion\";b:1;s:4:\"mail\";s:24:\"birahim.babou@uvs.edu.sn\";s:6:\"profil\";s:1:\"2\";s:11:\"utilisateur\";s:1:\"1\";s:6:\"prenom\";s:7:\"Birahim\";s:3:\"nom\";s:5:\"BABOU\";s:4:\"role\";s:18:\"GMB_ADMINISTRATEUR\";}'),
(768, 4, 1, 'a:7:{s:9:\"connexion\";b:1;s:4:\"mail\";s:24:\"birahim.babou@uvs.edu.sn\";s:6:\"profil\";s:1:\"2\";s:11:\"utilisateur\";s:1:\"1\";s:6:\"prenom\";s:7:\"Birahim\";s:3:\"nom\";s:5:\"BABOU\";s:4:\"role\";s:18:\"GMB_ADMINISTRATEUR\";}'),
(769, 4, 1, 'a:7:{s:9:\"connexion\";b:1;s:4:\"mail\";s:24:\"birahim.babou@uvs.edu.sn\";s:6:\"profil\";s:1:\"2\";s:11:\"utilisateur\";s:1:\"1\";s:6:\"prenom\";s:7:\"Birahim\";s:3:\"nom\";s:5:\"BABOU\";s:4:\"role\";s:18:\"GMB_ADMINISTRATEUR\";}'),
(770, 4, 1, 'a:7:{s:9:\"connexion\";b:1;s:4:\"mail\";s:24:\"birahim.babou@uvs.edu.sn\";s:6:\"profil\";s:1:\"2\";s:11:\"utilisateur\";s:1:\"1\";s:6:\"prenom\";s:7:\"Birahim\";s:3:\"nom\";s:5:\"BABOU\";s:4:\"role\";s:18:\"GMB_ADMINISTRATEUR\";}'),
(771, 4, 1, 'a:7:{s:9:\"connexion\";b:1;s:4:\"mail\";s:24:\"birahim.babou@uvs.edu.sn\";s:6:\"profil\";s:1:\"2\";s:11:\"utilisateur\";s:1:\"1\";s:6:\"prenom\";s:7:\"Birahim\";s:3:\"nom\";s:5:\"BABOU\";s:4:\"role\";s:18:\"GMB_ADMINISTRATEUR\";}'),
(772, 4, 1, 'a:7:{s:9:\"connexion\";b:1;s:4:\"mail\";s:24:\"birahim.babou@uvs.edu.sn\";s:6:\"profil\";s:1:\"2\";s:11:\"utilisateur\";s:1:\"1\";s:6:\"prenom\";s:7:\"Birahim\";s:3:\"nom\";s:5:\"BABOU\";s:4:\"role\";s:18:\"GMB_ADMINISTRATEUR\";}'),
(773, 4, 1, 'a:7:{s:9:\"connexion\";b:1;s:4:\"mail\";s:24:\"birahim.babou@uvs.edu.sn\";s:6:\"profil\";s:1:\"2\";s:11:\"utilisateur\";s:1:\"1\";s:6:\"prenom\";s:7:\"Birahim\";s:3:\"nom\";s:5:\"BABOU\";s:4:\"role\";s:18:\"GMB_ADMINISTRATEUR\";}'),
(774, 4, 1, 'a:7:{s:9:\"connexion\";b:1;s:4:\"mail\";s:24:\"birahim.babou@uvs.edu.sn\";s:6:\"profil\";s:1:\"2\";s:11:\"utilisateur\";s:1:\"1\";s:6:\"prenom\";s:7:\"Birahim\";s:3:\"nom\";s:5:\"BABOU\";s:4:\"role\";s:18:\"GMB_ADMINISTRATEUR\";}'),
(775, 4, 1, 'a:7:{s:9:\"connexion\";b:1;s:4:\"mail\";s:24:\"birahim.babou@uvs.edu.sn\";s:6:\"profil\";s:1:\"2\";s:11:\"utilisateur\";s:1:\"1\";s:6:\"prenom\";s:7:\"Birahim\";s:3:\"nom\";s:5:\"BABOU\";s:4:\"role\";s:18:\"GMB_ADMINISTRATEUR\";}'),
(776, 4, 1, 'a:7:{s:9:\"connexion\";b:1;s:4:\"mail\";s:24:\"birahim.babou@uvs.edu.sn\";s:6:\"profil\";s:1:\"2\";s:11:\"utilisateur\";s:1:\"1\";s:6:\"prenom\";s:7:\"Birahim\";s:3:\"nom\";s:5:\"BABOU\";s:4:\"role\";s:18:\"GMB_ADMINISTRATEUR\";}'),
(777, 4, 1, 'a:7:{s:9:\"connexion\";b:1;s:4:\"mail\";s:24:\"birahim.babou@uvs.edu.sn\";s:6:\"profil\";s:1:\"2\";s:11:\"utilisateur\";s:1:\"1\";s:6:\"prenom\";s:7:\"Birahim\";s:3:\"nom\";s:5:\"BABOU\";s:4:\"role\";s:18:\"GMB_ADMINISTRATEUR\";}'),
(778, 4, 1, 'a:7:{s:9:\"connexion\";b:1;s:4:\"mail\";s:24:\"birahim.babou@uvs.edu.sn\";s:6:\"profil\";s:1:\"2\";s:11:\"utilisateur\";s:1:\"1\";s:6:\"prenom\";s:7:\"Birahim\";s:3:\"nom\";s:5:\"BABOU\";s:4:\"role\";s:18:\"GMB_ADMINISTRATEUR\";}'),
(779, 4, 1, 'a:7:{s:9:\"connexion\";b:1;s:4:\"mail\";s:24:\"birahim.babou@uvs.edu.sn\";s:6:\"profil\";s:1:\"2\";s:11:\"utilisateur\";s:1:\"1\";s:6:\"prenom\";s:7:\"Birahim\";s:3:\"nom\";s:5:\"BABOU\";s:4:\"role\";s:18:\"GMB_ADMINISTRATEUR\";}'),
(780, 4, 1, 'a:7:{s:9:\"connexion\";b:1;s:4:\"mail\";s:24:\"birahim.babou@uvs.edu.sn\";s:6:\"profil\";s:1:\"2\";s:11:\"utilisateur\";s:1:\"1\";s:6:\"prenom\";s:7:\"Birahim\";s:3:\"nom\";s:5:\"BABOU\";s:4:\"role\";s:18:\"GMB_ADMINISTRATEUR\";}'),
(781, 4, 1, 'a:7:{s:9:\"connexion\";b:1;s:4:\"mail\";s:24:\"birahim.babou@uvs.edu.sn\";s:6:\"profil\";s:1:\"2\";s:11:\"utilisateur\";s:1:\"1\";s:6:\"prenom\";s:7:\"Birahim\";s:3:\"nom\";s:5:\"BABOU\";s:4:\"role\";s:18:\"GMB_ADMINISTRATEUR\";}'),
(782, 4, 1, 'a:7:{s:9:\"connexion\";b:1;s:4:\"mail\";s:24:\"birahim.babou@uvs.edu.sn\";s:6:\"profil\";s:1:\"2\";s:11:\"utilisateur\";s:1:\"1\";s:6:\"prenom\";s:7:\"Birahim\";s:3:\"nom\";s:5:\"BABOU\";s:4:\"role\";s:18:\"GMB_ADMINISTRATEUR\";}'),
(783, 4, 1, 'a:7:{s:9:\"connexion\";b:1;s:4:\"mail\";s:24:\"birahim.babou@uvs.edu.sn\";s:6:\"profil\";s:1:\"2\";s:11:\"utilisateur\";s:1:\"1\";s:6:\"prenom\";s:7:\"Birahim\";s:3:\"nom\";s:5:\"BABOU\";s:4:\"role\";s:18:\"GMB_ADMINISTRATEUR\";}'),
(784, 4, 1, 'a:7:{s:9:\"connexion\";b:1;s:4:\"mail\";s:24:\"birahim.babou@uvs.edu.sn\";s:6:\"profil\";s:1:\"2\";s:11:\"utilisateur\";s:1:\"1\";s:6:\"prenom\";s:7:\"Birahim\";s:3:\"nom\";s:5:\"BABOU\";s:4:\"role\";s:18:\"GMB_ADMINISTRATEUR\";}'),
(785, 4, 1, 'a:7:{s:9:\"connexion\";b:1;s:4:\"mail\";s:24:\"birahim.babou@uvs.edu.sn\";s:6:\"profil\";s:1:\"2\";s:11:\"utilisateur\";s:1:\"1\";s:6:\"prenom\";s:7:\"Birahim\";s:3:\"nom\";s:5:\"BABOU\";s:4:\"role\";s:18:\"GMB_ADMINISTRATEUR\";}'),
(786, 4, 1, 'a:7:{s:9:\"connexion\";b:1;s:4:\"mail\";s:24:\"birahim.babou@uvs.edu.sn\";s:6:\"profil\";s:1:\"2\";s:11:\"utilisateur\";s:1:\"1\";s:6:\"prenom\";s:7:\"Birahim\";s:3:\"nom\";s:5:\"BABOU\";s:4:\"role\";s:18:\"GMB_ADMINISTRATEUR\";}'),
(787, 4, 1, 'a:7:{s:9:\"connexion\";b:1;s:4:\"mail\";s:24:\"birahim.babou@uvs.edu.sn\";s:6:\"profil\";s:1:\"2\";s:11:\"utilisateur\";s:1:\"1\";s:6:\"prenom\";s:7:\"Birahim\";s:3:\"nom\";s:5:\"BABOU\";s:4:\"role\";s:18:\"GMB_ADMINISTRATEUR\";}'),
(788, 4, 1, 'a:7:{s:9:\"connexion\";b:1;s:4:\"mail\";s:24:\"birahim.babou@uvs.edu.sn\";s:6:\"profil\";s:1:\"2\";s:11:\"utilisateur\";s:1:\"1\";s:6:\"prenom\";s:7:\"Birahim\";s:3:\"nom\";s:5:\"BABOU\";s:4:\"role\";s:18:\"GMB_ADMINISTRATEUR\";}'),
(789, 4, 1, 'a:7:{s:9:\"connexion\";b:1;s:4:\"mail\";s:24:\"birahim.babou@uvs.edu.sn\";s:6:\"profil\";s:1:\"2\";s:11:\"utilisateur\";s:1:\"1\";s:6:\"prenom\";s:7:\"Birahim\";s:3:\"nom\";s:5:\"BABOU\";s:4:\"role\";s:18:\"GMB_ADMINISTRATEUR\";}'),
(790, 4, 1, 'a:7:{s:9:\"connexion\";b:1;s:4:\"mail\";s:24:\"birahim.babou@uvs.edu.sn\";s:6:\"profil\";s:1:\"2\";s:11:\"utilisateur\";s:1:\"1\";s:6:\"prenom\";s:7:\"Birahim\";s:3:\"nom\";s:5:\"BABOU\";s:4:\"role\";s:18:\"GMB_ADMINISTRATEUR\";}'),
(791, 4, 1, 'a:7:{s:9:\"connexion\";b:1;s:4:\"mail\";s:24:\"birahim.babou@uvs.edu.sn\";s:6:\"profil\";s:1:\"2\";s:11:\"utilisateur\";s:1:\"1\";s:6:\"prenom\";s:7:\"Birahim\";s:3:\"nom\";s:5:\"BABOU\";s:4:\"role\";s:18:\"GMB_ADMINISTRATEUR\";}'),
(792, 4, 1, 'a:7:{s:9:\"connexion\";b:1;s:4:\"mail\";s:24:\"birahim.babou@uvs.edu.sn\";s:6:\"profil\";s:1:\"2\";s:11:\"utilisateur\";s:1:\"1\";s:6:\"prenom\";s:7:\"Birahim\";s:3:\"nom\";s:5:\"BABOU\";s:4:\"role\";s:18:\"GMB_ADMINISTRATEUR\";}'),
(793, 4, 1, 'a:7:{s:9:\"connexion\";b:1;s:4:\"mail\";s:24:\"birahim.babou@uvs.edu.sn\";s:6:\"profil\";s:1:\"2\";s:11:\"utilisateur\";s:1:\"1\";s:6:\"prenom\";s:7:\"Birahim\";s:3:\"nom\";s:5:\"BABOU\";s:4:\"role\";s:18:\"GMB_ADMINISTRATEUR\";}'),
(794, 4, 1, 'a:7:{s:9:\"connexion\";b:1;s:4:\"mail\";s:24:\"birahim.babou@uvs.edu.sn\";s:6:\"profil\";s:1:\"2\";s:11:\"utilisateur\";s:1:\"1\";s:6:\"prenom\";s:7:\"Birahim\";s:3:\"nom\";s:5:\"BABOU\";s:4:\"role\";s:18:\"GMB_ADMINISTRATEUR\";}'),
(795, 4, 1, 'a:7:{s:9:\"connexion\";b:1;s:4:\"mail\";s:24:\"birahim.babou@uvs.edu.sn\";s:6:\"profil\";s:1:\"2\";s:11:\"utilisateur\";s:1:\"1\";s:6:\"prenom\";s:7:\"Birahim\";s:3:\"nom\";s:5:\"BABOU\";s:4:\"role\";s:18:\"GMB_ADMINISTRATEUR\";}'),
(796, 4, 1, 'a:7:{s:9:\"connexion\";b:1;s:4:\"mail\";s:24:\"birahim.babou@uvs.edu.sn\";s:6:\"profil\";s:1:\"2\";s:11:\"utilisateur\";s:1:\"1\";s:6:\"prenom\";s:7:\"Birahim\";s:3:\"nom\";s:5:\"BABOU\";s:4:\"role\";s:18:\"GMB_ADMINISTRATEUR\";}'),
(797, 4, 1, 'a:7:{s:9:\"connexion\";b:1;s:4:\"mail\";s:24:\"birahim.babou@uvs.edu.sn\";s:6:\"profil\";s:1:\"2\";s:11:\"utilisateur\";s:1:\"1\";s:6:\"prenom\";s:7:\"Birahim\";s:3:\"nom\";s:5:\"BABOU\";s:4:\"role\";s:18:\"GMB_ADMINISTRATEUR\";}'),
(798, 4, 1, 'a:7:{s:9:\"connexion\";b:1;s:4:\"mail\";s:24:\"birahim.babou@uvs.edu.sn\";s:6:\"profil\";s:1:\"2\";s:11:\"utilisateur\";s:1:\"1\";s:6:\"prenom\";s:7:\"Birahim\";s:3:\"nom\";s:5:\"BABOU\";s:4:\"role\";s:18:\"GMB_ADMINISTRATEUR\";}'),
(799, 4, 1, 'a:7:{s:9:\"connexion\";b:1;s:4:\"mail\";s:24:\"birahim.babou@uvs.edu.sn\";s:6:\"profil\";s:1:\"2\";s:11:\"utilisateur\";s:1:\"1\";s:6:\"prenom\";s:7:\"Birahim\";s:3:\"nom\";s:5:\"BABOU\";s:4:\"role\";s:18:\"GMB_ADMINISTRATEUR\";}'),
(800, 4, 1, 'a:7:{s:9:\"connexion\";b:1;s:4:\"mail\";s:24:\"birahim.babou@uvs.edu.sn\";s:6:\"profil\";s:1:\"2\";s:11:\"utilisateur\";s:1:\"1\";s:6:\"prenom\";s:7:\"Birahim\";s:3:\"nom\";s:5:\"BABOU\";s:4:\"role\";s:18:\"GMB_ADMINISTRATEUR\";}'),
(801, 4, 1, 'a:7:{s:9:\"connexion\";b:1;s:4:\"mail\";s:24:\"birahim.babou@uvs.edu.sn\";s:6:\"profil\";s:1:\"2\";s:11:\"utilisateur\";s:1:\"1\";s:6:\"prenom\";s:7:\"Birahim\";s:3:\"nom\";s:5:\"BABOU\";s:4:\"role\";s:18:\"GMB_ADMINISTRATEUR\";}'),
(802, 4, 1, 'a:7:{s:9:\"connexion\";b:1;s:4:\"mail\";s:24:\"birahim.babou@uvs.edu.sn\";s:6:\"profil\";s:1:\"2\";s:11:\"utilisateur\";s:1:\"1\";s:6:\"prenom\";s:7:\"Birahim\";s:3:\"nom\";s:5:\"BABOU\";s:4:\"role\";s:18:\"GMB_ADMINISTRATEUR\";}'),
(803, 4, 1, 'a:7:{s:9:\"connexion\";b:1;s:4:\"mail\";s:24:\"birahim.babou@uvs.edu.sn\";s:6:\"profil\";s:1:\"2\";s:11:\"utilisateur\";s:1:\"1\";s:6:\"prenom\";s:7:\"Birahim\";s:3:\"nom\";s:5:\"BABOU\";s:4:\"role\";s:18:\"GMB_ADMINISTRATEUR\";}'),
(804, 4, 1, 'a:7:{s:9:\"connexion\";b:1;s:4:\"mail\";s:24:\"birahim.babou@uvs.edu.sn\";s:6:\"profil\";s:1:\"2\";s:11:\"utilisateur\";s:1:\"1\";s:6:\"prenom\";s:7:\"Birahim\";s:3:\"nom\";s:5:\"BABOU\";s:4:\"role\";s:18:\"GMB_ADMINISTRATEUR\";}'),
(805, 4, 1, 'a:7:{s:9:\"connexion\";b:1;s:4:\"mail\";s:24:\"birahim.babou@uvs.edu.sn\";s:6:\"profil\";s:1:\"2\";s:11:\"utilisateur\";s:1:\"1\";s:6:\"prenom\";s:7:\"Birahim\";s:3:\"nom\";s:5:\"BABOU\";s:4:\"role\";s:18:\"GMB_ADMINISTRATEUR\";}'),
(806, 4, 1, 'a:7:{s:9:\"connexion\";b:1;s:4:\"mail\";s:24:\"birahim.babou@uvs.edu.sn\";s:6:\"profil\";s:1:\"2\";s:11:\"utilisateur\";s:1:\"1\";s:6:\"prenom\";s:7:\"Birahim\";s:3:\"nom\";s:5:\"BABOU\";s:4:\"role\";s:18:\"GMB_ADMINISTRATEUR\";}'),
(807, 4, 1, 'a:7:{s:9:\"connexion\";b:1;s:4:\"mail\";s:24:\"birahim.babou@uvs.edu.sn\";s:6:\"profil\";s:1:\"2\";s:11:\"utilisateur\";s:1:\"1\";s:6:\"prenom\";s:7:\"Birahim\";s:3:\"nom\";s:5:\"BABOU\";s:4:\"role\";s:18:\"GMB_ADMINISTRATEUR\";}'),
(808, 4, 1, 'a:7:{s:9:\"connexion\";b:1;s:4:\"mail\";s:24:\"birahim.babou@uvs.edu.sn\";s:6:\"profil\";s:1:\"2\";s:11:\"utilisateur\";s:1:\"1\";s:6:\"prenom\";s:7:\"Birahim\";s:3:\"nom\";s:5:\"BABOU\";s:4:\"role\";s:18:\"GMB_ADMINISTRATEUR\";}');
INSERT INTO `ban_hist` (`id`, `type`, `user`, `valeur`) VALUES
(809, 4, 1, 'a:7:{s:9:\"connexion\";b:1;s:4:\"mail\";s:24:\"birahim.babou@uvs.edu.sn\";s:6:\"profil\";s:1:\"2\";s:11:\"utilisateur\";s:1:\"1\";s:6:\"prenom\";s:7:\"Birahim\";s:3:\"nom\";s:5:\"BABOU\";s:4:\"role\";s:18:\"GMB_ADMINISTRATEUR\";}'),
(810, 4, 1, 'a:7:{s:9:\"connexion\";b:1;s:4:\"mail\";s:24:\"birahim.babou@uvs.edu.sn\";s:6:\"profil\";s:1:\"2\";s:11:\"utilisateur\";s:1:\"1\";s:6:\"prenom\";s:7:\"Birahim\";s:3:\"nom\";s:5:\"BABOU\";s:4:\"role\";s:18:\"GMB_ADMINISTRATEUR\";}'),
(811, 4, 1, 'a:7:{s:9:\"connexion\";b:1;s:4:\"mail\";s:24:\"birahim.babou@uvs.edu.sn\";s:6:\"profil\";s:1:\"2\";s:11:\"utilisateur\";s:1:\"1\";s:6:\"prenom\";s:7:\"Birahim\";s:3:\"nom\";s:5:\"BABOU\";s:4:\"role\";s:18:\"GMB_ADMINISTRATEUR\";}'),
(812, 4, 1, 'a:7:{s:9:\"connexion\";b:1;s:4:\"mail\";s:24:\"birahim.babou@uvs.edu.sn\";s:6:\"profil\";s:1:\"2\";s:11:\"utilisateur\";s:1:\"1\";s:6:\"prenom\";s:7:\"Birahim\";s:3:\"nom\";s:5:\"BABOU\";s:4:\"role\";s:18:\"GMB_ADMINISTRATEUR\";}'),
(813, 4, 1, 'a:7:{s:9:\"connexion\";b:1;s:4:\"mail\";s:24:\"birahim.babou@uvs.edu.sn\";s:6:\"profil\";s:1:\"2\";s:11:\"utilisateur\";s:1:\"1\";s:6:\"prenom\";s:7:\"Birahim\";s:3:\"nom\";s:5:\"BABOU\";s:4:\"role\";s:18:\"GMB_ADMINISTRATEUR\";}'),
(814, 4, 1, 'a:7:{s:9:\"connexion\";b:1;s:4:\"mail\";s:24:\"birahim.babou@uvs.edu.sn\";s:6:\"profil\";s:1:\"2\";s:11:\"utilisateur\";s:1:\"1\";s:6:\"prenom\";s:7:\"Birahim\";s:3:\"nom\";s:5:\"BABOU\";s:4:\"role\";s:18:\"GMB_ADMINISTRATEUR\";}'),
(815, 4, 1, 'a:7:{s:9:\"connexion\";b:1;s:4:\"mail\";s:24:\"birahim.babou@uvs.edu.sn\";s:6:\"profil\";s:1:\"2\";s:11:\"utilisateur\";s:1:\"1\";s:6:\"prenom\";s:7:\"Birahim\";s:3:\"nom\";s:5:\"BABOU\";s:4:\"role\";s:18:\"GMB_ADMINISTRATEUR\";}'),
(816, 4, 1, 'a:7:{s:9:\"connexion\";b:1;s:4:\"mail\";s:24:\"birahim.babou@uvs.edu.sn\";s:6:\"profil\";s:1:\"2\";s:11:\"utilisateur\";s:1:\"1\";s:6:\"prenom\";s:7:\"Birahim\";s:3:\"nom\";s:5:\"BABOU\";s:4:\"role\";s:18:\"GMB_ADMINISTRATEUR\";}'),
(817, 4, 1, 'a:7:{s:9:\"connexion\";b:1;s:4:\"mail\";s:24:\"birahim.babou@uvs.edu.sn\";s:6:\"profil\";s:1:\"2\";s:11:\"utilisateur\";s:1:\"1\";s:6:\"prenom\";s:7:\"Birahim\";s:3:\"nom\";s:5:\"BABOU\";s:4:\"role\";s:18:\"GMB_ADMINISTRATEUR\";}'),
(818, 4, 1, 'a:7:{s:9:\"connexion\";b:1;s:4:\"mail\";s:24:\"birahim.babou@uvs.edu.sn\";s:6:\"profil\";s:1:\"2\";s:11:\"utilisateur\";s:1:\"1\";s:6:\"prenom\";s:7:\"Birahim\";s:3:\"nom\";s:5:\"BABOU\";s:4:\"role\";s:18:\"GMB_ADMINISTRATEUR\";}'),
(819, 4, 1, 'a:7:{s:9:\"connexion\";b:1;s:4:\"mail\";s:24:\"birahim.babou@uvs.edu.sn\";s:6:\"profil\";s:1:\"2\";s:11:\"utilisateur\";s:1:\"1\";s:6:\"prenom\";s:7:\"Birahim\";s:3:\"nom\";s:5:\"BABOU\";s:4:\"role\";s:18:\"GMB_ADMINISTRATEUR\";}'),
(820, 4, 1, 'a:7:{s:9:\"connexion\";b:1;s:4:\"mail\";s:24:\"birahim.babou@uvs.edu.sn\";s:6:\"profil\";s:1:\"2\";s:11:\"utilisateur\";s:1:\"1\";s:6:\"prenom\";s:7:\"Birahim\";s:3:\"nom\";s:5:\"BABOU\";s:4:\"role\";s:18:\"GMB_ADMINISTRATEUR\";}'),
(821, 4, 1, 'a:7:{s:9:\"connexion\";b:1;s:4:\"mail\";s:24:\"birahim.babou@uvs.edu.sn\";s:6:\"profil\";s:1:\"2\";s:11:\"utilisateur\";s:1:\"1\";s:6:\"prenom\";s:7:\"Birahim\";s:3:\"nom\";s:5:\"BABOU\";s:4:\"role\";s:18:\"GMB_ADMINISTRATEUR\";}'),
(822, 4, 1, 'a:7:{s:9:\"connexion\";b:1;s:4:\"mail\";s:24:\"birahim.babou@uvs.edu.sn\";s:6:\"profil\";s:1:\"2\";s:11:\"utilisateur\";s:1:\"1\";s:6:\"prenom\";s:7:\"Birahim\";s:3:\"nom\";s:5:\"BABOU\";s:4:\"role\";s:18:\"GMB_ADMINISTRATEUR\";}'),
(823, 4, 1, 'a:7:{s:9:\"connexion\";b:1;s:4:\"mail\";s:24:\"birahim.babou@uvs.edu.sn\";s:6:\"profil\";s:1:\"2\";s:11:\"utilisateur\";s:1:\"1\";s:6:\"prenom\";s:7:\"Birahim\";s:3:\"nom\";s:5:\"BABOU\";s:4:\"role\";s:18:\"GMB_ADMINISTRATEUR\";}'),
(824, 4, 1, 'a:7:{s:9:\"connexion\";b:1;s:4:\"mail\";s:24:\"birahim.babou@uvs.edu.sn\";s:6:\"profil\";s:1:\"2\";s:11:\"utilisateur\";s:1:\"1\";s:6:\"prenom\";s:7:\"Birahim\";s:3:\"nom\";s:5:\"BABOU\";s:4:\"role\";s:18:\"GMB_ADMINISTRATEUR\";}'),
(825, 4, 1, 'a:7:{s:9:\"connexion\";b:1;s:4:\"mail\";s:24:\"birahim.babou@uvs.edu.sn\";s:6:\"profil\";s:1:\"2\";s:11:\"utilisateur\";s:1:\"1\";s:6:\"prenom\";s:7:\"Birahim\";s:3:\"nom\";s:5:\"BABOU\";s:4:\"role\";s:18:\"GMB_ADMINISTRATEUR\";}'),
(826, 4, 1, 'a:7:{s:9:\"connexion\";b:1;s:4:\"mail\";s:24:\"birahim.babou@uvs.edu.sn\";s:6:\"profil\";s:1:\"2\";s:11:\"utilisateur\";s:1:\"1\";s:6:\"prenom\";s:7:\"Birahim\";s:3:\"nom\";s:5:\"BABOU\";s:4:\"role\";s:18:\"GMB_ADMINISTRATEUR\";}'),
(827, 4, 1, 'a:7:{s:9:\"connexion\";b:1;s:4:\"mail\";s:24:\"birahim.babou@uvs.edu.sn\";s:6:\"profil\";s:1:\"2\";s:11:\"utilisateur\";s:1:\"1\";s:6:\"prenom\";s:7:\"Birahim\";s:3:\"nom\";s:5:\"BABOU\";s:4:\"role\";s:18:\"GMB_ADMINISTRATEUR\";}'),
(828, 4, 1, 'a:7:{s:9:\"connexion\";b:1;s:4:\"mail\";s:24:\"birahim.babou@uvs.edu.sn\";s:6:\"profil\";s:1:\"2\";s:11:\"utilisateur\";s:1:\"1\";s:6:\"prenom\";s:7:\"Birahim\";s:3:\"nom\";s:5:\"BABOU\";s:4:\"role\";s:18:\"GMB_ADMINISTRATEUR\";}'),
(829, 4, 1, 'a:7:{s:9:\"connexion\";b:1;s:4:\"mail\";s:24:\"birahim.babou@uvs.edu.sn\";s:6:\"profil\";s:1:\"2\";s:11:\"utilisateur\";s:1:\"1\";s:6:\"prenom\";s:7:\"Birahim\";s:3:\"nom\";s:5:\"BABOU\";s:4:\"role\";s:18:\"GMB_ADMINISTRATEUR\";}'),
(830, 4, 1, 'a:7:{s:9:\"connexion\";b:1;s:4:\"mail\";s:24:\"birahim.babou@uvs.edu.sn\";s:6:\"profil\";s:1:\"2\";s:11:\"utilisateur\";s:1:\"1\";s:6:\"prenom\";s:7:\"Birahim\";s:3:\"nom\";s:5:\"BABOU\";s:4:\"role\";s:18:\"GMB_ADMINISTRATEUR\";}'),
(831, 4, 1, 'a:7:{s:9:\"connexion\";b:1;s:4:\"mail\";s:24:\"birahim.babou@uvs.edu.sn\";s:6:\"profil\";s:1:\"2\";s:11:\"utilisateur\";s:1:\"1\";s:6:\"prenom\";s:7:\"Birahim\";s:3:\"nom\";s:5:\"BABOU\";s:4:\"role\";s:18:\"GMB_ADMINISTRATEUR\";}'),
(832, 4, 1, 'a:7:{s:9:\"connexion\";b:1;s:4:\"mail\";s:24:\"birahim.babou@uvs.edu.sn\";s:6:\"profil\";s:1:\"2\";s:11:\"utilisateur\";s:1:\"1\";s:6:\"prenom\";s:7:\"Birahim\";s:3:\"nom\";s:5:\"BABOU\";s:4:\"role\";s:18:\"GMB_ADMINISTRATEUR\";}'),
(833, 4, 1, 'a:7:{s:9:\"connexion\";b:1;s:4:\"mail\";s:24:\"birahim.babou@uvs.edu.sn\";s:6:\"profil\";s:1:\"2\";s:11:\"utilisateur\";s:1:\"1\";s:6:\"prenom\";s:7:\"Birahim\";s:3:\"nom\";s:5:\"BABOU\";s:4:\"role\";s:18:\"GMB_ADMINISTRATEUR\";}'),
(834, 4, 1, 'a:7:{s:9:\"connexion\";b:1;s:4:\"mail\";s:24:\"birahim.babou@uvs.edu.sn\";s:6:\"profil\";s:1:\"2\";s:11:\"utilisateur\";s:1:\"1\";s:6:\"prenom\";s:7:\"Birahim\";s:3:\"nom\";s:5:\"BABOU\";s:4:\"role\";s:18:\"GMB_ADMINISTRATEUR\";}'),
(835, 4, 1, 'a:7:{s:9:\"connexion\";b:1;s:4:\"mail\";s:24:\"birahim.babou@uvs.edu.sn\";s:6:\"profil\";s:1:\"2\";s:11:\"utilisateur\";s:1:\"1\";s:6:\"prenom\";s:7:\"Birahim\";s:3:\"nom\";s:5:\"BABOU\";s:4:\"role\";s:18:\"GMB_ADMINISTRATEUR\";}'),
(836, 4, 1, 'a:7:{s:9:\"connexion\";b:1;s:4:\"mail\";s:24:\"birahim.babou@uvs.edu.sn\";s:6:\"profil\";s:1:\"2\";s:11:\"utilisateur\";s:1:\"1\";s:6:\"prenom\";s:7:\"Birahim\";s:3:\"nom\";s:5:\"BABOU\";s:4:\"role\";s:18:\"GMB_ADMINISTRATEUR\";}'),
(837, 4, 1, 'a:7:{s:9:\"connexion\";b:1;s:4:\"mail\";s:24:\"birahim.babou@uvs.edu.sn\";s:6:\"profil\";s:1:\"2\";s:11:\"utilisateur\";s:1:\"1\";s:6:\"prenom\";s:7:\"Birahim\";s:3:\"nom\";s:5:\"BABOU\";s:4:\"role\";s:18:\"GMB_ADMINISTRATEUR\";}'),
(838, 4, 1, 'a:7:{s:9:\"connexion\";b:1;s:4:\"mail\";s:24:\"birahim.babou@uvs.edu.sn\";s:6:\"profil\";s:1:\"2\";s:11:\"utilisateur\";s:1:\"1\";s:6:\"prenom\";s:7:\"Birahim\";s:3:\"nom\";s:5:\"BABOU\";s:4:\"role\";s:18:\"GMB_ADMINISTRATEUR\";}'),
(839, 4, 1, 'a:7:{s:9:\"connexion\";b:1;s:4:\"mail\";s:24:\"birahim.babou@uvs.edu.sn\";s:6:\"profil\";s:1:\"2\";s:11:\"utilisateur\";s:1:\"1\";s:6:\"prenom\";s:7:\"Birahim\";s:3:\"nom\";s:5:\"BABOU\";s:4:\"role\";s:18:\"GMB_ADMINISTRATEUR\";}'),
(840, 4, 1, 'a:7:{s:9:\"connexion\";b:1;s:4:\"mail\";s:24:\"birahim.babou@uvs.edu.sn\";s:6:\"profil\";s:1:\"2\";s:11:\"utilisateur\";s:1:\"1\";s:6:\"prenom\";s:7:\"Birahim\";s:3:\"nom\";s:5:\"BABOU\";s:4:\"role\";s:18:\"GMB_ADMINISTRATEUR\";}'),
(841, 4, 1, 'a:7:{s:9:\"connexion\";b:1;s:4:\"mail\";s:24:\"birahim.babou@uvs.edu.sn\";s:6:\"profil\";s:1:\"2\";s:11:\"utilisateur\";s:1:\"1\";s:6:\"prenom\";s:7:\"Birahim\";s:3:\"nom\";s:5:\"BABOU\";s:4:\"role\";s:18:\"GMB_ADMINISTRATEUR\";}'),
(842, 4, 1, 'a:7:{s:9:\"connexion\";b:1;s:4:\"mail\";s:24:\"birahim.babou@uvs.edu.sn\";s:6:\"profil\";s:1:\"2\";s:11:\"utilisateur\";s:1:\"1\";s:6:\"prenom\";s:7:\"Birahim\";s:3:\"nom\";s:5:\"BABOU\";s:4:\"role\";s:18:\"GMB_ADMINISTRATEUR\";}'),
(843, 4, 1, 'a:7:{s:9:\"connexion\";b:1;s:4:\"mail\";s:24:\"birahim.babou@uvs.edu.sn\";s:6:\"profil\";s:1:\"2\";s:11:\"utilisateur\";s:1:\"1\";s:6:\"prenom\";s:7:\"Birahim\";s:3:\"nom\";s:5:\"BABOU\";s:4:\"role\";s:18:\"GMB_ADMINISTRATEUR\";}'),
(844, 4, 1, 'a:7:{s:9:\"connexion\";b:1;s:4:\"mail\";s:24:\"birahim.babou@uvs.edu.sn\";s:6:\"profil\";s:1:\"2\";s:11:\"utilisateur\";s:1:\"1\";s:6:\"prenom\";s:7:\"Birahim\";s:3:\"nom\";s:5:\"BABOU\";s:4:\"role\";s:18:\"GMB_ADMINISTRATEUR\";}'),
(845, 4, 1, 'a:7:{s:9:\"connexion\";b:1;s:4:\"mail\";s:24:\"birahim.babou@uvs.edu.sn\";s:6:\"profil\";s:1:\"2\";s:11:\"utilisateur\";s:1:\"1\";s:6:\"prenom\";s:7:\"Birahim\";s:3:\"nom\";s:5:\"BABOU\";s:4:\"role\";s:18:\"GMB_ADMINISTRATEUR\";}'),
(846, 4, 1, 'a:7:{s:9:\"connexion\";b:1;s:4:\"mail\";s:24:\"birahim.babou@uvs.edu.sn\";s:6:\"profil\";s:1:\"2\";s:11:\"utilisateur\";s:1:\"1\";s:6:\"prenom\";s:7:\"Birahim\";s:3:\"nom\";s:5:\"BABOU\";s:4:\"role\";s:18:\"GMB_ADMINISTRATEUR\";}'),
(847, 4, 1, 'a:7:{s:9:\"connexion\";b:1;s:4:\"mail\";s:24:\"birahim.babou@uvs.edu.sn\";s:6:\"profil\";s:1:\"2\";s:11:\"utilisateur\";s:1:\"1\";s:6:\"prenom\";s:7:\"Birahim\";s:3:\"nom\";s:5:\"BABOU\";s:4:\"role\";s:18:\"GMB_ADMINISTRATEUR\";}'),
(848, 4, 1, 'a:7:{s:9:\"connexion\";b:1;s:4:\"mail\";s:24:\"birahim.babou@uvs.edu.sn\";s:6:\"profil\";s:1:\"2\";s:11:\"utilisateur\";s:1:\"1\";s:6:\"prenom\";s:7:\"Birahim\";s:3:\"nom\";s:5:\"BABOU\";s:4:\"role\";s:18:\"GMB_ADMINISTRATEUR\";}'),
(849, 4, 1, 'a:7:{s:9:\"connexion\";b:1;s:4:\"mail\";s:24:\"birahim.babou@uvs.edu.sn\";s:6:\"profil\";s:1:\"2\";s:11:\"utilisateur\";s:1:\"1\";s:6:\"prenom\";s:7:\"Birahim\";s:3:\"nom\";s:5:\"BABOU\";s:4:\"role\";s:18:\"GMB_ADMINISTRATEUR\";}'),
(850, 4, 1, 'a:7:{s:9:\"connexion\";b:1;s:4:\"mail\";s:24:\"birahim.babou@uvs.edu.sn\";s:6:\"profil\";s:1:\"2\";s:11:\"utilisateur\";s:1:\"1\";s:6:\"prenom\";s:7:\"Birahim\";s:3:\"nom\";s:5:\"BABOU\";s:4:\"role\";s:18:\"GMB_ADMINISTRATEUR\";}'),
(851, 4, 1, 'a:7:{s:9:\"connexion\";b:1;s:4:\"mail\";s:24:\"birahim.babou@uvs.edu.sn\";s:6:\"profil\";s:1:\"2\";s:11:\"utilisateur\";s:1:\"1\";s:6:\"prenom\";s:7:\"Birahim\";s:3:\"nom\";s:5:\"BABOU\";s:4:\"role\";s:18:\"GMB_ADMINISTRATEUR\";}'),
(852, 4, 1, 'a:7:{s:9:\"connexion\";b:1;s:4:\"mail\";s:24:\"birahim.babou@uvs.edu.sn\";s:6:\"profil\";s:1:\"2\";s:11:\"utilisateur\";s:1:\"1\";s:6:\"prenom\";s:7:\"Birahim\";s:3:\"nom\";s:5:\"BABOU\";s:4:\"role\";s:18:\"GMB_ADMINISTRATEUR\";}'),
(853, 4, 1, 'a:7:{s:9:\"connexion\";b:1;s:4:\"mail\";s:24:\"birahim.babou@uvs.edu.sn\";s:6:\"profil\";s:1:\"2\";s:11:\"utilisateur\";s:1:\"1\";s:6:\"prenom\";s:7:\"Birahim\";s:3:\"nom\";s:5:\"BABOU\";s:4:\"role\";s:18:\"GMB_ADMINISTRATEUR\";}'),
(854, 4, 1, 'a:7:{s:9:\"connexion\";b:1;s:4:\"mail\";s:24:\"birahim.babou@uvs.edu.sn\";s:6:\"profil\";s:1:\"2\";s:11:\"utilisateur\";s:1:\"1\";s:6:\"prenom\";s:7:\"Birahim\";s:3:\"nom\";s:5:\"BABOU\";s:4:\"role\";s:18:\"GMB_ADMINISTRATEUR\";}'),
(855, 4, 1, 'a:7:{s:9:\"connexion\";b:1;s:4:\"mail\";s:24:\"birahim.babou@uvs.edu.sn\";s:6:\"profil\";s:1:\"2\";s:11:\"utilisateur\";s:1:\"1\";s:6:\"prenom\";s:7:\"Birahim\";s:3:\"nom\";s:5:\"BABOU\";s:4:\"role\";s:18:\"GMB_ADMINISTRATEUR\";}'),
(856, 4, 1, 'a:7:{s:9:\"connexion\";b:1;s:4:\"mail\";s:24:\"birahim.babou@uvs.edu.sn\";s:6:\"profil\";s:1:\"2\";s:11:\"utilisateur\";s:1:\"1\";s:6:\"prenom\";s:7:\"Birahim\";s:3:\"nom\";s:5:\"BABOU\";s:4:\"role\";s:18:\"GMB_ADMINISTRATEUR\";}'),
(857, 4, 1, 'a:7:{s:9:\"connexion\";b:1;s:4:\"mail\";s:24:\"birahim.babou@uvs.edu.sn\";s:6:\"profil\";s:1:\"2\";s:11:\"utilisateur\";s:1:\"1\";s:6:\"prenom\";s:7:\"Birahim\";s:3:\"nom\";s:5:\"BABOU\";s:4:\"role\";s:18:\"GMB_ADMINISTRATEUR\";}'),
(858, 4, 1, 'a:7:{s:9:\"connexion\";b:1;s:4:\"mail\";s:24:\"birahim.babou@uvs.edu.sn\";s:6:\"profil\";s:1:\"2\";s:11:\"utilisateur\";s:1:\"1\";s:6:\"prenom\";s:7:\"Birahim\";s:3:\"nom\";s:5:\"BABOU\";s:4:\"role\";s:18:\"GMB_ADMINISTRATEUR\";}'),
(859, 4, 1, 'a:7:{s:9:\"connexion\";b:1;s:4:\"mail\";s:24:\"birahim.babou@uvs.edu.sn\";s:6:\"profil\";s:1:\"2\";s:11:\"utilisateur\";s:1:\"1\";s:6:\"prenom\";s:7:\"Birahim\";s:3:\"nom\";s:5:\"BABOU\";s:4:\"role\";s:18:\"GMB_ADMINISTRATEUR\";}'),
(860, 4, 1, 'a:7:{s:9:\"connexion\";b:1;s:4:\"mail\";s:24:\"birahim.babou@uvs.edu.sn\";s:6:\"profil\";s:1:\"2\";s:11:\"utilisateur\";s:1:\"1\";s:6:\"prenom\";s:7:\"Birahim\";s:3:\"nom\";s:5:\"BABOU\";s:4:\"role\";s:18:\"GMB_ADMINISTRATEUR\";}'),
(861, 4, 1, 'a:7:{s:9:\"connexion\";b:1;s:4:\"mail\";s:24:\"birahim.babou@uvs.edu.sn\";s:6:\"profil\";s:1:\"2\";s:11:\"utilisateur\";s:1:\"1\";s:6:\"prenom\";s:7:\"Birahim\";s:3:\"nom\";s:5:\"BABOU\";s:4:\"role\";s:18:\"GMB_ADMINISTRATEUR\";}'),
(862, 4, 1, 'a:7:{s:9:\"connexion\";b:1;s:4:\"mail\";s:24:\"birahim.babou@uvs.edu.sn\";s:6:\"profil\";s:1:\"2\";s:11:\"utilisateur\";s:1:\"1\";s:6:\"prenom\";s:7:\"Birahim\";s:3:\"nom\";s:5:\"BABOU\";s:4:\"role\";s:18:\"GMB_ADMINISTRATEUR\";}'),
(863, 4, 1, 'a:7:{s:9:\"connexion\";b:1;s:4:\"mail\";s:24:\"birahim.babou@uvs.edu.sn\";s:6:\"profil\";s:1:\"2\";s:11:\"utilisateur\";s:1:\"1\";s:6:\"prenom\";s:7:\"Birahim\";s:3:\"nom\";s:5:\"BABOU\";s:4:\"role\";s:18:\"GMB_ADMINISTRATEUR\";}'),
(864, 4, 1, 'a:7:{s:9:\"connexion\";b:1;s:4:\"mail\";s:24:\"birahim.babou@uvs.edu.sn\";s:6:\"profil\";s:1:\"2\";s:11:\"utilisateur\";s:1:\"1\";s:6:\"prenom\";s:7:\"Birahim\";s:3:\"nom\";s:5:\"BABOU\";s:4:\"role\";s:18:\"GMB_ADMINISTRATEUR\";}'),
(865, 4, 1, 'a:7:{s:9:\"connexion\";b:1;s:4:\"mail\";s:24:\"birahim.babou@uvs.edu.sn\";s:6:\"profil\";s:1:\"2\";s:11:\"utilisateur\";s:1:\"1\";s:6:\"prenom\";s:7:\"Birahim\";s:3:\"nom\";s:5:\"BABOU\";s:4:\"role\";s:18:\"GMB_ADMINISTRATEUR\";}'),
(866, 4, 1, 'a:7:{s:9:\"connexion\";b:1;s:4:\"mail\";s:24:\"birahim.babou@uvs.edu.sn\";s:6:\"profil\";s:1:\"2\";s:11:\"utilisateur\";s:1:\"1\";s:6:\"prenom\";s:7:\"Birahim\";s:3:\"nom\";s:5:\"BABOU\";s:4:\"role\";s:18:\"GMB_ADMINISTRATEUR\";}'),
(867, 4, 1, 'a:7:{s:9:\"connexion\";b:1;s:4:\"mail\";s:24:\"birahim.babou@uvs.edu.sn\";s:6:\"profil\";s:1:\"2\";s:11:\"utilisateur\";s:1:\"1\";s:6:\"prenom\";s:7:\"Birahim\";s:3:\"nom\";s:5:\"BABOU\";s:4:\"role\";s:18:\"GMB_ADMINISTRATEUR\";}'),
(868, 4, 1, 'a:7:{s:9:\"connexion\";b:1;s:4:\"mail\";s:24:\"birahim.babou@uvs.edu.sn\";s:6:\"profil\";s:1:\"2\";s:11:\"utilisateur\";s:1:\"1\";s:6:\"prenom\";s:7:\"Birahim\";s:3:\"nom\";s:5:\"BABOU\";s:4:\"role\";s:18:\"GMB_ADMINISTRATEUR\";}'),
(869, 4, 1, 'a:7:{s:9:\"connexion\";b:1;s:4:\"mail\";s:24:\"birahim.babou@uvs.edu.sn\";s:6:\"profil\";s:1:\"2\";s:11:\"utilisateur\";s:1:\"1\";s:6:\"prenom\";s:7:\"Birahim\";s:3:\"nom\";s:5:\"BABOU\";s:4:\"role\";s:18:\"GMB_ADMINISTRATEUR\";}'),
(870, 4, 1, 'a:7:{s:9:\"connexion\";b:1;s:4:\"mail\";s:24:\"birahim.babou@uvs.edu.sn\";s:6:\"profil\";s:1:\"2\";s:11:\"utilisateur\";s:1:\"1\";s:6:\"prenom\";s:7:\"Birahim\";s:3:\"nom\";s:5:\"BABOU\";s:4:\"role\";s:18:\"GMB_ADMINISTRATEUR\";}'),
(871, 4, 1, 'a:7:{s:9:\"connexion\";b:1;s:4:\"mail\";s:24:\"birahim.babou@uvs.edu.sn\";s:6:\"profil\";s:1:\"2\";s:11:\"utilisateur\";s:1:\"1\";s:6:\"prenom\";s:7:\"Birahim\";s:3:\"nom\";s:5:\"BABOU\";s:4:\"role\";s:18:\"GMB_ADMINISTRATEUR\";}'),
(872, 4, 1, 'a:7:{s:9:\"connexion\";b:1;s:4:\"mail\";s:24:\"birahim.babou@uvs.edu.sn\";s:6:\"profil\";s:1:\"2\";s:11:\"utilisateur\";s:1:\"1\";s:6:\"prenom\";s:7:\"Birahim\";s:3:\"nom\";s:5:\"BABOU\";s:4:\"role\";s:18:\"GMB_ADMINISTRATEUR\";}'),
(873, 4, 1, 'a:7:{s:9:\"connexion\";b:1;s:4:\"mail\";s:24:\"birahim.babou@uvs.edu.sn\";s:6:\"profil\";s:1:\"2\";s:11:\"utilisateur\";s:1:\"1\";s:6:\"prenom\";s:7:\"Birahim\";s:3:\"nom\";s:5:\"BABOU\";s:4:\"role\";s:18:\"GMB_ADMINISTRATEUR\";}'),
(874, 4, 1, 'a:7:{s:9:\"connexion\";b:1;s:4:\"mail\";s:24:\"birahim.babou@uvs.edu.sn\";s:6:\"profil\";s:1:\"2\";s:11:\"utilisateur\";s:1:\"1\";s:6:\"prenom\";s:7:\"Birahim\";s:3:\"nom\";s:5:\"BABOU\";s:4:\"role\";s:18:\"GMB_ADMINISTRATEUR\";}'),
(875, 4, 1, 'a:7:{s:9:\"connexion\";b:1;s:4:\"mail\";s:24:\"birahim.babou@uvs.edu.sn\";s:6:\"profil\";s:1:\"2\";s:11:\"utilisateur\";s:1:\"1\";s:6:\"prenom\";s:7:\"Birahim\";s:3:\"nom\";s:5:\"BABOU\";s:4:\"role\";s:18:\"GMB_ADMINISTRATEUR\";}'),
(876, 4, 1, 'a:7:{s:9:\"connexion\";b:1;s:4:\"mail\";s:24:\"birahim.babou@uvs.edu.sn\";s:6:\"profil\";s:1:\"2\";s:11:\"utilisateur\";s:1:\"1\";s:6:\"prenom\";s:7:\"Birahim\";s:3:\"nom\";s:5:\"BABOU\";s:4:\"role\";s:18:\"GMB_ADMINISTRATEUR\";}'),
(877, 4, 1, 'a:7:{s:9:\"connexion\";b:1;s:4:\"mail\";s:24:\"birahim.babou@uvs.edu.sn\";s:6:\"profil\";s:1:\"2\";s:11:\"utilisateur\";s:1:\"1\";s:6:\"prenom\";s:7:\"Birahim\";s:3:\"nom\";s:5:\"BABOU\";s:4:\"role\";s:18:\"GMB_ADMINISTRATEUR\";}'),
(878, 4, 1, 'a:7:{s:9:\"connexion\";b:1;s:4:\"mail\";s:24:\"birahim.babou@uvs.edu.sn\";s:6:\"profil\";s:1:\"2\";s:11:\"utilisateur\";s:1:\"1\";s:6:\"prenom\";s:7:\"Birahim\";s:3:\"nom\";s:5:\"BABOU\";s:4:\"role\";s:18:\"GMB_ADMINISTRATEUR\";}'),
(879, 4, 1, 'a:7:{s:9:\"connexion\";b:1;s:4:\"mail\";s:24:\"birahim.babou@uvs.edu.sn\";s:6:\"profil\";s:1:\"2\";s:11:\"utilisateur\";s:1:\"1\";s:6:\"prenom\";s:7:\"Birahim\";s:3:\"nom\";s:5:\"BABOU\";s:4:\"role\";s:18:\"GMB_ADMINISTRATEUR\";}'),
(880, 4, 1, 'a:7:{s:9:\"connexion\";b:1;s:4:\"mail\";s:24:\"birahim.babou@uvs.edu.sn\";s:6:\"profil\";s:1:\"2\";s:11:\"utilisateur\";s:1:\"1\";s:6:\"prenom\";s:7:\"Birahim\";s:3:\"nom\";s:5:\"BABOU\";s:4:\"role\";s:18:\"GMB_ADMINISTRATEUR\";}'),
(881, 4, 1, 'a:7:{s:9:\"connexion\";b:1;s:4:\"mail\";s:24:\"birahim.babou@uvs.edu.sn\";s:6:\"profil\";s:1:\"2\";s:11:\"utilisateur\";s:1:\"1\";s:6:\"prenom\";s:7:\"Birahim\";s:3:\"nom\";s:5:\"BABOU\";s:4:\"role\";s:18:\"GMB_ADMINISTRATEUR\";}'),
(882, 4, 1, 'a:7:{s:9:\"connexion\";b:1;s:4:\"mail\";s:24:\"birahim.babou@uvs.edu.sn\";s:6:\"profil\";s:1:\"2\";s:11:\"utilisateur\";s:1:\"1\";s:6:\"prenom\";s:7:\"Birahim\";s:3:\"nom\";s:5:\"BABOU\";s:4:\"role\";s:18:\"GMB_ADMINISTRATEUR\";}'),
(883, 4, 1, 'a:7:{s:9:\"connexion\";b:1;s:4:\"mail\";s:24:\"birahim.babou@uvs.edu.sn\";s:6:\"profil\";s:1:\"2\";s:11:\"utilisateur\";s:1:\"1\";s:6:\"prenom\";s:7:\"Birahim\";s:3:\"nom\";s:5:\"BABOU\";s:4:\"role\";s:18:\"GMB_ADMINISTRATEUR\";}'),
(884, 4, 1, 'a:7:{s:9:\"connexion\";b:1;s:4:\"mail\";s:24:\"birahim.babou@uvs.edu.sn\";s:6:\"profil\";s:1:\"2\";s:11:\"utilisateur\";s:1:\"1\";s:6:\"prenom\";s:7:\"Birahim\";s:3:\"nom\";s:5:\"BABOU\";s:4:\"role\";s:18:\"GMB_ADMINISTRATEUR\";}'),
(885, 4, 1, 'a:7:{s:9:\"connexion\";b:1;s:4:\"mail\";s:24:\"birahim.babou@uvs.edu.sn\";s:6:\"profil\";s:1:\"2\";s:11:\"utilisateur\";s:1:\"1\";s:6:\"prenom\";s:7:\"Birahim\";s:3:\"nom\";s:5:\"BABOU\";s:4:\"role\";s:18:\"GMB_ADMINISTRATEUR\";}'),
(886, 4, 1, 'a:7:{s:9:\"connexion\";b:1;s:4:\"mail\";s:24:\"birahim.babou@uvs.edu.sn\";s:6:\"profil\";s:1:\"2\";s:11:\"utilisateur\";s:1:\"1\";s:6:\"prenom\";s:7:\"Birahim\";s:3:\"nom\";s:5:\"BABOU\";s:4:\"role\";s:18:\"GMB_ADMINISTRATEUR\";}'),
(887, 4, 1, 'a:7:{s:9:\"connexion\";b:1;s:4:\"mail\";s:24:\"birahim.babou@uvs.edu.sn\";s:6:\"profil\";s:1:\"2\";s:11:\"utilisateur\";s:1:\"1\";s:6:\"prenom\";s:7:\"Birahim\";s:3:\"nom\";s:5:\"BABOU\";s:4:\"role\";s:18:\"GMB_ADMINISTRATEUR\";}'),
(888, 4, 1, 'a:7:{s:9:\"connexion\";b:1;s:4:\"mail\";s:24:\"birahim.babou@uvs.edu.sn\";s:6:\"profil\";s:1:\"2\";s:11:\"utilisateur\";s:1:\"1\";s:6:\"prenom\";s:7:\"Birahim\";s:3:\"nom\";s:5:\"BABOU\";s:4:\"role\";s:18:\"GMB_ADMINISTRATEUR\";}'),
(889, 4, 1, 'a:7:{s:9:\"connexion\";b:1;s:4:\"mail\";s:24:\"birahim.babou@uvs.edu.sn\";s:6:\"profil\";s:1:\"2\";s:11:\"utilisateur\";s:1:\"1\";s:6:\"prenom\";s:7:\"Birahim\";s:3:\"nom\";s:5:\"BABOU\";s:4:\"role\";s:18:\"GMB_ADMINISTRATEUR\";}'),
(890, 4, 1, 'a:7:{s:9:\"connexion\";b:1;s:4:\"mail\";s:24:\"birahim.babou@uvs.edu.sn\";s:6:\"profil\";s:1:\"2\";s:11:\"utilisateur\";s:1:\"1\";s:6:\"prenom\";s:7:\"Birahim\";s:3:\"nom\";s:5:\"BABOU\";s:4:\"role\";s:18:\"GMB_ADMINISTRATEUR\";}'),
(891, 4, 1, 'a:7:{s:9:\"connexion\";b:1;s:4:\"mail\";s:24:\"birahim.babou@uvs.edu.sn\";s:6:\"profil\";s:1:\"2\";s:11:\"utilisateur\";s:1:\"1\";s:6:\"prenom\";s:7:\"Birahim\";s:3:\"nom\";s:5:\"BABOU\";s:4:\"role\";s:18:\"GMB_ADMINISTRATEUR\";}'),
(892, 4, 1, 'a:7:{s:9:\"connexion\";b:1;s:4:\"mail\";s:24:\"birahim.babou@uvs.edu.sn\";s:6:\"profil\";s:1:\"2\";s:11:\"utilisateur\";s:1:\"1\";s:6:\"prenom\";s:7:\"Birahim\";s:3:\"nom\";s:5:\"BABOU\";s:4:\"role\";s:18:\"GMB_ADMINISTRATEUR\";}'),
(893, 4, 1, 'a:7:{s:9:\"connexion\";b:1;s:4:\"mail\";s:24:\"birahim.babou@uvs.edu.sn\";s:6:\"profil\";s:1:\"2\";s:11:\"utilisateur\";s:1:\"1\";s:6:\"prenom\";s:7:\"Birahim\";s:3:\"nom\";s:5:\"BABOU\";s:4:\"role\";s:18:\"GMB_ADMINISTRATEUR\";}'),
(894, 4, 1, 'a:7:{s:9:\"connexion\";b:1;s:4:\"mail\";s:24:\"birahim.babou@uvs.edu.sn\";s:6:\"profil\";s:1:\"2\";s:11:\"utilisateur\";s:1:\"1\";s:6:\"prenom\";s:7:\"Birahim\";s:3:\"nom\";s:5:\"BABOU\";s:4:\"role\";s:18:\"GMB_ADMINISTRATEUR\";}'),
(895, 4, 1, 'a:7:{s:9:\"connexion\";b:1;s:4:\"mail\";s:24:\"birahim.babou@uvs.edu.sn\";s:6:\"profil\";s:1:\"2\";s:11:\"utilisateur\";s:1:\"1\";s:6:\"prenom\";s:7:\"Birahim\";s:3:\"nom\";s:5:\"BABOU\";s:4:\"role\";s:18:\"GMB_ADMINISTRATEUR\";}'),
(896, 4, 1, 'a:7:{s:9:\"connexion\";b:1;s:4:\"mail\";s:24:\"birahim.babou@uvs.edu.sn\";s:6:\"profil\";s:1:\"2\";s:11:\"utilisateur\";s:1:\"1\";s:6:\"prenom\";s:7:\"Birahim\";s:3:\"nom\";s:5:\"BABOU\";s:4:\"role\";s:18:\"GMB_ADMINISTRATEUR\";}'),
(897, 4, 1, 'a:7:{s:9:\"connexion\";b:1;s:4:\"mail\";s:24:\"birahim.babou@uvs.edu.sn\";s:6:\"profil\";s:1:\"2\";s:11:\"utilisateur\";s:1:\"1\";s:6:\"prenom\";s:7:\"Birahim\";s:3:\"nom\";s:5:\"BABOU\";s:4:\"role\";s:18:\"GMB_ADMINISTRATEUR\";}'),
(898, 4, 1, 'a:7:{s:9:\"connexion\";b:1;s:4:\"mail\";s:24:\"birahim.babou@uvs.edu.sn\";s:6:\"profil\";s:1:\"2\";s:11:\"utilisateur\";s:1:\"1\";s:6:\"prenom\";s:7:\"Birahim\";s:3:\"nom\";s:5:\"BABOU\";s:4:\"role\";s:18:\"GMB_ADMINISTRATEUR\";}'),
(899, 4, 1, 'a:7:{s:9:\"connexion\";b:1;s:4:\"mail\";s:24:\"birahim.babou@uvs.edu.sn\";s:6:\"profil\";s:1:\"2\";s:11:\"utilisateur\";s:1:\"1\";s:6:\"prenom\";s:7:\"Birahim\";s:3:\"nom\";s:5:\"BABOU\";s:4:\"role\";s:18:\"GMB_ADMINISTRATEUR\";}'),
(900, 4, 1, 'a:7:{s:9:\"connexion\";b:1;s:4:\"mail\";s:24:\"birahim.babou@uvs.edu.sn\";s:6:\"profil\";s:1:\"2\";s:11:\"utilisateur\";s:1:\"1\";s:6:\"prenom\";s:7:\"Birahim\";s:3:\"nom\";s:5:\"BABOU\";s:4:\"role\";s:18:\"GMB_ADMINISTRATEUR\";}'),
(901, 4, 1, 'a:7:{s:9:\"connexion\";b:1;s:4:\"mail\";s:24:\"birahim.babou@uvs.edu.sn\";s:6:\"profil\";s:1:\"2\";s:11:\"utilisateur\";s:1:\"1\";s:6:\"prenom\";s:7:\"Birahim\";s:3:\"nom\";s:5:\"BABOU\";s:4:\"role\";s:18:\"GMB_ADMINISTRATEUR\";}'),
(902, 4, 1, 'a:7:{s:9:\"connexion\";b:1;s:4:\"mail\";s:24:\"birahim.babou@uvs.edu.sn\";s:6:\"profil\";s:1:\"2\";s:11:\"utilisateur\";s:1:\"1\";s:6:\"prenom\";s:7:\"Birahim\";s:3:\"nom\";s:5:\"BABOU\";s:4:\"role\";s:18:\"GMB_ADMINISTRATEUR\";}'),
(903, 4, 1, 'a:7:{s:9:\"connexion\";b:1;s:4:\"mail\";s:24:\"birahim.babou@uvs.edu.sn\";s:6:\"profil\";s:1:\"2\";s:11:\"utilisateur\";s:1:\"1\";s:6:\"prenom\";s:7:\"Birahim\";s:3:\"nom\";s:5:\"BABOU\";s:4:\"role\";s:18:\"GMB_ADMINISTRATEUR\";}'),
(904, 4, 1, 'a:7:{s:9:\"connexion\";b:1;s:4:\"mail\";s:24:\"birahim.babou@uvs.edu.sn\";s:6:\"profil\";s:1:\"2\";s:11:\"utilisateur\";s:1:\"1\";s:6:\"prenom\";s:7:\"Birahim\";s:3:\"nom\";s:5:\"BABOU\";s:4:\"role\";s:18:\"GMB_ADMINISTRATEUR\";}'),
(905, 4, 1, 'a:7:{s:9:\"connexion\";b:1;s:4:\"mail\";s:24:\"birahim.babou@uvs.edu.sn\";s:6:\"profil\";s:1:\"2\";s:11:\"utilisateur\";s:1:\"1\";s:6:\"prenom\";s:7:\"Birahim\";s:3:\"nom\";s:5:\"BABOU\";s:4:\"role\";s:18:\"GMB_ADMINISTRATEUR\";}'),
(906, 4, 1, 'a:7:{s:9:\"connexion\";b:1;s:4:\"mail\";s:24:\"birahim.babou@uvs.edu.sn\";s:6:\"profil\";s:1:\"2\";s:11:\"utilisateur\";s:1:\"1\";s:6:\"prenom\";s:7:\"Birahim\";s:3:\"nom\";s:5:\"BABOU\";s:4:\"role\";s:18:\"GMB_ADMINISTRATEUR\";}'),
(907, 4, 1, 'a:7:{s:9:\"connexion\";b:1;s:4:\"mail\";s:24:\"birahim.babou@uvs.edu.sn\";s:6:\"profil\";s:1:\"2\";s:11:\"utilisateur\";s:1:\"1\";s:6:\"prenom\";s:7:\"Birahim\";s:3:\"nom\";s:5:\"BABOU\";s:4:\"role\";s:18:\"GMB_ADMINISTRATEUR\";}'),
(908, 4, 1, 'a:7:{s:9:\"connexion\";b:1;s:4:\"mail\";s:24:\"birahim.babou@uvs.edu.sn\";s:6:\"profil\";s:1:\"2\";s:11:\"utilisateur\";s:1:\"1\";s:6:\"prenom\";s:7:\"Birahim\";s:3:\"nom\";s:5:\"BABOU\";s:4:\"role\";s:18:\"GMB_ADMINISTRATEUR\";}'),
(909, 4, 1, 'a:7:{s:9:\"connexion\";b:1;s:4:\"mail\";s:24:\"birahim.babou@uvs.edu.sn\";s:6:\"profil\";s:1:\"2\";s:11:\"utilisateur\";s:1:\"1\";s:6:\"prenom\";s:7:\"Birahim\";s:3:\"nom\";s:5:\"BABOU\";s:4:\"role\";s:18:\"GMB_ADMINISTRATEUR\";}'),
(910, 4, 1, 'a:7:{s:9:\"connexion\";b:1;s:4:\"mail\";s:24:\"birahim.babou@uvs.edu.sn\";s:6:\"profil\";s:1:\"2\";s:11:\"utilisateur\";s:1:\"1\";s:6:\"prenom\";s:7:\"Birahim\";s:3:\"nom\";s:5:\"BABOU\";s:4:\"role\";s:18:\"GMB_ADMINISTRATEUR\";}'),
(911, 4, 1, 'a:7:{s:9:\"connexion\";b:1;s:4:\"mail\";s:24:\"birahim.babou@uvs.edu.sn\";s:6:\"profil\";s:1:\"2\";s:11:\"utilisateur\";s:1:\"1\";s:6:\"prenom\";s:7:\"Birahim\";s:3:\"nom\";s:5:\"BABOU\";s:4:\"role\";s:18:\"GMB_ADMINISTRATEUR\";}'),
(912, 4, 1, 'a:7:{s:9:\"connexion\";b:1;s:4:\"mail\";s:24:\"birahim.babou@uvs.edu.sn\";s:6:\"profil\";s:1:\"2\";s:11:\"utilisateur\";s:1:\"1\";s:6:\"prenom\";s:7:\"Birahim\";s:3:\"nom\";s:5:\"BABOU\";s:4:\"role\";s:18:\"GMB_ADMINISTRATEUR\";}'),
(913, 4, 1, 'a:7:{s:9:\"connexion\";b:1;s:4:\"mail\";s:24:\"birahim.babou@uvs.edu.sn\";s:6:\"profil\";s:1:\"2\";s:11:\"utilisateur\";s:1:\"1\";s:6:\"prenom\";s:7:\"Birahim\";s:3:\"nom\";s:5:\"BABOU\";s:4:\"role\";s:18:\"GMB_ADMINISTRATEUR\";}'),
(914, 4, 1, 'a:7:{s:9:\"connexion\";b:1;s:4:\"mail\";s:24:\"birahim.babou@uvs.edu.sn\";s:6:\"profil\";s:1:\"2\";s:11:\"utilisateur\";s:1:\"1\";s:6:\"prenom\";s:7:\"Birahim\";s:3:\"nom\";s:5:\"BABOU\";s:4:\"role\";s:18:\"GMB_ADMINISTRATEUR\";}'),
(915, 4, 1, 'a:7:{s:9:\"connexion\";b:1;s:4:\"mail\";s:24:\"birahim.babou@uvs.edu.sn\";s:6:\"profil\";s:1:\"2\";s:11:\"utilisateur\";s:1:\"1\";s:6:\"prenom\";s:7:\"Birahim\";s:3:\"nom\";s:5:\"BABOU\";s:4:\"role\";s:18:\"GMB_ADMINISTRATEUR\";}'),
(916, 4, 1, 'a:7:{s:9:\"connexion\";b:1;s:4:\"mail\";s:24:\"birahim.babou@uvs.edu.sn\";s:6:\"profil\";s:1:\"2\";s:11:\"utilisateur\";s:1:\"1\";s:6:\"prenom\";s:7:\"Birahim\";s:3:\"nom\";s:5:\"BABOU\";s:4:\"role\";s:18:\"GMB_ADMINISTRATEUR\";}'),
(917, 4, 1, 'a:7:{s:9:\"connexion\";b:1;s:4:\"mail\";s:24:\"birahim.babou@uvs.edu.sn\";s:6:\"profil\";s:1:\"2\";s:11:\"utilisateur\";s:1:\"1\";s:6:\"prenom\";s:7:\"Birahim\";s:3:\"nom\";s:5:\"BABOU\";s:4:\"role\";s:18:\"GMB_ADMINISTRATEUR\";}'),
(918, 4, 1, 'a:7:{s:9:\"connexion\";b:1;s:4:\"mail\";s:24:\"birahim.babou@uvs.edu.sn\";s:6:\"profil\";s:1:\"2\";s:11:\"utilisateur\";s:1:\"1\";s:6:\"prenom\";s:7:\"Birahim\";s:3:\"nom\";s:5:\"BABOU\";s:4:\"role\";s:18:\"GMB_ADMINISTRATEUR\";}'),
(919, 4, 1, 'a:7:{s:9:\"connexion\";b:1;s:4:\"mail\";s:24:\"birahim.babou@uvs.edu.sn\";s:6:\"profil\";s:1:\"2\";s:11:\"utilisateur\";s:1:\"1\";s:6:\"prenom\";s:7:\"Birahim\";s:3:\"nom\";s:5:\"BABOU\";s:4:\"role\";s:18:\"GMB_ADMINISTRATEUR\";}'),
(920, 4, 1, 'a:7:{s:9:\"connexion\";b:1;s:4:\"mail\";s:24:\"birahim.babou@uvs.edu.sn\";s:6:\"profil\";s:1:\"2\";s:11:\"utilisateur\";s:1:\"1\";s:6:\"prenom\";s:7:\"Birahim\";s:3:\"nom\";s:5:\"BABOU\";s:4:\"role\";s:18:\"GMB_ADMINISTRATEUR\";}'),
(921, 4, 1, 'a:7:{s:9:\"connexion\";b:1;s:4:\"mail\";s:24:\"birahim.babou@uvs.edu.sn\";s:6:\"profil\";s:1:\"2\";s:11:\"utilisateur\";s:1:\"1\";s:6:\"prenom\";s:7:\"Birahim\";s:3:\"nom\";s:5:\"BABOU\";s:4:\"role\";s:18:\"GMB_ADMINISTRATEUR\";}'),
(922, 4, 1, 'a:7:{s:9:\"connexion\";b:1;s:4:\"mail\";s:24:\"birahim.babou@uvs.edu.sn\";s:6:\"profil\";s:1:\"2\";s:11:\"utilisateur\";s:1:\"1\";s:6:\"prenom\";s:7:\"Birahim\";s:3:\"nom\";s:5:\"BABOU\";s:4:\"role\";s:18:\"GMB_ADMINISTRATEUR\";}'),
(923, 4, 1, 'a:7:{s:9:\"connexion\";b:1;s:4:\"mail\";s:24:\"birahim.babou@uvs.edu.sn\";s:6:\"profil\";s:1:\"2\";s:11:\"utilisateur\";s:1:\"1\";s:6:\"prenom\";s:7:\"Birahim\";s:3:\"nom\";s:5:\"BABOU\";s:4:\"role\";s:18:\"GMB_ADMINISTRATEUR\";}'),
(924, 4, 1, 'a:7:{s:9:\"connexion\";b:1;s:4:\"mail\";s:24:\"birahim.babou@uvs.edu.sn\";s:6:\"profil\";s:1:\"2\";s:11:\"utilisateur\";s:1:\"1\";s:6:\"prenom\";s:7:\"Birahim\";s:3:\"nom\";s:5:\"BABOU\";s:4:\"role\";s:18:\"GMB_ADMINISTRATEUR\";}'),
(925, 4, 1, 'a:7:{s:9:\"connexion\";b:1;s:4:\"mail\";s:24:\"birahim.babou@uvs.edu.sn\";s:6:\"profil\";s:1:\"2\";s:11:\"utilisateur\";s:1:\"1\";s:6:\"prenom\";s:7:\"Birahim\";s:3:\"nom\";s:5:\"BABOU\";s:4:\"role\";s:18:\"GMB_ADMINISTRATEUR\";}'),
(926, 4, 1, 'a:7:{s:9:\"connexion\";b:1;s:4:\"mail\";s:24:\"birahim.babou@uvs.edu.sn\";s:6:\"profil\";s:1:\"2\";s:11:\"utilisateur\";s:1:\"1\";s:6:\"prenom\";s:7:\"Birahim\";s:3:\"nom\";s:5:\"BABOU\";s:4:\"role\";s:18:\"GMB_ADMINISTRATEUR\";}'),
(927, 4, 1, 'a:7:{s:9:\"connexion\";b:1;s:4:\"mail\";s:24:\"birahim.babou@uvs.edu.sn\";s:6:\"profil\";s:1:\"2\";s:11:\"utilisateur\";s:1:\"1\";s:6:\"prenom\";s:7:\"Birahim\";s:3:\"nom\";s:5:\"BABOU\";s:4:\"role\";s:18:\"GMB_ADMINISTRATEUR\";}'),
(928, 4, 1, 'a:7:{s:9:\"connexion\";b:1;s:4:\"mail\";s:24:\"birahim.babou@uvs.edu.sn\";s:6:\"profil\";s:1:\"2\";s:11:\"utilisateur\";s:1:\"1\";s:6:\"prenom\";s:7:\"Birahim\";s:3:\"nom\";s:5:\"BABOU\";s:4:\"role\";s:18:\"GMB_ADMINISTRATEUR\";}'),
(929, 4, 1, 'a:7:{s:9:\"connexion\";b:1;s:4:\"mail\";s:24:\"birahim.babou@uvs.edu.sn\";s:6:\"profil\";s:1:\"2\";s:11:\"utilisateur\";s:1:\"1\";s:6:\"prenom\";s:7:\"Birahim\";s:3:\"nom\";s:5:\"BABOU\";s:4:\"role\";s:18:\"GMB_ADMINISTRATEUR\";}'),
(930, 4, 1, 'a:7:{s:9:\"connexion\";b:1;s:4:\"mail\";s:24:\"birahim.babou@uvs.edu.sn\";s:6:\"profil\";s:1:\"2\";s:11:\"utilisateur\";s:1:\"1\";s:6:\"prenom\";s:7:\"Birahim\";s:3:\"nom\";s:5:\"BABOU\";s:4:\"role\";s:18:\"GMB_ADMINISTRATEUR\";}'),
(931, 4, 1, 'a:7:{s:9:\"connexion\";b:1;s:4:\"mail\";s:24:\"birahim.babou@uvs.edu.sn\";s:6:\"profil\";s:1:\"2\";s:11:\"utilisateur\";s:1:\"1\";s:6:\"prenom\";s:7:\"Birahim\";s:3:\"nom\";s:5:\"BABOU\";s:4:\"role\";s:18:\"GMB_ADMINISTRATEUR\";}'),
(932, 4, 1, 'a:7:{s:9:\"connexion\";b:1;s:4:\"mail\";s:24:\"birahim.babou@uvs.edu.sn\";s:6:\"profil\";s:1:\"2\";s:11:\"utilisateur\";s:1:\"1\";s:6:\"prenom\";s:7:\"Birahim\";s:3:\"nom\";s:5:\"BABOU\";s:4:\"role\";s:18:\"GMB_ADMINISTRATEUR\";}'),
(933, 4, 1, 'a:7:{s:9:\"connexion\";b:1;s:4:\"mail\";s:24:\"birahim.babou@uvs.edu.sn\";s:6:\"profil\";s:1:\"2\";s:11:\"utilisateur\";s:1:\"1\";s:6:\"prenom\";s:7:\"Birahim\";s:3:\"nom\";s:5:\"BABOU\";s:4:\"role\";s:18:\"GMB_ADMINISTRATEUR\";}'),
(934, 4, 1, 'a:7:{s:9:\"connexion\";b:1;s:4:\"mail\";s:24:\"birahim.babou@uvs.edu.sn\";s:6:\"profil\";s:1:\"2\";s:11:\"utilisateur\";s:1:\"1\";s:6:\"prenom\";s:7:\"Birahim\";s:3:\"nom\";s:5:\"BABOU\";s:4:\"role\";s:18:\"GMB_ADMINISTRATEUR\";}'),
(935, 4, 1, 'a:7:{s:9:\"connexion\";b:1;s:4:\"mail\";s:24:\"birahim.babou@uvs.edu.sn\";s:6:\"profil\";s:1:\"2\";s:11:\"utilisateur\";s:1:\"1\";s:6:\"prenom\";s:7:\"Birahim\";s:3:\"nom\";s:5:\"BABOU\";s:4:\"role\";s:18:\"GMB_ADMINISTRATEUR\";}'),
(936, 4, 1, 'a:7:{s:9:\"connexion\";b:1;s:4:\"mail\";s:24:\"birahim.babou@uvs.edu.sn\";s:6:\"profil\";s:1:\"2\";s:11:\"utilisateur\";s:1:\"1\";s:6:\"prenom\";s:7:\"Birahim\";s:3:\"nom\";s:5:\"BABOU\";s:4:\"role\";s:18:\"GMB_ADMINISTRATEUR\";}'),
(937, 4, 1, 'a:7:{s:9:\"connexion\";b:1;s:4:\"mail\";s:24:\"birahim.babou@uvs.edu.sn\";s:6:\"profil\";s:1:\"2\";s:11:\"utilisateur\";s:1:\"1\";s:6:\"prenom\";s:7:\"Birahim\";s:3:\"nom\";s:5:\"BABOU\";s:4:\"role\";s:18:\"GMB_ADMINISTRATEUR\";}'),
(938, 4, 1, 'a:7:{s:9:\"connexion\";b:1;s:4:\"mail\";s:24:\"birahim.babou@uvs.edu.sn\";s:6:\"profil\";s:1:\"2\";s:11:\"utilisateur\";s:1:\"1\";s:6:\"prenom\";s:7:\"Birahim\";s:3:\"nom\";s:5:\"BABOU\";s:4:\"role\";s:18:\"GMB_ADMINISTRATEUR\";}'),
(939, 4, 1, 'a:7:{s:9:\"connexion\";b:1;s:4:\"mail\";s:24:\"birahim.babou@uvs.edu.sn\";s:6:\"profil\";s:1:\"2\";s:11:\"utilisateur\";s:1:\"1\";s:6:\"prenom\";s:7:\"Birahim\";s:3:\"nom\";s:5:\"BABOU\";s:4:\"role\";s:18:\"GMB_ADMINISTRATEUR\";}'),
(940, 4, 1, 'a:7:{s:9:\"connexion\";b:1;s:4:\"mail\";s:24:\"birahim.babou@uvs.edu.sn\";s:6:\"profil\";s:1:\"2\";s:11:\"utilisateur\";s:1:\"1\";s:6:\"prenom\";s:7:\"Birahim\";s:3:\"nom\";s:5:\"BABOU\";s:4:\"role\";s:18:\"GMB_ADMINISTRATEUR\";}'),
(941, 4, 1, 'a:7:{s:9:\"connexion\";b:1;s:4:\"mail\";s:24:\"birahim.babou@uvs.edu.sn\";s:6:\"profil\";s:1:\"2\";s:11:\"utilisateur\";s:1:\"1\";s:6:\"prenom\";s:7:\"Birahim\";s:3:\"nom\";s:5:\"BABOU\";s:4:\"role\";s:18:\"GMB_ADMINISTRATEUR\";}'),
(942, 4, 1, 'a:7:{s:9:\"connexion\";b:1;s:4:\"mail\";s:24:\"birahim.babou@uvs.edu.sn\";s:6:\"profil\";s:1:\"2\";s:11:\"utilisateur\";s:1:\"1\";s:6:\"prenom\";s:7:\"Birahim\";s:3:\"nom\";s:5:\"BABOU\";s:4:\"role\";s:18:\"GMB_ADMINISTRATEUR\";}'),
(943, 4, 1, 'a:7:{s:9:\"connexion\";b:1;s:4:\"mail\";s:24:\"birahim.babou@uvs.edu.sn\";s:6:\"profil\";s:1:\"2\";s:11:\"utilisateur\";s:1:\"1\";s:6:\"prenom\";s:7:\"Birahim\";s:3:\"nom\";s:5:\"BABOU\";s:4:\"role\";s:18:\"GMB_ADMINISTRATEUR\";}'),
(944, 4, 1, 'a:7:{s:9:\"connexion\";b:1;s:4:\"mail\";s:24:\"birahim.babou@uvs.edu.sn\";s:6:\"profil\";s:1:\"2\";s:11:\"utilisateur\";s:1:\"1\";s:6:\"prenom\";s:7:\"Birahim\";s:3:\"nom\";s:5:\"BABOU\";s:4:\"role\";s:18:\"GMB_ADMINISTRATEUR\";}'),
(945, 4, 1, 'a:7:{s:9:\"connexion\";b:1;s:4:\"mail\";s:24:\"birahim.babou@uvs.edu.sn\";s:6:\"profil\";s:1:\"2\";s:11:\"utilisateur\";s:1:\"1\";s:6:\"prenom\";s:7:\"Birahim\";s:3:\"nom\";s:5:\"BABOU\";s:4:\"role\";s:18:\"GMB_ADMINISTRATEUR\";}'),
(946, 4, 1, 'a:7:{s:9:\"connexion\";b:1;s:4:\"mail\";s:24:\"birahim.babou@uvs.edu.sn\";s:6:\"profil\";s:1:\"2\";s:11:\"utilisateur\";s:1:\"1\";s:6:\"prenom\";s:7:\"Birahim\";s:3:\"nom\";s:5:\"BABOU\";s:4:\"role\";s:18:\"GMB_ADMINISTRATEUR\";}'),
(947, 4, 1, 'a:7:{s:9:\"connexion\";b:1;s:4:\"mail\";s:24:\"birahim.babou@uvs.edu.sn\";s:6:\"profil\";s:1:\"2\";s:11:\"utilisateur\";s:1:\"1\";s:6:\"prenom\";s:7:\"Birahim\";s:3:\"nom\";s:5:\"BABOU\";s:4:\"role\";s:18:\"GMB_ADMINISTRATEUR\";}'),
(948, 4, 1, 'a:7:{s:9:\"connexion\";b:1;s:4:\"mail\";s:24:\"birahim.babou@uvs.edu.sn\";s:6:\"profil\";s:1:\"2\";s:11:\"utilisateur\";s:1:\"1\";s:6:\"prenom\";s:7:\"Birahim\";s:3:\"nom\";s:5:\"BABOU\";s:4:\"role\";s:18:\"GMB_ADMINISTRATEUR\";}'),
(949, 4, 1, 'a:7:{s:9:\"connexion\";b:1;s:4:\"mail\";s:24:\"birahim.babou@uvs.edu.sn\";s:6:\"profil\";s:1:\"2\";s:11:\"utilisateur\";s:1:\"1\";s:6:\"prenom\";s:7:\"Birahim\";s:3:\"nom\";s:5:\"BABOU\";s:4:\"role\";s:18:\"GMB_ADMINISTRATEUR\";}'),
(950, 4, 1, 'a:7:{s:9:\"connexion\";b:1;s:4:\"mail\";s:24:\"birahim.babou@uvs.edu.sn\";s:6:\"profil\";s:1:\"2\";s:11:\"utilisateur\";s:1:\"1\";s:6:\"prenom\";s:7:\"Birahim\";s:3:\"nom\";s:5:\"BABOU\";s:4:\"role\";s:18:\"GMB_ADMINISTRATEUR\";}'),
(951, 4, 1, 'a:7:{s:9:\"connexion\";b:1;s:4:\"mail\";s:24:\"birahim.babou@uvs.edu.sn\";s:6:\"profil\";s:1:\"2\";s:11:\"utilisateur\";s:1:\"1\";s:6:\"prenom\";s:7:\"Birahim\";s:3:\"nom\";s:5:\"BABOU\";s:4:\"role\";s:18:\"GMB_ADMINISTRATEUR\";}'),
(952, 4, 1, 'a:7:{s:9:\"connexion\";b:1;s:4:\"mail\";s:24:\"birahim.babou@uvs.edu.sn\";s:6:\"profil\";s:1:\"2\";s:11:\"utilisateur\";s:1:\"1\";s:6:\"prenom\";s:7:\"Birahim\";s:3:\"nom\";s:5:\"BABOU\";s:4:\"role\";s:18:\"GMB_ADMINISTRATEUR\";}'),
(953, 4, 1, 'a:7:{s:9:\"connexion\";b:1;s:4:\"mail\";s:24:\"birahim.babou@uvs.edu.sn\";s:6:\"profil\";s:1:\"2\";s:11:\"utilisateur\";s:1:\"1\";s:6:\"prenom\";s:7:\"Birahim\";s:3:\"nom\";s:5:\"BABOU\";s:4:\"role\";s:18:\"GMB_ADMINISTRATEUR\";}'),
(954, 4, 1, 'a:7:{s:9:\"connexion\";b:1;s:4:\"mail\";s:24:\"birahim.babou@uvs.edu.sn\";s:6:\"profil\";s:1:\"2\";s:11:\"utilisateur\";s:1:\"1\";s:6:\"prenom\";s:7:\"Birahim\";s:3:\"nom\";s:5:\"BABOU\";s:4:\"role\";s:18:\"GMB_ADMINISTRATEUR\";}'),
(955, 4, 1, 'a:7:{s:9:\"connexion\";b:1;s:4:\"mail\";s:24:\"birahim.babou@uvs.edu.sn\";s:6:\"profil\";s:1:\"2\";s:11:\"utilisateur\";s:1:\"1\";s:6:\"prenom\";s:7:\"Birahim\";s:3:\"nom\";s:5:\"BABOU\";s:4:\"role\";s:18:\"GMB_ADMINISTRATEUR\";}'),
(956, 4, 1, 'a:7:{s:9:\"connexion\";b:1;s:4:\"mail\";s:24:\"birahim.babou@uvs.edu.sn\";s:6:\"profil\";s:1:\"2\";s:11:\"utilisateur\";s:1:\"1\";s:6:\"prenom\";s:7:\"Birahim\";s:3:\"nom\";s:5:\"BABOU\";s:4:\"role\";s:18:\"GMB_ADMINISTRATEUR\";}'),
(957, 4, 1, 'a:7:{s:9:\"connexion\";b:1;s:4:\"mail\";s:24:\"birahim.babou@uvs.edu.sn\";s:6:\"profil\";s:1:\"2\";s:11:\"utilisateur\";s:1:\"1\";s:6:\"prenom\";s:7:\"Birahim\";s:3:\"nom\";s:5:\"BABOU\";s:4:\"role\";s:18:\"GMB_ADMINISTRATEUR\";}'),
(958, 4, 1, 'a:7:{s:9:\"connexion\";b:1;s:4:\"mail\";s:24:\"birahim.babou@uvs.edu.sn\";s:6:\"profil\";s:1:\"2\";s:11:\"utilisateur\";s:1:\"1\";s:6:\"prenom\";s:7:\"Birahim\";s:3:\"nom\";s:5:\"BABOU\";s:4:\"role\";s:18:\"GMB_ADMINISTRATEUR\";}'),
(959, 4, 1, 'a:7:{s:9:\"connexion\";b:1;s:4:\"mail\";s:24:\"birahim.babou@uvs.edu.sn\";s:6:\"profil\";s:1:\"2\";s:11:\"utilisateur\";s:1:\"1\";s:6:\"prenom\";s:7:\"Birahim\";s:3:\"nom\";s:5:\"BABOU\";s:4:\"role\";s:18:\"GMB_ADMINISTRATEUR\";}'),
(960, 4, 1, 'a:7:{s:9:\"connexion\";b:1;s:4:\"mail\";s:24:\"birahim.babou@uvs.edu.sn\";s:6:\"profil\";s:1:\"2\";s:11:\"utilisateur\";s:1:\"1\";s:6:\"prenom\";s:7:\"Birahim\";s:3:\"nom\";s:5:\"BABOU\";s:4:\"role\";s:18:\"GMB_ADMINISTRATEUR\";}'),
(961, 4, 1, 'a:7:{s:9:\"connexion\";b:1;s:4:\"mail\";s:24:\"birahim.babou@uvs.edu.sn\";s:6:\"profil\";s:1:\"2\";s:11:\"utilisateur\";s:1:\"1\";s:6:\"prenom\";s:7:\"Birahim\";s:3:\"nom\";s:5:\"BABOU\";s:4:\"role\";s:18:\"GMB_ADMINISTRATEUR\";}'),
(962, 4, 1, 'a:7:{s:9:\"connexion\";b:1;s:4:\"mail\";s:24:\"birahim.babou@uvs.edu.sn\";s:6:\"profil\";s:1:\"2\";s:11:\"utilisateur\";s:1:\"1\";s:6:\"prenom\";s:7:\"Birahim\";s:3:\"nom\";s:5:\"BABOU\";s:4:\"role\";s:18:\"GMB_ADMINISTRATEUR\";}'),
(963, 4, 1, 'a:7:{s:9:\"connexion\";b:1;s:4:\"mail\";s:24:\"birahim.babou@uvs.edu.sn\";s:6:\"profil\";s:1:\"2\";s:11:\"utilisateur\";s:1:\"1\";s:6:\"prenom\";s:7:\"Birahim\";s:3:\"nom\";s:5:\"BABOU\";s:4:\"role\";s:18:\"GMB_ADMINISTRATEUR\";}'),
(964, 4, 1, 'a:7:{s:9:\"connexion\";b:1;s:4:\"mail\";s:24:\"birahim.babou@uvs.edu.sn\";s:6:\"profil\";s:1:\"2\";s:11:\"utilisateur\";s:1:\"1\";s:6:\"prenom\";s:7:\"Birahim\";s:3:\"nom\";s:5:\"BABOU\";s:4:\"role\";s:18:\"GMB_ADMINISTRATEUR\";}'),
(965, 4, 1, 'a:7:{s:9:\"connexion\";b:1;s:4:\"mail\";s:24:\"birahim.babou@uvs.edu.sn\";s:6:\"profil\";s:1:\"2\";s:11:\"utilisateur\";s:1:\"1\";s:6:\"prenom\";s:7:\"Birahim\";s:3:\"nom\";s:5:\"BABOU\";s:4:\"role\";s:18:\"GMB_ADMINISTRATEUR\";}'),
(966, 4, 1, 'a:7:{s:9:\"connexion\";b:1;s:4:\"mail\";s:24:\"birahim.babou@uvs.edu.sn\";s:6:\"profil\";s:1:\"2\";s:11:\"utilisateur\";s:1:\"1\";s:6:\"prenom\";s:7:\"Birahim\";s:3:\"nom\";s:5:\"BABOU\";s:4:\"role\";s:18:\"GMB_ADMINISTRATEUR\";}'),
(967, 4, 1, 'a:7:{s:9:\"connexion\";b:1;s:4:\"mail\";s:24:\"birahim.babou@uvs.edu.sn\";s:6:\"profil\";s:1:\"2\";s:11:\"utilisateur\";s:1:\"1\";s:6:\"prenom\";s:7:\"Birahim\";s:3:\"nom\";s:5:\"BABOU\";s:4:\"role\";s:18:\"GMB_ADMINISTRATEUR\";}'),
(968, 4, 1, 'a:7:{s:9:\"connexion\";b:1;s:4:\"mail\";s:24:\"birahim.babou@uvs.edu.sn\";s:6:\"profil\";s:1:\"2\";s:11:\"utilisateur\";s:1:\"1\";s:6:\"prenom\";s:7:\"Birahim\";s:3:\"nom\";s:5:\"BABOU\";s:4:\"role\";s:18:\"GMB_ADMINISTRATEUR\";}'),
(969, 4, 1, 'a:7:{s:9:\"connexion\";b:1;s:4:\"mail\";s:24:\"birahim.babou@uvs.edu.sn\";s:6:\"profil\";s:1:\"2\";s:11:\"utilisateur\";s:1:\"1\";s:6:\"prenom\";s:7:\"Birahim\";s:3:\"nom\";s:5:\"BABOU\";s:4:\"role\";s:18:\"GMB_ADMINISTRATEUR\";}'),
(970, 4, 1, 'a:7:{s:9:\"connexion\";b:1;s:4:\"mail\";s:24:\"birahim.babou@uvs.edu.sn\";s:6:\"profil\";s:1:\"2\";s:11:\"utilisateur\";s:1:\"1\";s:6:\"prenom\";s:7:\"Birahim\";s:3:\"nom\";s:5:\"BABOU\";s:4:\"role\";s:18:\"GMB_ADMINISTRATEUR\";}'),
(971, 4, 1, 'a:7:{s:9:\"connexion\";b:1;s:4:\"mail\";s:24:\"birahim.babou@uvs.edu.sn\";s:6:\"profil\";s:1:\"2\";s:11:\"utilisateur\";s:1:\"1\";s:6:\"prenom\";s:7:\"Birahim\";s:3:\"nom\";s:5:\"BABOU\";s:4:\"role\";s:18:\"GMB_ADMINISTRATEUR\";}'),
(972, 4, 1, 'a:7:{s:9:\"connexion\";b:1;s:4:\"mail\";s:24:\"birahim.babou@uvs.edu.sn\";s:6:\"profil\";s:1:\"2\";s:11:\"utilisateur\";s:1:\"1\";s:6:\"prenom\";s:7:\"Birahim\";s:3:\"nom\";s:5:\"BABOU\";s:4:\"role\";s:18:\"GMB_ADMINISTRATEUR\";}'),
(973, 4, 1, 'a:7:{s:9:\"connexion\";b:1;s:4:\"mail\";s:24:\"birahim.babou@uvs.edu.sn\";s:6:\"profil\";s:1:\"2\";s:11:\"utilisateur\";s:1:\"1\";s:6:\"prenom\";s:7:\"Birahim\";s:3:\"nom\";s:5:\"BABOU\";s:4:\"role\";s:18:\"GMB_ADMINISTRATEUR\";}'),
(974, 4, 1, 'a:7:{s:9:\"connexion\";b:1;s:4:\"mail\";s:24:\"birahim.babou@uvs.edu.sn\";s:6:\"profil\";s:1:\"2\";s:11:\"utilisateur\";s:1:\"1\";s:6:\"prenom\";s:7:\"Birahim\";s:3:\"nom\";s:5:\"BABOU\";s:4:\"role\";s:18:\"GMB_ADMINISTRATEUR\";}'),
(975, 4, 1, 'a:7:{s:9:\"connexion\";b:1;s:4:\"mail\";s:24:\"birahim.babou@uvs.edu.sn\";s:6:\"profil\";s:1:\"2\";s:11:\"utilisateur\";s:1:\"1\";s:6:\"prenom\";s:7:\"Birahim\";s:3:\"nom\";s:5:\"BABOU\";s:4:\"role\";s:18:\"GMB_ADMINISTRATEUR\";}'),
(976, 4, 1, 'a:7:{s:9:\"connexion\";b:1;s:4:\"mail\";s:24:\"birahim.babou@uvs.edu.sn\";s:6:\"profil\";s:1:\"2\";s:11:\"utilisateur\";s:1:\"1\";s:6:\"prenom\";s:7:\"Birahim\";s:3:\"nom\";s:5:\"BABOU\";s:4:\"role\";s:18:\"GMB_ADMINISTRATEUR\";}'),
(977, 4, 1, 'a:7:{s:9:\"connexion\";b:1;s:4:\"mail\";s:24:\"birahim.babou@uvs.edu.sn\";s:6:\"profil\";s:1:\"2\";s:11:\"utilisateur\";s:1:\"1\";s:6:\"prenom\";s:7:\"Birahim\";s:3:\"nom\";s:5:\"BABOU\";s:4:\"role\";s:18:\"GMB_ADMINISTRATEUR\";}'),
(978, 4, 1, 'a:7:{s:9:\"connexion\";b:1;s:4:\"mail\";s:24:\"birahim.babou@uvs.edu.sn\";s:6:\"profil\";s:1:\"2\";s:11:\"utilisateur\";s:1:\"1\";s:6:\"prenom\";s:7:\"Birahim\";s:3:\"nom\";s:5:\"BABOU\";s:4:\"role\";s:18:\"GMB_ADMINISTRATEUR\";}'),
(979, 4, 1, 'a:7:{s:9:\"connexion\";b:1;s:4:\"mail\";s:24:\"birahim.babou@uvs.edu.sn\";s:6:\"profil\";s:1:\"2\";s:11:\"utilisateur\";s:1:\"1\";s:6:\"prenom\";s:7:\"Birahim\";s:3:\"nom\";s:5:\"BABOU\";s:4:\"role\";s:18:\"GMB_ADMINISTRATEUR\";}'),
(980, 4, 1, 'a:7:{s:9:\"connexion\";b:1;s:4:\"mail\";s:24:\"birahim.babou@uvs.edu.sn\";s:6:\"profil\";s:1:\"2\";s:11:\"utilisateur\";s:1:\"1\";s:6:\"prenom\";s:7:\"Birahim\";s:3:\"nom\";s:5:\"BABOU\";s:4:\"role\";s:18:\"GMB_ADMINISTRATEUR\";}'),
(981, 4, 1, 'a:7:{s:9:\"connexion\";b:1;s:4:\"mail\";s:24:\"birahim.babou@uvs.edu.sn\";s:6:\"profil\";s:1:\"2\";s:11:\"utilisateur\";s:1:\"1\";s:6:\"prenom\";s:7:\"Birahim\";s:3:\"nom\";s:5:\"BABOU\";s:4:\"role\";s:18:\"GMB_ADMINISTRATEUR\";}'),
(982, 4, 1, 'a:7:{s:9:\"connexion\";b:1;s:4:\"mail\";s:24:\"birahim.babou@uvs.edu.sn\";s:6:\"profil\";s:1:\"2\";s:11:\"utilisateur\";s:1:\"1\";s:6:\"prenom\";s:7:\"Birahim\";s:3:\"nom\";s:5:\"BABOU\";s:4:\"role\";s:18:\"GMB_ADMINISTRATEUR\";}'),
(983, 4, 1, 'a:7:{s:9:\"connexion\";b:1;s:4:\"mail\";s:24:\"birahim.babou@uvs.edu.sn\";s:6:\"profil\";s:1:\"2\";s:11:\"utilisateur\";s:1:\"1\";s:6:\"prenom\";s:7:\"Birahim\";s:3:\"nom\";s:5:\"BABOU\";s:4:\"role\";s:18:\"GMB_ADMINISTRATEUR\";}'),
(984, 4, 1, 'a:7:{s:9:\"connexion\";b:1;s:4:\"mail\";s:24:\"birahim.babou@uvs.edu.sn\";s:6:\"profil\";s:1:\"2\";s:11:\"utilisateur\";s:1:\"1\";s:6:\"prenom\";s:7:\"Birahim\";s:3:\"nom\";s:5:\"BABOU\";s:4:\"role\";s:18:\"GMB_ADMINISTRATEUR\";}'),
(985, 4, 1, 'a:7:{s:9:\"connexion\";b:1;s:4:\"mail\";s:24:\"birahim.babou@uvs.edu.sn\";s:6:\"profil\";s:1:\"2\";s:11:\"utilisateur\";s:1:\"1\";s:6:\"prenom\";s:7:\"Birahim\";s:3:\"nom\";s:5:\"BABOU\";s:4:\"role\";s:18:\"GMB_ADMINISTRATEUR\";}'),
(986, 4, 1, 'a:7:{s:9:\"connexion\";b:1;s:4:\"mail\";s:24:\"birahim.babou@uvs.edu.sn\";s:6:\"profil\";s:1:\"2\";s:11:\"utilisateur\";s:1:\"1\";s:6:\"prenom\";s:7:\"Birahim\";s:3:\"nom\";s:5:\"BABOU\";s:4:\"role\";s:18:\"GMB_ADMINISTRATEUR\";}'),
(987, 4, 1, 'a:7:{s:9:\"connexion\";b:1;s:4:\"mail\";s:24:\"birahim.babou@uvs.edu.sn\";s:6:\"profil\";s:1:\"2\";s:11:\"utilisateur\";s:1:\"1\";s:6:\"prenom\";s:7:\"Birahim\";s:3:\"nom\";s:5:\"BABOU\";s:4:\"role\";s:18:\"GMB_ADMINISTRATEUR\";}'),
(988, 4, 1, 'a:7:{s:9:\"connexion\";b:1;s:4:\"mail\";s:24:\"birahim.babou@uvs.edu.sn\";s:6:\"profil\";s:1:\"2\";s:11:\"utilisateur\";s:1:\"1\";s:6:\"prenom\";s:7:\"Birahim\";s:3:\"nom\";s:5:\"BABOU\";s:4:\"role\";s:18:\"GMB_ADMINISTRATEUR\";}'),
(989, 4, 1, 'a:7:{s:9:\"connexion\";b:1;s:4:\"mail\";s:24:\"birahim.babou@uvs.edu.sn\";s:6:\"profil\";s:1:\"2\";s:11:\"utilisateur\";s:1:\"1\";s:6:\"prenom\";s:7:\"Birahim\";s:3:\"nom\";s:5:\"BABOU\";s:4:\"role\";s:18:\"GMB_ADMINISTRATEUR\";}'),
(990, 4, 1, 'a:7:{s:9:\"connexion\";b:1;s:4:\"mail\";s:24:\"birahim.babou@uvs.edu.sn\";s:6:\"profil\";s:1:\"2\";s:11:\"utilisateur\";s:1:\"1\";s:6:\"prenom\";s:7:\"Birahim\";s:3:\"nom\";s:5:\"BABOU\";s:4:\"role\";s:18:\"GMB_ADMINISTRATEUR\";}'),
(991, 4, 1, 'a:7:{s:9:\"connexion\";b:1;s:4:\"mail\";s:24:\"birahim.babou@uvs.edu.sn\";s:6:\"profil\";s:1:\"2\";s:11:\"utilisateur\";s:1:\"1\";s:6:\"prenom\";s:7:\"Birahim\";s:3:\"nom\";s:5:\"BABOU\";s:4:\"role\";s:18:\"GMB_ADMINISTRATEUR\";}'),
(992, 4, 1, 'a:7:{s:9:\"connexion\";b:1;s:4:\"mail\";s:24:\"birahim.babou@uvs.edu.sn\";s:6:\"profil\";s:1:\"2\";s:11:\"utilisateur\";s:1:\"1\";s:6:\"prenom\";s:7:\"Birahim\";s:3:\"nom\";s:5:\"BABOU\";s:4:\"role\";s:18:\"GMB_ADMINISTRATEUR\";}'),
(993, 4, 1, 'a:7:{s:9:\"connexion\";b:1;s:4:\"mail\";s:24:\"birahim.babou@uvs.edu.sn\";s:6:\"profil\";s:1:\"2\";s:11:\"utilisateur\";s:1:\"1\";s:6:\"prenom\";s:7:\"Birahim\";s:3:\"nom\";s:5:\"BABOU\";s:4:\"role\";s:18:\"GMB_ADMINISTRATEUR\";}'),
(994, 4, 1, 'a:7:{s:9:\"connexion\";b:1;s:4:\"mail\";s:24:\"birahim.babou@uvs.edu.sn\";s:6:\"profil\";s:1:\"2\";s:11:\"utilisateur\";s:1:\"1\";s:6:\"prenom\";s:7:\"Birahim\";s:3:\"nom\";s:5:\"BABOU\";s:4:\"role\";s:18:\"GMB_ADMINISTRATEUR\";}'),
(995, 4, 1, 'a:7:{s:9:\"connexion\";b:1;s:4:\"mail\";s:24:\"birahim.babou@uvs.edu.sn\";s:6:\"profil\";s:1:\"2\";s:11:\"utilisateur\";s:1:\"1\";s:6:\"prenom\";s:7:\"Birahim\";s:3:\"nom\";s:5:\"BABOU\";s:4:\"role\";s:18:\"GMB_ADMINISTRATEUR\";}'),
(996, 4, 1, 'a:7:{s:9:\"connexion\";b:1;s:4:\"mail\";s:24:\"birahim.babou@uvs.edu.sn\";s:6:\"profil\";s:1:\"2\";s:11:\"utilisateur\";s:1:\"1\";s:6:\"prenom\";s:7:\"Birahim\";s:3:\"nom\";s:5:\"BABOU\";s:4:\"role\";s:18:\"GMB_ADMINISTRATEUR\";}'),
(997, 4, 1, 'a:7:{s:9:\"connexion\";b:1;s:4:\"mail\";s:24:\"birahim.babou@uvs.edu.sn\";s:6:\"profil\";s:1:\"2\";s:11:\"utilisateur\";s:1:\"1\";s:6:\"prenom\";s:7:\"Birahim\";s:3:\"nom\";s:5:\"BABOU\";s:4:\"role\";s:18:\"GMB_ADMINISTRATEUR\";}'),
(998, 4, 1, 'a:7:{s:9:\"connexion\";b:1;s:4:\"mail\";s:24:\"birahim.babou@uvs.edu.sn\";s:6:\"profil\";s:1:\"2\";s:11:\"utilisateur\";s:1:\"1\";s:6:\"prenom\";s:7:\"Birahim\";s:3:\"nom\";s:5:\"BABOU\";s:4:\"role\";s:18:\"GMB_ADMINISTRATEUR\";}'),
(999, 4, 1, 'a:7:{s:9:\"connexion\";b:1;s:4:\"mail\";s:24:\"birahim.babou@uvs.edu.sn\";s:6:\"profil\";s:1:\"2\";s:11:\"utilisateur\";s:1:\"1\";s:6:\"prenom\";s:7:\"Birahim\";s:3:\"nom\";s:5:\"BABOU\";s:4:\"role\";s:18:\"GMB_ADMINISTRATEUR\";}'),
(1000, 4, 1, 'a:7:{s:9:\"connexion\";b:1;s:4:\"mail\";s:24:\"birahim.babou@uvs.edu.sn\";s:6:\"profil\";s:1:\"2\";s:11:\"utilisateur\";s:1:\"1\";s:6:\"prenom\";s:7:\"Birahim\";s:3:\"nom\";s:5:\"BABOU\";s:4:\"role\";s:18:\"GMB_ADMINISTRATEUR\";}'),
(1001, 4, 1, 'a:7:{s:9:\"connexion\";b:1;s:4:\"mail\";s:24:\"birahim.babou@uvs.edu.sn\";s:6:\"profil\";s:1:\"2\";s:11:\"utilisateur\";s:1:\"1\";s:6:\"prenom\";s:7:\"Birahim\";s:3:\"nom\";s:5:\"BABOU\";s:4:\"role\";s:18:\"GMB_ADMINISTRATEUR\";}'),
(1002, 4, 1, 'a:7:{s:9:\"connexion\";b:1;s:4:\"mail\";s:24:\"birahim.babou@uvs.edu.sn\";s:6:\"profil\";s:1:\"2\";s:11:\"utilisateur\";s:1:\"1\";s:6:\"prenom\";s:7:\"Birahim\";s:3:\"nom\";s:5:\"BABOU\";s:4:\"role\";s:18:\"GMB_ADMINISTRATEUR\";}'),
(1003, 4, 1, 'a:7:{s:9:\"connexion\";b:1;s:4:\"mail\";s:24:\"birahim.babou@uvs.edu.sn\";s:6:\"profil\";s:1:\"2\";s:11:\"utilisateur\";s:1:\"1\";s:6:\"prenom\";s:7:\"Birahim\";s:3:\"nom\";s:5:\"BABOU\";s:4:\"role\";s:18:\"GMB_ADMINISTRATEUR\";}'),
(1004, 4, 1, 'a:7:{s:9:\"connexion\";b:1;s:4:\"mail\";s:24:\"birahim.babou@uvs.edu.sn\";s:6:\"profil\";s:1:\"2\";s:11:\"utilisateur\";s:1:\"1\";s:6:\"prenom\";s:7:\"Birahim\";s:3:\"nom\";s:5:\"BABOU\";s:4:\"role\";s:18:\"GMB_ADMINISTRATEUR\";}'),
(1005, 4, 1, 'a:7:{s:9:\"connexion\";b:1;s:4:\"mail\";s:24:\"birahim.babou@uvs.edu.sn\";s:6:\"profil\";s:1:\"2\";s:11:\"utilisateur\";s:1:\"1\";s:6:\"prenom\";s:7:\"Birahim\";s:3:\"nom\";s:5:\"BABOU\";s:4:\"role\";s:18:\"GMB_ADMINISTRATEUR\";}'),
(1006, 4, 1, 'a:7:{s:9:\"connexion\";b:1;s:4:\"mail\";s:24:\"birahim.babou@uvs.edu.sn\";s:6:\"profil\";s:1:\"2\";s:11:\"utilisateur\";s:1:\"1\";s:6:\"prenom\";s:7:\"Birahim\";s:3:\"nom\";s:5:\"BABOU\";s:4:\"role\";s:18:\"GMB_ADMINISTRATEUR\";}'),
(1007, 4, 1, 'a:7:{s:9:\"connexion\";b:1;s:4:\"mail\";s:24:\"birahim.babou@uvs.edu.sn\";s:6:\"profil\";s:1:\"2\";s:11:\"utilisateur\";s:1:\"1\";s:6:\"prenom\";s:7:\"Birahim\";s:3:\"nom\";s:5:\"BABOU\";s:4:\"role\";s:18:\"GMB_ADMINISTRATEUR\";}'),
(1008, 4, 1, 'a:7:{s:9:\"connexion\";b:1;s:4:\"mail\";s:24:\"birahim.babou@uvs.edu.sn\";s:6:\"profil\";s:1:\"2\";s:11:\"utilisateur\";s:1:\"1\";s:6:\"prenom\";s:7:\"Birahim\";s:3:\"nom\";s:5:\"BABOU\";s:4:\"role\";s:18:\"GMB_ADMINISTRATEUR\";}'),
(1009, 4, 1, 'a:7:{s:9:\"connexion\";b:1;s:4:\"mail\";s:24:\"birahim.babou@uvs.edu.sn\";s:6:\"profil\";s:1:\"2\";s:11:\"utilisateur\";s:1:\"1\";s:6:\"prenom\";s:7:\"Birahim\";s:3:\"nom\";s:5:\"BABOU\";s:4:\"role\";s:18:\"GMB_ADMINISTRATEUR\";}'),
(1010, 4, 1, 'a:7:{s:9:\"connexion\";b:1;s:4:\"mail\";s:24:\"birahim.babou@uvs.edu.sn\";s:6:\"profil\";s:1:\"2\";s:11:\"utilisateur\";s:1:\"1\";s:6:\"prenom\";s:7:\"Birahim\";s:3:\"nom\";s:5:\"BABOU\";s:4:\"role\";s:18:\"GMB_ADMINISTRATEUR\";}'),
(1011, 4, 1, 'a:7:{s:9:\"connexion\";b:1;s:4:\"mail\";s:24:\"birahim.babou@uvs.edu.sn\";s:6:\"profil\";s:1:\"2\";s:11:\"utilisateur\";s:1:\"1\";s:6:\"prenom\";s:7:\"Birahim\";s:3:\"nom\";s:5:\"BABOU\";s:4:\"role\";s:18:\"GMB_ADMINISTRATEUR\";}'),
(1012, 4, 1, 'a:7:{s:9:\"connexion\";b:1;s:4:\"mail\";s:24:\"birahim.babou@uvs.edu.sn\";s:6:\"profil\";s:1:\"2\";s:11:\"utilisateur\";s:1:\"1\";s:6:\"prenom\";s:7:\"Birahim\";s:3:\"nom\";s:5:\"BABOU\";s:4:\"role\";s:18:\"GMB_ADMINISTRATEUR\";}');
INSERT INTO `ban_hist` (`id`, `type`, `user`, `valeur`) VALUES
(1013, 4, 1, 'a:7:{s:9:\"connexion\";b:1;s:4:\"mail\";s:24:\"birahim.babou@uvs.edu.sn\";s:6:\"profil\";s:1:\"2\";s:11:\"utilisateur\";s:1:\"1\";s:6:\"prenom\";s:7:\"Birahim\";s:3:\"nom\";s:5:\"BABOU\";s:4:\"role\";s:18:\"GMB_ADMINISTRATEUR\";}'),
(1014, 4, 1, 'a:7:{s:9:\"connexion\";b:1;s:4:\"mail\";s:24:\"birahim.babou@uvs.edu.sn\";s:6:\"profil\";s:1:\"2\";s:11:\"utilisateur\";s:1:\"1\";s:6:\"prenom\";s:7:\"Birahim\";s:3:\"nom\";s:5:\"BABOU\";s:4:\"role\";s:18:\"GMB_ADMINISTRATEUR\";}'),
(1015, 4, 1, 'a:7:{s:9:\"connexion\";b:1;s:4:\"mail\";s:24:\"birahim.babou@uvs.edu.sn\";s:6:\"profil\";s:1:\"2\";s:11:\"utilisateur\";s:1:\"1\";s:6:\"prenom\";s:7:\"Birahim\";s:3:\"nom\";s:5:\"BABOU\";s:4:\"role\";s:18:\"GMB_ADMINISTRATEUR\";}'),
(1016, 4, 1, 'a:7:{s:9:\"connexion\";b:1;s:4:\"mail\";s:24:\"birahim.babou@uvs.edu.sn\";s:6:\"profil\";s:1:\"2\";s:11:\"utilisateur\";s:1:\"1\";s:6:\"prenom\";s:7:\"Birahim\";s:3:\"nom\";s:5:\"BABOU\";s:4:\"role\";s:18:\"GMB_ADMINISTRATEUR\";}'),
(1017, 4, 1, 'a:7:{s:9:\"connexion\";b:1;s:4:\"mail\";s:24:\"birahim.babou@uvs.edu.sn\";s:6:\"profil\";s:1:\"2\";s:11:\"utilisateur\";s:1:\"1\";s:6:\"prenom\";s:7:\"Birahim\";s:3:\"nom\";s:5:\"BABOU\";s:4:\"role\";s:18:\"GMB_ADMINISTRATEUR\";}'),
(1018, 4, 1, 'a:7:{s:9:\"connexion\";b:1;s:4:\"mail\";s:24:\"birahim.babou@uvs.edu.sn\";s:6:\"profil\";s:1:\"2\";s:11:\"utilisateur\";s:1:\"1\";s:6:\"prenom\";s:7:\"Birahim\";s:3:\"nom\";s:5:\"BABOU\";s:4:\"role\";s:18:\"GMB_ADMINISTRATEUR\";}'),
(1019, 4, 1, 'a:7:{s:9:\"connexion\";b:1;s:4:\"mail\";s:24:\"birahim.babou@uvs.edu.sn\";s:6:\"profil\";s:1:\"2\";s:11:\"utilisateur\";s:1:\"1\";s:6:\"prenom\";s:7:\"Birahim\";s:3:\"nom\";s:5:\"BABOU\";s:4:\"role\";s:18:\"GMB_ADMINISTRATEUR\";}'),
(1020, 4, 1, 'a:7:{s:9:\"connexion\";b:1;s:4:\"mail\";s:24:\"birahim.babou@uvs.edu.sn\";s:6:\"profil\";s:1:\"2\";s:11:\"utilisateur\";s:1:\"1\";s:6:\"prenom\";s:7:\"Birahim\";s:3:\"nom\";s:5:\"BABOU\";s:4:\"role\";s:18:\"GMB_ADMINISTRATEUR\";}'),
(1021, 4, 1, 'a:7:{s:9:\"connexion\";b:1;s:4:\"mail\";s:24:\"birahim.babou@uvs.edu.sn\";s:6:\"profil\";s:1:\"2\";s:11:\"utilisateur\";s:1:\"1\";s:6:\"prenom\";s:7:\"Birahim\";s:3:\"nom\";s:5:\"BABOU\";s:4:\"role\";s:18:\"GMB_ADMINISTRATEUR\";}'),
(1022, 4, 1, 'a:7:{s:9:\"connexion\";b:1;s:4:\"mail\";s:24:\"birahim.babou@uvs.edu.sn\";s:6:\"profil\";s:1:\"2\";s:11:\"utilisateur\";s:1:\"1\";s:6:\"prenom\";s:7:\"Birahim\";s:3:\"nom\";s:5:\"BABOU\";s:4:\"role\";s:18:\"GMB_ADMINISTRATEUR\";}'),
(1023, 4, 1, 'a:7:{s:9:\"connexion\";b:1;s:4:\"mail\";s:24:\"birahim.babou@uvs.edu.sn\";s:6:\"profil\";s:1:\"2\";s:11:\"utilisateur\";s:1:\"1\";s:6:\"prenom\";s:7:\"Birahim\";s:3:\"nom\";s:5:\"BABOU\";s:4:\"role\";s:18:\"GMB_ADMINISTRATEUR\";}'),
(1024, 4, 1, 'a:7:{s:9:\"connexion\";b:1;s:4:\"mail\";s:24:\"birahim.babou@uvs.edu.sn\";s:6:\"profil\";s:1:\"2\";s:11:\"utilisateur\";s:1:\"1\";s:6:\"prenom\";s:7:\"Birahim\";s:3:\"nom\";s:5:\"BABOU\";s:4:\"role\";s:18:\"GMB_ADMINISTRATEUR\";}'),
(1025, 4, 1, 'a:7:{s:9:\"connexion\";b:1;s:4:\"mail\";s:24:\"birahim.babou@uvs.edu.sn\";s:6:\"profil\";s:1:\"2\";s:11:\"utilisateur\";s:1:\"1\";s:6:\"prenom\";s:7:\"Birahim\";s:3:\"nom\";s:5:\"BABOU\";s:4:\"role\";s:18:\"GMB_ADMINISTRATEUR\";}'),
(1026, 4, 1, 'a:7:{s:9:\"connexion\";b:1;s:4:\"mail\";s:24:\"birahim.babou@uvs.edu.sn\";s:6:\"profil\";s:1:\"2\";s:11:\"utilisateur\";s:1:\"1\";s:6:\"prenom\";s:7:\"Birahim\";s:3:\"nom\";s:5:\"BABOU\";s:4:\"role\";s:18:\"GMB_ADMINISTRATEUR\";}'),
(1027, 4, 1, 'a:7:{s:9:\"connexion\";b:1;s:4:\"mail\";s:24:\"birahim.babou@uvs.edu.sn\";s:6:\"profil\";s:1:\"2\";s:11:\"utilisateur\";s:1:\"1\";s:6:\"prenom\";s:7:\"Birahim\";s:3:\"nom\";s:5:\"BABOU\";s:4:\"role\";s:18:\"GMB_ADMINISTRATEUR\";}'),
(1028, 4, 1, 'a:7:{s:9:\"connexion\";b:1;s:4:\"mail\";s:24:\"birahim.babou@uvs.edu.sn\";s:6:\"profil\";s:1:\"2\";s:11:\"utilisateur\";s:1:\"1\";s:6:\"prenom\";s:7:\"Birahim\";s:3:\"nom\";s:5:\"BABOU\";s:4:\"role\";s:18:\"GMB_ADMINISTRATEUR\";}'),
(1029, 4, 1, 'a:7:{s:9:\"connexion\";b:1;s:4:\"mail\";s:24:\"birahim.babou@uvs.edu.sn\";s:6:\"profil\";s:1:\"2\";s:11:\"utilisateur\";s:1:\"1\";s:6:\"prenom\";s:7:\"Birahim\";s:3:\"nom\";s:5:\"BABOU\";s:4:\"role\";s:18:\"GMB_ADMINISTRATEUR\";}'),
(1030, 4, 1, 'a:7:{s:9:\"connexion\";b:1;s:4:\"mail\";s:24:\"birahim.babou@uvs.edu.sn\";s:6:\"profil\";s:1:\"2\";s:11:\"utilisateur\";s:1:\"1\";s:6:\"prenom\";s:7:\"Birahim\";s:3:\"nom\";s:5:\"BABOU\";s:4:\"role\";s:18:\"GMB_ADMINISTRATEUR\";}'),
(1031, 4, 1, 'a:7:{s:9:\"connexion\";b:1;s:4:\"mail\";s:24:\"birahim.babou@uvs.edu.sn\";s:6:\"profil\";s:1:\"2\";s:11:\"utilisateur\";s:1:\"1\";s:6:\"prenom\";s:7:\"Birahim\";s:3:\"nom\";s:5:\"BABOU\";s:4:\"role\";s:18:\"GMB_ADMINISTRATEUR\";}'),
(1032, 4, 1, 'a:7:{s:9:\"connexion\";b:1;s:4:\"mail\";s:24:\"birahim.babou@uvs.edu.sn\";s:6:\"profil\";s:1:\"2\";s:11:\"utilisateur\";s:1:\"1\";s:6:\"prenom\";s:7:\"Birahim\";s:3:\"nom\";s:5:\"BABOU\";s:4:\"role\";s:18:\"GMB_ADMINISTRATEUR\";}'),
(1033, 4, 1, 'a:7:{s:9:\"connexion\";b:1;s:4:\"mail\";s:24:\"birahim.babou@uvs.edu.sn\";s:6:\"profil\";s:1:\"2\";s:11:\"utilisateur\";s:1:\"1\";s:6:\"prenom\";s:7:\"Birahim\";s:3:\"nom\";s:5:\"BABOU\";s:4:\"role\";s:18:\"GMB_ADMINISTRATEUR\";}'),
(1034, 4, 1, 'a:7:{s:9:\"connexion\";b:1;s:4:\"mail\";s:24:\"birahim.babou@uvs.edu.sn\";s:6:\"profil\";s:1:\"2\";s:11:\"utilisateur\";s:1:\"1\";s:6:\"prenom\";s:7:\"Birahim\";s:3:\"nom\";s:5:\"BABOU\";s:4:\"role\";s:18:\"GMB_ADMINISTRATEUR\";}'),
(1035, 4, 1, 'a:7:{s:9:\"connexion\";b:1;s:4:\"mail\";s:24:\"birahim.babou@uvs.edu.sn\";s:6:\"profil\";s:1:\"2\";s:11:\"utilisateur\";s:1:\"1\";s:6:\"prenom\";s:7:\"Birahim\";s:3:\"nom\";s:5:\"BABOU\";s:4:\"role\";s:18:\"GMB_ADMINISTRATEUR\";}'),
(1036, 4, 1, 'a:7:{s:9:\"connexion\";b:1;s:4:\"mail\";s:24:\"birahim.babou@uvs.edu.sn\";s:6:\"profil\";s:1:\"2\";s:11:\"utilisateur\";s:1:\"1\";s:6:\"prenom\";s:7:\"Birahim\";s:3:\"nom\";s:5:\"BABOU\";s:4:\"role\";s:18:\"GMB_ADMINISTRATEUR\";}'),
(1037, 4, 1, 'a:7:{s:9:\"connexion\";b:1;s:4:\"mail\";s:24:\"birahim.babou@uvs.edu.sn\";s:6:\"profil\";s:1:\"2\";s:11:\"utilisateur\";s:1:\"1\";s:6:\"prenom\";s:7:\"Birahim\";s:3:\"nom\";s:5:\"BABOU\";s:4:\"role\";s:18:\"GMB_ADMINISTRATEUR\";}'),
(1038, 4, 1, 'a:7:{s:9:\"connexion\";b:1;s:4:\"mail\";s:24:\"birahim.babou@uvs.edu.sn\";s:6:\"profil\";s:1:\"2\";s:11:\"utilisateur\";s:1:\"1\";s:6:\"prenom\";s:7:\"Birahim\";s:3:\"nom\";s:5:\"BABOU\";s:4:\"role\";s:18:\"GMB_ADMINISTRATEUR\";}'),
(1039, 4, 1, 'a:7:{s:9:\"connexion\";b:1;s:4:\"mail\";s:24:\"birahim.babou@uvs.edu.sn\";s:6:\"profil\";s:1:\"2\";s:11:\"utilisateur\";s:1:\"1\";s:6:\"prenom\";s:7:\"Birahim\";s:3:\"nom\";s:5:\"BABOU\";s:4:\"role\";s:18:\"GMB_ADMINISTRATEUR\";}'),
(1040, 4, 1, 'a:7:{s:9:\"connexion\";b:1;s:4:\"mail\";s:24:\"birahim.babou@uvs.edu.sn\";s:6:\"profil\";s:1:\"2\";s:11:\"utilisateur\";s:1:\"1\";s:6:\"prenom\";s:7:\"Birahim\";s:3:\"nom\";s:5:\"BABOU\";s:4:\"role\";s:18:\"GMB_ADMINISTRATEUR\";}'),
(1041, 4, 1, 'a:7:{s:9:\"connexion\";b:1;s:4:\"mail\";s:24:\"birahim.babou@uvs.edu.sn\";s:6:\"profil\";s:1:\"2\";s:11:\"utilisateur\";s:1:\"1\";s:6:\"prenom\";s:7:\"Birahim\";s:3:\"nom\";s:5:\"BABOU\";s:4:\"role\";s:18:\"GMB_ADMINISTRATEUR\";}'),
(1042, 4, 1, 'a:7:{s:9:\"connexion\";b:1;s:4:\"mail\";s:24:\"birahim.babou@uvs.edu.sn\";s:6:\"profil\";s:1:\"2\";s:11:\"utilisateur\";s:1:\"1\";s:6:\"prenom\";s:7:\"Birahim\";s:3:\"nom\";s:5:\"BABOU\";s:4:\"role\";s:18:\"GMB_ADMINISTRATEUR\";}'),
(1043, 4, 1, 'a:7:{s:9:\"connexion\";b:1;s:4:\"mail\";s:24:\"birahim.babou@uvs.edu.sn\";s:6:\"profil\";s:1:\"2\";s:11:\"utilisateur\";s:1:\"1\";s:6:\"prenom\";s:7:\"Birahim\";s:3:\"nom\";s:5:\"BABOU\";s:4:\"role\";s:18:\"GMB_ADMINISTRATEUR\";}'),
(1044, 4, 1, 'a:7:{s:9:\"connexion\";b:1;s:4:\"mail\";s:24:\"birahim.babou@uvs.edu.sn\";s:6:\"profil\";s:1:\"2\";s:11:\"utilisateur\";s:1:\"1\";s:6:\"prenom\";s:7:\"Birahim\";s:3:\"nom\";s:5:\"BABOU\";s:4:\"role\";s:18:\"GMB_ADMINISTRATEUR\";}'),
(1045, 4, 1, 'a:7:{s:9:\"connexion\";b:1;s:4:\"mail\";s:24:\"birahim.babou@uvs.edu.sn\";s:6:\"profil\";s:1:\"2\";s:11:\"utilisateur\";s:1:\"1\";s:6:\"prenom\";s:7:\"Birahim\";s:3:\"nom\";s:5:\"BABOU\";s:4:\"role\";s:18:\"GMB_ADMINISTRATEUR\";}'),
(1046, 4, 1, 'a:7:{s:9:\"connexion\";b:1;s:4:\"mail\";s:24:\"birahim.babou@uvs.edu.sn\";s:6:\"profil\";s:1:\"2\";s:11:\"utilisateur\";s:1:\"1\";s:6:\"prenom\";s:7:\"Birahim\";s:3:\"nom\";s:5:\"BABOU\";s:4:\"role\";s:18:\"GMB_ADMINISTRATEUR\";}'),
(1047, 4, 1, 'a:7:{s:9:\"connexion\";b:1;s:4:\"mail\";s:24:\"birahim.babou@uvs.edu.sn\";s:6:\"profil\";s:1:\"2\";s:11:\"utilisateur\";s:1:\"1\";s:6:\"prenom\";s:7:\"Birahim\";s:3:\"nom\";s:5:\"BABOU\";s:4:\"role\";s:18:\"GMB_ADMINISTRATEUR\";}'),
(1048, 4, 1, 'a:7:{s:9:\"connexion\";b:1;s:4:\"mail\";s:24:\"birahim.babou@uvs.edu.sn\";s:6:\"profil\";s:1:\"2\";s:11:\"utilisateur\";s:1:\"1\";s:6:\"prenom\";s:7:\"Birahim\";s:3:\"nom\";s:5:\"BABOU\";s:4:\"role\";s:18:\"GMB_ADMINISTRATEUR\";}'),
(1049, 4, 1, 'a:7:{s:9:\"connexion\";b:1;s:4:\"mail\";s:24:\"birahim.babou@uvs.edu.sn\";s:6:\"profil\";s:1:\"2\";s:11:\"utilisateur\";s:1:\"1\";s:6:\"prenom\";s:7:\"Birahim\";s:3:\"nom\";s:5:\"BABOU\";s:4:\"role\";s:18:\"GMB_ADMINISTRATEUR\";}'),
(1050, 4, 1, 'a:7:{s:9:\"connexion\";b:1;s:4:\"mail\";s:24:\"birahim.babou@uvs.edu.sn\";s:6:\"profil\";s:1:\"2\";s:11:\"utilisateur\";s:1:\"1\";s:6:\"prenom\";s:7:\"Birahim\";s:3:\"nom\";s:5:\"BABOU\";s:4:\"role\";s:18:\"GMB_ADMINISTRATEUR\";}'),
(1051, 4, 1, 'a:7:{s:9:\"connexion\";b:1;s:4:\"mail\";s:24:\"birahim.babou@uvs.edu.sn\";s:6:\"profil\";s:1:\"2\";s:11:\"utilisateur\";s:1:\"1\";s:6:\"prenom\";s:7:\"Birahim\";s:3:\"nom\";s:5:\"BABOU\";s:4:\"role\";s:18:\"GMB_ADMINISTRATEUR\";}'),
(1052, 4, 1, 'a:7:{s:9:\"connexion\";b:1;s:4:\"mail\";s:24:\"birahim.babou@uvs.edu.sn\";s:6:\"profil\";s:1:\"2\";s:11:\"utilisateur\";s:1:\"1\";s:6:\"prenom\";s:7:\"Birahim\";s:3:\"nom\";s:5:\"BABOU\";s:4:\"role\";s:18:\"GMB_ADMINISTRATEUR\";}'),
(1053, 4, 1, 'a:7:{s:9:\"connexion\";b:1;s:4:\"mail\";s:24:\"birahim.babou@uvs.edu.sn\";s:6:\"profil\";s:1:\"2\";s:11:\"utilisateur\";s:1:\"1\";s:6:\"prenom\";s:7:\"Birahim\";s:3:\"nom\";s:5:\"BABOU\";s:4:\"role\";s:18:\"GMB_ADMINISTRATEUR\";}'),
(1054, 4, 1, 'a:7:{s:9:\"connexion\";b:1;s:4:\"mail\";s:24:\"birahim.babou@uvs.edu.sn\";s:6:\"profil\";s:1:\"2\";s:11:\"utilisateur\";s:1:\"1\";s:6:\"prenom\";s:7:\"Birahim\";s:3:\"nom\";s:5:\"BABOU\";s:4:\"role\";s:18:\"GMB_ADMINISTRATEUR\";}'),
(1055, 4, 1, 'a:7:{s:9:\"connexion\";b:1;s:4:\"mail\";s:24:\"birahim.babou@uvs.edu.sn\";s:6:\"profil\";s:1:\"2\";s:11:\"utilisateur\";s:1:\"1\";s:6:\"prenom\";s:7:\"Birahim\";s:3:\"nom\";s:5:\"BABOU\";s:4:\"role\";s:18:\"GMB_ADMINISTRATEUR\";}'),
(1056, 4, 1, 'a:7:{s:9:\"connexion\";b:1;s:4:\"mail\";s:24:\"birahim.babou@uvs.edu.sn\";s:6:\"profil\";s:1:\"2\";s:11:\"utilisateur\";s:1:\"1\";s:6:\"prenom\";s:7:\"Birahim\";s:3:\"nom\";s:5:\"BABOU\";s:4:\"role\";s:18:\"GMB_ADMINISTRATEUR\";}'),
(1057, 4, 1, 'a:7:{s:9:\"connexion\";b:1;s:4:\"mail\";s:24:\"birahim.babou@uvs.edu.sn\";s:6:\"profil\";s:1:\"2\";s:11:\"utilisateur\";s:1:\"1\";s:6:\"prenom\";s:7:\"Birahim\";s:3:\"nom\";s:5:\"BABOU\";s:4:\"role\";s:18:\"GMB_ADMINISTRATEUR\";}'),
(1058, 4, 1, 'a:7:{s:9:\"connexion\";b:1;s:4:\"mail\";s:24:\"birahim.babou@uvs.edu.sn\";s:6:\"profil\";s:1:\"2\";s:11:\"utilisateur\";s:1:\"1\";s:6:\"prenom\";s:7:\"Birahim\";s:3:\"nom\";s:5:\"BABOU\";s:4:\"role\";s:18:\"GMB_ADMINISTRATEUR\";}'),
(1059, 4, 1, 'a:7:{s:9:\"connexion\";b:1;s:4:\"mail\";s:24:\"birahim.babou@uvs.edu.sn\";s:6:\"profil\";s:1:\"2\";s:11:\"utilisateur\";s:1:\"1\";s:6:\"prenom\";s:7:\"Birahim\";s:3:\"nom\";s:5:\"BABOU\";s:4:\"role\";s:18:\"GMB_ADMINISTRATEUR\";}'),
(1060, 4, 1, 'a:7:{s:9:\"connexion\";b:1;s:4:\"mail\";s:24:\"birahim.babou@uvs.edu.sn\";s:6:\"profil\";s:1:\"2\";s:11:\"utilisateur\";s:1:\"1\";s:6:\"prenom\";s:7:\"Birahim\";s:3:\"nom\";s:5:\"BABOU\";s:4:\"role\";s:18:\"GMB_ADMINISTRATEUR\";}'),
(1061, 4, 1, 'a:7:{s:9:\"connexion\";b:1;s:4:\"mail\";s:24:\"birahim.babou@uvs.edu.sn\";s:6:\"profil\";s:1:\"2\";s:11:\"utilisateur\";s:1:\"1\";s:6:\"prenom\";s:7:\"Birahim\";s:3:\"nom\";s:5:\"BABOU\";s:4:\"role\";s:18:\"GMB_ADMINISTRATEUR\";}'),
(1062, 4, 1, 'a:7:{s:9:\"connexion\";b:1;s:4:\"mail\";s:24:\"birahim.babou@uvs.edu.sn\";s:6:\"profil\";s:1:\"2\";s:11:\"utilisateur\";s:1:\"1\";s:6:\"prenom\";s:7:\"Birahim\";s:3:\"nom\";s:5:\"BABOU\";s:4:\"role\";s:18:\"GMB_ADMINISTRATEUR\";}'),
(1063, 4, 1, 'a:7:{s:9:\"connexion\";b:1;s:4:\"mail\";s:24:\"birahim.babou@uvs.edu.sn\";s:6:\"profil\";s:1:\"2\";s:11:\"utilisateur\";s:1:\"1\";s:6:\"prenom\";s:7:\"Birahim\";s:3:\"nom\";s:5:\"BABOU\";s:4:\"role\";s:18:\"GMB_ADMINISTRATEUR\";}'),
(1064, 4, 1, 'a:7:{s:9:\"connexion\";b:1;s:4:\"mail\";s:24:\"birahim.babou@uvs.edu.sn\";s:6:\"profil\";s:1:\"2\";s:11:\"utilisateur\";s:1:\"1\";s:6:\"prenom\";s:7:\"Birahim\";s:3:\"nom\";s:5:\"BABOU\";s:4:\"role\";s:18:\"GMB_ADMINISTRATEUR\";}'),
(1065, 4, 1, 'a:7:{s:9:\"connexion\";b:1;s:4:\"mail\";s:24:\"birahim.babou@uvs.edu.sn\";s:6:\"profil\";s:1:\"2\";s:11:\"utilisateur\";s:1:\"1\";s:6:\"prenom\";s:7:\"Birahim\";s:3:\"nom\";s:5:\"BABOU\";s:4:\"role\";s:18:\"GMB_ADMINISTRATEUR\";}'),
(1066, 4, 1, 'a:7:{s:9:\"connexion\";b:1;s:4:\"mail\";s:24:\"birahim.babou@uvs.edu.sn\";s:6:\"profil\";s:1:\"2\";s:11:\"utilisateur\";s:1:\"1\";s:6:\"prenom\";s:7:\"Birahim\";s:3:\"nom\";s:5:\"BABOU\";s:4:\"role\";s:18:\"GMB_ADMINISTRATEUR\";}'),
(1067, 4, 1, 'a:7:{s:9:\"connexion\";b:1;s:4:\"mail\";s:24:\"birahim.babou@uvs.edu.sn\";s:6:\"profil\";s:1:\"2\";s:11:\"utilisateur\";s:1:\"1\";s:6:\"prenom\";s:7:\"Birahim\";s:3:\"nom\";s:5:\"BABOU\";s:4:\"role\";s:18:\"GMB_ADMINISTRATEUR\";}'),
(1068, 4, 1, 'a:7:{s:9:\"connexion\";b:1;s:4:\"mail\";s:24:\"birahim.babou@uvs.edu.sn\";s:6:\"profil\";s:1:\"2\";s:11:\"utilisateur\";s:1:\"1\";s:6:\"prenom\";s:7:\"Birahim\";s:3:\"nom\";s:5:\"BABOU\";s:4:\"role\";s:18:\"GMB_ADMINISTRATEUR\";}'),
(1069, 4, 1, 'a:7:{s:9:\"connexion\";b:1;s:4:\"mail\";s:24:\"birahim.babou@uvs.edu.sn\";s:6:\"profil\";s:1:\"2\";s:11:\"utilisateur\";s:1:\"1\";s:6:\"prenom\";s:7:\"Birahim\";s:3:\"nom\";s:5:\"BABOU\";s:4:\"role\";s:18:\"GMB_ADMINISTRATEUR\";}'),
(1070, 4, 1, 'a:7:{s:9:\"connexion\";b:1;s:4:\"mail\";s:24:\"birahim.babou@uvs.edu.sn\";s:6:\"profil\";s:1:\"2\";s:11:\"utilisateur\";s:1:\"1\";s:6:\"prenom\";s:7:\"Birahim\";s:3:\"nom\";s:5:\"BABOU\";s:4:\"role\";s:18:\"GMB_ADMINISTRATEUR\";}'),
(1071, 4, 1, 'a:7:{s:9:\"connexion\";b:1;s:4:\"mail\";s:24:\"birahim.babou@uvs.edu.sn\";s:6:\"profil\";s:1:\"2\";s:11:\"utilisateur\";s:1:\"1\";s:6:\"prenom\";s:7:\"Birahim\";s:3:\"nom\";s:5:\"BABOU\";s:4:\"role\";s:18:\"GMB_ADMINISTRATEUR\";}'),
(1072, 4, 1, 'a:7:{s:9:\"connexion\";b:1;s:4:\"mail\";s:24:\"birahim.babou@uvs.edu.sn\";s:6:\"profil\";s:1:\"2\";s:11:\"utilisateur\";s:1:\"1\";s:6:\"prenom\";s:7:\"Birahim\";s:3:\"nom\";s:5:\"BABOU\";s:4:\"role\";s:18:\"GMB_ADMINISTRATEUR\";}'),
(1073, 4, 1, 'a:7:{s:9:\"connexion\";b:1;s:4:\"mail\";s:24:\"birahim.babou@uvs.edu.sn\";s:6:\"profil\";s:1:\"2\";s:11:\"utilisateur\";s:1:\"1\";s:6:\"prenom\";s:7:\"Birahim\";s:3:\"nom\";s:5:\"BABOU\";s:4:\"role\";s:18:\"GMB_ADMINISTRATEUR\";}'),
(1074, 4, 1, 'a:7:{s:9:\"connexion\";b:1;s:4:\"mail\";s:24:\"birahim.babou@uvs.edu.sn\";s:6:\"profil\";s:1:\"2\";s:11:\"utilisateur\";s:1:\"1\";s:6:\"prenom\";s:7:\"Birahim\";s:3:\"nom\";s:5:\"BABOU\";s:4:\"role\";s:18:\"GMB_ADMINISTRATEUR\";}'),
(1075, 4, 1, 'a:7:{s:9:\"connexion\";b:1;s:4:\"mail\";s:24:\"birahim.babou@uvs.edu.sn\";s:6:\"profil\";s:1:\"2\";s:11:\"utilisateur\";s:1:\"1\";s:6:\"prenom\";s:7:\"Birahim\";s:3:\"nom\";s:5:\"BABOU\";s:4:\"role\";s:18:\"GMB_ADMINISTRATEUR\";}'),
(1076, 4, 1, 'a:7:{s:9:\"connexion\";b:1;s:4:\"mail\";s:24:\"birahim.babou@uvs.edu.sn\";s:6:\"profil\";s:1:\"2\";s:11:\"utilisateur\";s:1:\"1\";s:6:\"prenom\";s:7:\"Birahim\";s:3:\"nom\";s:5:\"BABOU\";s:4:\"role\";s:18:\"GMB_ADMINISTRATEUR\";}'),
(1077, 4, 1, 'a:7:{s:9:\"connexion\";b:1;s:4:\"mail\";s:24:\"birahim.babou@uvs.edu.sn\";s:6:\"profil\";s:1:\"2\";s:11:\"utilisateur\";s:1:\"1\";s:6:\"prenom\";s:7:\"Birahim\";s:3:\"nom\";s:5:\"BABOU\";s:4:\"role\";s:18:\"GMB_ADMINISTRATEUR\";}'),
(1078, 4, 1, 'a:7:{s:9:\"connexion\";b:1;s:4:\"mail\";s:24:\"birahim.babou@uvs.edu.sn\";s:6:\"profil\";s:1:\"2\";s:11:\"utilisateur\";s:1:\"1\";s:6:\"prenom\";s:7:\"Birahim\";s:3:\"nom\";s:5:\"BABOU\";s:4:\"role\";s:18:\"GMB_ADMINISTRATEUR\";}'),
(1079, 4, 1, 'a:7:{s:9:\"connexion\";b:1;s:4:\"mail\";s:24:\"birahim.babou@uvs.edu.sn\";s:6:\"profil\";s:1:\"2\";s:11:\"utilisateur\";s:1:\"1\";s:6:\"prenom\";s:7:\"Birahim\";s:3:\"nom\";s:5:\"BABOU\";s:4:\"role\";s:18:\"GMB_ADMINISTRATEUR\";}'),
(1080, 4, 1, 'a:7:{s:9:\"connexion\";b:1;s:4:\"mail\";s:24:\"birahim.babou@uvs.edu.sn\";s:6:\"profil\";s:1:\"2\";s:11:\"utilisateur\";s:1:\"1\";s:6:\"prenom\";s:7:\"Birahim\";s:3:\"nom\";s:5:\"BABOU\";s:4:\"role\";s:18:\"GMB_ADMINISTRATEUR\";}'),
(1081, 4, 1, 'a:7:{s:9:\"connexion\";b:1;s:4:\"mail\";s:24:\"birahim.babou@uvs.edu.sn\";s:6:\"profil\";s:1:\"2\";s:11:\"utilisateur\";s:1:\"1\";s:6:\"prenom\";s:7:\"Birahim\";s:3:\"nom\";s:5:\"BABOU\";s:4:\"role\";s:18:\"GMB_ADMINISTRATEUR\";}'),
(1082, 4, 1, 'a:7:{s:9:\"connexion\";b:1;s:4:\"mail\";s:24:\"birahim.babou@uvs.edu.sn\";s:6:\"profil\";s:1:\"2\";s:11:\"utilisateur\";s:1:\"1\";s:6:\"prenom\";s:7:\"Birahim\";s:3:\"nom\";s:5:\"BABOU\";s:4:\"role\";s:18:\"GMB_ADMINISTRATEUR\";}'),
(1083, 4, 1, 'a:7:{s:9:\"connexion\";b:1;s:4:\"mail\";s:24:\"birahim.babou@uvs.edu.sn\";s:6:\"profil\";s:1:\"2\";s:11:\"utilisateur\";s:1:\"1\";s:6:\"prenom\";s:7:\"Birahim\";s:3:\"nom\";s:5:\"BABOU\";s:4:\"role\";s:18:\"GMB_ADMINISTRATEUR\";}'),
(1084, 4, 1, 'a:7:{s:9:\"connexion\";b:1;s:4:\"mail\";s:24:\"birahim.babou@uvs.edu.sn\";s:6:\"profil\";s:1:\"2\";s:11:\"utilisateur\";s:1:\"1\";s:6:\"prenom\";s:7:\"Birahim\";s:3:\"nom\";s:5:\"BABOU\";s:4:\"role\";s:18:\"GMB_ADMINISTRATEUR\";}'),
(1085, 4, 1, 'a:7:{s:9:\"connexion\";b:1;s:4:\"mail\";s:24:\"birahim.babou@uvs.edu.sn\";s:6:\"profil\";s:1:\"2\";s:11:\"utilisateur\";s:1:\"1\";s:6:\"prenom\";s:7:\"Birahim\";s:3:\"nom\";s:5:\"BABOU\";s:4:\"role\";s:18:\"GMB_ADMINISTRATEUR\";}'),
(1086, 4, 1, 'a:7:{s:9:\"connexion\";b:1;s:4:\"mail\";s:24:\"birahim.babou@uvs.edu.sn\";s:6:\"profil\";s:1:\"2\";s:11:\"utilisateur\";s:1:\"1\";s:6:\"prenom\";s:7:\"Birahim\";s:3:\"nom\";s:5:\"BABOU\";s:4:\"role\";s:18:\"GMB_ADMINISTRATEUR\";}'),
(1087, 4, 1, 'a:7:{s:9:\"connexion\";b:1;s:4:\"mail\";s:24:\"birahim.babou@uvs.edu.sn\";s:6:\"profil\";s:1:\"2\";s:11:\"utilisateur\";s:1:\"1\";s:6:\"prenom\";s:7:\"Birahim\";s:3:\"nom\";s:5:\"BABOU\";s:4:\"role\";s:18:\"GMB_ADMINISTRATEUR\";}'),
(1088, 4, 1, 'a:7:{s:9:\"connexion\";b:1;s:4:\"mail\";s:24:\"birahim.babou@uvs.edu.sn\";s:6:\"profil\";s:1:\"2\";s:11:\"utilisateur\";s:1:\"1\";s:6:\"prenom\";s:7:\"Birahim\";s:3:\"nom\";s:5:\"BABOU\";s:4:\"role\";s:18:\"GMB_ADMINISTRATEUR\";}'),
(1089, 4, 1, 'a:7:{s:9:\"connexion\";b:1;s:4:\"mail\";s:24:\"birahim.babou@uvs.edu.sn\";s:6:\"profil\";s:1:\"2\";s:11:\"utilisateur\";s:1:\"1\";s:6:\"prenom\";s:7:\"Birahim\";s:3:\"nom\";s:5:\"BABOU\";s:4:\"role\";s:18:\"GMB_ADMINISTRATEUR\";}'),
(1090, 4, 1, 'a:7:{s:9:\"connexion\";b:1;s:4:\"mail\";s:24:\"birahim.babou@uvs.edu.sn\";s:6:\"profil\";s:1:\"2\";s:11:\"utilisateur\";s:1:\"1\";s:6:\"prenom\";s:7:\"Birahim\";s:3:\"nom\";s:5:\"BABOU\";s:4:\"role\";s:18:\"GMB_ADMINISTRATEUR\";}'),
(1091, 4, 1, 'a:7:{s:9:\"connexion\";b:1;s:4:\"mail\";s:24:\"birahim.babou@uvs.edu.sn\";s:6:\"profil\";s:1:\"2\";s:11:\"utilisateur\";s:1:\"1\";s:6:\"prenom\";s:7:\"Birahim\";s:3:\"nom\";s:5:\"BABOU\";s:4:\"role\";s:18:\"GMB_ADMINISTRATEUR\";}'),
(1092, 4, 1, 'a:7:{s:9:\"connexion\";b:1;s:4:\"mail\";s:24:\"birahim.babou@uvs.edu.sn\";s:6:\"profil\";s:1:\"2\";s:11:\"utilisateur\";s:1:\"1\";s:6:\"prenom\";s:7:\"Birahim\";s:3:\"nom\";s:5:\"BABOU\";s:4:\"role\";s:18:\"GMB_ADMINISTRATEUR\";}'),
(1093, 4, 1, 'a:7:{s:9:\"connexion\";b:1;s:4:\"mail\";s:24:\"birahim.babou@uvs.edu.sn\";s:6:\"profil\";s:1:\"2\";s:11:\"utilisateur\";s:1:\"1\";s:6:\"prenom\";s:7:\"Birahim\";s:3:\"nom\";s:5:\"BABOU\";s:4:\"role\";s:18:\"GMB_ADMINISTRATEUR\";}'),
(1094, 4, 1, 'a:7:{s:9:\"connexion\";b:1;s:4:\"mail\";s:24:\"birahim.babou@uvs.edu.sn\";s:6:\"profil\";s:1:\"2\";s:11:\"utilisateur\";s:1:\"1\";s:6:\"prenom\";s:7:\"Birahim\";s:3:\"nom\";s:5:\"BABOU\";s:4:\"role\";s:18:\"GMB_ADMINISTRATEUR\";}'),
(1095, 4, 1, 'a:7:{s:9:\"connexion\";b:1;s:4:\"mail\";s:24:\"birahim.babou@uvs.edu.sn\";s:6:\"profil\";s:1:\"2\";s:11:\"utilisateur\";s:1:\"1\";s:6:\"prenom\";s:7:\"Birahim\";s:3:\"nom\";s:5:\"BABOU\";s:4:\"role\";s:18:\"GMB_ADMINISTRATEUR\";}'),
(1096, 4, 1, 'a:7:{s:9:\"connexion\";b:1;s:4:\"mail\";s:24:\"birahim.babou@uvs.edu.sn\";s:6:\"profil\";s:1:\"2\";s:11:\"utilisateur\";s:1:\"1\";s:6:\"prenom\";s:7:\"Birahim\";s:3:\"nom\";s:5:\"BABOU\";s:4:\"role\";s:18:\"GMB_ADMINISTRATEUR\";}'),
(1097, 4, 1, 'a:7:{s:9:\"connexion\";b:1;s:4:\"mail\";s:24:\"birahim.babou@uvs.edu.sn\";s:6:\"profil\";s:1:\"2\";s:11:\"utilisateur\";s:1:\"1\";s:6:\"prenom\";s:7:\"Birahim\";s:3:\"nom\";s:5:\"BABOU\";s:4:\"role\";s:18:\"GMB_ADMINISTRATEUR\";}'),
(1098, 4, 1, 'a:7:{s:9:\"connexion\";b:1;s:4:\"mail\";s:24:\"birahim.babou@uvs.edu.sn\";s:6:\"profil\";s:1:\"2\";s:11:\"utilisateur\";s:1:\"1\";s:6:\"prenom\";s:7:\"Birahim\";s:3:\"nom\";s:5:\"BABOU\";s:4:\"role\";s:18:\"GMB_ADMINISTRATEUR\";}'),
(1099, 4, 1, 'a:7:{s:9:\"connexion\";b:1;s:4:\"mail\";s:24:\"birahim.babou@uvs.edu.sn\";s:6:\"profil\";s:1:\"2\";s:11:\"utilisateur\";s:1:\"1\";s:6:\"prenom\";s:7:\"Birahim\";s:3:\"nom\";s:5:\"BABOU\";s:4:\"role\";s:18:\"GMB_ADMINISTRATEUR\";}'),
(1100, 4, 1, 'a:7:{s:9:\"connexion\";b:1;s:4:\"mail\";s:24:\"birahim.babou@uvs.edu.sn\";s:6:\"profil\";s:1:\"2\";s:11:\"utilisateur\";s:1:\"1\";s:6:\"prenom\";s:7:\"Birahim\";s:3:\"nom\";s:5:\"BABOU\";s:4:\"role\";s:18:\"GMB_ADMINISTRATEUR\";}'),
(1101, 4, 1, 'a:7:{s:9:\"connexion\";b:1;s:4:\"mail\";s:24:\"birahim.babou@uvs.edu.sn\";s:6:\"profil\";s:1:\"2\";s:11:\"utilisateur\";s:1:\"1\";s:6:\"prenom\";s:7:\"Birahim\";s:3:\"nom\";s:5:\"BABOU\";s:4:\"role\";s:18:\"GMB_ADMINISTRATEUR\";}'),
(1102, 4, 1, 'a:7:{s:9:\"connexion\";b:1;s:4:\"mail\";s:24:\"birahim.babou@uvs.edu.sn\";s:6:\"profil\";s:1:\"2\";s:11:\"utilisateur\";s:1:\"1\";s:6:\"prenom\";s:7:\"Birahim\";s:3:\"nom\";s:5:\"BABOU\";s:4:\"role\";s:18:\"GMB_ADMINISTRATEUR\";}'),
(1103, 4, 1, 'a:7:{s:9:\"connexion\";b:1;s:4:\"mail\";s:24:\"birahim.babou@uvs.edu.sn\";s:6:\"profil\";s:1:\"2\";s:11:\"utilisateur\";s:1:\"1\";s:6:\"prenom\";s:7:\"Birahim\";s:3:\"nom\";s:5:\"BABOU\";s:4:\"role\";s:18:\"GMB_ADMINISTRATEUR\";}'),
(1104, 4, 1, 'a:7:{s:9:\"connexion\";b:1;s:4:\"mail\";s:24:\"birahim.babou@uvs.edu.sn\";s:6:\"profil\";s:1:\"2\";s:11:\"utilisateur\";s:1:\"1\";s:6:\"prenom\";s:7:\"Birahim\";s:3:\"nom\";s:5:\"BABOU\";s:4:\"role\";s:18:\"GMB_ADMINISTRATEUR\";}'),
(1105, 4, 1, 'a:7:{s:9:\"connexion\";b:1;s:4:\"mail\";s:24:\"birahim.babou@uvs.edu.sn\";s:6:\"profil\";s:1:\"2\";s:11:\"utilisateur\";s:1:\"1\";s:6:\"prenom\";s:7:\"Birahim\";s:3:\"nom\";s:5:\"BABOU\";s:4:\"role\";s:18:\"GMB_ADMINISTRATEUR\";}'),
(1106, 4, 1, 'a:7:{s:9:\"connexion\";b:1;s:4:\"mail\";s:24:\"birahim.babou@uvs.edu.sn\";s:6:\"profil\";s:1:\"2\";s:11:\"utilisateur\";s:1:\"1\";s:6:\"prenom\";s:7:\"Birahim\";s:3:\"nom\";s:5:\"BABOU\";s:4:\"role\";s:18:\"GMB_ADMINISTRATEUR\";}'),
(1107, 4, 1, 'a:7:{s:9:\"connexion\";b:1;s:4:\"mail\";s:24:\"birahim.babou@uvs.edu.sn\";s:6:\"profil\";s:1:\"2\";s:11:\"utilisateur\";s:1:\"1\";s:6:\"prenom\";s:7:\"Birahim\";s:3:\"nom\";s:5:\"BABOU\";s:4:\"role\";s:18:\"GMB_ADMINISTRATEUR\";}'),
(1108, 4, 1, 'a:7:{s:9:\"connexion\";b:1;s:4:\"mail\";s:24:\"birahim.babou@uvs.edu.sn\";s:6:\"profil\";s:1:\"2\";s:11:\"utilisateur\";s:1:\"1\";s:6:\"prenom\";s:7:\"Birahim\";s:3:\"nom\";s:5:\"BABOU\";s:4:\"role\";s:18:\"GMB_ADMINISTRATEUR\";}'),
(1109, 4, 1, 'a:7:{s:9:\"connexion\";b:1;s:4:\"mail\";s:24:\"birahim.babou@uvs.edu.sn\";s:6:\"profil\";s:1:\"2\";s:11:\"utilisateur\";s:1:\"1\";s:6:\"prenom\";s:7:\"Birahim\";s:3:\"nom\";s:5:\"BABOU\";s:4:\"role\";s:18:\"GMB_ADMINISTRATEUR\";}'),
(1110, 4, 1, 'a:7:{s:9:\"connexion\";b:1;s:4:\"mail\";s:24:\"birahim.babou@uvs.edu.sn\";s:6:\"profil\";s:1:\"2\";s:11:\"utilisateur\";s:1:\"1\";s:6:\"prenom\";s:7:\"Birahim\";s:3:\"nom\";s:5:\"BABOU\";s:4:\"role\";s:18:\"GMB_ADMINISTRATEUR\";}'),
(1111, 4, 1, 'a:7:{s:9:\"connexion\";b:1;s:4:\"mail\";s:24:\"birahim.babou@uvs.edu.sn\";s:6:\"profil\";s:1:\"2\";s:11:\"utilisateur\";s:1:\"1\";s:6:\"prenom\";s:7:\"Birahim\";s:3:\"nom\";s:5:\"BABOU\";s:4:\"role\";s:18:\"GMB_ADMINISTRATEUR\";}'),
(1112, 4, 1, 'a:7:{s:9:\"connexion\";b:1;s:4:\"mail\";s:24:\"birahim.babou@uvs.edu.sn\";s:6:\"profil\";s:1:\"2\";s:11:\"utilisateur\";s:1:\"1\";s:6:\"prenom\";s:7:\"Birahim\";s:3:\"nom\";s:5:\"BABOU\";s:4:\"role\";s:18:\"GMB_ADMINISTRATEUR\";}'),
(1113, 4, 1, 'a:7:{s:9:\"connexion\";b:1;s:4:\"mail\";s:24:\"birahim.babou@uvs.edu.sn\";s:6:\"profil\";s:1:\"2\";s:11:\"utilisateur\";s:1:\"1\";s:6:\"prenom\";s:7:\"Birahim\";s:3:\"nom\";s:5:\"BABOU\";s:4:\"role\";s:18:\"GMB_ADMINISTRATEUR\";}'),
(1114, 4, 1, 'a:7:{s:9:\"connexion\";b:1;s:4:\"mail\";s:24:\"birahim.babou@uvs.edu.sn\";s:6:\"profil\";s:1:\"2\";s:11:\"utilisateur\";s:1:\"1\";s:6:\"prenom\";s:7:\"Birahim\";s:3:\"nom\";s:5:\"BABOU\";s:4:\"role\";s:18:\"GMB_ADMINISTRATEUR\";}'),
(1115, 4, 1, 'a:7:{s:9:\"connexion\";b:1;s:4:\"mail\";s:24:\"birahim.babou@uvs.edu.sn\";s:6:\"profil\";s:1:\"2\";s:11:\"utilisateur\";s:1:\"1\";s:6:\"prenom\";s:7:\"Birahim\";s:3:\"nom\";s:5:\"BABOU\";s:4:\"role\";s:18:\"GMB_ADMINISTRATEUR\";}'),
(1116, 4, 1, 'a:7:{s:9:\"connexion\";b:1;s:4:\"mail\";s:24:\"birahim.babou@uvs.edu.sn\";s:6:\"profil\";s:1:\"2\";s:11:\"utilisateur\";s:1:\"1\";s:6:\"prenom\";s:7:\"Birahim\";s:3:\"nom\";s:5:\"BABOU\";s:4:\"role\";s:18:\"GMB_ADMINISTRATEUR\";}'),
(1117, 4, 1, 'a:7:{s:9:\"connexion\";b:1;s:4:\"mail\";s:24:\"birahim.babou@uvs.edu.sn\";s:6:\"profil\";s:1:\"2\";s:11:\"utilisateur\";s:1:\"1\";s:6:\"prenom\";s:7:\"Birahim\";s:3:\"nom\";s:5:\"BABOU\";s:4:\"role\";s:18:\"GMB_ADMINISTRATEUR\";}'),
(1118, 4, 1, 'a:7:{s:9:\"connexion\";b:1;s:4:\"mail\";s:24:\"birahim.babou@uvs.edu.sn\";s:6:\"profil\";s:1:\"2\";s:11:\"utilisateur\";s:1:\"1\";s:6:\"prenom\";s:7:\"Birahim\";s:3:\"nom\";s:5:\"BABOU\";s:4:\"role\";s:18:\"GMB_ADMINISTRATEUR\";}'),
(1119, 4, 1, 'a:7:{s:9:\"connexion\";b:1;s:4:\"mail\";s:24:\"birahim.babou@uvs.edu.sn\";s:6:\"profil\";s:1:\"2\";s:11:\"utilisateur\";s:1:\"1\";s:6:\"prenom\";s:7:\"Birahim\";s:3:\"nom\";s:5:\"BABOU\";s:4:\"role\";s:18:\"GMB_ADMINISTRATEUR\";}'),
(1120, 4, 1, 'a:7:{s:9:\"connexion\";b:1;s:4:\"mail\";s:24:\"birahim.babou@uvs.edu.sn\";s:6:\"profil\";s:1:\"2\";s:11:\"utilisateur\";s:1:\"1\";s:6:\"prenom\";s:7:\"Birahim\";s:3:\"nom\";s:5:\"BABOU\";s:4:\"role\";s:18:\"GMB_ADMINISTRATEUR\";}'),
(1121, 4, 1, 'a:7:{s:9:\"connexion\";b:1;s:4:\"mail\";s:24:\"birahim.babou@uvs.edu.sn\";s:6:\"profil\";s:1:\"2\";s:11:\"utilisateur\";s:1:\"1\";s:6:\"prenom\";s:7:\"Birahim\";s:3:\"nom\";s:5:\"BABOU\";s:4:\"role\";s:18:\"GMB_ADMINISTRATEUR\";}'),
(1122, 4, 1, 'a:7:{s:9:\"connexion\";b:1;s:4:\"mail\";s:24:\"birahim.babou@uvs.edu.sn\";s:6:\"profil\";s:1:\"2\";s:11:\"utilisateur\";s:1:\"1\";s:6:\"prenom\";s:7:\"Birahim\";s:3:\"nom\";s:5:\"BABOU\";s:4:\"role\";s:18:\"GMB_ADMINISTRATEUR\";}'),
(1123, 4, 1, 'a:7:{s:9:\"connexion\";b:1;s:4:\"mail\";s:24:\"birahim.babou@uvs.edu.sn\";s:6:\"profil\";s:1:\"2\";s:11:\"utilisateur\";s:1:\"1\";s:6:\"prenom\";s:7:\"Birahim\";s:3:\"nom\";s:5:\"BABOU\";s:4:\"role\";s:18:\"GMB_ADMINISTRATEUR\";}'),
(1124, 4, 1, 'a:7:{s:9:\"connexion\";b:1;s:4:\"mail\";s:24:\"birahim.babou@uvs.edu.sn\";s:6:\"profil\";s:1:\"2\";s:11:\"utilisateur\";s:1:\"1\";s:6:\"prenom\";s:7:\"Birahim\";s:3:\"nom\";s:5:\"BABOU\";s:4:\"role\";s:18:\"GMB_ADMINISTRATEUR\";}'),
(1125, 4, 1, 'a:7:{s:9:\"connexion\";b:1;s:4:\"mail\";s:24:\"birahim.babou@uvs.edu.sn\";s:6:\"profil\";s:1:\"2\";s:11:\"utilisateur\";s:1:\"1\";s:6:\"prenom\";s:7:\"Birahim\";s:3:\"nom\";s:5:\"BABOU\";s:4:\"role\";s:18:\"GMB_ADMINISTRATEUR\";}'),
(1126, 4, 1, 'a:7:{s:9:\"connexion\";b:1;s:4:\"mail\";s:24:\"birahim.babou@uvs.edu.sn\";s:6:\"profil\";s:1:\"2\";s:11:\"utilisateur\";s:1:\"1\";s:6:\"prenom\";s:7:\"Birahim\";s:3:\"nom\";s:5:\"BABOU\";s:4:\"role\";s:18:\"GMB_ADMINISTRATEUR\";}'),
(1127, 4, 1, 'a:7:{s:9:\"connexion\";b:1;s:4:\"mail\";s:24:\"birahim.babou@uvs.edu.sn\";s:6:\"profil\";s:1:\"2\";s:11:\"utilisateur\";s:1:\"1\";s:6:\"prenom\";s:7:\"Birahim\";s:3:\"nom\";s:5:\"BABOU\";s:4:\"role\";s:18:\"GMB_ADMINISTRATEUR\";}'),
(1128, 4, 1, 'a:7:{s:9:\"connexion\";b:1;s:4:\"mail\";s:24:\"birahim.babou@uvs.edu.sn\";s:6:\"profil\";s:1:\"2\";s:11:\"utilisateur\";s:1:\"1\";s:6:\"prenom\";s:7:\"Birahim\";s:3:\"nom\";s:5:\"BABOU\";s:4:\"role\";s:18:\"GMB_ADMINISTRATEUR\";}'),
(1129, 4, 1, 'a:7:{s:9:\"connexion\";b:1;s:4:\"mail\";s:24:\"birahim.babou@uvs.edu.sn\";s:6:\"profil\";s:1:\"2\";s:11:\"utilisateur\";s:1:\"1\";s:6:\"prenom\";s:7:\"Birahim\";s:3:\"nom\";s:5:\"BABOU\";s:4:\"role\";s:18:\"GMB_ADMINISTRATEUR\";}'),
(1130, 4, 1, 'a:7:{s:9:\"connexion\";b:1;s:4:\"mail\";s:24:\"birahim.babou@uvs.edu.sn\";s:6:\"profil\";s:1:\"2\";s:11:\"utilisateur\";s:1:\"1\";s:6:\"prenom\";s:7:\"Birahim\";s:3:\"nom\";s:5:\"BABOU\";s:4:\"role\";s:18:\"GMB_ADMINISTRATEUR\";}'),
(1131, 4, 1, 'a:7:{s:9:\"connexion\";b:1;s:4:\"mail\";s:24:\"birahim.babou@uvs.edu.sn\";s:6:\"profil\";s:1:\"2\";s:11:\"utilisateur\";s:1:\"1\";s:6:\"prenom\";s:7:\"Birahim\";s:3:\"nom\";s:5:\"BABOU\";s:4:\"role\";s:18:\"GMB_ADMINISTRATEUR\";}'),
(1132, 4, 1, 'a:7:{s:9:\"connexion\";b:1;s:4:\"mail\";s:24:\"birahim.babou@uvs.edu.sn\";s:6:\"profil\";s:1:\"2\";s:11:\"utilisateur\";s:1:\"1\";s:6:\"prenom\";s:7:\"Birahim\";s:3:\"nom\";s:5:\"BABOU\";s:4:\"role\";s:18:\"GMB_ADMINISTRATEUR\";}'),
(1133, 4, 1, 'a:7:{s:9:\"connexion\";b:1;s:4:\"mail\";s:24:\"birahim.babou@uvs.edu.sn\";s:6:\"profil\";s:1:\"2\";s:11:\"utilisateur\";s:1:\"1\";s:6:\"prenom\";s:7:\"Birahim\";s:3:\"nom\";s:5:\"BABOU\";s:4:\"role\";s:18:\"GMB_ADMINISTRATEUR\";}'),
(1134, 4, 1, 'a:7:{s:9:\"connexion\";b:1;s:4:\"mail\";s:24:\"birahim.babou@uvs.edu.sn\";s:6:\"profil\";s:1:\"2\";s:11:\"utilisateur\";s:1:\"1\";s:6:\"prenom\";s:7:\"Birahim\";s:3:\"nom\";s:5:\"BABOU\";s:4:\"role\";s:18:\"GMB_ADMINISTRATEUR\";}'),
(1135, 4, 1, 'a:7:{s:9:\"connexion\";b:1;s:4:\"mail\";s:24:\"birahim.babou@uvs.edu.sn\";s:6:\"profil\";s:1:\"2\";s:11:\"utilisateur\";s:1:\"1\";s:6:\"prenom\";s:7:\"Birahim\";s:3:\"nom\";s:5:\"BABOU\";s:4:\"role\";s:18:\"GMB_ADMINISTRATEUR\";}'),
(1136, 4, 1, 'a:7:{s:9:\"connexion\";b:1;s:4:\"mail\";s:24:\"birahim.babou@uvs.edu.sn\";s:6:\"profil\";s:1:\"2\";s:11:\"utilisateur\";s:1:\"1\";s:6:\"prenom\";s:7:\"Birahim\";s:3:\"nom\";s:5:\"BABOU\";s:4:\"role\";s:18:\"GMB_ADMINISTRATEUR\";}'),
(1137, 4, 1, 'a:7:{s:9:\"connexion\";b:1;s:4:\"mail\";s:24:\"birahim.babou@uvs.edu.sn\";s:6:\"profil\";s:1:\"2\";s:11:\"utilisateur\";s:1:\"1\";s:6:\"prenom\";s:7:\"Birahim\";s:3:\"nom\";s:5:\"BABOU\";s:4:\"role\";s:18:\"GMB_ADMINISTRATEUR\";}'),
(1138, 4, 1, 'a:7:{s:9:\"connexion\";b:1;s:4:\"mail\";s:24:\"birahim.babou@uvs.edu.sn\";s:6:\"profil\";s:1:\"2\";s:11:\"utilisateur\";s:1:\"1\";s:6:\"prenom\";s:7:\"Birahim\";s:3:\"nom\";s:5:\"BABOU\";s:4:\"role\";s:18:\"GMB_ADMINISTRATEUR\";}'),
(1139, 4, 1, 'a:7:{s:9:\"connexion\";b:1;s:4:\"mail\";s:24:\"birahim.babou@uvs.edu.sn\";s:6:\"profil\";s:1:\"2\";s:11:\"utilisateur\";s:1:\"1\";s:6:\"prenom\";s:7:\"Birahim\";s:3:\"nom\";s:5:\"BABOU\";s:4:\"role\";s:18:\"GMB_ADMINISTRATEUR\";}'),
(1140, 4, 1, 'a:7:{s:9:\"connexion\";b:1;s:4:\"mail\";s:24:\"birahim.babou@uvs.edu.sn\";s:6:\"profil\";s:1:\"2\";s:11:\"utilisateur\";s:1:\"1\";s:6:\"prenom\";s:7:\"Birahim\";s:3:\"nom\";s:5:\"BABOU\";s:4:\"role\";s:18:\"GMB_ADMINISTRATEUR\";}'),
(1141, 4, 1, 'a:7:{s:9:\"connexion\";b:1;s:4:\"mail\";s:24:\"birahim.babou@uvs.edu.sn\";s:6:\"profil\";s:1:\"2\";s:11:\"utilisateur\";s:1:\"1\";s:6:\"prenom\";s:7:\"Birahim\";s:3:\"nom\";s:5:\"BABOU\";s:4:\"role\";s:18:\"GMB_ADMINISTRATEUR\";}'),
(1142, 4, 1, 'a:7:{s:9:\"connexion\";b:1;s:4:\"mail\";s:24:\"birahim.babou@uvs.edu.sn\";s:6:\"profil\";s:1:\"2\";s:11:\"utilisateur\";s:1:\"1\";s:6:\"prenom\";s:7:\"Birahim\";s:3:\"nom\";s:5:\"BABOU\";s:4:\"role\";s:18:\"GMB_ADMINISTRATEUR\";}'),
(1143, 4, 1, 'a:7:{s:9:\"connexion\";b:1;s:4:\"mail\";s:24:\"birahim.babou@uvs.edu.sn\";s:6:\"profil\";s:1:\"2\";s:11:\"utilisateur\";s:1:\"1\";s:6:\"prenom\";s:7:\"Birahim\";s:3:\"nom\";s:5:\"BABOU\";s:4:\"role\";s:18:\"GMB_ADMINISTRATEUR\";}'),
(1144, 4, 1, 'a:7:{s:9:\"connexion\";b:1;s:4:\"mail\";s:24:\"birahim.babou@uvs.edu.sn\";s:6:\"profil\";s:1:\"2\";s:11:\"utilisateur\";s:1:\"1\";s:6:\"prenom\";s:7:\"Birahim\";s:3:\"nom\";s:5:\"BABOU\";s:4:\"role\";s:18:\"GMB_ADMINISTRATEUR\";}'),
(1145, 4, 1, 'a:7:{s:9:\"connexion\";b:1;s:4:\"mail\";s:24:\"birahim.babou@uvs.edu.sn\";s:6:\"profil\";s:1:\"2\";s:11:\"utilisateur\";s:1:\"1\";s:6:\"prenom\";s:7:\"Birahim\";s:3:\"nom\";s:5:\"BABOU\";s:4:\"role\";s:18:\"GMB_ADMINISTRATEUR\";}'),
(1146, 4, 1, 'a:7:{s:9:\"connexion\";b:1;s:4:\"mail\";s:24:\"birahim.babou@uvs.edu.sn\";s:6:\"profil\";s:1:\"2\";s:11:\"utilisateur\";s:1:\"1\";s:6:\"prenom\";s:7:\"Birahim\";s:3:\"nom\";s:5:\"BABOU\";s:4:\"role\";s:18:\"GMB_ADMINISTRATEUR\";}'),
(1147, 4, 1, 'a:7:{s:9:\"connexion\";b:1;s:4:\"mail\";s:24:\"birahim.babou@uvs.edu.sn\";s:6:\"profil\";s:1:\"2\";s:11:\"utilisateur\";s:1:\"1\";s:6:\"prenom\";s:7:\"Birahim\";s:3:\"nom\";s:5:\"BABOU\";s:4:\"role\";s:18:\"GMB_ADMINISTRATEUR\";}'),
(1148, 4, 1, 'a:7:{s:9:\"connexion\";b:1;s:4:\"mail\";s:24:\"birahim.babou@uvs.edu.sn\";s:6:\"profil\";s:1:\"2\";s:11:\"utilisateur\";s:1:\"1\";s:6:\"prenom\";s:7:\"Birahim\";s:3:\"nom\";s:5:\"BABOU\";s:4:\"role\";s:18:\"GMB_ADMINISTRATEUR\";}'),
(1149, 4, 1, 'a:7:{s:9:\"connexion\";b:1;s:4:\"mail\";s:24:\"birahim.babou@uvs.edu.sn\";s:6:\"profil\";s:1:\"2\";s:11:\"utilisateur\";s:1:\"1\";s:6:\"prenom\";s:7:\"Birahim\";s:3:\"nom\";s:5:\"BABOU\";s:4:\"role\";s:18:\"GMB_ADMINISTRATEUR\";}'),
(1150, 4, 1, 'a:7:{s:9:\"connexion\";b:1;s:4:\"mail\";s:24:\"birahim.babou@uvs.edu.sn\";s:6:\"profil\";s:1:\"2\";s:11:\"utilisateur\";s:1:\"1\";s:6:\"prenom\";s:7:\"Birahim\";s:3:\"nom\";s:5:\"BABOU\";s:4:\"role\";s:18:\"GMB_ADMINISTRATEUR\";}'),
(1151, 4, 1, 'a:7:{s:9:\"connexion\";b:1;s:4:\"mail\";s:24:\"birahim.babou@uvs.edu.sn\";s:6:\"profil\";s:1:\"2\";s:11:\"utilisateur\";s:1:\"1\";s:6:\"prenom\";s:7:\"Birahim\";s:3:\"nom\";s:5:\"BABOU\";s:4:\"role\";s:18:\"GMB_ADMINISTRATEUR\";}'),
(1152, 4, 1, 'a:7:{s:9:\"connexion\";b:1;s:4:\"mail\";s:24:\"birahim.babou@uvs.edu.sn\";s:6:\"profil\";s:1:\"2\";s:11:\"utilisateur\";s:1:\"1\";s:6:\"prenom\";s:7:\"Birahim\";s:3:\"nom\";s:5:\"BABOU\";s:4:\"role\";s:18:\"GMB_ADMINISTRATEUR\";}'),
(1153, 4, 1, 'a:7:{s:9:\"connexion\";b:1;s:4:\"mail\";s:24:\"birahim.babou@uvs.edu.sn\";s:6:\"profil\";s:1:\"2\";s:11:\"utilisateur\";s:1:\"1\";s:6:\"prenom\";s:7:\"Birahim\";s:3:\"nom\";s:5:\"BABOU\";s:4:\"role\";s:18:\"GMB_ADMINISTRATEUR\";}'),
(1154, 4, 1, 'a:7:{s:9:\"connexion\";b:1;s:4:\"mail\";s:24:\"birahim.babou@uvs.edu.sn\";s:6:\"profil\";s:1:\"2\";s:11:\"utilisateur\";s:1:\"1\";s:6:\"prenom\";s:7:\"Birahim\";s:3:\"nom\";s:5:\"BABOU\";s:4:\"role\";s:18:\"GMB_ADMINISTRATEUR\";}'),
(1155, 4, 1, 'a:7:{s:9:\"connexion\";b:1;s:4:\"mail\";s:24:\"birahim.babou@uvs.edu.sn\";s:6:\"profil\";s:1:\"2\";s:11:\"utilisateur\";s:1:\"1\";s:6:\"prenom\";s:7:\"Birahim\";s:3:\"nom\";s:5:\"BABOU\";s:4:\"role\";s:18:\"GMB_ADMINISTRATEUR\";}'),
(1156, 4, 1, 'a:7:{s:9:\"connexion\";b:1;s:4:\"mail\";s:24:\"birahim.babou@uvs.edu.sn\";s:6:\"profil\";s:1:\"2\";s:11:\"utilisateur\";s:1:\"1\";s:6:\"prenom\";s:7:\"Birahim\";s:3:\"nom\";s:5:\"BABOU\";s:4:\"role\";s:18:\"GMB_ADMINISTRATEUR\";}'),
(1157, 4, 1, 'a:7:{s:9:\"connexion\";b:1;s:4:\"mail\";s:24:\"birahim.babou@uvs.edu.sn\";s:6:\"profil\";s:1:\"2\";s:11:\"utilisateur\";s:1:\"1\";s:6:\"prenom\";s:7:\"Birahim\";s:3:\"nom\";s:5:\"BABOU\";s:4:\"role\";s:18:\"GMB_ADMINISTRATEUR\";}'),
(1158, 4, 1, 'a:7:{s:9:\"connexion\";b:1;s:4:\"mail\";s:24:\"birahim.babou@uvs.edu.sn\";s:6:\"profil\";s:1:\"2\";s:11:\"utilisateur\";s:1:\"1\";s:6:\"prenom\";s:7:\"Birahim\";s:3:\"nom\";s:5:\"BABOU\";s:4:\"role\";s:18:\"GMB_ADMINISTRATEUR\";}'),
(1159, 4, 1, 'a:7:{s:9:\"connexion\";b:1;s:4:\"mail\";s:24:\"birahim.babou@uvs.edu.sn\";s:6:\"profil\";s:1:\"2\";s:11:\"utilisateur\";s:1:\"1\";s:6:\"prenom\";s:7:\"Birahim\";s:3:\"nom\";s:5:\"BABOU\";s:4:\"role\";s:18:\"GMB_ADMINISTRATEUR\";}'),
(1160, 4, 1, 'a:7:{s:9:\"connexion\";b:1;s:4:\"mail\";s:24:\"birahim.babou@uvs.edu.sn\";s:6:\"profil\";s:1:\"2\";s:11:\"utilisateur\";s:1:\"1\";s:6:\"prenom\";s:7:\"Birahim\";s:3:\"nom\";s:5:\"BABOU\";s:4:\"role\";s:18:\"GMB_ADMINISTRATEUR\";}'),
(1161, 4, 1, 'a:7:{s:9:\"connexion\";b:1;s:4:\"mail\";s:24:\"birahim.babou@uvs.edu.sn\";s:6:\"profil\";s:1:\"2\";s:11:\"utilisateur\";s:1:\"1\";s:6:\"prenom\";s:7:\"Birahim\";s:3:\"nom\";s:5:\"BABOU\";s:4:\"role\";s:18:\"GMB_ADMINISTRATEUR\";}'),
(1162, 4, 1, 'a:7:{s:9:\"connexion\";b:1;s:4:\"mail\";s:24:\"birahim.babou@uvs.edu.sn\";s:6:\"profil\";s:1:\"2\";s:11:\"utilisateur\";s:1:\"1\";s:6:\"prenom\";s:7:\"Birahim\";s:3:\"nom\";s:5:\"BABOU\";s:4:\"role\";s:18:\"GMB_ADMINISTRATEUR\";}'),
(1163, 4, 1, 'a:7:{s:9:\"connexion\";b:1;s:4:\"mail\";s:24:\"birahim.babou@uvs.edu.sn\";s:6:\"profil\";s:1:\"2\";s:11:\"utilisateur\";s:1:\"1\";s:6:\"prenom\";s:7:\"Birahim\";s:3:\"nom\";s:5:\"BABOU\";s:4:\"role\";s:18:\"GMB_ADMINISTRATEUR\";}'),
(1164, 4, 1, 'a:7:{s:9:\"connexion\";b:1;s:4:\"mail\";s:24:\"birahim.babou@uvs.edu.sn\";s:6:\"profil\";s:1:\"2\";s:11:\"utilisateur\";s:1:\"1\";s:6:\"prenom\";s:7:\"Birahim\";s:3:\"nom\";s:5:\"BABOU\";s:4:\"role\";s:18:\"GMB_ADMINISTRATEUR\";}'),
(1165, 4, 1, 'a:7:{s:9:\"connexion\";b:1;s:4:\"mail\";s:24:\"birahim.babou@uvs.edu.sn\";s:6:\"profil\";s:1:\"2\";s:11:\"utilisateur\";s:1:\"1\";s:6:\"prenom\";s:7:\"Birahim\";s:3:\"nom\";s:5:\"BABOU\";s:4:\"role\";s:18:\"GMB_ADMINISTRATEUR\";}'),
(1166, 4, 1, 'a:7:{s:9:\"connexion\";b:1;s:4:\"mail\";s:24:\"birahim.babou@uvs.edu.sn\";s:6:\"profil\";s:1:\"2\";s:11:\"utilisateur\";s:1:\"1\";s:6:\"prenom\";s:7:\"Birahim\";s:3:\"nom\";s:5:\"BABOU\";s:4:\"role\";s:18:\"GMB_ADMINISTRATEUR\";}'),
(1167, 4, 1, 'a:7:{s:9:\"connexion\";b:1;s:4:\"mail\";s:24:\"birahim.babou@uvs.edu.sn\";s:6:\"profil\";s:1:\"2\";s:11:\"utilisateur\";s:1:\"1\";s:6:\"prenom\";s:7:\"Birahim\";s:3:\"nom\";s:5:\"BABOU\";s:4:\"role\";s:18:\"GMB_ADMINISTRATEUR\";}'),
(1168, 4, 1, 'a:7:{s:9:\"connexion\";b:1;s:4:\"mail\";s:24:\"birahim.babou@uvs.edu.sn\";s:6:\"profil\";s:1:\"2\";s:11:\"utilisateur\";s:1:\"1\";s:6:\"prenom\";s:7:\"Birahim\";s:3:\"nom\";s:5:\"BABOU\";s:4:\"role\";s:18:\"GMB_ADMINISTRATEUR\";}'),
(1169, 4, 1, 'a:7:{s:9:\"connexion\";b:1;s:4:\"mail\";s:24:\"birahim.babou@uvs.edu.sn\";s:6:\"profil\";s:1:\"2\";s:11:\"utilisateur\";s:1:\"1\";s:6:\"prenom\";s:7:\"Birahim\";s:3:\"nom\";s:5:\"BABOU\";s:4:\"role\";s:18:\"GMB_ADMINISTRATEUR\";}'),
(1170, 4, 1, 'a:7:{s:9:\"connexion\";b:1;s:4:\"mail\";s:24:\"birahim.babou@uvs.edu.sn\";s:6:\"profil\";s:1:\"2\";s:11:\"utilisateur\";s:1:\"1\";s:6:\"prenom\";s:7:\"Birahim\";s:3:\"nom\";s:5:\"BABOU\";s:4:\"role\";s:18:\"GMB_ADMINISTRATEUR\";}'),
(1171, 4, 1, 'a:7:{s:9:\"connexion\";b:1;s:4:\"mail\";s:24:\"birahim.babou@uvs.edu.sn\";s:6:\"profil\";s:1:\"2\";s:11:\"utilisateur\";s:1:\"1\";s:6:\"prenom\";s:7:\"Birahim\";s:3:\"nom\";s:5:\"BABOU\";s:4:\"role\";s:18:\"GMB_ADMINISTRATEUR\";}'),
(1172, 4, 1, 'a:7:{s:9:\"connexion\";b:1;s:4:\"mail\";s:24:\"birahim.babou@uvs.edu.sn\";s:6:\"profil\";s:1:\"2\";s:11:\"utilisateur\";s:1:\"1\";s:6:\"prenom\";s:7:\"Birahim\";s:3:\"nom\";s:5:\"BABOU\";s:4:\"role\";s:18:\"GMB_ADMINISTRATEUR\";}'),
(1173, 4, 1, 'a:7:{s:9:\"connexion\";b:1;s:4:\"mail\";s:24:\"birahim.babou@uvs.edu.sn\";s:6:\"profil\";s:1:\"2\";s:11:\"utilisateur\";s:1:\"1\";s:6:\"prenom\";s:7:\"Birahim\";s:3:\"nom\";s:5:\"BABOU\";s:4:\"role\";s:18:\"GMB_ADMINISTRATEUR\";}'),
(1174, 4, 1, 'a:7:{s:9:\"connexion\";b:1;s:4:\"mail\";s:24:\"birahim.babou@uvs.edu.sn\";s:6:\"profil\";s:1:\"2\";s:11:\"utilisateur\";s:1:\"1\";s:6:\"prenom\";s:7:\"Birahim\";s:3:\"nom\";s:5:\"BABOU\";s:4:\"role\";s:18:\"GMB_ADMINISTRATEUR\";}'),
(1175, 4, 1, 'a:7:{s:9:\"connexion\";b:1;s:4:\"mail\";s:24:\"birahim.babou@uvs.edu.sn\";s:6:\"profil\";s:1:\"2\";s:11:\"utilisateur\";s:1:\"1\";s:6:\"prenom\";s:7:\"Birahim\";s:3:\"nom\";s:5:\"BABOU\";s:4:\"role\";s:18:\"GMB_ADMINISTRATEUR\";}'),
(1176, 4, 1, 'a:7:{s:9:\"connexion\";b:1;s:4:\"mail\";s:24:\"birahim.babou@uvs.edu.sn\";s:6:\"profil\";s:1:\"2\";s:11:\"utilisateur\";s:1:\"1\";s:6:\"prenom\";s:7:\"Birahim\";s:3:\"nom\";s:5:\"BABOU\";s:4:\"role\";s:18:\"GMB_ADMINISTRATEUR\";}'),
(1177, 4, 1, 'a:7:{s:9:\"connexion\";b:1;s:4:\"mail\";s:24:\"birahim.babou@uvs.edu.sn\";s:6:\"profil\";s:1:\"2\";s:11:\"utilisateur\";s:1:\"1\";s:6:\"prenom\";s:7:\"Birahim\";s:3:\"nom\";s:5:\"BABOU\";s:4:\"role\";s:18:\"GMB_ADMINISTRATEUR\";}'),
(1178, 4, 1, 'a:7:{s:9:\"connexion\";b:1;s:4:\"mail\";s:24:\"birahim.babou@uvs.edu.sn\";s:6:\"profil\";s:1:\"2\";s:11:\"utilisateur\";s:1:\"1\";s:6:\"prenom\";s:7:\"Birahim\";s:3:\"nom\";s:5:\"BABOU\";s:4:\"role\";s:18:\"GMB_ADMINISTRATEUR\";}'),
(1179, 4, 1, 'a:7:{s:9:\"connexion\";b:1;s:4:\"mail\";s:24:\"birahim.babou@uvs.edu.sn\";s:6:\"profil\";s:1:\"2\";s:11:\"utilisateur\";s:1:\"1\";s:6:\"prenom\";s:7:\"Birahim\";s:3:\"nom\";s:5:\"BABOU\";s:4:\"role\";s:18:\"GMB_ADMINISTRATEUR\";}'),
(1180, 4, 1, 'a:7:{s:9:\"connexion\";b:1;s:4:\"mail\";s:24:\"birahim.babou@uvs.edu.sn\";s:6:\"profil\";s:1:\"2\";s:11:\"utilisateur\";s:1:\"1\";s:6:\"prenom\";s:7:\"Birahim\";s:3:\"nom\";s:5:\"BABOU\";s:4:\"role\";s:18:\"GMB_ADMINISTRATEUR\";}'),
(1181, 4, 1, 'a:7:{s:9:\"connexion\";b:1;s:4:\"mail\";s:24:\"birahim.babou@uvs.edu.sn\";s:6:\"profil\";s:1:\"2\";s:11:\"utilisateur\";s:1:\"1\";s:6:\"prenom\";s:7:\"Birahim\";s:3:\"nom\";s:5:\"BABOU\";s:4:\"role\";s:18:\"GMB_ADMINISTRATEUR\";}'),
(1182, 4, 1, 'a:7:{s:9:\"connexion\";b:1;s:4:\"mail\";s:24:\"birahim.babou@uvs.edu.sn\";s:6:\"profil\";s:1:\"2\";s:11:\"utilisateur\";s:1:\"1\";s:6:\"prenom\";s:7:\"Birahim\";s:3:\"nom\";s:5:\"BABOU\";s:4:\"role\";s:18:\"GMB_ADMINISTRATEUR\";}'),
(1183, 4, 1, 'a:7:{s:9:\"connexion\";b:1;s:4:\"mail\";s:24:\"birahim.babou@uvs.edu.sn\";s:6:\"profil\";s:1:\"2\";s:11:\"utilisateur\";s:1:\"1\";s:6:\"prenom\";s:7:\"Birahim\";s:3:\"nom\";s:5:\"BABOU\";s:4:\"role\";s:18:\"GMB_ADMINISTRATEUR\";}'),
(1184, 4, 1, 'a:7:{s:9:\"connexion\";b:1;s:4:\"mail\";s:24:\"birahim.babou@uvs.edu.sn\";s:6:\"profil\";s:1:\"2\";s:11:\"utilisateur\";s:1:\"1\";s:6:\"prenom\";s:7:\"Birahim\";s:3:\"nom\";s:5:\"BABOU\";s:4:\"role\";s:18:\"GMB_ADMINISTRATEUR\";}'),
(1185, 4, 1, 'a:7:{s:9:\"connexion\";b:1;s:4:\"mail\";s:24:\"birahim.babou@uvs.edu.sn\";s:6:\"profil\";s:1:\"2\";s:11:\"utilisateur\";s:1:\"1\";s:6:\"prenom\";s:7:\"Birahim\";s:3:\"nom\";s:5:\"BABOU\";s:4:\"role\";s:18:\"GMB_ADMINISTRATEUR\";}'),
(1186, 4, 1, 'a:7:{s:9:\"connexion\";b:1;s:4:\"mail\";s:24:\"birahim.babou@uvs.edu.sn\";s:6:\"profil\";s:1:\"2\";s:11:\"utilisateur\";s:1:\"1\";s:6:\"prenom\";s:7:\"Birahim\";s:3:\"nom\";s:5:\"BABOU\";s:4:\"role\";s:18:\"GMB_ADMINISTRATEUR\";}'),
(1187, 4, 1, 'a:7:{s:9:\"connexion\";b:1;s:4:\"mail\";s:24:\"birahim.babou@uvs.edu.sn\";s:6:\"profil\";s:1:\"2\";s:11:\"utilisateur\";s:1:\"1\";s:6:\"prenom\";s:7:\"Birahim\";s:3:\"nom\";s:5:\"BABOU\";s:4:\"role\";s:18:\"GMB_ADMINISTRATEUR\";}'),
(1188, 4, 1, 'a:7:{s:9:\"connexion\";b:1;s:4:\"mail\";s:24:\"birahim.babou@uvs.edu.sn\";s:6:\"profil\";s:1:\"2\";s:11:\"utilisateur\";s:1:\"1\";s:6:\"prenom\";s:7:\"Birahim\";s:3:\"nom\";s:5:\"BABOU\";s:4:\"role\";s:18:\"GMB_ADMINISTRATEUR\";}'),
(1189, 4, 1, 'a:7:{s:9:\"connexion\";b:1;s:4:\"mail\";s:24:\"birahim.babou@uvs.edu.sn\";s:6:\"profil\";s:1:\"2\";s:11:\"utilisateur\";s:1:\"1\";s:6:\"prenom\";s:7:\"Birahim\";s:3:\"nom\";s:5:\"BABOU\";s:4:\"role\";s:18:\"GMB_ADMINISTRATEUR\";}'),
(1190, 4, 1, 'a:7:{s:9:\"connexion\";b:1;s:4:\"mail\";s:24:\"birahim.babou@uvs.edu.sn\";s:6:\"profil\";s:1:\"2\";s:11:\"utilisateur\";s:1:\"1\";s:6:\"prenom\";s:7:\"Birahim\";s:3:\"nom\";s:5:\"BABOU\";s:4:\"role\";s:18:\"GMB_ADMINISTRATEUR\";}'),
(1191, 4, 1, 'a:7:{s:9:\"connexion\";b:1;s:4:\"mail\";s:24:\"birahim.babou@uvs.edu.sn\";s:6:\"profil\";s:1:\"2\";s:11:\"utilisateur\";s:1:\"1\";s:6:\"prenom\";s:7:\"Birahim\";s:3:\"nom\";s:5:\"BABOU\";s:4:\"role\";s:18:\"GMB_ADMINISTRATEUR\";}'),
(1192, 4, 1, 'a:7:{s:9:\"connexion\";b:1;s:4:\"mail\";s:24:\"birahim.babou@uvs.edu.sn\";s:6:\"profil\";s:1:\"2\";s:11:\"utilisateur\";s:1:\"1\";s:6:\"prenom\";s:7:\"Birahim\";s:3:\"nom\";s:5:\"BABOU\";s:4:\"role\";s:18:\"GMB_ADMINISTRATEUR\";}'),
(1193, 4, 1, 'a:7:{s:9:\"connexion\";b:1;s:4:\"mail\";s:24:\"birahim.babou@uvs.edu.sn\";s:6:\"profil\";s:1:\"2\";s:11:\"utilisateur\";s:1:\"1\";s:6:\"prenom\";s:7:\"Birahim\";s:3:\"nom\";s:5:\"BABOU\";s:4:\"role\";s:18:\"GMB_ADMINISTRATEUR\";}'),
(1194, 4, 1, 'a:7:{s:9:\"connexion\";b:1;s:4:\"mail\";s:24:\"birahim.babou@uvs.edu.sn\";s:6:\"profil\";s:1:\"2\";s:11:\"utilisateur\";s:1:\"1\";s:6:\"prenom\";s:7:\"Birahim\";s:3:\"nom\";s:5:\"BABOU\";s:4:\"role\";s:18:\"GMB_ADMINISTRATEUR\";}'),
(1195, 4, 1, 'a:7:{s:9:\"connexion\";b:1;s:4:\"mail\";s:24:\"birahim.babou@uvs.edu.sn\";s:6:\"profil\";s:1:\"2\";s:11:\"utilisateur\";s:1:\"1\";s:6:\"prenom\";s:7:\"Birahim\";s:3:\"nom\";s:5:\"BABOU\";s:4:\"role\";s:18:\"GMB_ADMINISTRATEUR\";}'),
(1196, 4, 1, 'a:7:{s:9:\"connexion\";b:1;s:4:\"mail\";s:24:\"birahim.babou@uvs.edu.sn\";s:6:\"profil\";s:1:\"2\";s:11:\"utilisateur\";s:1:\"1\";s:6:\"prenom\";s:7:\"Birahim\";s:3:\"nom\";s:5:\"BABOU\";s:4:\"role\";s:18:\"GMB_ADMINISTRATEUR\";}'),
(1197, 4, 1, 'a:7:{s:9:\"connexion\";b:1;s:4:\"mail\";s:24:\"birahim.babou@uvs.edu.sn\";s:6:\"profil\";s:1:\"2\";s:11:\"utilisateur\";s:1:\"1\";s:6:\"prenom\";s:7:\"Birahim\";s:3:\"nom\";s:5:\"BABOU\";s:4:\"role\";s:18:\"GMB_ADMINISTRATEUR\";}'),
(1198, 4, 1, 'a:7:{s:9:\"connexion\";b:1;s:4:\"mail\";s:24:\"birahim.babou@uvs.edu.sn\";s:6:\"profil\";s:1:\"2\";s:11:\"utilisateur\";s:1:\"1\";s:6:\"prenom\";s:7:\"Birahim\";s:3:\"nom\";s:5:\"BABOU\";s:4:\"role\";s:18:\"GMB_ADMINISTRATEUR\";}'),
(1199, 4, 1, 'a:7:{s:9:\"connexion\";b:1;s:4:\"mail\";s:24:\"birahim.babou@uvs.edu.sn\";s:6:\"profil\";s:1:\"2\";s:11:\"utilisateur\";s:1:\"1\";s:6:\"prenom\";s:7:\"Birahim\";s:3:\"nom\";s:5:\"BABOU\";s:4:\"role\";s:18:\"GMB_ADMINISTRATEUR\";}'),
(1200, 4, 1, 'a:7:{s:9:\"connexion\";b:1;s:4:\"mail\";s:24:\"birahim.babou@uvs.edu.sn\";s:6:\"profil\";s:1:\"2\";s:11:\"utilisateur\";s:1:\"1\";s:6:\"prenom\";s:7:\"Birahim\";s:3:\"nom\";s:5:\"BABOU\";s:4:\"role\";s:18:\"GMB_ADMINISTRATEUR\";}'),
(1201, 4, 1, 'a:7:{s:9:\"connexion\";b:1;s:4:\"mail\";s:24:\"birahim.babou@uvs.edu.sn\";s:6:\"profil\";s:1:\"2\";s:11:\"utilisateur\";s:1:\"1\";s:6:\"prenom\";s:7:\"Birahim\";s:3:\"nom\";s:5:\"BABOU\";s:4:\"role\";s:18:\"GMB_ADMINISTRATEUR\";}'),
(1202, 4, 1, 'a:7:{s:9:\"connexion\";b:1;s:4:\"mail\";s:24:\"birahim.babou@uvs.edu.sn\";s:6:\"profil\";s:1:\"2\";s:11:\"utilisateur\";s:1:\"1\";s:6:\"prenom\";s:7:\"Birahim\";s:3:\"nom\";s:5:\"BABOU\";s:4:\"role\";s:18:\"GMB_ADMINISTRATEUR\";}'),
(1203, 4, 1, 'a:7:{s:9:\"connexion\";b:1;s:4:\"mail\";s:24:\"birahim.babou@uvs.edu.sn\";s:6:\"profil\";s:1:\"2\";s:11:\"utilisateur\";s:1:\"1\";s:6:\"prenom\";s:7:\"Birahim\";s:3:\"nom\";s:5:\"BABOU\";s:4:\"role\";s:18:\"GMB_ADMINISTRATEUR\";}'),
(1204, 4, 1, 'a:7:{s:9:\"connexion\";b:1;s:4:\"mail\";s:24:\"birahim.babou@uvs.edu.sn\";s:6:\"profil\";s:1:\"2\";s:11:\"utilisateur\";s:1:\"1\";s:6:\"prenom\";s:7:\"Birahim\";s:3:\"nom\";s:5:\"BABOU\";s:4:\"role\";s:18:\"GMB_ADMINISTRATEUR\";}'),
(1205, 4, 1, 'a:7:{s:9:\"connexion\";b:1;s:4:\"mail\";s:24:\"birahim.babou@uvs.edu.sn\";s:6:\"profil\";s:1:\"2\";s:11:\"utilisateur\";s:1:\"1\";s:6:\"prenom\";s:7:\"Birahim\";s:3:\"nom\";s:5:\"BABOU\";s:4:\"role\";s:18:\"GMB_ADMINISTRATEUR\";}'),
(1206, 4, 1, 'a:7:{s:9:\"connexion\";b:1;s:4:\"mail\";s:24:\"birahim.babou@uvs.edu.sn\";s:6:\"profil\";s:1:\"2\";s:11:\"utilisateur\";s:1:\"1\";s:6:\"prenom\";s:7:\"Birahim\";s:3:\"nom\";s:5:\"BABOU\";s:4:\"role\";s:18:\"GMB_ADMINISTRATEUR\";}'),
(1207, 4, 1, 'a:7:{s:9:\"connexion\";b:1;s:4:\"mail\";s:24:\"birahim.babou@uvs.edu.sn\";s:6:\"profil\";s:1:\"2\";s:11:\"utilisateur\";s:1:\"1\";s:6:\"prenom\";s:7:\"Birahim\";s:3:\"nom\";s:5:\"BABOU\";s:4:\"role\";s:18:\"GMB_ADMINISTRATEUR\";}'),
(1208, 4, 1, 'a:7:{s:9:\"connexion\";b:1;s:4:\"mail\";s:24:\"birahim.babou@uvs.edu.sn\";s:6:\"profil\";s:1:\"2\";s:11:\"utilisateur\";s:1:\"1\";s:6:\"prenom\";s:7:\"Birahim\";s:3:\"nom\";s:5:\"BABOU\";s:4:\"role\";s:18:\"GMB_ADMINISTRATEUR\";}'),
(1209, 4, 1, 'a:7:{s:9:\"connexion\";b:1;s:4:\"mail\";s:24:\"birahim.babou@uvs.edu.sn\";s:6:\"profil\";s:1:\"2\";s:11:\"utilisateur\";s:1:\"1\";s:6:\"prenom\";s:7:\"Birahim\";s:3:\"nom\";s:5:\"BABOU\";s:4:\"role\";s:18:\"GMB_ADMINISTRATEUR\";}'),
(1210, 4, 1, 'a:7:{s:9:\"connexion\";b:1;s:4:\"mail\";s:24:\"birahim.babou@uvs.edu.sn\";s:6:\"profil\";s:1:\"2\";s:11:\"utilisateur\";s:1:\"1\";s:6:\"prenom\";s:7:\"Birahim\";s:3:\"nom\";s:5:\"BABOU\";s:4:\"role\";s:18:\"GMB_ADMINISTRATEUR\";}'),
(1211, 4, 1, 'a:7:{s:9:\"connexion\";b:1;s:4:\"mail\";s:24:\"birahim.babou@uvs.edu.sn\";s:6:\"profil\";s:1:\"2\";s:11:\"utilisateur\";s:1:\"1\";s:6:\"prenom\";s:7:\"Birahim\";s:3:\"nom\";s:5:\"BABOU\";s:4:\"role\";s:18:\"GMB_ADMINISTRATEUR\";}'),
(1212, 4, 1, 'a:7:{s:9:\"connexion\";b:1;s:4:\"mail\";s:24:\"birahim.babou@uvs.edu.sn\";s:6:\"profil\";s:1:\"2\";s:11:\"utilisateur\";s:1:\"1\";s:6:\"prenom\";s:7:\"Birahim\";s:3:\"nom\";s:5:\"BABOU\";s:4:\"role\";s:18:\"GMB_ADMINISTRATEUR\";}'),
(1213, 4, 1, 'a:7:{s:9:\"connexion\";b:1;s:4:\"mail\";s:24:\"birahim.babou@uvs.edu.sn\";s:6:\"profil\";s:1:\"2\";s:11:\"utilisateur\";s:1:\"1\";s:6:\"prenom\";s:7:\"Birahim\";s:3:\"nom\";s:5:\"BABOU\";s:4:\"role\";s:18:\"GMB_ADMINISTRATEUR\";}'),
(1214, 4, 1, 'a:7:{s:9:\"connexion\";b:1;s:4:\"mail\";s:24:\"birahim.babou@uvs.edu.sn\";s:6:\"profil\";s:1:\"2\";s:11:\"utilisateur\";s:1:\"1\";s:6:\"prenom\";s:7:\"Birahim\";s:3:\"nom\";s:5:\"BABOU\";s:4:\"role\";s:18:\"GMB_ADMINISTRATEUR\";}'),
(1215, 4, 1, 'a:7:{s:9:\"connexion\";b:1;s:4:\"mail\";s:24:\"birahim.babou@uvs.edu.sn\";s:6:\"profil\";s:1:\"2\";s:11:\"utilisateur\";s:1:\"1\";s:6:\"prenom\";s:7:\"Birahim\";s:3:\"nom\";s:5:\"BABOU\";s:4:\"role\";s:18:\"GMB_ADMINISTRATEUR\";}');
INSERT INTO `ban_hist` (`id`, `type`, `user`, `valeur`) VALUES
(1216, 4, 1, 'a:7:{s:9:\"connexion\";b:1;s:4:\"mail\";s:24:\"birahim.babou@uvs.edu.sn\";s:6:\"profil\";s:1:\"2\";s:11:\"utilisateur\";s:1:\"1\";s:6:\"prenom\";s:7:\"Birahim\";s:3:\"nom\";s:5:\"BABOU\";s:4:\"role\";s:18:\"GMB_ADMINISTRATEUR\";}'),
(1217, 4, 1, 'a:7:{s:9:\"connexion\";b:1;s:4:\"mail\";s:24:\"birahim.babou@uvs.edu.sn\";s:6:\"profil\";s:1:\"2\";s:11:\"utilisateur\";s:1:\"1\";s:6:\"prenom\";s:7:\"Birahim\";s:3:\"nom\";s:5:\"BABOU\";s:4:\"role\";s:18:\"GMB_ADMINISTRATEUR\";}'),
(1218, 4, 1, 'a:7:{s:9:\"connexion\";b:1;s:4:\"mail\";s:24:\"birahim.babou@uvs.edu.sn\";s:6:\"profil\";s:1:\"2\";s:11:\"utilisateur\";s:1:\"1\";s:6:\"prenom\";s:7:\"Birahim\";s:3:\"nom\";s:5:\"BABOU\";s:4:\"role\";s:18:\"GMB_ADMINISTRATEUR\";}'),
(1219, 4, 1, 'a:7:{s:9:\"connexion\";b:1;s:4:\"mail\";s:24:\"birahim.babou@uvs.edu.sn\";s:6:\"profil\";s:1:\"2\";s:11:\"utilisateur\";s:1:\"1\";s:6:\"prenom\";s:7:\"Birahim\";s:3:\"nom\";s:5:\"BABOU\";s:4:\"role\";s:18:\"GMB_ADMINISTRATEUR\";}'),
(1220, 4, 1, 'a:7:{s:9:\"connexion\";b:1;s:4:\"mail\";s:24:\"birahim.babou@uvs.edu.sn\";s:6:\"profil\";s:1:\"2\";s:11:\"utilisateur\";s:1:\"1\";s:6:\"prenom\";s:7:\"Birahim\";s:3:\"nom\";s:5:\"BABOU\";s:4:\"role\";s:18:\"GMB_ADMINISTRATEUR\";}'),
(1221, 4, 1, 'a:7:{s:9:\"connexion\";b:1;s:4:\"mail\";s:24:\"birahim.babou@uvs.edu.sn\";s:6:\"profil\";s:1:\"2\";s:11:\"utilisateur\";s:1:\"1\";s:6:\"prenom\";s:7:\"Birahim\";s:3:\"nom\";s:5:\"BABOU\";s:4:\"role\";s:18:\"GMB_ADMINISTRATEUR\";}'),
(1222, 4, 1, 'a:7:{s:9:\"connexion\";b:1;s:4:\"mail\";s:24:\"birahim.babou@uvs.edu.sn\";s:6:\"profil\";s:1:\"2\";s:11:\"utilisateur\";s:1:\"1\";s:6:\"prenom\";s:7:\"Birahim\";s:3:\"nom\";s:5:\"BABOU\";s:4:\"role\";s:18:\"GMB_ADMINISTRATEUR\";}'),
(1223, 4, 1, 'a:7:{s:9:\"connexion\";b:1;s:4:\"mail\";s:24:\"birahim.babou@uvs.edu.sn\";s:6:\"profil\";s:1:\"2\";s:11:\"utilisateur\";s:1:\"1\";s:6:\"prenom\";s:7:\"Birahim\";s:3:\"nom\";s:5:\"BABOU\";s:4:\"role\";s:18:\"GMB_ADMINISTRATEUR\";}'),
(1224, 4, 1, 'a:7:{s:9:\"connexion\";b:1;s:4:\"mail\";s:24:\"birahim.babou@uvs.edu.sn\";s:6:\"profil\";s:1:\"2\";s:11:\"utilisateur\";s:1:\"1\";s:6:\"prenom\";s:7:\"Birahim\";s:3:\"nom\";s:5:\"BABOU\";s:4:\"role\";s:18:\"GMB_ADMINISTRATEUR\";}'),
(1225, 4, 1, 'a:7:{s:9:\"connexion\";b:1;s:4:\"mail\";s:24:\"birahim.babou@uvs.edu.sn\";s:6:\"profil\";s:1:\"2\";s:11:\"utilisateur\";s:1:\"1\";s:6:\"prenom\";s:7:\"Birahim\";s:3:\"nom\";s:5:\"BABOU\";s:4:\"role\";s:18:\"GMB_ADMINISTRATEUR\";}'),
(1226, 4, 1, 'a:7:{s:9:\"connexion\";b:1;s:4:\"mail\";s:24:\"birahim.babou@uvs.edu.sn\";s:6:\"profil\";s:1:\"2\";s:11:\"utilisateur\";s:1:\"1\";s:6:\"prenom\";s:7:\"Birahim\";s:3:\"nom\";s:5:\"BABOU\";s:4:\"role\";s:18:\"GMB_ADMINISTRATEUR\";}'),
(1227, 4, 1, 'a:7:{s:9:\"connexion\";b:1;s:4:\"mail\";s:24:\"birahim.babou@uvs.edu.sn\";s:6:\"profil\";s:1:\"2\";s:11:\"utilisateur\";s:1:\"1\";s:6:\"prenom\";s:7:\"Birahim\";s:3:\"nom\";s:5:\"BABOU\";s:4:\"role\";s:18:\"GMB_ADMINISTRATEUR\";}'),
(1228, 4, 1, 'a:7:{s:9:\"connexion\";b:1;s:4:\"mail\";s:24:\"birahim.babou@uvs.edu.sn\";s:6:\"profil\";s:1:\"2\";s:11:\"utilisateur\";s:1:\"1\";s:6:\"prenom\";s:7:\"Birahim\";s:3:\"nom\";s:5:\"BABOU\";s:4:\"role\";s:18:\"GMB_ADMINISTRATEUR\";}'),
(1229, 4, 1, 'a:7:{s:9:\"connexion\";b:1;s:4:\"mail\";s:24:\"birahim.babou@uvs.edu.sn\";s:6:\"profil\";s:1:\"2\";s:11:\"utilisateur\";s:1:\"1\";s:6:\"prenom\";s:7:\"Birahim\";s:3:\"nom\";s:5:\"BABOU\";s:4:\"role\";s:18:\"GMB_ADMINISTRATEUR\";}'),
(1230, 4, 1, 'a:7:{s:9:\"connexion\";b:1;s:4:\"mail\";s:24:\"birahim.babou@uvs.edu.sn\";s:6:\"profil\";s:1:\"2\";s:11:\"utilisateur\";s:1:\"1\";s:6:\"prenom\";s:7:\"Birahim\";s:3:\"nom\";s:5:\"BABOU\";s:4:\"role\";s:18:\"GMB_ADMINISTRATEUR\";}'),
(1231, 4, 1, 'a:7:{s:9:\"connexion\";b:1;s:4:\"mail\";s:24:\"birahim.babou@uvs.edu.sn\";s:6:\"profil\";s:1:\"2\";s:11:\"utilisateur\";s:1:\"1\";s:6:\"prenom\";s:7:\"Birahim\";s:3:\"nom\";s:5:\"BABOU\";s:4:\"role\";s:18:\"GMB_ADMINISTRATEUR\";}'),
(1232, 4, 1, 'a:7:{s:9:\"connexion\";b:1;s:4:\"mail\";s:24:\"birahim.babou@uvs.edu.sn\";s:6:\"profil\";s:1:\"2\";s:11:\"utilisateur\";s:1:\"1\";s:6:\"prenom\";s:7:\"Birahim\";s:3:\"nom\";s:5:\"BABOU\";s:4:\"role\";s:18:\"GMB_ADMINISTRATEUR\";}'),
(1233, 4, 1, 'a:7:{s:9:\"connexion\";b:1;s:4:\"mail\";s:24:\"birahim.babou@uvs.edu.sn\";s:6:\"profil\";s:1:\"2\";s:11:\"utilisateur\";s:1:\"1\";s:6:\"prenom\";s:7:\"Birahim\";s:3:\"nom\";s:5:\"BABOU\";s:4:\"role\";s:18:\"GMB_ADMINISTRATEUR\";}'),
(1234, 4, 1, 'a:7:{s:9:\"connexion\";b:1;s:4:\"mail\";s:24:\"birahim.babou@uvs.edu.sn\";s:6:\"profil\";s:1:\"2\";s:11:\"utilisateur\";s:1:\"1\";s:6:\"prenom\";s:7:\"Birahim\";s:3:\"nom\";s:5:\"BABOU\";s:4:\"role\";s:18:\"GMB_ADMINISTRATEUR\";}'),
(1235, 4, 1, 'a:7:{s:9:\"connexion\";b:1;s:4:\"mail\";s:24:\"birahim.babou@uvs.edu.sn\";s:6:\"profil\";s:1:\"2\";s:11:\"utilisateur\";s:1:\"1\";s:6:\"prenom\";s:7:\"Birahim\";s:3:\"nom\";s:5:\"BABOU\";s:4:\"role\";s:18:\"GMB_ADMINISTRATEUR\";}'),
(1236, 4, 1, 'a:7:{s:9:\"connexion\";b:1;s:4:\"mail\";s:24:\"birahim.babou@uvs.edu.sn\";s:6:\"profil\";s:1:\"2\";s:11:\"utilisateur\";s:1:\"1\";s:6:\"prenom\";s:7:\"Birahim\";s:3:\"nom\";s:5:\"BABOU\";s:4:\"role\";s:18:\"GMB_ADMINISTRATEUR\";}'),
(1237, 4, 1, 'a:7:{s:9:\"connexion\";b:1;s:4:\"mail\";s:24:\"birahim.babou@uvs.edu.sn\";s:6:\"profil\";s:1:\"2\";s:11:\"utilisateur\";s:1:\"1\";s:6:\"prenom\";s:7:\"Birahim\";s:3:\"nom\";s:5:\"BABOU\";s:4:\"role\";s:18:\"GMB_ADMINISTRATEUR\";}'),
(1238, 4, 1, 'a:7:{s:9:\"connexion\";b:1;s:4:\"mail\";s:24:\"birahim.babou@uvs.edu.sn\";s:6:\"profil\";s:1:\"2\";s:11:\"utilisateur\";s:1:\"1\";s:6:\"prenom\";s:7:\"Birahim\";s:3:\"nom\";s:5:\"BABOU\";s:4:\"role\";s:18:\"GMB_ADMINISTRATEUR\";}'),
(1239, 4, 1, 'a:7:{s:9:\"connexion\";b:1;s:4:\"mail\";s:24:\"birahim.babou@uvs.edu.sn\";s:6:\"profil\";s:1:\"2\";s:11:\"utilisateur\";s:1:\"1\";s:6:\"prenom\";s:7:\"Birahim\";s:3:\"nom\";s:5:\"BABOU\";s:4:\"role\";s:18:\"GMB_ADMINISTRATEUR\";}'),
(1240, 4, 1, 'a:7:{s:9:\"connexion\";b:1;s:4:\"mail\";s:24:\"birahim.babou@uvs.edu.sn\";s:6:\"profil\";s:1:\"2\";s:11:\"utilisateur\";s:1:\"1\";s:6:\"prenom\";s:7:\"Birahim\";s:3:\"nom\";s:5:\"BABOU\";s:4:\"role\";s:18:\"GMB_ADMINISTRATEUR\";}'),
(1241, 4, 1, 'a:7:{s:9:\"connexion\";b:1;s:4:\"mail\";s:24:\"birahim.babou@uvs.edu.sn\";s:6:\"profil\";s:1:\"2\";s:11:\"utilisateur\";s:1:\"1\";s:6:\"prenom\";s:7:\"Birahim\";s:3:\"nom\";s:5:\"BABOU\";s:4:\"role\";s:18:\"GMB_ADMINISTRATEUR\";}'),
(1242, 4, 1, 'a:7:{s:9:\"connexion\";b:1;s:4:\"mail\";s:24:\"birahim.babou@uvs.edu.sn\";s:6:\"profil\";s:1:\"2\";s:11:\"utilisateur\";s:1:\"1\";s:6:\"prenom\";s:7:\"Birahim\";s:3:\"nom\";s:5:\"BABOU\";s:4:\"role\";s:18:\"GMB_ADMINISTRATEUR\";}'),
(1243, 4, 1, 'a:7:{s:9:\"connexion\";b:1;s:4:\"mail\";s:24:\"birahim.babou@uvs.edu.sn\";s:6:\"profil\";s:1:\"2\";s:11:\"utilisateur\";s:1:\"1\";s:6:\"prenom\";s:7:\"Birahim\";s:3:\"nom\";s:5:\"BABOU\";s:4:\"role\";s:18:\"GMB_ADMINISTRATEUR\";}'),
(1244, 4, 1, 'a:7:{s:9:\"connexion\";b:1;s:4:\"mail\";s:24:\"birahim.babou@uvs.edu.sn\";s:6:\"profil\";s:1:\"2\";s:11:\"utilisateur\";s:1:\"1\";s:6:\"prenom\";s:7:\"Birahim\";s:3:\"nom\";s:5:\"BABOU\";s:4:\"role\";s:18:\"GMB_ADMINISTRATEUR\";}'),
(1245, 4, 1, 'a:7:{s:9:\"connexion\";b:1;s:4:\"mail\";s:24:\"birahim.babou@uvs.edu.sn\";s:6:\"profil\";s:1:\"2\";s:11:\"utilisateur\";s:1:\"1\";s:6:\"prenom\";s:7:\"Birahim\";s:3:\"nom\";s:5:\"BABOU\";s:4:\"role\";s:18:\"GMB_ADMINISTRATEUR\";}'),
(1246, 4, 1, 'a:7:{s:9:\"connexion\";b:1;s:4:\"mail\";s:24:\"birahim.babou@uvs.edu.sn\";s:6:\"profil\";s:1:\"2\";s:11:\"utilisateur\";s:1:\"1\";s:6:\"prenom\";s:7:\"Birahim\";s:3:\"nom\";s:5:\"BABOU\";s:4:\"role\";s:18:\"GMB_ADMINISTRATEUR\";}'),
(1247, 4, 1, 'a:7:{s:9:\"connexion\";b:1;s:4:\"mail\";s:24:\"birahim.babou@uvs.edu.sn\";s:6:\"profil\";s:1:\"2\";s:11:\"utilisateur\";s:1:\"1\";s:6:\"prenom\";s:7:\"Birahim\";s:3:\"nom\";s:5:\"BABOU\";s:4:\"role\";s:18:\"GMB_ADMINISTRATEUR\";}'),
(1248, 4, 1, 'a:7:{s:9:\"connexion\";b:1;s:4:\"mail\";s:24:\"birahim.babou@uvs.edu.sn\";s:6:\"profil\";s:1:\"2\";s:11:\"utilisateur\";s:1:\"1\";s:6:\"prenom\";s:7:\"Birahim\";s:3:\"nom\";s:5:\"BABOU\";s:4:\"role\";s:18:\"GMB_ADMINISTRATEUR\";}'),
(1249, 4, 1, 'a:7:{s:9:\"connexion\";b:1;s:4:\"mail\";s:24:\"birahim.babou@uvs.edu.sn\";s:6:\"profil\";s:1:\"2\";s:11:\"utilisateur\";s:1:\"1\";s:6:\"prenom\";s:7:\"Birahim\";s:3:\"nom\";s:5:\"BABOU\";s:4:\"role\";s:18:\"GMB_ADMINISTRATEUR\";}'),
(1250, 4, 1, 'a:7:{s:9:\"connexion\";b:1;s:4:\"mail\";s:24:\"birahim.babou@uvs.edu.sn\";s:6:\"profil\";s:1:\"2\";s:11:\"utilisateur\";s:1:\"1\";s:6:\"prenom\";s:7:\"Birahim\";s:3:\"nom\";s:5:\"BABOU\";s:4:\"role\";s:18:\"GMB_ADMINISTRATEUR\";}'),
(1251, 4, 1, 'a:7:{s:9:\"connexion\";b:1;s:4:\"mail\";s:24:\"birahim.babou@uvs.edu.sn\";s:6:\"profil\";s:1:\"2\";s:11:\"utilisateur\";s:1:\"1\";s:6:\"prenom\";s:7:\"Birahim\";s:3:\"nom\";s:5:\"BABOU\";s:4:\"role\";s:18:\"GMB_ADMINISTRATEUR\";}'),
(1252, 4, 1, 'a:7:{s:9:\"connexion\";b:1;s:4:\"mail\";s:24:\"birahim.babou@uvs.edu.sn\";s:6:\"profil\";s:1:\"2\";s:11:\"utilisateur\";s:1:\"1\";s:6:\"prenom\";s:7:\"Birahim\";s:3:\"nom\";s:5:\"BABOU\";s:4:\"role\";s:18:\"GMB_ADMINISTRATEUR\";}'),
(1253, 4, 1, 'a:7:{s:9:\"connexion\";b:1;s:4:\"mail\";s:24:\"birahim.babou@uvs.edu.sn\";s:6:\"profil\";s:1:\"2\";s:11:\"utilisateur\";s:1:\"1\";s:6:\"prenom\";s:7:\"Birahim\";s:3:\"nom\";s:5:\"BABOU\";s:4:\"role\";s:18:\"GMB_ADMINISTRATEUR\";}'),
(1254, 4, 1, 'a:7:{s:9:\"connexion\";b:1;s:4:\"mail\";s:24:\"birahim.babou@uvs.edu.sn\";s:6:\"profil\";s:1:\"2\";s:11:\"utilisateur\";s:1:\"1\";s:6:\"prenom\";s:7:\"Birahim\";s:3:\"nom\";s:5:\"BABOU\";s:4:\"role\";s:18:\"GMB_ADMINISTRATEUR\";}'),
(1255, 4, 1, 'a:7:{s:9:\"connexion\";b:1;s:4:\"mail\";s:24:\"birahim.babou@uvs.edu.sn\";s:6:\"profil\";s:1:\"2\";s:11:\"utilisateur\";s:1:\"1\";s:6:\"prenom\";s:7:\"Birahim\";s:3:\"nom\";s:5:\"BABOU\";s:4:\"role\";s:18:\"GMB_ADMINISTRATEUR\";}'),
(1256, 4, 1, 'a:7:{s:9:\"connexion\";b:1;s:4:\"mail\";s:24:\"birahim.babou@uvs.edu.sn\";s:6:\"profil\";s:1:\"2\";s:11:\"utilisateur\";s:1:\"1\";s:6:\"prenom\";s:7:\"Birahim\";s:3:\"nom\";s:5:\"BABOU\";s:4:\"role\";s:18:\"GMB_ADMINISTRATEUR\";}'),
(1257, 4, 1, 'a:7:{s:9:\"connexion\";b:1;s:4:\"mail\";s:24:\"birahim.babou@uvs.edu.sn\";s:6:\"profil\";s:1:\"2\";s:11:\"utilisateur\";s:1:\"1\";s:6:\"prenom\";s:7:\"Birahim\";s:3:\"nom\";s:5:\"BABOU\";s:4:\"role\";s:18:\"GMB_ADMINISTRATEUR\";}'),
(1258, 4, 1, 'a:7:{s:9:\"connexion\";b:1;s:4:\"mail\";s:24:\"birahim.babou@uvs.edu.sn\";s:6:\"profil\";s:1:\"2\";s:11:\"utilisateur\";s:1:\"1\";s:6:\"prenom\";s:7:\"Birahim\";s:3:\"nom\";s:5:\"BABOU\";s:4:\"role\";s:18:\"GMB_ADMINISTRATEUR\";}'),
(1259, 4, 1, 'a:7:{s:9:\"connexion\";b:1;s:4:\"mail\";s:24:\"birahim.babou@uvs.edu.sn\";s:6:\"profil\";s:1:\"2\";s:11:\"utilisateur\";s:1:\"1\";s:6:\"prenom\";s:7:\"Birahim\";s:3:\"nom\";s:5:\"BABOU\";s:4:\"role\";s:18:\"GMB_ADMINISTRATEUR\";}'),
(1260, 4, 1, 'a:7:{s:9:\"connexion\";b:1;s:4:\"mail\";s:24:\"birahim.babou@uvs.edu.sn\";s:6:\"profil\";s:1:\"2\";s:11:\"utilisateur\";s:1:\"1\";s:6:\"prenom\";s:7:\"Birahim\";s:3:\"nom\";s:5:\"BABOU\";s:4:\"role\";s:18:\"GMB_ADMINISTRATEUR\";}'),
(1261, 4, 1, 'a:7:{s:9:\"connexion\";b:1;s:4:\"mail\";s:24:\"birahim.babou@uvs.edu.sn\";s:6:\"profil\";s:1:\"2\";s:11:\"utilisateur\";s:1:\"1\";s:6:\"prenom\";s:7:\"Birahim\";s:3:\"nom\";s:5:\"BABOU\";s:4:\"role\";s:18:\"GMB_ADMINISTRATEUR\";}'),
(1262, 4, 1, 'a:7:{s:9:\"connexion\";b:1;s:4:\"mail\";s:24:\"birahim.babou@uvs.edu.sn\";s:6:\"profil\";s:1:\"2\";s:11:\"utilisateur\";s:1:\"1\";s:6:\"prenom\";s:7:\"Birahim\";s:3:\"nom\";s:5:\"BABOU\";s:4:\"role\";s:18:\"GMB_ADMINISTRATEUR\";}'),
(1263, 4, 1, 'a:7:{s:9:\"connexion\";b:1;s:4:\"mail\";s:24:\"birahim.babou@uvs.edu.sn\";s:6:\"profil\";s:1:\"2\";s:11:\"utilisateur\";s:1:\"1\";s:6:\"prenom\";s:7:\"Birahim\";s:3:\"nom\";s:5:\"BABOU\";s:4:\"role\";s:18:\"GMB_ADMINISTRATEUR\";}'),
(1264, 4, 1, 'a:7:{s:9:\"connexion\";b:1;s:4:\"mail\";s:24:\"birahim.babou@uvs.edu.sn\";s:6:\"profil\";s:1:\"2\";s:11:\"utilisateur\";s:1:\"1\";s:6:\"prenom\";s:7:\"Birahim\";s:3:\"nom\";s:5:\"BABOU\";s:4:\"role\";s:18:\"GMB_ADMINISTRATEUR\";}'),
(1265, 4, 1, 'a:7:{s:9:\"connexion\";b:1;s:4:\"mail\";s:24:\"birahim.babou@uvs.edu.sn\";s:6:\"profil\";s:1:\"2\";s:11:\"utilisateur\";s:1:\"1\";s:6:\"prenom\";s:7:\"Birahim\";s:3:\"nom\";s:5:\"BABOU\";s:4:\"role\";s:18:\"GMB_ADMINISTRATEUR\";}'),
(1266, 4, 1, 'a:7:{s:9:\"connexion\";b:1;s:4:\"mail\";s:24:\"birahim.babou@uvs.edu.sn\";s:6:\"profil\";s:1:\"2\";s:11:\"utilisateur\";s:1:\"1\";s:6:\"prenom\";s:7:\"Birahim\";s:3:\"nom\";s:5:\"BABOU\";s:4:\"role\";s:18:\"GMB_ADMINISTRATEUR\";}'),
(1267, 4, 1, 'a:7:{s:9:\"connexion\";b:1;s:4:\"mail\";s:24:\"birahim.babou@uvs.edu.sn\";s:6:\"profil\";s:1:\"2\";s:11:\"utilisateur\";s:1:\"1\";s:6:\"prenom\";s:7:\"Birahim\";s:3:\"nom\";s:5:\"BABOU\";s:4:\"role\";s:18:\"GMB_ADMINISTRATEUR\";}'),
(1268, 4, 1, 'a:7:{s:9:\"connexion\";b:1;s:4:\"mail\";s:24:\"birahim.babou@uvs.edu.sn\";s:6:\"profil\";s:1:\"2\";s:11:\"utilisateur\";s:1:\"1\";s:6:\"prenom\";s:7:\"Birahim\";s:3:\"nom\";s:5:\"BABOU\";s:4:\"role\";s:18:\"GMB_ADMINISTRATEUR\";}'),
(1269, 4, 1, 'a:7:{s:9:\"connexion\";b:1;s:4:\"mail\";s:24:\"birahim.babou@uvs.edu.sn\";s:6:\"profil\";s:1:\"2\";s:11:\"utilisateur\";s:1:\"1\";s:6:\"prenom\";s:7:\"Birahim\";s:3:\"nom\";s:5:\"BABOU\";s:4:\"role\";s:18:\"GMB_ADMINISTRATEUR\";}'),
(1270, 4, 1, 'a:7:{s:9:\"connexion\";b:1;s:4:\"mail\";s:24:\"birahim.babou@uvs.edu.sn\";s:6:\"profil\";s:1:\"2\";s:11:\"utilisateur\";s:1:\"1\";s:6:\"prenom\";s:7:\"Birahim\";s:3:\"nom\";s:5:\"BABOU\";s:4:\"role\";s:18:\"GMB_ADMINISTRATEUR\";}'),
(1271, 4, 1, 'a:7:{s:9:\"connexion\";b:1;s:4:\"mail\";s:24:\"birahim.babou@uvs.edu.sn\";s:6:\"profil\";s:1:\"2\";s:11:\"utilisateur\";s:1:\"1\";s:6:\"prenom\";s:7:\"Birahim\";s:3:\"nom\";s:5:\"BABOU\";s:4:\"role\";s:18:\"GMB_ADMINISTRATEUR\";}'),
(1272, 4, 1, 'a:7:{s:9:\"connexion\";b:1;s:4:\"mail\";s:24:\"birahim.babou@uvs.edu.sn\";s:6:\"profil\";s:1:\"2\";s:11:\"utilisateur\";s:1:\"1\";s:6:\"prenom\";s:7:\"Birahim\";s:3:\"nom\";s:5:\"BABOU\";s:4:\"role\";s:18:\"GMB_ADMINISTRATEUR\";}'),
(1273, 4, 1, 'a:7:{s:9:\"connexion\";b:1;s:4:\"mail\";s:24:\"birahim.babou@uvs.edu.sn\";s:6:\"profil\";s:1:\"2\";s:11:\"utilisateur\";s:1:\"1\";s:6:\"prenom\";s:7:\"Birahim\";s:3:\"nom\";s:5:\"BABOU\";s:4:\"role\";s:18:\"GMB_ADMINISTRATEUR\";}'),
(1274, 4, 1, 'a:7:{s:9:\"connexion\";b:1;s:4:\"mail\";s:24:\"birahim.babou@uvs.edu.sn\";s:6:\"profil\";s:1:\"2\";s:11:\"utilisateur\";s:1:\"1\";s:6:\"prenom\";s:7:\"Birahim\";s:3:\"nom\";s:5:\"BABOU\";s:4:\"role\";s:18:\"GMB_ADMINISTRATEUR\";}'),
(1275, 4, 1, 'a:7:{s:9:\"connexion\";b:1;s:4:\"mail\";s:24:\"birahim.babou@uvs.edu.sn\";s:6:\"profil\";s:1:\"2\";s:11:\"utilisateur\";s:1:\"1\";s:6:\"prenom\";s:7:\"Birahim\";s:3:\"nom\";s:5:\"BABOU\";s:4:\"role\";s:18:\"GMB_ADMINISTRATEUR\";}'),
(1276, 4, 1, 'a:7:{s:9:\"connexion\";b:1;s:4:\"mail\";s:24:\"birahim.babou@uvs.edu.sn\";s:6:\"profil\";s:1:\"2\";s:11:\"utilisateur\";s:1:\"1\";s:6:\"prenom\";s:7:\"Birahim\";s:3:\"nom\";s:5:\"BABOU\";s:4:\"role\";s:18:\"GMB_ADMINISTRATEUR\";}'),
(1277, 4, 1, 'a:7:{s:9:\"connexion\";b:1;s:4:\"mail\";s:24:\"birahim.babou@uvs.edu.sn\";s:6:\"profil\";s:1:\"2\";s:11:\"utilisateur\";s:1:\"1\";s:6:\"prenom\";s:7:\"Birahim\";s:3:\"nom\";s:5:\"BABOU\";s:4:\"role\";s:18:\"GMB_ADMINISTRATEUR\";}'),
(1278, 4, 1, 'a:7:{s:9:\"connexion\";b:1;s:4:\"mail\";s:24:\"birahim.babou@uvs.edu.sn\";s:6:\"profil\";s:1:\"2\";s:11:\"utilisateur\";s:1:\"1\";s:6:\"prenom\";s:7:\"Birahim\";s:3:\"nom\";s:5:\"BABOU\";s:4:\"role\";s:18:\"GMB_ADMINISTRATEUR\";}'),
(1279, 4, 1, 'a:7:{s:9:\"connexion\";b:1;s:4:\"mail\";s:24:\"birahim.babou@uvs.edu.sn\";s:6:\"profil\";s:1:\"2\";s:11:\"utilisateur\";s:1:\"1\";s:6:\"prenom\";s:7:\"Birahim\";s:3:\"nom\";s:5:\"BABOU\";s:4:\"role\";s:18:\"GMB_ADMINISTRATEUR\";}'),
(1280, 4, 1, 'a:7:{s:9:\"connexion\";b:1;s:4:\"mail\";s:24:\"birahim.babou@uvs.edu.sn\";s:6:\"profil\";s:1:\"2\";s:11:\"utilisateur\";s:1:\"1\";s:6:\"prenom\";s:7:\"Birahim\";s:3:\"nom\";s:5:\"BABOU\";s:4:\"role\";s:18:\"GMB_ADMINISTRATEUR\";}'),
(1281, 4, 1, 'a:7:{s:9:\"connexion\";b:1;s:4:\"mail\";s:24:\"birahim.babou@uvs.edu.sn\";s:6:\"profil\";s:1:\"2\";s:11:\"utilisateur\";s:1:\"1\";s:6:\"prenom\";s:7:\"Birahim\";s:3:\"nom\";s:5:\"BABOU\";s:4:\"role\";s:18:\"GMB_ADMINISTRATEUR\";}'),
(1282, 4, 1, 'a:7:{s:9:\"connexion\";b:1;s:4:\"mail\";s:24:\"birahim.babou@uvs.edu.sn\";s:6:\"profil\";s:1:\"2\";s:11:\"utilisateur\";s:1:\"1\";s:6:\"prenom\";s:7:\"Birahim\";s:3:\"nom\";s:5:\"BABOU\";s:4:\"role\";s:18:\"GMB_ADMINISTRATEUR\";}'),
(1283, 4, 1, 'a:7:{s:9:\"connexion\";b:1;s:4:\"mail\";s:24:\"birahim.babou@uvs.edu.sn\";s:6:\"profil\";s:1:\"2\";s:11:\"utilisateur\";s:1:\"1\";s:6:\"prenom\";s:7:\"Birahim\";s:3:\"nom\";s:5:\"BABOU\";s:4:\"role\";s:18:\"GMB_ADMINISTRATEUR\";}'),
(1284, 4, 1, 'a:7:{s:9:\"connexion\";b:1;s:4:\"mail\";s:24:\"birahim.babou@uvs.edu.sn\";s:6:\"profil\";s:1:\"2\";s:11:\"utilisateur\";s:1:\"1\";s:6:\"prenom\";s:7:\"Birahim\";s:3:\"nom\";s:5:\"BABOU\";s:4:\"role\";s:18:\"GMB_ADMINISTRATEUR\";}'),
(1285, 4, 1, 'a:7:{s:9:\"connexion\";b:1;s:4:\"mail\";s:24:\"birahim.babou@uvs.edu.sn\";s:6:\"profil\";s:1:\"2\";s:11:\"utilisateur\";s:1:\"1\";s:6:\"prenom\";s:7:\"Birahim\";s:3:\"nom\";s:5:\"BABOU\";s:4:\"role\";s:18:\"GMB_ADMINISTRATEUR\";}'),
(1286, 4, 1, 'a:7:{s:9:\"connexion\";b:1;s:4:\"mail\";s:24:\"birahim.babou@uvs.edu.sn\";s:6:\"profil\";s:1:\"2\";s:11:\"utilisateur\";s:1:\"1\";s:6:\"prenom\";s:7:\"Birahim\";s:3:\"nom\";s:5:\"BABOU\";s:4:\"role\";s:18:\"GMB_ADMINISTRATEUR\";}'),
(1287, 4, 1, 'a:7:{s:9:\"connexion\";b:1;s:4:\"mail\";s:24:\"birahim.babou@uvs.edu.sn\";s:6:\"profil\";s:1:\"2\";s:11:\"utilisateur\";s:1:\"1\";s:6:\"prenom\";s:7:\"Birahim\";s:3:\"nom\";s:5:\"BABOU\";s:4:\"role\";s:18:\"GMB_ADMINISTRATEUR\";}'),
(1288, 4, 1, 'a:7:{s:9:\"connexion\";b:1;s:4:\"mail\";s:24:\"birahim.babou@uvs.edu.sn\";s:6:\"profil\";s:1:\"2\";s:11:\"utilisateur\";s:1:\"1\";s:6:\"prenom\";s:7:\"Birahim\";s:3:\"nom\";s:5:\"BABOU\";s:4:\"role\";s:18:\"GMB_ADMINISTRATEUR\";}'),
(1289, 4, 1, 'a:7:{s:9:\"connexion\";b:1;s:4:\"mail\";s:24:\"birahim.babou@uvs.edu.sn\";s:6:\"profil\";s:1:\"2\";s:11:\"utilisateur\";s:1:\"1\";s:6:\"prenom\";s:7:\"Birahim\";s:3:\"nom\";s:5:\"BABOU\";s:4:\"role\";s:18:\"GMB_ADMINISTRATEUR\";}'),
(1290, 4, 1, 'a:7:{s:9:\"connexion\";b:1;s:4:\"mail\";s:24:\"birahim.babou@uvs.edu.sn\";s:6:\"profil\";s:1:\"2\";s:11:\"utilisateur\";s:1:\"1\";s:6:\"prenom\";s:7:\"Birahim\";s:3:\"nom\";s:5:\"BABOU\";s:4:\"role\";s:18:\"GMB_ADMINISTRATEUR\";}'),
(1291, 4, 1, 'a:7:{s:9:\"connexion\";b:1;s:4:\"mail\";s:24:\"birahim.babou@uvs.edu.sn\";s:6:\"profil\";s:1:\"2\";s:11:\"utilisateur\";s:1:\"1\";s:6:\"prenom\";s:7:\"Birahim\";s:3:\"nom\";s:5:\"BABOU\";s:4:\"role\";s:18:\"GMB_ADMINISTRATEUR\";}'),
(1292, 4, 1, 'a:7:{s:9:\"connexion\";b:1;s:4:\"mail\";s:24:\"birahim.babou@uvs.edu.sn\";s:6:\"profil\";s:1:\"2\";s:11:\"utilisateur\";s:1:\"1\";s:6:\"prenom\";s:7:\"Birahim\";s:3:\"nom\";s:5:\"BABOU\";s:4:\"role\";s:18:\"GMB_ADMINISTRATEUR\";}'),
(1293, 4, 1, 'a:7:{s:9:\"connexion\";b:1;s:4:\"mail\";s:24:\"birahim.babou@uvs.edu.sn\";s:6:\"profil\";s:1:\"2\";s:11:\"utilisateur\";s:1:\"1\";s:6:\"prenom\";s:7:\"Birahim\";s:3:\"nom\";s:5:\"BABOU\";s:4:\"role\";s:18:\"GMB_ADMINISTRATEUR\";}'),
(1294, 4, 1, 'a:7:{s:9:\"connexion\";b:1;s:4:\"mail\";s:24:\"birahim.babou@uvs.edu.sn\";s:6:\"profil\";s:1:\"2\";s:11:\"utilisateur\";s:1:\"1\";s:6:\"prenom\";s:7:\"Birahim\";s:3:\"nom\";s:5:\"BABOU\";s:4:\"role\";s:18:\"GMB_ADMINISTRATEUR\";}'),
(1295, 4, 1, 'a:7:{s:9:\"connexion\";b:1;s:4:\"mail\";s:24:\"birahim.babou@uvs.edu.sn\";s:6:\"profil\";s:1:\"2\";s:11:\"utilisateur\";s:1:\"1\";s:6:\"prenom\";s:7:\"Birahim\";s:3:\"nom\";s:5:\"BABOU\";s:4:\"role\";s:18:\"GMB_ADMINISTRATEUR\";}'),
(1296, 4, 1, 'a:7:{s:9:\"connexion\";b:1;s:4:\"mail\";s:24:\"birahim.babou@uvs.edu.sn\";s:6:\"profil\";s:1:\"2\";s:11:\"utilisateur\";s:1:\"1\";s:6:\"prenom\";s:7:\"Birahim\";s:3:\"nom\";s:5:\"BABOU\";s:4:\"role\";s:18:\"GMB_ADMINISTRATEUR\";}'),
(1297, 4, 1, 'a:7:{s:9:\"connexion\";b:1;s:4:\"mail\";s:24:\"birahim.babou@uvs.edu.sn\";s:6:\"profil\";s:1:\"2\";s:11:\"utilisateur\";s:1:\"1\";s:6:\"prenom\";s:7:\"Birahim\";s:3:\"nom\";s:5:\"BABOU\";s:4:\"role\";s:18:\"GMB_ADMINISTRATEUR\";}'),
(1298, 4, 1, 'a:7:{s:9:\"connexion\";b:1;s:4:\"mail\";s:24:\"birahim.babou@uvs.edu.sn\";s:6:\"profil\";s:1:\"2\";s:11:\"utilisateur\";s:1:\"1\";s:6:\"prenom\";s:7:\"Birahim\";s:3:\"nom\";s:5:\"BABOU\";s:4:\"role\";s:18:\"GMB_ADMINISTRATEUR\";}'),
(1299, 4, 1, 'a:7:{s:9:\"connexion\";b:1;s:4:\"mail\";s:24:\"birahim.babou@uvs.edu.sn\";s:6:\"profil\";s:1:\"2\";s:11:\"utilisateur\";s:1:\"1\";s:6:\"prenom\";s:7:\"Birahim\";s:3:\"nom\";s:5:\"BABOU\";s:4:\"role\";s:18:\"GMB_ADMINISTRATEUR\";}'),
(1300, 4, 1, 'a:7:{s:9:\"connexion\";b:1;s:4:\"mail\";s:24:\"birahim.babou@uvs.edu.sn\";s:6:\"profil\";s:1:\"2\";s:11:\"utilisateur\";s:1:\"1\";s:6:\"prenom\";s:7:\"Birahim\";s:3:\"nom\";s:5:\"BABOU\";s:4:\"role\";s:18:\"GMB_ADMINISTRATEUR\";}'),
(1301, 4, 1, 'a:7:{s:9:\"connexion\";b:1;s:4:\"mail\";s:24:\"birahim.babou@uvs.edu.sn\";s:6:\"profil\";s:1:\"2\";s:11:\"utilisateur\";s:1:\"1\";s:6:\"prenom\";s:7:\"Birahim\";s:3:\"nom\";s:5:\"BABOU\";s:4:\"role\";s:18:\"GMB_ADMINISTRATEUR\";}'),
(1302, 4, 1, 'a:7:{s:9:\"connexion\";b:1;s:4:\"mail\";s:24:\"birahim.babou@uvs.edu.sn\";s:6:\"profil\";s:1:\"2\";s:11:\"utilisateur\";s:1:\"1\";s:6:\"prenom\";s:7:\"Birahim\";s:3:\"nom\";s:5:\"BABOU\";s:4:\"role\";s:18:\"GMB_ADMINISTRATEUR\";}'),
(1303, 4, 1, 'a:7:{s:9:\"connexion\";b:1;s:4:\"mail\";s:24:\"birahim.babou@uvs.edu.sn\";s:6:\"profil\";s:1:\"2\";s:11:\"utilisateur\";s:1:\"1\";s:6:\"prenom\";s:7:\"Birahim\";s:3:\"nom\";s:5:\"BABOU\";s:4:\"role\";s:18:\"GMB_ADMINISTRATEUR\";}'),
(1304, 4, 1, 'a:7:{s:9:\"connexion\";b:1;s:4:\"mail\";s:24:\"birahim.babou@uvs.edu.sn\";s:6:\"profil\";s:1:\"2\";s:11:\"utilisateur\";s:1:\"1\";s:6:\"prenom\";s:7:\"Birahim\";s:3:\"nom\";s:5:\"BABOU\";s:4:\"role\";s:18:\"GMB_ADMINISTRATEUR\";}'),
(1305, 4, 1, 'a:7:{s:9:\"connexion\";b:1;s:4:\"mail\";s:24:\"birahim.babou@uvs.edu.sn\";s:6:\"profil\";s:1:\"2\";s:11:\"utilisateur\";s:1:\"1\";s:6:\"prenom\";s:7:\"Birahim\";s:3:\"nom\";s:5:\"BABOU\";s:4:\"role\";s:18:\"GMB_ADMINISTRATEUR\";}'),
(1306, 4, 1, 'a:7:{s:9:\"connexion\";b:1;s:4:\"mail\";s:24:\"birahim.babou@uvs.edu.sn\";s:6:\"profil\";s:1:\"2\";s:11:\"utilisateur\";s:1:\"1\";s:6:\"prenom\";s:7:\"Birahim\";s:3:\"nom\";s:5:\"BABOU\";s:4:\"role\";s:18:\"GMB_ADMINISTRATEUR\";}'),
(1307, 4, 1, 'a:7:{s:9:\"connexion\";b:1;s:4:\"mail\";s:24:\"birahim.babou@uvs.edu.sn\";s:6:\"profil\";s:1:\"2\";s:11:\"utilisateur\";s:1:\"1\";s:6:\"prenom\";s:7:\"Birahim\";s:3:\"nom\";s:5:\"BABOU\";s:4:\"role\";s:18:\"GMB_ADMINISTRATEUR\";}'),
(1308, 4, 1, 'a:7:{s:9:\"connexion\";b:1;s:4:\"mail\";s:24:\"birahim.babou@uvs.edu.sn\";s:6:\"profil\";s:1:\"2\";s:11:\"utilisateur\";s:1:\"1\";s:6:\"prenom\";s:7:\"Birahim\";s:3:\"nom\";s:5:\"BABOU\";s:4:\"role\";s:18:\"GMB_ADMINISTRATEUR\";}'),
(1309, 4, 1, 'a:7:{s:9:\"connexion\";b:1;s:4:\"mail\";s:24:\"birahim.babou@uvs.edu.sn\";s:6:\"profil\";s:1:\"2\";s:11:\"utilisateur\";s:1:\"1\";s:6:\"prenom\";s:7:\"Birahim\";s:3:\"nom\";s:5:\"BABOU\";s:4:\"role\";s:18:\"GMB_ADMINISTRATEUR\";}'),
(1310, 4, 1, 'a:7:{s:9:\"connexion\";b:1;s:4:\"mail\";s:24:\"birahim.babou@uvs.edu.sn\";s:6:\"profil\";s:1:\"2\";s:11:\"utilisateur\";s:1:\"1\";s:6:\"prenom\";s:7:\"Birahim\";s:3:\"nom\";s:5:\"BABOU\";s:4:\"role\";s:18:\"GMB_ADMINISTRATEUR\";}'),
(1311, 4, 1, 'a:7:{s:9:\"connexion\";b:1;s:4:\"mail\";s:24:\"birahim.babou@uvs.edu.sn\";s:6:\"profil\";s:1:\"2\";s:11:\"utilisateur\";s:1:\"1\";s:6:\"prenom\";s:7:\"Birahim\";s:3:\"nom\";s:5:\"BABOU\";s:4:\"role\";s:18:\"GMB_ADMINISTRATEUR\";}'),
(1312, 4, 1, 'a:7:{s:9:\"connexion\";b:1;s:4:\"mail\";s:24:\"birahim.babou@uvs.edu.sn\";s:6:\"profil\";s:1:\"2\";s:11:\"utilisateur\";s:1:\"1\";s:6:\"prenom\";s:7:\"Birahim\";s:3:\"nom\";s:5:\"BABOU\";s:4:\"role\";s:18:\"GMB_ADMINISTRATEUR\";}'),
(1313, 4, 1, 'a:7:{s:9:\"connexion\";b:1;s:4:\"mail\";s:24:\"birahim.babou@uvs.edu.sn\";s:6:\"profil\";s:1:\"2\";s:11:\"utilisateur\";s:1:\"1\";s:6:\"prenom\";s:7:\"Birahim\";s:3:\"nom\";s:5:\"BABOU\";s:4:\"role\";s:18:\"GMB_ADMINISTRATEUR\";}'),
(1314, 4, 1, 'a:7:{s:9:\"connexion\";b:1;s:4:\"mail\";s:24:\"birahim.babou@uvs.edu.sn\";s:6:\"profil\";s:1:\"2\";s:11:\"utilisateur\";s:1:\"1\";s:6:\"prenom\";s:7:\"Birahim\";s:3:\"nom\";s:5:\"BABOU\";s:4:\"role\";s:18:\"GMB_ADMINISTRATEUR\";}'),
(1315, 4, 1, 'a:7:{s:9:\"connexion\";b:1;s:4:\"mail\";s:24:\"birahim.babou@uvs.edu.sn\";s:6:\"profil\";s:1:\"2\";s:11:\"utilisateur\";s:1:\"1\";s:6:\"prenom\";s:7:\"Birahim\";s:3:\"nom\";s:5:\"BABOU\";s:4:\"role\";s:18:\"GMB_ADMINISTRATEUR\";}'),
(1316, 4, 1, 'a:7:{s:9:\"connexion\";b:1;s:4:\"mail\";s:24:\"birahim.babou@uvs.edu.sn\";s:6:\"profil\";s:1:\"2\";s:11:\"utilisateur\";s:1:\"1\";s:6:\"prenom\";s:7:\"Birahim\";s:3:\"nom\";s:5:\"BABOU\";s:4:\"role\";s:18:\"GMB_ADMINISTRATEUR\";}'),
(1317, 4, 1, 'a:7:{s:9:\"connexion\";b:1;s:4:\"mail\";s:24:\"birahim.babou@uvs.edu.sn\";s:6:\"profil\";s:1:\"2\";s:11:\"utilisateur\";s:1:\"1\";s:6:\"prenom\";s:7:\"Birahim\";s:3:\"nom\";s:5:\"BABOU\";s:4:\"role\";s:18:\"GMB_ADMINISTRATEUR\";}'),
(1318, 4, 1, 'a:7:{s:9:\"connexion\";b:1;s:4:\"mail\";s:24:\"birahim.babou@uvs.edu.sn\";s:6:\"profil\";s:1:\"2\";s:11:\"utilisateur\";s:1:\"1\";s:6:\"prenom\";s:7:\"Birahim\";s:3:\"nom\";s:5:\"BABOU\";s:4:\"role\";s:18:\"GMB_ADMINISTRATEUR\";}'),
(1319, 4, 1, 'a:7:{s:9:\"connexion\";b:1;s:4:\"mail\";s:24:\"birahim.babou@uvs.edu.sn\";s:6:\"profil\";s:1:\"2\";s:11:\"utilisateur\";s:1:\"1\";s:6:\"prenom\";s:7:\"Birahim\";s:3:\"nom\";s:5:\"BABOU\";s:4:\"role\";s:18:\"GMB_ADMINISTRATEUR\";}'),
(1320, 4, 1, 'a:7:{s:9:\"connexion\";b:1;s:4:\"mail\";s:24:\"birahim.babou@uvs.edu.sn\";s:6:\"profil\";s:1:\"2\";s:11:\"utilisateur\";s:1:\"1\";s:6:\"prenom\";s:7:\"Birahim\";s:3:\"nom\";s:5:\"BABOU\";s:4:\"role\";s:18:\"GMB_ADMINISTRATEUR\";}'),
(1321, 4, 1, 'a:7:{s:9:\"connexion\";b:1;s:4:\"mail\";s:24:\"birahim.babou@uvs.edu.sn\";s:6:\"profil\";s:1:\"2\";s:11:\"utilisateur\";s:1:\"1\";s:6:\"prenom\";s:7:\"Birahim\";s:3:\"nom\";s:5:\"BABOU\";s:4:\"role\";s:18:\"GMB_ADMINISTRATEUR\";}'),
(1322, 4, 1, 'a:7:{s:9:\"connexion\";b:1;s:4:\"mail\";s:24:\"birahim.babou@uvs.edu.sn\";s:6:\"profil\";s:1:\"2\";s:11:\"utilisateur\";s:1:\"1\";s:6:\"prenom\";s:7:\"Birahim\";s:3:\"nom\";s:5:\"BABOU\";s:4:\"role\";s:18:\"GMB_ADMINISTRATEUR\";}'),
(1323, 4, 1, 'a:7:{s:9:\"connexion\";b:1;s:4:\"mail\";s:24:\"birahim.babou@uvs.edu.sn\";s:6:\"profil\";s:1:\"2\";s:11:\"utilisateur\";s:1:\"1\";s:6:\"prenom\";s:7:\"Birahim\";s:3:\"nom\";s:5:\"BABOU\";s:4:\"role\";s:18:\"GMB_ADMINISTRATEUR\";}'),
(1324, 4, 1, 'a:7:{s:9:\"connexion\";b:1;s:4:\"mail\";s:24:\"birahim.babou@uvs.edu.sn\";s:6:\"profil\";s:1:\"2\";s:11:\"utilisateur\";s:1:\"1\";s:6:\"prenom\";s:7:\"Birahim\";s:3:\"nom\";s:5:\"BABOU\";s:4:\"role\";s:18:\"GMB_ADMINISTRATEUR\";}'),
(1325, 4, 1, 'a:7:{s:9:\"connexion\";b:1;s:4:\"mail\";s:24:\"birahim.babou@uvs.edu.sn\";s:6:\"profil\";s:1:\"2\";s:11:\"utilisateur\";s:1:\"1\";s:6:\"prenom\";s:7:\"Birahim\";s:3:\"nom\";s:5:\"BABOU\";s:4:\"role\";s:18:\"GMB_ADMINISTRATEUR\";}'),
(1326, 4, 1, 'a:7:{s:9:\"connexion\";b:1;s:4:\"mail\";s:24:\"birahim.babou@uvs.edu.sn\";s:6:\"profil\";s:1:\"2\";s:11:\"utilisateur\";s:1:\"1\";s:6:\"prenom\";s:7:\"Birahim\";s:3:\"nom\";s:5:\"BABOU\";s:4:\"role\";s:18:\"GMB_ADMINISTRATEUR\";}'),
(1327, 4, 1, 'a:7:{s:9:\"connexion\";b:1;s:4:\"mail\";s:24:\"birahim.babou@uvs.edu.sn\";s:6:\"profil\";s:1:\"2\";s:11:\"utilisateur\";s:1:\"1\";s:6:\"prenom\";s:7:\"Birahim\";s:3:\"nom\";s:5:\"BABOU\";s:4:\"role\";s:18:\"GMB_ADMINISTRATEUR\";}'),
(1328, 4, 1, 'a:7:{s:9:\"connexion\";b:1;s:4:\"mail\";s:24:\"birahim.babou@uvs.edu.sn\";s:6:\"profil\";s:1:\"2\";s:11:\"utilisateur\";s:1:\"1\";s:6:\"prenom\";s:7:\"Birahim\";s:3:\"nom\";s:5:\"BABOU\";s:4:\"role\";s:18:\"GMB_ADMINISTRATEUR\";}'),
(1329, 4, 1, 'a:7:{s:9:\"connexion\";b:1;s:4:\"mail\";s:24:\"birahim.babou@uvs.edu.sn\";s:6:\"profil\";s:1:\"2\";s:11:\"utilisateur\";s:1:\"1\";s:6:\"prenom\";s:7:\"Birahim\";s:3:\"nom\";s:5:\"BABOU\";s:4:\"role\";s:18:\"GMB_ADMINISTRATEUR\";}'),
(1330, 4, 1, 'a:7:{s:9:\"connexion\";b:1;s:4:\"mail\";s:24:\"birahim.babou@uvs.edu.sn\";s:6:\"profil\";s:1:\"2\";s:11:\"utilisateur\";s:1:\"1\";s:6:\"prenom\";s:7:\"Birahim\";s:3:\"nom\";s:5:\"BABOU\";s:4:\"role\";s:18:\"GMB_ADMINISTRATEUR\";}'),
(1331, 4, 1, 'a:7:{s:9:\"connexion\";b:1;s:4:\"mail\";s:24:\"birahim.babou@uvs.edu.sn\";s:6:\"profil\";s:1:\"2\";s:11:\"utilisateur\";s:1:\"1\";s:6:\"prenom\";s:7:\"Birahim\";s:3:\"nom\";s:5:\"BABOU\";s:4:\"role\";s:18:\"GMB_ADMINISTRATEUR\";}'),
(1332, 4, 1, 'a:7:{s:9:\"connexion\";b:1;s:4:\"mail\";s:24:\"birahim.babou@uvs.edu.sn\";s:6:\"profil\";s:1:\"2\";s:11:\"utilisateur\";s:1:\"1\";s:6:\"prenom\";s:7:\"Birahim\";s:3:\"nom\";s:5:\"BABOU\";s:4:\"role\";s:18:\"GMB_ADMINISTRATEUR\";}'),
(1333, 4, 1, 'a:7:{s:9:\"connexion\";b:1;s:4:\"mail\";s:24:\"birahim.babou@uvs.edu.sn\";s:6:\"profil\";s:1:\"2\";s:11:\"utilisateur\";s:1:\"1\";s:6:\"prenom\";s:7:\"Birahim\";s:3:\"nom\";s:5:\"BABOU\";s:4:\"role\";s:18:\"GMB_ADMINISTRATEUR\";}'),
(1334, 4, 1, 'a:7:{s:9:\"connexion\";b:1;s:4:\"mail\";s:24:\"birahim.babou@uvs.edu.sn\";s:6:\"profil\";s:1:\"2\";s:11:\"utilisateur\";s:1:\"1\";s:6:\"prenom\";s:7:\"Birahim\";s:3:\"nom\";s:5:\"BABOU\";s:4:\"role\";s:18:\"GMB_ADMINISTRATEUR\";}'),
(1335, 4, 1, 'a:7:{s:9:\"connexion\";b:1;s:4:\"mail\";s:24:\"birahim.babou@uvs.edu.sn\";s:6:\"profil\";s:1:\"2\";s:11:\"utilisateur\";s:1:\"1\";s:6:\"prenom\";s:7:\"Birahim\";s:3:\"nom\";s:5:\"BABOU\";s:4:\"role\";s:18:\"GMB_ADMINISTRATEUR\";}'),
(1336, 4, 1, 'a:7:{s:9:\"connexion\";b:1;s:4:\"mail\";s:24:\"birahim.babou@uvs.edu.sn\";s:6:\"profil\";s:1:\"2\";s:11:\"utilisateur\";s:1:\"1\";s:6:\"prenom\";s:7:\"Birahim\";s:3:\"nom\";s:5:\"BABOU\";s:4:\"role\";s:18:\"GMB_ADMINISTRATEUR\";}'),
(1337, 4, 1, 'a:7:{s:9:\"connexion\";b:1;s:4:\"mail\";s:24:\"birahim.babou@uvs.edu.sn\";s:6:\"profil\";s:1:\"2\";s:11:\"utilisateur\";s:1:\"1\";s:6:\"prenom\";s:7:\"Birahim\";s:3:\"nom\";s:5:\"BABOU\";s:4:\"role\";s:18:\"GMB_ADMINISTRATEUR\";}'),
(1338, 4, 1, 'a:7:{s:9:\"connexion\";b:1;s:4:\"mail\";s:24:\"birahim.babou@uvs.edu.sn\";s:6:\"profil\";s:1:\"2\";s:11:\"utilisateur\";s:1:\"1\";s:6:\"prenom\";s:7:\"Birahim\";s:3:\"nom\";s:5:\"BABOU\";s:4:\"role\";s:18:\"GMB_ADMINISTRATEUR\";}'),
(1339, 4, 1, 'a:7:{s:9:\"connexion\";b:1;s:4:\"mail\";s:24:\"birahim.babou@uvs.edu.sn\";s:6:\"profil\";s:1:\"2\";s:11:\"utilisateur\";s:1:\"1\";s:6:\"prenom\";s:7:\"Birahim\";s:3:\"nom\";s:5:\"BABOU\";s:4:\"role\";s:18:\"GMB_ADMINISTRATEUR\";}'),
(1340, 4, 1, 'a:7:{s:9:\"connexion\";b:1;s:4:\"mail\";s:24:\"birahim.babou@uvs.edu.sn\";s:6:\"profil\";s:1:\"2\";s:11:\"utilisateur\";s:1:\"1\";s:6:\"prenom\";s:7:\"Birahim\";s:3:\"nom\";s:5:\"BABOU\";s:4:\"role\";s:18:\"GMB_ADMINISTRATEUR\";}'),
(1341, 4, 1, 'a:7:{s:9:\"connexion\";b:1;s:4:\"mail\";s:24:\"birahim.babou@uvs.edu.sn\";s:6:\"profil\";s:1:\"2\";s:11:\"utilisateur\";s:1:\"1\";s:6:\"prenom\";s:7:\"Birahim\";s:3:\"nom\";s:5:\"BABOU\";s:4:\"role\";s:18:\"GMB_ADMINISTRATEUR\";}'),
(1342, 4, 1, 'a:7:{s:9:\"connexion\";b:1;s:4:\"mail\";s:24:\"birahim.babou@uvs.edu.sn\";s:6:\"profil\";s:1:\"2\";s:11:\"utilisateur\";s:1:\"1\";s:6:\"prenom\";s:7:\"Birahim\";s:3:\"nom\";s:5:\"BABOU\";s:4:\"role\";s:18:\"GMB_ADMINISTRATEUR\";}'),
(1343, 4, 1, 'a:7:{s:9:\"connexion\";b:1;s:4:\"mail\";s:24:\"birahim.babou@uvs.edu.sn\";s:6:\"profil\";s:1:\"2\";s:11:\"utilisateur\";s:1:\"1\";s:6:\"prenom\";s:7:\"Birahim\";s:3:\"nom\";s:5:\"BABOU\";s:4:\"role\";s:18:\"GMB_ADMINISTRATEUR\";}'),
(1344, 4, 1, 'a:7:{s:9:\"connexion\";b:1;s:4:\"mail\";s:24:\"birahim.babou@uvs.edu.sn\";s:6:\"profil\";s:1:\"2\";s:11:\"utilisateur\";s:1:\"1\";s:6:\"prenom\";s:7:\"Birahim\";s:3:\"nom\";s:5:\"BABOU\";s:4:\"role\";s:18:\"GMB_ADMINISTRATEUR\";}'),
(1345, 4, 1, 'a:7:{s:9:\"connexion\";b:1;s:4:\"mail\";s:24:\"birahim.babou@uvs.edu.sn\";s:6:\"profil\";s:1:\"2\";s:11:\"utilisateur\";s:1:\"1\";s:6:\"prenom\";s:7:\"Birahim\";s:3:\"nom\";s:5:\"BABOU\";s:4:\"role\";s:18:\"GMB_ADMINISTRATEUR\";}'),
(1346, 4, 1, 'a:7:{s:9:\"connexion\";b:1;s:4:\"mail\";s:24:\"birahim.babou@uvs.edu.sn\";s:6:\"profil\";s:1:\"2\";s:11:\"utilisateur\";s:1:\"1\";s:6:\"prenom\";s:7:\"Birahim\";s:3:\"nom\";s:5:\"BABOU\";s:4:\"role\";s:18:\"GMB_ADMINISTRATEUR\";}'),
(1347, 4, 1, 'a:7:{s:9:\"connexion\";b:1;s:4:\"mail\";s:24:\"birahim.babou@uvs.edu.sn\";s:6:\"profil\";s:1:\"2\";s:11:\"utilisateur\";s:1:\"1\";s:6:\"prenom\";s:7:\"Birahim\";s:3:\"nom\";s:5:\"BABOU\";s:4:\"role\";s:18:\"GMB_ADMINISTRATEUR\";}'),
(1348, 4, 1, 'a:7:{s:9:\"connexion\";b:1;s:4:\"mail\";s:24:\"birahim.babou@uvs.edu.sn\";s:6:\"profil\";s:1:\"2\";s:11:\"utilisateur\";s:1:\"1\";s:6:\"prenom\";s:7:\"Birahim\";s:3:\"nom\";s:5:\"BABOU\";s:4:\"role\";s:18:\"GMB_ADMINISTRATEUR\";}'),
(1349, 4, 1, 'a:7:{s:9:\"connexion\";b:1;s:4:\"mail\";s:24:\"birahim.babou@uvs.edu.sn\";s:6:\"profil\";s:1:\"2\";s:11:\"utilisateur\";s:1:\"1\";s:6:\"prenom\";s:7:\"Birahim\";s:3:\"nom\";s:5:\"BABOU\";s:4:\"role\";s:18:\"GMB_ADMINISTRATEUR\";}'),
(1350, 4, 1, 'a:7:{s:9:\"connexion\";b:1;s:4:\"mail\";s:24:\"birahim.babou@uvs.edu.sn\";s:6:\"profil\";s:1:\"2\";s:11:\"utilisateur\";s:1:\"1\";s:6:\"prenom\";s:7:\"Birahim\";s:3:\"nom\";s:5:\"BABOU\";s:4:\"role\";s:18:\"GMB_ADMINISTRATEUR\";}'),
(1351, 4, 1, 'a:7:{s:9:\"connexion\";b:1;s:4:\"mail\";s:24:\"birahim.babou@uvs.edu.sn\";s:6:\"profil\";s:1:\"2\";s:11:\"utilisateur\";s:1:\"1\";s:6:\"prenom\";s:7:\"Birahim\";s:3:\"nom\";s:5:\"BABOU\";s:4:\"role\";s:18:\"GMB_ADMINISTRATEUR\";}'),
(1352, 4, 1, 'a:7:{s:9:\"connexion\";b:1;s:4:\"mail\";s:24:\"birahim.babou@uvs.edu.sn\";s:6:\"profil\";s:1:\"2\";s:11:\"utilisateur\";s:1:\"1\";s:6:\"prenom\";s:7:\"Birahim\";s:3:\"nom\";s:5:\"BABOU\";s:4:\"role\";s:18:\"GMB_ADMINISTRATEUR\";}'),
(1353, 4, 1, 'a:7:{s:9:\"connexion\";b:1;s:4:\"mail\";s:24:\"birahim.babou@uvs.edu.sn\";s:6:\"profil\";s:1:\"2\";s:11:\"utilisateur\";s:1:\"1\";s:6:\"prenom\";s:7:\"Birahim\";s:3:\"nom\";s:5:\"BABOU\";s:4:\"role\";s:18:\"GMB_ADMINISTRATEUR\";}'),
(1354, 4, 1, 'a:7:{s:9:\"connexion\";b:1;s:4:\"mail\";s:24:\"birahim.babou@uvs.edu.sn\";s:6:\"profil\";s:1:\"2\";s:11:\"utilisateur\";s:1:\"1\";s:6:\"prenom\";s:7:\"Birahim\";s:3:\"nom\";s:5:\"BABOU\";s:4:\"role\";s:18:\"GMB_ADMINISTRATEUR\";}'),
(1355, 4, 1, 'a:7:{s:9:\"connexion\";b:1;s:4:\"mail\";s:24:\"birahim.babou@uvs.edu.sn\";s:6:\"profil\";s:1:\"2\";s:11:\"utilisateur\";s:1:\"1\";s:6:\"prenom\";s:7:\"Birahim\";s:3:\"nom\";s:5:\"BABOU\";s:4:\"role\";s:18:\"GMB_ADMINISTRATEUR\";}'),
(1356, 4, 1, 'a:7:{s:9:\"connexion\";b:1;s:4:\"mail\";s:24:\"birahim.babou@uvs.edu.sn\";s:6:\"profil\";s:1:\"2\";s:11:\"utilisateur\";s:1:\"1\";s:6:\"prenom\";s:7:\"Birahim\";s:3:\"nom\";s:5:\"BABOU\";s:4:\"role\";s:18:\"GMB_ADMINISTRATEUR\";}'),
(1357, 4, 1, 'a:7:{s:9:\"connexion\";b:1;s:4:\"mail\";s:24:\"birahim.babou@uvs.edu.sn\";s:6:\"profil\";s:1:\"2\";s:11:\"utilisateur\";s:1:\"1\";s:6:\"prenom\";s:7:\"Birahim\";s:3:\"nom\";s:5:\"BABOU\";s:4:\"role\";s:18:\"GMB_ADMINISTRATEUR\";}'),
(1358, 4, 1, 'a:7:{s:9:\"connexion\";b:1;s:4:\"mail\";s:24:\"birahim.babou@uvs.edu.sn\";s:6:\"profil\";s:1:\"2\";s:11:\"utilisateur\";s:1:\"1\";s:6:\"prenom\";s:7:\"Birahim\";s:3:\"nom\";s:5:\"BABOU\";s:4:\"role\";s:18:\"GMB_ADMINISTRATEUR\";}'),
(1359, 4, 1, 'a:7:{s:9:\"connexion\";b:1;s:4:\"mail\";s:24:\"birahim.babou@uvs.edu.sn\";s:6:\"profil\";s:1:\"2\";s:11:\"utilisateur\";s:1:\"1\";s:6:\"prenom\";s:7:\"Birahim\";s:3:\"nom\";s:5:\"BABOU\";s:4:\"role\";s:18:\"GMB_ADMINISTRATEUR\";}'),
(1360, 4, 1, 'a:7:{s:9:\"connexion\";b:1;s:4:\"mail\";s:24:\"birahim.babou@uvs.edu.sn\";s:6:\"profil\";s:1:\"2\";s:11:\"utilisateur\";s:1:\"1\";s:6:\"prenom\";s:7:\"Birahim\";s:3:\"nom\";s:5:\"BABOU\";s:4:\"role\";s:18:\"GMB_ADMINISTRATEUR\";}'),
(1361, 4, 1, 'a:7:{s:9:\"connexion\";b:1;s:4:\"mail\";s:24:\"birahim.babou@uvs.edu.sn\";s:6:\"profil\";s:1:\"2\";s:11:\"utilisateur\";s:1:\"1\";s:6:\"prenom\";s:7:\"Birahim\";s:3:\"nom\";s:5:\"BABOU\";s:4:\"role\";s:18:\"GMB_ADMINISTRATEUR\";}'),
(1362, 4, 1, 'a:7:{s:9:\"connexion\";b:1;s:4:\"mail\";s:24:\"birahim.babou@uvs.edu.sn\";s:6:\"profil\";s:1:\"2\";s:11:\"utilisateur\";s:1:\"1\";s:6:\"prenom\";s:7:\"Birahim\";s:3:\"nom\";s:5:\"BABOU\";s:4:\"role\";s:18:\"GMB_ADMINISTRATEUR\";}'),
(1363, 4, 1, 'a:7:{s:9:\"connexion\";b:1;s:4:\"mail\";s:24:\"birahim.babou@uvs.edu.sn\";s:6:\"profil\";s:1:\"2\";s:11:\"utilisateur\";s:1:\"1\";s:6:\"prenom\";s:7:\"Birahim\";s:3:\"nom\";s:5:\"BABOU\";s:4:\"role\";s:18:\"GMB_ADMINISTRATEUR\";}'),
(1364, 4, 1, 'a:7:{s:9:\"connexion\";b:1;s:4:\"mail\";s:24:\"birahim.babou@uvs.edu.sn\";s:6:\"profil\";s:1:\"2\";s:11:\"utilisateur\";s:1:\"1\";s:6:\"prenom\";s:7:\"Birahim\";s:3:\"nom\";s:5:\"BABOU\";s:4:\"role\";s:18:\"GMB_ADMINISTRATEUR\";}'),
(1365, 4, 1, 'a:7:{s:9:\"connexion\";b:1;s:4:\"mail\";s:24:\"birahim.babou@uvs.edu.sn\";s:6:\"profil\";s:1:\"2\";s:11:\"utilisateur\";s:1:\"1\";s:6:\"prenom\";s:7:\"Birahim\";s:3:\"nom\";s:5:\"BABOU\";s:4:\"role\";s:18:\"GMB_ADMINISTRATEUR\";}'),
(1366, 4, 1, 'a:7:{s:9:\"connexion\";b:1;s:4:\"mail\";s:24:\"birahim.babou@uvs.edu.sn\";s:6:\"profil\";s:1:\"2\";s:11:\"utilisateur\";s:1:\"1\";s:6:\"prenom\";s:7:\"Birahim\";s:3:\"nom\";s:5:\"BABOU\";s:4:\"role\";s:18:\"GMB_ADMINISTRATEUR\";}'),
(1367, 4, 1, 'a:7:{s:9:\"connexion\";b:1;s:4:\"mail\";s:24:\"birahim.babou@uvs.edu.sn\";s:6:\"profil\";s:1:\"2\";s:11:\"utilisateur\";s:1:\"1\";s:6:\"prenom\";s:7:\"Birahim\";s:3:\"nom\";s:5:\"BABOU\";s:4:\"role\";s:18:\"GMB_ADMINISTRATEUR\";}'),
(1368, 4, 1, 'a:7:{s:9:\"connexion\";b:1;s:4:\"mail\";s:24:\"birahim.babou@uvs.edu.sn\";s:6:\"profil\";s:1:\"2\";s:11:\"utilisateur\";s:1:\"1\";s:6:\"prenom\";s:7:\"Birahim\";s:3:\"nom\";s:5:\"BABOU\";s:4:\"role\";s:18:\"GMB_ADMINISTRATEUR\";}'),
(1369, 4, 1, 'a:7:{s:9:\"connexion\";b:1;s:4:\"mail\";s:24:\"birahim.babou@uvs.edu.sn\";s:6:\"profil\";s:1:\"2\";s:11:\"utilisateur\";s:1:\"1\";s:6:\"prenom\";s:7:\"Birahim\";s:3:\"nom\";s:5:\"BABOU\";s:4:\"role\";s:18:\"GMB_ADMINISTRATEUR\";}'),
(1370, 4, 1, 'a:7:{s:9:\"connexion\";b:1;s:4:\"mail\";s:24:\"birahim.babou@uvs.edu.sn\";s:6:\"profil\";s:1:\"2\";s:11:\"utilisateur\";s:1:\"1\";s:6:\"prenom\";s:7:\"Birahim\";s:3:\"nom\";s:5:\"BABOU\";s:4:\"role\";s:18:\"GMB_ADMINISTRATEUR\";}'),
(1371, 4, 1, 'a:7:{s:9:\"connexion\";b:1;s:4:\"mail\";s:24:\"birahim.babou@uvs.edu.sn\";s:6:\"profil\";s:1:\"2\";s:11:\"utilisateur\";s:1:\"1\";s:6:\"prenom\";s:7:\"Birahim\";s:3:\"nom\";s:5:\"BABOU\";s:4:\"role\";s:18:\"GMB_ADMINISTRATEUR\";}'),
(1372, 4, 1, 'a:7:{s:9:\"connexion\";b:1;s:4:\"mail\";s:24:\"birahim.babou@uvs.edu.sn\";s:6:\"profil\";s:1:\"2\";s:11:\"utilisateur\";s:1:\"1\";s:6:\"prenom\";s:7:\"Birahim\";s:3:\"nom\";s:5:\"BABOU\";s:4:\"role\";s:18:\"GMB_ADMINISTRATEUR\";}'),
(1373, 4, 1, 'a:7:{s:9:\"connexion\";b:1;s:4:\"mail\";s:24:\"birahim.babou@uvs.edu.sn\";s:6:\"profil\";s:1:\"2\";s:11:\"utilisateur\";s:1:\"1\";s:6:\"prenom\";s:7:\"Birahim\";s:3:\"nom\";s:5:\"BABOU\";s:4:\"role\";s:18:\"GMB_ADMINISTRATEUR\";}'),
(1374, 4, 1, 'a:7:{s:9:\"connexion\";b:1;s:4:\"mail\";s:24:\"birahim.babou@uvs.edu.sn\";s:6:\"profil\";s:1:\"2\";s:11:\"utilisateur\";s:1:\"1\";s:6:\"prenom\";s:7:\"Birahim\";s:3:\"nom\";s:5:\"BABOU\";s:4:\"role\";s:18:\"GMB_ADMINISTRATEUR\";}'),
(1375, 4, 1, 'a:7:{s:9:\"connexion\";b:1;s:4:\"mail\";s:24:\"birahim.babou@uvs.edu.sn\";s:6:\"profil\";s:1:\"2\";s:11:\"utilisateur\";s:1:\"1\";s:6:\"prenom\";s:7:\"Birahim\";s:3:\"nom\";s:5:\"BABOU\";s:4:\"role\";s:18:\"GMB_ADMINISTRATEUR\";}'),
(1376, 4, 1, 'a:7:{s:9:\"connexion\";b:1;s:4:\"mail\";s:24:\"birahim.babou@uvs.edu.sn\";s:6:\"profil\";s:1:\"2\";s:11:\"utilisateur\";s:1:\"1\";s:6:\"prenom\";s:7:\"Birahim\";s:3:\"nom\";s:5:\"BABOU\";s:4:\"role\";s:18:\"GMB_ADMINISTRATEUR\";}'),
(1377, 4, 1, 'a:7:{s:9:\"connexion\";b:1;s:4:\"mail\";s:24:\"birahim.babou@uvs.edu.sn\";s:6:\"profil\";s:1:\"2\";s:11:\"utilisateur\";s:1:\"1\";s:6:\"prenom\";s:7:\"Birahim\";s:3:\"nom\";s:5:\"BABOU\";s:4:\"role\";s:18:\"GMB_ADMINISTRATEUR\";}'),
(1378, 4, 1, 'a:7:{s:9:\"connexion\";b:1;s:4:\"mail\";s:24:\"birahim.babou@uvs.edu.sn\";s:6:\"profil\";s:1:\"2\";s:11:\"utilisateur\";s:1:\"1\";s:6:\"prenom\";s:7:\"Birahim\";s:3:\"nom\";s:5:\"BABOU\";s:4:\"role\";s:18:\"GMB_ADMINISTRATEUR\";}'),
(1379, 4, 1, 'a:7:{s:9:\"connexion\";b:1;s:4:\"mail\";s:24:\"birahim.babou@uvs.edu.sn\";s:6:\"profil\";s:1:\"2\";s:11:\"utilisateur\";s:1:\"1\";s:6:\"prenom\";s:7:\"Birahim\";s:3:\"nom\";s:5:\"BABOU\";s:4:\"role\";s:18:\"GMB_ADMINISTRATEUR\";}'),
(1380, 4, 1, 'a:7:{s:9:\"connexion\";b:1;s:4:\"mail\";s:24:\"birahim.babou@uvs.edu.sn\";s:6:\"profil\";s:1:\"2\";s:11:\"utilisateur\";s:1:\"1\";s:6:\"prenom\";s:7:\"Birahim\";s:3:\"nom\";s:5:\"BABOU\";s:4:\"role\";s:18:\"GMB_ADMINISTRATEUR\";}'),
(1381, 4, 1, 'a:7:{s:9:\"connexion\";b:1;s:4:\"mail\";s:24:\"birahim.babou@uvs.edu.sn\";s:6:\"profil\";s:1:\"2\";s:11:\"utilisateur\";s:1:\"1\";s:6:\"prenom\";s:7:\"Birahim\";s:3:\"nom\";s:5:\"BABOU\";s:4:\"role\";s:18:\"GMB_ADMINISTRATEUR\";}'),
(1382, 4, 1, 'a:7:{s:9:\"connexion\";b:1;s:4:\"mail\";s:24:\"birahim.babou@uvs.edu.sn\";s:6:\"profil\";s:1:\"2\";s:11:\"utilisateur\";s:1:\"1\";s:6:\"prenom\";s:7:\"Birahim\";s:3:\"nom\";s:5:\"BABOU\";s:4:\"role\";s:18:\"GMB_ADMINISTRATEUR\";}'),
(1383, 4, 1, 'a:7:{s:9:\"connexion\";b:1;s:4:\"mail\";s:24:\"birahim.babou@uvs.edu.sn\";s:6:\"profil\";s:1:\"2\";s:11:\"utilisateur\";s:1:\"1\";s:6:\"prenom\";s:7:\"Birahim\";s:3:\"nom\";s:5:\"BABOU\";s:4:\"role\";s:18:\"GMB_ADMINISTRATEUR\";}'),
(1384, 4, 1, 'a:7:{s:9:\"connexion\";b:1;s:4:\"mail\";s:24:\"birahim.babou@uvs.edu.sn\";s:6:\"profil\";s:1:\"2\";s:11:\"utilisateur\";s:1:\"1\";s:6:\"prenom\";s:7:\"Birahim\";s:3:\"nom\";s:5:\"BABOU\";s:4:\"role\";s:18:\"GMB_ADMINISTRATEUR\";}'),
(1385, 4, 1, 'a:7:{s:9:\"connexion\";b:1;s:4:\"mail\";s:24:\"birahim.babou@uvs.edu.sn\";s:6:\"profil\";s:1:\"2\";s:11:\"utilisateur\";s:1:\"1\";s:6:\"prenom\";s:7:\"Birahim\";s:3:\"nom\";s:5:\"BABOU\";s:4:\"role\";s:18:\"GMB_ADMINISTRATEUR\";}'),
(1386, 4, 1, 'a:7:{s:9:\"connexion\";b:1;s:4:\"mail\";s:24:\"birahim.babou@uvs.edu.sn\";s:6:\"profil\";s:1:\"2\";s:11:\"utilisateur\";s:1:\"1\";s:6:\"prenom\";s:7:\"Birahim\";s:3:\"nom\";s:5:\"BABOU\";s:4:\"role\";s:18:\"GMB_ADMINISTRATEUR\";}'),
(1387, 4, 1, 'a:7:{s:9:\"connexion\";b:1;s:4:\"mail\";s:24:\"birahim.babou@uvs.edu.sn\";s:6:\"profil\";s:1:\"2\";s:11:\"utilisateur\";s:1:\"1\";s:6:\"prenom\";s:7:\"Birahim\";s:3:\"nom\";s:5:\"BABOU\";s:4:\"role\";s:18:\"GMB_ADMINISTRATEUR\";}'),
(1388, 4, 1, 'a:7:{s:9:\"connexion\";b:1;s:4:\"mail\";s:24:\"birahim.babou@uvs.edu.sn\";s:6:\"profil\";s:1:\"2\";s:11:\"utilisateur\";s:1:\"1\";s:6:\"prenom\";s:7:\"Birahim\";s:3:\"nom\";s:5:\"BABOU\";s:4:\"role\";s:18:\"GMB_ADMINISTRATEUR\";}'),
(1389, 4, 1, 'a:7:{s:9:\"connexion\";b:1;s:4:\"mail\";s:24:\"birahim.babou@uvs.edu.sn\";s:6:\"profil\";s:1:\"2\";s:11:\"utilisateur\";s:1:\"1\";s:6:\"prenom\";s:7:\"Birahim\";s:3:\"nom\";s:5:\"BABOU\";s:4:\"role\";s:18:\"GMB_ADMINISTRATEUR\";}'),
(1390, 4, 1, 'a:7:{s:9:\"connexion\";b:1;s:4:\"mail\";s:24:\"birahim.babou@uvs.edu.sn\";s:6:\"profil\";s:1:\"2\";s:11:\"utilisateur\";s:1:\"1\";s:6:\"prenom\";s:7:\"Birahim\";s:3:\"nom\";s:5:\"BABOU\";s:4:\"role\";s:18:\"GMB_ADMINISTRATEUR\";}'),
(1391, 4, 1, 'a:7:{s:9:\"connexion\";b:1;s:4:\"mail\";s:24:\"birahim.babou@uvs.edu.sn\";s:6:\"profil\";s:1:\"2\";s:11:\"utilisateur\";s:1:\"1\";s:6:\"prenom\";s:7:\"Birahim\";s:3:\"nom\";s:5:\"BABOU\";s:4:\"role\";s:18:\"GMB_ADMINISTRATEUR\";}'),
(1392, 4, 1, 'a:7:{s:9:\"connexion\";b:1;s:4:\"mail\";s:24:\"birahim.babou@uvs.edu.sn\";s:6:\"profil\";s:1:\"2\";s:11:\"utilisateur\";s:1:\"1\";s:6:\"prenom\";s:7:\"Birahim\";s:3:\"nom\";s:5:\"BABOU\";s:4:\"role\";s:18:\"GMB_ADMINISTRATEUR\";}'),
(1393, 4, 1, 'a:7:{s:9:\"connexion\";b:1;s:4:\"mail\";s:24:\"birahim.babou@uvs.edu.sn\";s:6:\"profil\";s:1:\"2\";s:11:\"utilisateur\";s:1:\"1\";s:6:\"prenom\";s:7:\"Birahim\";s:3:\"nom\";s:5:\"BABOU\";s:4:\"role\";s:18:\"GMB_ADMINISTRATEUR\";}'),
(1394, 4, 1, 'a:7:{s:9:\"connexion\";b:1;s:4:\"mail\";s:24:\"birahim.babou@uvs.edu.sn\";s:6:\"profil\";s:1:\"2\";s:11:\"utilisateur\";s:1:\"1\";s:6:\"prenom\";s:7:\"Birahim\";s:3:\"nom\";s:5:\"BABOU\";s:4:\"role\";s:18:\"GMB_ADMINISTRATEUR\";}'),
(1395, 4, 1, 'a:7:{s:9:\"connexion\";b:1;s:4:\"mail\";s:24:\"birahim.babou@uvs.edu.sn\";s:6:\"profil\";s:1:\"2\";s:11:\"utilisateur\";s:1:\"1\";s:6:\"prenom\";s:7:\"Birahim\";s:3:\"nom\";s:5:\"BABOU\";s:4:\"role\";s:18:\"GMB_ADMINISTRATEUR\";}'),
(1396, 4, 1, 'a:7:{s:9:\"connexion\";b:1;s:4:\"mail\";s:24:\"birahim.babou@uvs.edu.sn\";s:6:\"profil\";s:1:\"2\";s:11:\"utilisateur\";s:1:\"1\";s:6:\"prenom\";s:7:\"Birahim\";s:3:\"nom\";s:5:\"BABOU\";s:4:\"role\";s:18:\"GMB_ADMINISTRATEUR\";}'),
(1397, 4, 1, 'a:7:{s:9:\"connexion\";b:1;s:4:\"mail\";s:24:\"birahim.babou@uvs.edu.sn\";s:6:\"profil\";s:1:\"2\";s:11:\"utilisateur\";s:1:\"1\";s:6:\"prenom\";s:7:\"Birahim\";s:3:\"nom\";s:5:\"BABOU\";s:4:\"role\";s:18:\"GMB_ADMINISTRATEUR\";}'),
(1398, 4, 1, 'a:7:{s:9:\"connexion\";b:1;s:4:\"mail\";s:24:\"birahim.babou@uvs.edu.sn\";s:6:\"profil\";s:1:\"2\";s:11:\"utilisateur\";s:1:\"1\";s:6:\"prenom\";s:7:\"Birahim\";s:3:\"nom\";s:5:\"BABOU\";s:4:\"role\";s:18:\"GMB_ADMINISTRATEUR\";}'),
(1399, 4, 1, 'a:7:{s:9:\"connexion\";b:1;s:4:\"mail\";s:24:\"birahim.babou@uvs.edu.sn\";s:6:\"profil\";s:1:\"2\";s:11:\"utilisateur\";s:1:\"1\";s:6:\"prenom\";s:7:\"Birahim\";s:3:\"nom\";s:5:\"BABOU\";s:4:\"role\";s:18:\"GMB_ADMINISTRATEUR\";}'),
(1400, 4, 1, 'a:7:{s:9:\"connexion\";b:1;s:4:\"mail\";s:24:\"birahim.babou@uvs.edu.sn\";s:6:\"profil\";s:1:\"2\";s:11:\"utilisateur\";s:1:\"1\";s:6:\"prenom\";s:7:\"Birahim\";s:3:\"nom\";s:5:\"BABOU\";s:4:\"role\";s:18:\"GMB_ADMINISTRATEUR\";}'),
(1401, 4, 1, 'a:7:{s:9:\"connexion\";b:1;s:4:\"mail\";s:24:\"birahim.babou@uvs.edu.sn\";s:6:\"profil\";s:1:\"2\";s:11:\"utilisateur\";s:1:\"1\";s:6:\"prenom\";s:7:\"Birahim\";s:3:\"nom\";s:5:\"BABOU\";s:4:\"role\";s:18:\"GMB_ADMINISTRATEUR\";}'),
(1402, 4, 1, 'a:7:{s:9:\"connexion\";b:1;s:4:\"mail\";s:24:\"birahim.babou@uvs.edu.sn\";s:6:\"profil\";s:1:\"2\";s:11:\"utilisateur\";s:1:\"1\";s:6:\"prenom\";s:7:\"Birahim\";s:3:\"nom\";s:5:\"BABOU\";s:4:\"role\";s:18:\"GMB_ADMINISTRATEUR\";}'),
(1403, 4, 1, 'a:7:{s:9:\"connexion\";b:1;s:4:\"mail\";s:24:\"birahim.babou@uvs.edu.sn\";s:6:\"profil\";s:1:\"2\";s:11:\"utilisateur\";s:1:\"1\";s:6:\"prenom\";s:7:\"Birahim\";s:3:\"nom\";s:5:\"BABOU\";s:4:\"role\";s:18:\"GMB_ADMINISTRATEUR\";}'),
(1404, 4, 1, 'a:7:{s:9:\"connexion\";b:1;s:4:\"mail\";s:24:\"birahim.babou@uvs.edu.sn\";s:6:\"profil\";s:1:\"2\";s:11:\"utilisateur\";s:1:\"1\";s:6:\"prenom\";s:7:\"Birahim\";s:3:\"nom\";s:5:\"BABOU\";s:4:\"role\";s:18:\"GMB_ADMINISTRATEUR\";}'),
(1405, 4, 1, 'a:7:{s:9:\"connexion\";b:1;s:4:\"mail\";s:24:\"birahim.babou@uvs.edu.sn\";s:6:\"profil\";s:1:\"2\";s:11:\"utilisateur\";s:1:\"1\";s:6:\"prenom\";s:7:\"Birahim\";s:3:\"nom\";s:5:\"BABOU\";s:4:\"role\";s:18:\"GMB_ADMINISTRATEUR\";}'),
(1406, 4, 1, 'a:7:{s:9:\"connexion\";b:1;s:4:\"mail\";s:24:\"birahim.babou@uvs.edu.sn\";s:6:\"profil\";s:1:\"2\";s:11:\"utilisateur\";s:1:\"1\";s:6:\"prenom\";s:7:\"Birahim\";s:3:\"nom\";s:5:\"BABOU\";s:4:\"role\";s:18:\"GMB_ADMINISTRATEUR\";}'),
(1407, 4, 1, 'a:7:{s:9:\"connexion\";b:1;s:4:\"mail\";s:24:\"birahim.babou@uvs.edu.sn\";s:6:\"profil\";s:1:\"2\";s:11:\"utilisateur\";s:1:\"1\";s:6:\"prenom\";s:7:\"Birahim\";s:3:\"nom\";s:5:\"BABOU\";s:4:\"role\";s:18:\"GMB_ADMINISTRATEUR\";}'),
(1408, 4, 1, 'a:7:{s:9:\"connexion\";b:1;s:4:\"mail\";s:24:\"birahim.babou@uvs.edu.sn\";s:6:\"profil\";s:1:\"2\";s:11:\"utilisateur\";s:1:\"1\";s:6:\"prenom\";s:7:\"Birahim\";s:3:\"nom\";s:5:\"BABOU\";s:4:\"role\";s:18:\"GMB_ADMINISTRATEUR\";}'),
(1409, 4, 1, 'a:7:{s:9:\"connexion\";b:1;s:4:\"mail\";s:24:\"birahim.babou@uvs.edu.sn\";s:6:\"profil\";s:1:\"2\";s:11:\"utilisateur\";s:1:\"1\";s:6:\"prenom\";s:7:\"Birahim\";s:3:\"nom\";s:5:\"BABOU\";s:4:\"role\";s:18:\"GMB_ADMINISTRATEUR\";}'),
(1410, 4, 1, 'a:7:{s:9:\"connexion\";b:1;s:4:\"mail\";s:24:\"birahim.babou@uvs.edu.sn\";s:6:\"profil\";s:1:\"2\";s:11:\"utilisateur\";s:1:\"1\";s:6:\"prenom\";s:7:\"Birahim\";s:3:\"nom\";s:5:\"BABOU\";s:4:\"role\";s:18:\"GMB_ADMINISTRATEUR\";}'),
(1411, 4, 1, 'a:7:{s:9:\"connexion\";b:1;s:4:\"mail\";s:24:\"birahim.babou@uvs.edu.sn\";s:6:\"profil\";s:1:\"2\";s:11:\"utilisateur\";s:1:\"1\";s:6:\"prenom\";s:7:\"Birahim\";s:3:\"nom\";s:5:\"BABOU\";s:4:\"role\";s:18:\"GMB_ADMINISTRATEUR\";}'),
(1412, 4, 1, 'a:7:{s:9:\"connexion\";b:1;s:4:\"mail\";s:24:\"birahim.babou@uvs.edu.sn\";s:6:\"profil\";s:1:\"2\";s:11:\"utilisateur\";s:1:\"1\";s:6:\"prenom\";s:7:\"Birahim\";s:3:\"nom\";s:5:\"BABOU\";s:4:\"role\";s:18:\"GMB_ADMINISTRATEUR\";}'),
(1413, 4, 1, 'a:7:{s:9:\"connexion\";b:1;s:4:\"mail\";s:24:\"birahim.babou@uvs.edu.sn\";s:6:\"profil\";s:1:\"2\";s:11:\"utilisateur\";s:1:\"1\";s:6:\"prenom\";s:7:\"Birahim\";s:3:\"nom\";s:5:\"BABOU\";s:4:\"role\";s:18:\"GMB_ADMINISTRATEUR\";}'),
(1414, 4, 1, 'a:7:{s:9:\"connexion\";b:1;s:4:\"mail\";s:24:\"birahim.babou@uvs.edu.sn\";s:6:\"profil\";s:1:\"2\";s:11:\"utilisateur\";s:1:\"1\";s:6:\"prenom\";s:7:\"Birahim\";s:3:\"nom\";s:5:\"BABOU\";s:4:\"role\";s:18:\"GMB_ADMINISTRATEUR\";}'),
(1415, 4, 1, 'a:7:{s:9:\"connexion\";b:1;s:4:\"mail\";s:24:\"birahim.babou@uvs.edu.sn\";s:6:\"profil\";s:1:\"2\";s:11:\"utilisateur\";s:1:\"1\";s:6:\"prenom\";s:7:\"Birahim\";s:3:\"nom\";s:5:\"BABOU\";s:4:\"role\";s:18:\"GMB_ADMINISTRATEUR\";}'),
(1416, 4, 1, 'a:7:{s:9:\"connexion\";b:1;s:4:\"mail\";s:24:\"birahim.babou@uvs.edu.sn\";s:6:\"profil\";s:1:\"2\";s:11:\"utilisateur\";s:1:\"1\";s:6:\"prenom\";s:7:\"Birahim\";s:3:\"nom\";s:5:\"BABOU\";s:4:\"role\";s:18:\"GMB_ADMINISTRATEUR\";}'),
(1417, 4, 1, 'a:7:{s:9:\"connexion\";b:1;s:4:\"mail\";s:24:\"birahim.babou@uvs.edu.sn\";s:6:\"profil\";s:1:\"2\";s:11:\"utilisateur\";s:1:\"1\";s:6:\"prenom\";s:7:\"Birahim\";s:3:\"nom\";s:5:\"BABOU\";s:4:\"role\";s:18:\"GMB_ADMINISTRATEUR\";}'),
(1418, 4, 1, 'a:7:{s:9:\"connexion\";b:1;s:4:\"mail\";s:24:\"birahim.babou@uvs.edu.sn\";s:6:\"profil\";s:1:\"2\";s:11:\"utilisateur\";s:1:\"1\";s:6:\"prenom\";s:7:\"Birahim\";s:3:\"nom\";s:5:\"BABOU\";s:4:\"role\";s:18:\"GMB_ADMINISTRATEUR\";}');
INSERT INTO `ban_hist` (`id`, `type`, `user`, `valeur`) VALUES
(1419, 4, 1, 'a:7:{s:9:\"connexion\";b:1;s:4:\"mail\";s:24:\"birahim.babou@uvs.edu.sn\";s:6:\"profil\";s:1:\"2\";s:11:\"utilisateur\";s:1:\"1\";s:6:\"prenom\";s:7:\"Birahim\";s:3:\"nom\";s:5:\"BABOU\";s:4:\"role\";s:18:\"GMB_ADMINISTRATEUR\";}'),
(1420, 4, 1, 'a:7:{s:9:\"connexion\";b:1;s:4:\"mail\";s:24:\"birahim.babou@uvs.edu.sn\";s:6:\"profil\";s:1:\"2\";s:11:\"utilisateur\";s:1:\"1\";s:6:\"prenom\";s:7:\"Birahim\";s:3:\"nom\";s:5:\"BABOU\";s:4:\"role\";s:18:\"GMB_ADMINISTRATEUR\";}'),
(1421, 4, 1, 'a:7:{s:9:\"connexion\";b:1;s:4:\"mail\";s:24:\"birahim.babou@uvs.edu.sn\";s:6:\"profil\";s:1:\"2\";s:11:\"utilisateur\";s:1:\"1\";s:6:\"prenom\";s:7:\"Birahim\";s:3:\"nom\";s:5:\"BABOU\";s:4:\"role\";s:18:\"GMB_ADMINISTRATEUR\";}'),
(1422, 4, 1, 'a:7:{s:9:\"connexion\";b:1;s:4:\"mail\";s:24:\"birahim.babou@uvs.edu.sn\";s:6:\"profil\";s:1:\"2\";s:11:\"utilisateur\";s:1:\"1\";s:6:\"prenom\";s:7:\"Birahim\";s:3:\"nom\";s:5:\"BABOU\";s:4:\"role\";s:18:\"GMB_ADMINISTRATEUR\";}'),
(1423, 4, 1, 'a:7:{s:9:\"connexion\";b:1;s:4:\"mail\";s:24:\"birahim.babou@uvs.edu.sn\";s:6:\"profil\";s:1:\"2\";s:11:\"utilisateur\";s:1:\"1\";s:6:\"prenom\";s:7:\"Birahim\";s:3:\"nom\";s:5:\"BABOU\";s:4:\"role\";s:18:\"GMB_ADMINISTRATEUR\";}'),
(1424, 4, 1, 'a:7:{s:9:\"connexion\";b:1;s:4:\"mail\";s:24:\"birahim.babou@uvs.edu.sn\";s:6:\"profil\";s:1:\"2\";s:11:\"utilisateur\";s:1:\"1\";s:6:\"prenom\";s:7:\"Birahim\";s:3:\"nom\";s:5:\"BABOU\";s:4:\"role\";s:18:\"GMB_ADMINISTRATEUR\";}'),
(1425, 4, 1, 'a:7:{s:9:\"connexion\";b:1;s:4:\"mail\";s:24:\"birahim.babou@uvs.edu.sn\";s:6:\"profil\";s:1:\"2\";s:11:\"utilisateur\";s:1:\"1\";s:6:\"prenom\";s:7:\"Birahim\";s:3:\"nom\";s:5:\"BABOU\";s:4:\"role\";s:18:\"GMB_ADMINISTRATEUR\";}'),
(1426, 4, 1, 'a:7:{s:9:\"connexion\";b:1;s:4:\"mail\";s:24:\"birahim.babou@uvs.edu.sn\";s:6:\"profil\";s:1:\"2\";s:11:\"utilisateur\";s:1:\"1\";s:6:\"prenom\";s:7:\"Birahim\";s:3:\"nom\";s:5:\"BABOU\";s:4:\"role\";s:18:\"GMB_ADMINISTRATEUR\";}'),
(1427, 4, 1, 'a:7:{s:9:\"connexion\";b:1;s:4:\"mail\";s:24:\"birahim.babou@uvs.edu.sn\";s:6:\"profil\";s:1:\"2\";s:11:\"utilisateur\";s:1:\"1\";s:6:\"prenom\";s:7:\"Birahim\";s:3:\"nom\";s:5:\"BABOU\";s:4:\"role\";s:18:\"GMB_ADMINISTRATEUR\";}'),
(1428, 4, 1, 'a:7:{s:9:\"connexion\";b:1;s:4:\"mail\";s:24:\"birahim.babou@uvs.edu.sn\";s:6:\"profil\";s:1:\"2\";s:11:\"utilisateur\";s:1:\"1\";s:6:\"prenom\";s:7:\"Birahim\";s:3:\"nom\";s:5:\"BABOU\";s:4:\"role\";s:18:\"GMB_ADMINISTRATEUR\";}'),
(1429, 4, 1, 'a:7:{s:9:\"connexion\";b:1;s:4:\"mail\";s:24:\"birahim.babou@uvs.edu.sn\";s:6:\"profil\";s:1:\"2\";s:11:\"utilisateur\";s:1:\"1\";s:6:\"prenom\";s:7:\"Birahim\";s:3:\"nom\";s:5:\"BABOU\";s:4:\"role\";s:18:\"GMB_ADMINISTRATEUR\";}'),
(1430, 4, 1, 'a:7:{s:9:\"connexion\";b:1;s:4:\"mail\";s:24:\"birahim.babou@uvs.edu.sn\";s:6:\"profil\";s:1:\"2\";s:11:\"utilisateur\";s:1:\"1\";s:6:\"prenom\";s:7:\"Birahim\";s:3:\"nom\";s:5:\"BABOU\";s:4:\"role\";s:18:\"GMB_ADMINISTRATEUR\";}'),
(1431, 4, 1, 'a:7:{s:9:\"connexion\";b:1;s:4:\"mail\";s:24:\"birahim.babou@uvs.edu.sn\";s:6:\"profil\";s:1:\"2\";s:11:\"utilisateur\";s:1:\"1\";s:6:\"prenom\";s:7:\"Birahim\";s:3:\"nom\";s:5:\"BABOU\";s:4:\"role\";s:18:\"GMB_ADMINISTRATEUR\";}'),
(1432, 4, 1, 'a:7:{s:9:\"connexion\";b:1;s:4:\"mail\";s:24:\"birahim.babou@uvs.edu.sn\";s:6:\"profil\";s:1:\"2\";s:11:\"utilisateur\";s:1:\"1\";s:6:\"prenom\";s:7:\"Birahim\";s:3:\"nom\";s:5:\"BABOU\";s:4:\"role\";s:18:\"GMB_ADMINISTRATEUR\";}'),
(1433, 4, 1, 'a:7:{s:9:\"connexion\";b:1;s:4:\"mail\";s:24:\"birahim.babou@uvs.edu.sn\";s:6:\"profil\";s:1:\"2\";s:11:\"utilisateur\";s:1:\"1\";s:6:\"prenom\";s:7:\"Birahim\";s:3:\"nom\";s:5:\"BABOU\";s:4:\"role\";s:18:\"GMB_ADMINISTRATEUR\";}'),
(1434, 4, 1, 'a:7:{s:9:\"connexion\";b:1;s:4:\"mail\";s:24:\"birahim.babou@uvs.edu.sn\";s:6:\"profil\";s:1:\"2\";s:11:\"utilisateur\";s:1:\"1\";s:6:\"prenom\";s:7:\"Birahim\";s:3:\"nom\";s:5:\"BABOU\";s:4:\"role\";s:18:\"GMB_ADMINISTRATEUR\";}'),
(1435, 4, 1, 'a:7:{s:9:\"connexion\";b:1;s:4:\"mail\";s:24:\"birahim.babou@uvs.edu.sn\";s:6:\"profil\";s:1:\"2\";s:11:\"utilisateur\";s:1:\"1\";s:6:\"prenom\";s:7:\"Birahim\";s:3:\"nom\";s:5:\"BABOU\";s:4:\"role\";s:18:\"GMB_ADMINISTRATEUR\";}'),
(1436, 4, 1, 'a:7:{s:9:\"connexion\";b:1;s:4:\"mail\";s:24:\"birahim.babou@uvs.edu.sn\";s:6:\"profil\";s:1:\"2\";s:11:\"utilisateur\";s:1:\"1\";s:6:\"prenom\";s:7:\"Birahim\";s:3:\"nom\";s:5:\"BABOU\";s:4:\"role\";s:18:\"GMB_ADMINISTRATEUR\";}'),
(1437, 4, 1, 'a:7:{s:9:\"connexion\";b:1;s:4:\"mail\";s:24:\"birahim.babou@uvs.edu.sn\";s:6:\"profil\";s:1:\"2\";s:11:\"utilisateur\";s:1:\"1\";s:6:\"prenom\";s:7:\"Birahim\";s:3:\"nom\";s:5:\"BABOU\";s:4:\"role\";s:18:\"GMB_ADMINISTRATEUR\";}'),
(1438, 4, 1, 'a:7:{s:9:\"connexion\";b:1;s:4:\"mail\";s:24:\"birahim.babou@uvs.edu.sn\";s:6:\"profil\";s:1:\"2\";s:11:\"utilisateur\";s:1:\"1\";s:6:\"prenom\";s:7:\"Birahim\";s:3:\"nom\";s:5:\"BABOU\";s:4:\"role\";s:18:\"GMB_ADMINISTRATEUR\";}'),
(1439, 4, 1, 'a:7:{s:9:\"connexion\";b:1;s:4:\"mail\";s:24:\"birahim.babou@uvs.edu.sn\";s:6:\"profil\";s:1:\"2\";s:11:\"utilisateur\";s:1:\"1\";s:6:\"prenom\";s:7:\"Birahim\";s:3:\"nom\";s:5:\"BABOU\";s:4:\"role\";s:18:\"GMB_ADMINISTRATEUR\";}'),
(1440, 4, 1, 'a:7:{s:9:\"connexion\";b:1;s:4:\"mail\";s:24:\"birahim.babou@uvs.edu.sn\";s:6:\"profil\";s:1:\"2\";s:11:\"utilisateur\";s:1:\"1\";s:6:\"prenom\";s:7:\"Birahim\";s:3:\"nom\";s:5:\"BABOU\";s:4:\"role\";s:18:\"GMB_ADMINISTRATEUR\";}'),
(1441, 4, 1, 'a:7:{s:9:\"connexion\";b:1;s:4:\"mail\";s:24:\"birahim.babou@uvs.edu.sn\";s:6:\"profil\";s:1:\"2\";s:11:\"utilisateur\";s:1:\"1\";s:6:\"prenom\";s:7:\"Birahim\";s:3:\"nom\";s:5:\"BABOU\";s:4:\"role\";s:18:\"GMB_ADMINISTRATEUR\";}'),
(1442, 4, 1, 'a:7:{s:9:\"connexion\";b:1;s:4:\"mail\";s:24:\"birahim.babou@uvs.edu.sn\";s:6:\"profil\";s:1:\"2\";s:11:\"utilisateur\";s:1:\"1\";s:6:\"prenom\";s:7:\"Birahim\";s:3:\"nom\";s:5:\"BABOU\";s:4:\"role\";s:18:\"GMB_ADMINISTRATEUR\";}'),
(1443, 4, 1, 'a:7:{s:9:\"connexion\";b:1;s:4:\"mail\";s:24:\"birahim.babou@uvs.edu.sn\";s:6:\"profil\";s:1:\"2\";s:11:\"utilisateur\";s:1:\"1\";s:6:\"prenom\";s:7:\"Birahim\";s:3:\"nom\";s:5:\"BABOU\";s:4:\"role\";s:18:\"GMB_ADMINISTRATEUR\";}'),
(1444, 4, 1, 'a:7:{s:9:\"connexion\";b:1;s:4:\"mail\";s:24:\"birahim.babou@uvs.edu.sn\";s:6:\"profil\";s:1:\"2\";s:11:\"utilisateur\";s:1:\"1\";s:6:\"prenom\";s:7:\"Birahim\";s:3:\"nom\";s:5:\"BABOU\";s:4:\"role\";s:18:\"GMB_ADMINISTRATEUR\";}'),
(1445, 4, 1, 'a:7:{s:9:\"connexion\";b:1;s:4:\"mail\";s:24:\"birahim.babou@uvs.edu.sn\";s:6:\"profil\";s:1:\"2\";s:11:\"utilisateur\";s:1:\"1\";s:6:\"prenom\";s:7:\"Birahim\";s:3:\"nom\";s:5:\"BABOU\";s:4:\"role\";s:18:\"GMB_ADMINISTRATEUR\";}'),
(1446, 4, 1, 'a:7:{s:9:\"connexion\";b:1;s:4:\"mail\";s:24:\"birahim.babou@uvs.edu.sn\";s:6:\"profil\";s:1:\"2\";s:11:\"utilisateur\";s:1:\"1\";s:6:\"prenom\";s:7:\"Birahim\";s:3:\"nom\";s:5:\"BABOU\";s:4:\"role\";s:18:\"GMB_ADMINISTRATEUR\";}'),
(1447, 4, 1, 'a:7:{s:9:\"connexion\";b:1;s:4:\"mail\";s:24:\"birahim.babou@uvs.edu.sn\";s:6:\"profil\";s:1:\"2\";s:11:\"utilisateur\";s:1:\"1\";s:6:\"prenom\";s:7:\"Birahim\";s:3:\"nom\";s:5:\"BABOU\";s:4:\"role\";s:18:\"GMB_ADMINISTRATEUR\";}'),
(1448, 4, 1, 'a:7:{s:9:\"connexion\";b:1;s:4:\"mail\";s:24:\"birahim.babou@uvs.edu.sn\";s:6:\"profil\";s:1:\"2\";s:11:\"utilisateur\";s:1:\"1\";s:6:\"prenom\";s:7:\"Birahim\";s:3:\"nom\";s:5:\"BABOU\";s:4:\"role\";s:18:\"GMB_ADMINISTRATEUR\";}'),
(1449, 4, 1, 'a:7:{s:9:\"connexion\";b:1;s:4:\"mail\";s:24:\"birahim.babou@uvs.edu.sn\";s:6:\"profil\";s:1:\"2\";s:11:\"utilisateur\";s:1:\"1\";s:6:\"prenom\";s:7:\"Birahim\";s:3:\"nom\";s:5:\"BABOU\";s:4:\"role\";s:18:\"GMB_ADMINISTRATEUR\";}'),
(1450, 4, 1, 'a:7:{s:9:\"connexion\";b:1;s:4:\"mail\";s:24:\"birahim.babou@uvs.edu.sn\";s:6:\"profil\";s:1:\"2\";s:11:\"utilisateur\";s:1:\"1\";s:6:\"prenom\";s:7:\"Birahim\";s:3:\"nom\";s:5:\"BABOU\";s:4:\"role\";s:18:\"GMB_ADMINISTRATEUR\";}'),
(1451, 4, 1, 'a:7:{s:9:\"connexion\";b:1;s:4:\"mail\";s:24:\"birahim.babou@uvs.edu.sn\";s:6:\"profil\";s:1:\"2\";s:11:\"utilisateur\";s:1:\"1\";s:6:\"prenom\";s:7:\"Birahim\";s:3:\"nom\";s:5:\"BABOU\";s:4:\"role\";s:18:\"GMB_ADMINISTRATEUR\";}'),
(1452, 4, 1, 'a:7:{s:9:\"connexion\";b:1;s:4:\"mail\";s:24:\"birahim.babou@uvs.edu.sn\";s:6:\"profil\";s:1:\"2\";s:11:\"utilisateur\";s:1:\"1\";s:6:\"prenom\";s:7:\"Birahim\";s:3:\"nom\";s:5:\"BABOU\";s:4:\"role\";s:18:\"GMB_ADMINISTRATEUR\";}'),
(1453, 4, 1, 'a:7:{s:9:\"connexion\";b:1;s:4:\"mail\";s:24:\"birahim.babou@uvs.edu.sn\";s:6:\"profil\";s:1:\"2\";s:11:\"utilisateur\";s:1:\"1\";s:6:\"prenom\";s:7:\"Birahim\";s:3:\"nom\";s:5:\"BABOU\";s:4:\"role\";s:18:\"GMB_ADMINISTRATEUR\";}'),
(1454, 4, 1, 'a:7:{s:9:\"connexion\";b:1;s:4:\"mail\";s:24:\"birahim.babou@uvs.edu.sn\";s:6:\"profil\";s:1:\"2\";s:11:\"utilisateur\";s:1:\"1\";s:6:\"prenom\";s:7:\"Birahim\";s:3:\"nom\";s:5:\"BABOU\";s:4:\"role\";s:18:\"GMB_ADMINISTRATEUR\";}'),
(1455, 4, 1, 'a:7:{s:9:\"connexion\";b:1;s:4:\"mail\";s:24:\"birahim.babou@uvs.edu.sn\";s:6:\"profil\";s:1:\"2\";s:11:\"utilisateur\";s:1:\"1\";s:6:\"prenom\";s:7:\"Birahim\";s:3:\"nom\";s:5:\"BABOU\";s:4:\"role\";s:18:\"GMB_ADMINISTRATEUR\";}'),
(1456, 4, 1, 'a:7:{s:9:\"connexion\";b:1;s:4:\"mail\";s:24:\"birahim.babou@uvs.edu.sn\";s:6:\"profil\";s:1:\"2\";s:11:\"utilisateur\";s:1:\"1\";s:6:\"prenom\";s:7:\"Birahim\";s:3:\"nom\";s:5:\"BABOU\";s:4:\"role\";s:18:\"GMB_ADMINISTRATEUR\";}'),
(1457, 4, 1, 'a:7:{s:9:\"connexion\";b:1;s:4:\"mail\";s:24:\"birahim.babou@uvs.edu.sn\";s:6:\"profil\";s:1:\"2\";s:11:\"utilisateur\";s:1:\"1\";s:6:\"prenom\";s:7:\"Birahim\";s:3:\"nom\";s:5:\"BABOU\";s:4:\"role\";s:18:\"GMB_ADMINISTRATEUR\";}'),
(1458, 4, 1, 'a:7:{s:9:\"connexion\";b:1;s:4:\"mail\";s:24:\"birahim.babou@uvs.edu.sn\";s:6:\"profil\";s:1:\"2\";s:11:\"utilisateur\";s:1:\"1\";s:6:\"prenom\";s:7:\"Birahim\";s:3:\"nom\";s:5:\"BABOU\";s:4:\"role\";s:18:\"GMB_ADMINISTRATEUR\";}'),
(1459, 4, 1, 'a:7:{s:9:\"connexion\";b:1;s:4:\"mail\";s:24:\"birahim.babou@uvs.edu.sn\";s:6:\"profil\";s:1:\"2\";s:11:\"utilisateur\";s:1:\"1\";s:6:\"prenom\";s:7:\"Birahim\";s:3:\"nom\";s:5:\"BABOU\";s:4:\"role\";s:18:\"GMB_ADMINISTRATEUR\";}'),
(1460, 4, 1, 'a:7:{s:9:\"connexion\";b:1;s:4:\"mail\";s:24:\"birahim.babou@uvs.edu.sn\";s:6:\"profil\";s:1:\"2\";s:11:\"utilisateur\";s:1:\"1\";s:6:\"prenom\";s:7:\"Birahim\";s:3:\"nom\";s:5:\"BABOU\";s:4:\"role\";s:18:\"GMB_ADMINISTRATEUR\";}'),
(1461, 4, 1, 'a:7:{s:9:\"connexion\";b:1;s:4:\"mail\";s:24:\"birahim.babou@uvs.edu.sn\";s:6:\"profil\";s:1:\"2\";s:11:\"utilisateur\";s:1:\"1\";s:6:\"prenom\";s:7:\"Birahim\";s:3:\"nom\";s:5:\"BABOU\";s:4:\"role\";s:18:\"GMB_ADMINISTRATEUR\";}'),
(1462, 4, 1, 'a:7:{s:9:\"connexion\";b:1;s:4:\"mail\";s:24:\"birahim.babou@uvs.edu.sn\";s:6:\"profil\";s:1:\"2\";s:11:\"utilisateur\";s:1:\"1\";s:6:\"prenom\";s:7:\"Birahim\";s:3:\"nom\";s:5:\"BABOU\";s:4:\"role\";s:18:\"GMB_ADMINISTRATEUR\";}'),
(1463, 4, 1, 'a:7:{s:9:\"connexion\";b:1;s:4:\"mail\";s:24:\"birahim.babou@uvs.edu.sn\";s:6:\"profil\";s:1:\"2\";s:11:\"utilisateur\";s:1:\"1\";s:6:\"prenom\";s:7:\"Birahim\";s:3:\"nom\";s:5:\"BABOU\";s:4:\"role\";s:18:\"GMB_ADMINISTRATEUR\";}'),
(1464, 4, 1, 'a:7:{s:9:\"connexion\";b:1;s:4:\"mail\";s:24:\"birahim.babou@uvs.edu.sn\";s:6:\"profil\";s:1:\"2\";s:11:\"utilisateur\";s:1:\"1\";s:6:\"prenom\";s:7:\"Birahim\";s:3:\"nom\";s:5:\"BABOU\";s:4:\"role\";s:18:\"GMB_ADMINISTRATEUR\";}'),
(1465, 4, 1, 'a:7:{s:9:\"connexion\";b:1;s:4:\"mail\";s:24:\"birahim.babou@uvs.edu.sn\";s:6:\"profil\";s:1:\"2\";s:11:\"utilisateur\";s:1:\"1\";s:6:\"prenom\";s:7:\"Birahim\";s:3:\"nom\";s:5:\"BABOU\";s:4:\"role\";s:18:\"GMB_ADMINISTRATEUR\";}'),
(1466, 4, 1, 'a:7:{s:9:\"connexion\";b:1;s:4:\"mail\";s:24:\"birahim.babou@uvs.edu.sn\";s:6:\"profil\";s:1:\"2\";s:11:\"utilisateur\";s:1:\"1\";s:6:\"prenom\";s:7:\"Birahim\";s:3:\"nom\";s:5:\"BABOU\";s:4:\"role\";s:18:\"GMB_ADMINISTRATEUR\";}'),
(1467, 4, 1, 'a:7:{s:9:\"connexion\";b:1;s:4:\"mail\";s:24:\"birahim.babou@uvs.edu.sn\";s:6:\"profil\";s:1:\"2\";s:11:\"utilisateur\";s:1:\"1\";s:6:\"prenom\";s:7:\"Birahim\";s:3:\"nom\";s:5:\"BABOU\";s:4:\"role\";s:18:\"GMB_ADMINISTRATEUR\";}'),
(1468, 4, 1, 'a:7:{s:9:\"connexion\";b:1;s:4:\"mail\";s:24:\"birahim.babou@uvs.edu.sn\";s:6:\"profil\";s:1:\"2\";s:11:\"utilisateur\";s:1:\"1\";s:6:\"prenom\";s:7:\"Birahim\";s:3:\"nom\";s:5:\"BABOU\";s:4:\"role\";s:18:\"GMB_ADMINISTRATEUR\";}'),
(1469, 4, 1, 'a:7:{s:9:\"connexion\";b:1;s:4:\"mail\";s:24:\"birahim.babou@uvs.edu.sn\";s:6:\"profil\";s:1:\"2\";s:11:\"utilisateur\";s:1:\"1\";s:6:\"prenom\";s:7:\"Birahim\";s:3:\"nom\";s:5:\"BABOU\";s:4:\"role\";s:18:\"GMB_ADMINISTRATEUR\";}'),
(1470, 4, 1, 'a:7:{s:9:\"connexion\";b:1;s:4:\"mail\";s:24:\"birahim.babou@uvs.edu.sn\";s:6:\"profil\";s:1:\"2\";s:11:\"utilisateur\";s:1:\"1\";s:6:\"prenom\";s:7:\"Birahim\";s:3:\"nom\";s:5:\"BABOU\";s:4:\"role\";s:18:\"GMB_ADMINISTRATEUR\";}'),
(1471, 4, 1, 'a:7:{s:9:\"connexion\";b:1;s:4:\"mail\";s:24:\"birahim.babou@uvs.edu.sn\";s:6:\"profil\";s:1:\"2\";s:11:\"utilisateur\";s:1:\"1\";s:6:\"prenom\";s:7:\"Birahim\";s:3:\"nom\";s:5:\"BABOU\";s:4:\"role\";s:18:\"GMB_ADMINISTRATEUR\";}'),
(1472, 4, 1, 'a:7:{s:9:\"connexion\";b:1;s:4:\"mail\";s:24:\"birahim.babou@uvs.edu.sn\";s:6:\"profil\";s:1:\"2\";s:11:\"utilisateur\";s:1:\"1\";s:6:\"prenom\";s:7:\"Birahim\";s:3:\"nom\";s:5:\"BABOU\";s:4:\"role\";s:18:\"GMB_ADMINISTRATEUR\";}'),
(1473, 4, 1, 'a:7:{s:9:\"connexion\";b:1;s:4:\"mail\";s:24:\"birahim.babou@uvs.edu.sn\";s:6:\"profil\";s:1:\"2\";s:11:\"utilisateur\";s:1:\"1\";s:6:\"prenom\";s:7:\"Birahim\";s:3:\"nom\";s:5:\"BABOU\";s:4:\"role\";s:18:\"GMB_ADMINISTRATEUR\";}'),
(1474, 4, 1, 'a:7:{s:9:\"connexion\";b:1;s:4:\"mail\";s:24:\"birahim.babou@uvs.edu.sn\";s:6:\"profil\";s:1:\"2\";s:11:\"utilisateur\";s:1:\"1\";s:6:\"prenom\";s:7:\"Birahim\";s:3:\"nom\";s:5:\"BABOU\";s:4:\"role\";s:18:\"GMB_ADMINISTRATEUR\";}'),
(1475, 4, 1, 'a:7:{s:9:\"connexion\";b:1;s:4:\"mail\";s:24:\"birahim.babou@uvs.edu.sn\";s:6:\"profil\";s:1:\"2\";s:11:\"utilisateur\";s:1:\"1\";s:6:\"prenom\";s:7:\"Birahim\";s:3:\"nom\";s:5:\"BABOU\";s:4:\"role\";s:18:\"GMB_ADMINISTRATEUR\";}'),
(1476, 4, 1, 'a:7:{s:9:\"connexion\";b:1;s:4:\"mail\";s:24:\"birahim.babou@uvs.edu.sn\";s:6:\"profil\";s:1:\"2\";s:11:\"utilisateur\";s:1:\"1\";s:6:\"prenom\";s:7:\"Birahim\";s:3:\"nom\";s:5:\"BABOU\";s:4:\"role\";s:18:\"GMB_ADMINISTRATEUR\";}'),
(1477, 4, 1, 'a:7:{s:9:\"connexion\";b:1;s:4:\"mail\";s:24:\"birahim.babou@uvs.edu.sn\";s:6:\"profil\";s:1:\"2\";s:11:\"utilisateur\";s:1:\"1\";s:6:\"prenom\";s:7:\"Birahim\";s:3:\"nom\";s:5:\"BABOU\";s:4:\"role\";s:18:\"GMB_ADMINISTRATEUR\";}'),
(1478, 4, 1, 'a:7:{s:9:\"connexion\";b:1;s:4:\"mail\";s:24:\"birahim.babou@uvs.edu.sn\";s:6:\"profil\";s:1:\"2\";s:11:\"utilisateur\";s:1:\"1\";s:6:\"prenom\";s:7:\"Birahim\";s:3:\"nom\";s:5:\"BABOU\";s:4:\"role\";s:18:\"GMB_ADMINISTRATEUR\";}'),
(1479, 4, 1, 'a:7:{s:9:\"connexion\";b:1;s:4:\"mail\";s:24:\"birahim.babou@uvs.edu.sn\";s:6:\"profil\";s:1:\"2\";s:11:\"utilisateur\";s:1:\"1\";s:6:\"prenom\";s:7:\"Birahim\";s:3:\"nom\";s:5:\"BABOU\";s:4:\"role\";s:18:\"GMB_ADMINISTRATEUR\";}'),
(1480, 4, 1, 'a:7:{s:9:\"connexion\";b:1;s:4:\"mail\";s:24:\"birahim.babou@uvs.edu.sn\";s:6:\"profil\";s:1:\"2\";s:11:\"utilisateur\";s:1:\"1\";s:6:\"prenom\";s:7:\"Birahim\";s:3:\"nom\";s:5:\"BABOU\";s:4:\"role\";s:18:\"GMB_ADMINISTRATEUR\";}'),
(1481, 4, 1, 'a:7:{s:9:\"connexion\";b:1;s:4:\"mail\";s:24:\"birahim.babou@uvs.edu.sn\";s:6:\"profil\";s:1:\"2\";s:11:\"utilisateur\";s:1:\"1\";s:6:\"prenom\";s:7:\"Birahim\";s:3:\"nom\";s:5:\"BABOU\";s:4:\"role\";s:18:\"GMB_ADMINISTRATEUR\";}'),
(1482, 4, 1, 'a:7:{s:9:\"connexion\";b:1;s:4:\"mail\";s:24:\"birahim.babou@uvs.edu.sn\";s:6:\"profil\";s:1:\"2\";s:11:\"utilisateur\";s:1:\"1\";s:6:\"prenom\";s:7:\"Birahim\";s:3:\"nom\";s:5:\"BABOU\";s:4:\"role\";s:18:\"GMB_ADMINISTRATEUR\";}'),
(1483, 4, 1, 'a:7:{s:9:\"connexion\";b:1;s:4:\"mail\";s:24:\"birahim.babou@uvs.edu.sn\";s:6:\"profil\";s:1:\"2\";s:11:\"utilisateur\";s:1:\"1\";s:6:\"prenom\";s:7:\"Birahim\";s:3:\"nom\";s:5:\"BABOU\";s:4:\"role\";s:18:\"GMB_ADMINISTRATEUR\";}'),
(1484, 4, 1, 'a:7:{s:9:\"connexion\";b:1;s:4:\"mail\";s:24:\"birahim.babou@uvs.edu.sn\";s:6:\"profil\";s:1:\"2\";s:11:\"utilisateur\";s:1:\"1\";s:6:\"prenom\";s:7:\"Birahim\";s:3:\"nom\";s:5:\"BABOU\";s:4:\"role\";s:18:\"GMB_ADMINISTRATEUR\";}'),
(1485, 4, 1, 'a:7:{s:9:\"connexion\";b:1;s:4:\"mail\";s:24:\"birahim.babou@uvs.edu.sn\";s:6:\"profil\";s:1:\"2\";s:11:\"utilisateur\";s:1:\"1\";s:6:\"prenom\";s:7:\"Birahim\";s:3:\"nom\";s:5:\"BABOU\";s:4:\"role\";s:18:\"GMB_ADMINISTRATEUR\";}'),
(1486, 4, 1, 'a:7:{s:9:\"connexion\";b:1;s:4:\"mail\";s:24:\"birahim.babou@uvs.edu.sn\";s:6:\"profil\";s:1:\"2\";s:11:\"utilisateur\";s:1:\"1\";s:6:\"prenom\";s:7:\"Birahim\";s:3:\"nom\";s:5:\"BABOU\";s:4:\"role\";s:18:\"GMB_ADMINISTRATEUR\";}'),
(1487, 4, 1, 'a:7:{s:9:\"connexion\";b:1;s:4:\"mail\";s:24:\"birahim.babou@uvs.edu.sn\";s:6:\"profil\";s:1:\"2\";s:11:\"utilisateur\";s:1:\"1\";s:6:\"prenom\";s:7:\"Birahim\";s:3:\"nom\";s:5:\"BABOU\";s:4:\"role\";s:18:\"GMB_ADMINISTRATEUR\";}'),
(1488, 4, 1, 'a:7:{s:9:\"connexion\";b:1;s:4:\"mail\";s:24:\"birahim.babou@uvs.edu.sn\";s:6:\"profil\";s:1:\"2\";s:11:\"utilisateur\";s:1:\"1\";s:6:\"prenom\";s:7:\"Birahim\";s:3:\"nom\";s:5:\"BABOU\";s:4:\"role\";s:18:\"GMB_ADMINISTRATEUR\";}'),
(1489, 4, 1, 'a:7:{s:9:\"connexion\";b:1;s:4:\"mail\";s:24:\"birahim.babou@uvs.edu.sn\";s:6:\"profil\";s:1:\"2\";s:11:\"utilisateur\";s:1:\"1\";s:6:\"prenom\";s:7:\"Birahim\";s:3:\"nom\";s:5:\"BABOU\";s:4:\"role\";s:18:\"GMB_ADMINISTRATEUR\";}'),
(1490, 4, 1, 'a:7:{s:9:\"connexion\";b:1;s:4:\"mail\";s:24:\"birahim.babou@uvs.edu.sn\";s:6:\"profil\";s:1:\"2\";s:11:\"utilisateur\";s:1:\"1\";s:6:\"prenom\";s:7:\"Birahim\";s:3:\"nom\";s:5:\"BABOU\";s:4:\"role\";s:18:\"GMB_ADMINISTRATEUR\";}'),
(1491, 4, 1, 'a:7:{s:9:\"connexion\";b:1;s:4:\"mail\";s:24:\"birahim.babou@uvs.edu.sn\";s:6:\"profil\";s:1:\"2\";s:11:\"utilisateur\";s:1:\"1\";s:6:\"prenom\";s:7:\"Birahim\";s:3:\"nom\";s:5:\"BABOU\";s:4:\"role\";s:18:\"GMB_ADMINISTRATEUR\";}'),
(1492, 4, 1, 'a:7:{s:9:\"connexion\";b:1;s:4:\"mail\";s:24:\"birahim.babou@uvs.edu.sn\";s:6:\"profil\";s:1:\"2\";s:11:\"utilisateur\";s:1:\"1\";s:6:\"prenom\";s:7:\"Birahim\";s:3:\"nom\";s:5:\"BABOU\";s:4:\"role\";s:18:\"GMB_ADMINISTRATEUR\";}'),
(1493, 4, 1, 'a:7:{s:9:\"connexion\";b:1;s:4:\"mail\";s:24:\"birahim.babou@uvs.edu.sn\";s:6:\"profil\";s:1:\"2\";s:11:\"utilisateur\";s:1:\"1\";s:6:\"prenom\";s:7:\"Birahim\";s:3:\"nom\";s:5:\"BABOU\";s:4:\"role\";s:18:\"GMB_ADMINISTRATEUR\";}'),
(1494, 4, 1, 'a:7:{s:9:\"connexion\";b:1;s:4:\"mail\";s:24:\"birahim.babou@uvs.edu.sn\";s:6:\"profil\";s:1:\"2\";s:11:\"utilisateur\";s:1:\"1\";s:6:\"prenom\";s:7:\"Birahim\";s:3:\"nom\";s:5:\"BABOU\";s:4:\"role\";s:18:\"GMB_ADMINISTRATEUR\";}'),
(1495, 4, 1, 'a:7:{s:9:\"connexion\";b:1;s:4:\"mail\";s:24:\"birahim.babou@uvs.edu.sn\";s:6:\"profil\";s:1:\"2\";s:11:\"utilisateur\";s:1:\"1\";s:6:\"prenom\";s:7:\"Birahim\";s:3:\"nom\";s:5:\"BABOU\";s:4:\"role\";s:18:\"GMB_ADMINISTRATEUR\";}'),
(1496, 4, 1, 'a:7:{s:9:\"connexion\";b:1;s:4:\"mail\";s:24:\"birahim.babou@uvs.edu.sn\";s:6:\"profil\";s:1:\"2\";s:11:\"utilisateur\";s:1:\"1\";s:6:\"prenom\";s:7:\"Birahim\";s:3:\"nom\";s:5:\"BABOU\";s:4:\"role\";s:18:\"GMB_ADMINISTRATEUR\";}'),
(1497, 4, 1, 'a:7:{s:9:\"connexion\";b:1;s:4:\"mail\";s:24:\"birahim.babou@uvs.edu.sn\";s:6:\"profil\";s:1:\"2\";s:11:\"utilisateur\";s:1:\"1\";s:6:\"prenom\";s:7:\"Birahim\";s:3:\"nom\";s:5:\"BABOU\";s:4:\"role\";s:18:\"GMB_ADMINISTRATEUR\";}'),
(1498, 4, 1, 'a:7:{s:9:\"connexion\";b:1;s:4:\"mail\";s:24:\"birahim.babou@uvs.edu.sn\";s:6:\"profil\";s:1:\"2\";s:11:\"utilisateur\";s:1:\"1\";s:6:\"prenom\";s:7:\"Birahim\";s:3:\"nom\";s:5:\"BABOU\";s:4:\"role\";s:18:\"GMB_ADMINISTRATEUR\";}'),
(1499, 4, 1, 'a:7:{s:9:\"connexion\";b:1;s:4:\"mail\";s:24:\"birahim.babou@uvs.edu.sn\";s:6:\"profil\";s:1:\"2\";s:11:\"utilisateur\";s:1:\"1\";s:6:\"prenom\";s:7:\"Birahim\";s:3:\"nom\";s:5:\"BABOU\";s:4:\"role\";s:18:\"GMB_ADMINISTRATEUR\";}'),
(1500, 4, 1, 'a:7:{s:9:\"connexion\";b:1;s:4:\"mail\";s:24:\"birahim.babou@uvs.edu.sn\";s:6:\"profil\";s:1:\"2\";s:11:\"utilisateur\";s:1:\"1\";s:6:\"prenom\";s:7:\"Birahim\";s:3:\"nom\";s:5:\"BABOU\";s:4:\"role\";s:18:\"GMB_ADMINISTRATEUR\";}'),
(1501, 4, 1, 'a:7:{s:9:\"connexion\";b:1;s:4:\"mail\";s:24:\"birahim.babou@uvs.edu.sn\";s:6:\"profil\";s:1:\"2\";s:11:\"utilisateur\";s:1:\"1\";s:6:\"prenom\";s:7:\"Birahim\";s:3:\"nom\";s:5:\"BABOU\";s:4:\"role\";s:18:\"GMB_ADMINISTRATEUR\";}'),
(1502, 4, 1, 'a:7:{s:9:\"connexion\";b:1;s:4:\"mail\";s:24:\"birahim.babou@uvs.edu.sn\";s:6:\"profil\";s:1:\"2\";s:11:\"utilisateur\";s:1:\"1\";s:6:\"prenom\";s:7:\"Birahim\";s:3:\"nom\";s:5:\"BABOU\";s:4:\"role\";s:18:\"GMB_ADMINISTRATEUR\";}'),
(1503, 4, 1, 'a:7:{s:9:\"connexion\";b:1;s:4:\"mail\";s:24:\"birahim.babou@uvs.edu.sn\";s:6:\"profil\";s:1:\"2\";s:11:\"utilisateur\";s:1:\"1\";s:6:\"prenom\";s:7:\"Birahim\";s:3:\"nom\";s:5:\"BABOU\";s:4:\"role\";s:18:\"GMB_ADMINISTRATEUR\";}'),
(1504, 4, 1, 'a:7:{s:9:\"connexion\";b:1;s:4:\"mail\";s:24:\"birahim.babou@uvs.edu.sn\";s:6:\"profil\";s:1:\"2\";s:11:\"utilisateur\";s:1:\"1\";s:6:\"prenom\";s:7:\"Birahim\";s:3:\"nom\";s:5:\"BABOU\";s:4:\"role\";s:18:\"GMB_ADMINISTRATEUR\";}'),
(1505, 4, 1, 'a:7:{s:9:\"connexion\";b:1;s:4:\"mail\";s:24:\"birahim.babou@uvs.edu.sn\";s:6:\"profil\";s:1:\"2\";s:11:\"utilisateur\";s:1:\"1\";s:6:\"prenom\";s:7:\"Birahim\";s:3:\"nom\";s:5:\"BABOU\";s:4:\"role\";s:18:\"GMB_ADMINISTRATEUR\";}'),
(1506, 4, 1, 'a:7:{s:9:\"connexion\";b:1;s:4:\"mail\";s:24:\"birahim.babou@uvs.edu.sn\";s:6:\"profil\";s:1:\"2\";s:11:\"utilisateur\";s:1:\"1\";s:6:\"prenom\";s:7:\"Birahim\";s:3:\"nom\";s:5:\"BABOU\";s:4:\"role\";s:18:\"GMB_ADMINISTRATEUR\";}'),
(1507, 4, 1, 'a:7:{s:9:\"connexion\";b:1;s:4:\"mail\";s:24:\"birahim.babou@uvs.edu.sn\";s:6:\"profil\";s:1:\"2\";s:11:\"utilisateur\";s:1:\"1\";s:6:\"prenom\";s:7:\"Birahim\";s:3:\"nom\";s:5:\"BABOU\";s:4:\"role\";s:18:\"GMB_ADMINISTRATEUR\";}'),
(1508, 4, 1, 'a:7:{s:9:\"connexion\";b:1;s:4:\"mail\";s:24:\"birahim.babou@uvs.edu.sn\";s:6:\"profil\";s:1:\"2\";s:11:\"utilisateur\";s:1:\"1\";s:6:\"prenom\";s:7:\"Birahim\";s:3:\"nom\";s:5:\"BABOU\";s:4:\"role\";s:18:\"GMB_ADMINISTRATEUR\";}'),
(1509, 4, 1, 'a:7:{s:9:\"connexion\";b:1;s:4:\"mail\";s:24:\"birahim.babou@uvs.edu.sn\";s:6:\"profil\";s:1:\"2\";s:11:\"utilisateur\";s:1:\"1\";s:6:\"prenom\";s:7:\"Birahim\";s:3:\"nom\";s:5:\"BABOU\";s:4:\"role\";s:18:\"GMB_ADMINISTRATEUR\";}'),
(1510, 4, 1, 'a:7:{s:9:\"connexion\";b:1;s:4:\"mail\";s:24:\"birahim.babou@uvs.edu.sn\";s:6:\"profil\";s:1:\"2\";s:11:\"utilisateur\";s:1:\"1\";s:6:\"prenom\";s:7:\"Birahim\";s:3:\"nom\";s:5:\"BABOU\";s:4:\"role\";s:18:\"GMB_ADMINISTRATEUR\";}'),
(1511, 4, 1, 'a:7:{s:9:\"connexion\";b:1;s:4:\"mail\";s:24:\"birahim.babou@uvs.edu.sn\";s:6:\"profil\";s:1:\"2\";s:11:\"utilisateur\";s:1:\"1\";s:6:\"prenom\";s:7:\"Birahim\";s:3:\"nom\";s:5:\"BABOU\";s:4:\"role\";s:18:\"GMB_ADMINISTRATEUR\";}'),
(1512, 4, 1, 'a:7:{s:9:\"connexion\";b:1;s:4:\"mail\";s:24:\"birahim.babou@uvs.edu.sn\";s:6:\"profil\";s:1:\"2\";s:11:\"utilisateur\";s:1:\"1\";s:6:\"prenom\";s:7:\"Birahim\";s:3:\"nom\";s:5:\"BABOU\";s:4:\"role\";s:18:\"GMB_ADMINISTRATEUR\";}'),
(1513, 4, 1, 'a:7:{s:9:\"connexion\";b:1;s:4:\"mail\";s:24:\"birahim.babou@uvs.edu.sn\";s:6:\"profil\";s:1:\"2\";s:11:\"utilisateur\";s:1:\"1\";s:6:\"prenom\";s:7:\"Birahim\";s:3:\"nom\";s:5:\"BABOU\";s:4:\"role\";s:18:\"GMB_ADMINISTRATEUR\";}'),
(1514, 4, 1, 'a:7:{s:9:\"connexion\";b:1;s:4:\"mail\";s:24:\"birahim.babou@uvs.edu.sn\";s:6:\"profil\";s:1:\"2\";s:11:\"utilisateur\";s:1:\"1\";s:6:\"prenom\";s:7:\"Birahim\";s:3:\"nom\";s:5:\"BABOU\";s:4:\"role\";s:18:\"GMB_ADMINISTRATEUR\";}'),
(1515, 4, 1, 'a:7:{s:9:\"connexion\";b:1;s:4:\"mail\";s:24:\"birahim.babou@uvs.edu.sn\";s:6:\"profil\";s:1:\"2\";s:11:\"utilisateur\";s:1:\"1\";s:6:\"prenom\";s:7:\"Birahim\";s:3:\"nom\";s:5:\"BABOU\";s:4:\"role\";s:18:\"GMB_ADMINISTRATEUR\";}'),
(1516, 4, 1, 'a:7:{s:9:\"connexion\";b:1;s:4:\"mail\";s:24:\"birahim.babou@uvs.edu.sn\";s:6:\"profil\";s:1:\"2\";s:11:\"utilisateur\";s:1:\"1\";s:6:\"prenom\";s:7:\"Birahim\";s:3:\"nom\";s:5:\"BABOU\";s:4:\"role\";s:18:\"GMB_ADMINISTRATEUR\";}'),
(1517, 4, 1, 'a:7:{s:9:\"connexion\";b:1;s:4:\"mail\";s:24:\"birahim.babou@uvs.edu.sn\";s:6:\"profil\";s:1:\"2\";s:11:\"utilisateur\";s:1:\"1\";s:6:\"prenom\";s:7:\"Birahim\";s:3:\"nom\";s:5:\"BABOU\";s:4:\"role\";s:18:\"GMB_ADMINISTRATEUR\";}'),
(1518, 4, 1, 'a:7:{s:9:\"connexion\";b:1;s:4:\"mail\";s:24:\"birahim.babou@uvs.edu.sn\";s:6:\"profil\";s:1:\"2\";s:11:\"utilisateur\";s:1:\"1\";s:6:\"prenom\";s:7:\"Birahim\";s:3:\"nom\";s:5:\"BABOU\";s:4:\"role\";s:18:\"GMB_ADMINISTRATEUR\";}'),
(1519, 4, 1, 'a:7:{s:9:\"connexion\";b:1;s:4:\"mail\";s:24:\"birahim.babou@uvs.edu.sn\";s:6:\"profil\";s:1:\"2\";s:11:\"utilisateur\";s:1:\"1\";s:6:\"prenom\";s:7:\"Birahim\";s:3:\"nom\";s:5:\"BABOU\";s:4:\"role\";s:18:\"GMB_ADMINISTRATEUR\";}'),
(1520, 4, 1, 'a:7:{s:9:\"connexion\";b:1;s:4:\"mail\";s:24:\"birahim.babou@uvs.edu.sn\";s:6:\"profil\";s:1:\"2\";s:11:\"utilisateur\";s:1:\"1\";s:6:\"prenom\";s:7:\"Birahim\";s:3:\"nom\";s:5:\"BABOU\";s:4:\"role\";s:18:\"GMB_ADMINISTRATEUR\";}'),
(1521, 4, 1, 'a:7:{s:9:\"connexion\";b:1;s:4:\"mail\";s:24:\"birahim.babou@uvs.edu.sn\";s:6:\"profil\";s:1:\"2\";s:11:\"utilisateur\";s:1:\"1\";s:6:\"prenom\";s:7:\"Birahim\";s:3:\"nom\";s:5:\"BABOU\";s:4:\"role\";s:18:\"GMB_ADMINISTRATEUR\";}'),
(1522, 4, 1, 'a:7:{s:9:\"connexion\";b:1;s:4:\"mail\";s:24:\"birahim.babou@uvs.edu.sn\";s:6:\"profil\";s:1:\"2\";s:11:\"utilisateur\";s:1:\"1\";s:6:\"prenom\";s:7:\"Birahim\";s:3:\"nom\";s:5:\"BABOU\";s:4:\"role\";s:18:\"GMB_ADMINISTRATEUR\";}'),
(1523, 4, 1, 'a:7:{s:9:\"connexion\";b:1;s:4:\"mail\";s:24:\"birahim.babou@uvs.edu.sn\";s:6:\"profil\";s:1:\"2\";s:11:\"utilisateur\";s:1:\"1\";s:6:\"prenom\";s:7:\"Birahim\";s:3:\"nom\";s:5:\"BABOU\";s:4:\"role\";s:18:\"GMB_ADMINISTRATEUR\";}'),
(1524, 4, 1, 'a:7:{s:9:\"connexion\";b:1;s:4:\"mail\";s:24:\"birahim.babou@uvs.edu.sn\";s:6:\"profil\";s:1:\"2\";s:11:\"utilisateur\";s:1:\"1\";s:6:\"prenom\";s:7:\"Birahim\";s:3:\"nom\";s:5:\"BABOU\";s:4:\"role\";s:18:\"GMB_ADMINISTRATEUR\";}'),
(1525, 4, 1, 'a:7:{s:9:\"connexion\";b:1;s:4:\"mail\";s:24:\"birahim.babou@uvs.edu.sn\";s:6:\"profil\";s:1:\"2\";s:11:\"utilisateur\";s:1:\"1\";s:6:\"prenom\";s:7:\"Birahim\";s:3:\"nom\";s:5:\"BABOU\";s:4:\"role\";s:18:\"GMB_ADMINISTRATEUR\";}'),
(1526, 4, 1, 'a:7:{s:9:\"connexion\";b:1;s:4:\"mail\";s:24:\"birahim.babou@uvs.edu.sn\";s:6:\"profil\";s:1:\"2\";s:11:\"utilisateur\";s:1:\"1\";s:6:\"prenom\";s:7:\"Birahim\";s:3:\"nom\";s:5:\"BABOU\";s:4:\"role\";s:18:\"GMB_ADMINISTRATEUR\";}'),
(1527, 4, 1, 'a:7:{s:9:\"connexion\";b:1;s:4:\"mail\";s:24:\"birahim.babou@uvs.edu.sn\";s:6:\"profil\";s:1:\"2\";s:11:\"utilisateur\";s:1:\"1\";s:6:\"prenom\";s:7:\"Birahim\";s:3:\"nom\";s:5:\"BABOU\";s:4:\"role\";s:18:\"GMB_ADMINISTRATEUR\";}'),
(1528, 4, 1, 'a:7:{s:9:\"connexion\";b:1;s:4:\"mail\";s:24:\"birahim.babou@uvs.edu.sn\";s:6:\"profil\";s:1:\"2\";s:11:\"utilisateur\";s:1:\"1\";s:6:\"prenom\";s:7:\"Birahim\";s:3:\"nom\";s:5:\"BABOU\";s:4:\"role\";s:18:\"GMB_ADMINISTRATEUR\";}'),
(1529, 4, 1, 'a:7:{s:9:\"connexion\";b:1;s:4:\"mail\";s:24:\"birahim.babou@uvs.edu.sn\";s:6:\"profil\";s:1:\"2\";s:11:\"utilisateur\";s:1:\"1\";s:6:\"prenom\";s:7:\"Birahim\";s:3:\"nom\";s:5:\"BABOU\";s:4:\"role\";s:18:\"GMB_ADMINISTRATEUR\";}'),
(1530, 4, 1, 'a:7:{s:9:\"connexion\";b:1;s:4:\"mail\";s:24:\"birahim.babou@uvs.edu.sn\";s:6:\"profil\";s:1:\"2\";s:11:\"utilisateur\";s:1:\"1\";s:6:\"prenom\";s:7:\"Birahim\";s:3:\"nom\";s:5:\"BABOU\";s:4:\"role\";s:18:\"GMB_ADMINISTRATEUR\";}'),
(1531, 4, 1, 'a:7:{s:9:\"connexion\";b:1;s:4:\"mail\";s:24:\"birahim.babou@uvs.edu.sn\";s:6:\"profil\";s:1:\"2\";s:11:\"utilisateur\";s:1:\"1\";s:6:\"prenom\";s:7:\"Birahim\";s:3:\"nom\";s:5:\"BABOU\";s:4:\"role\";s:18:\"GMB_ADMINISTRATEUR\";}'),
(1532, 4, 1, 'a:7:{s:9:\"connexion\";b:1;s:4:\"mail\";s:24:\"birahim.babou@uvs.edu.sn\";s:6:\"profil\";s:1:\"2\";s:11:\"utilisateur\";s:1:\"1\";s:6:\"prenom\";s:7:\"Birahim\";s:3:\"nom\";s:5:\"BABOU\";s:4:\"role\";s:18:\"GMB_ADMINISTRATEUR\";}'),
(1533, 4, 1, 'a:7:{s:9:\"connexion\";b:1;s:4:\"mail\";s:24:\"birahim.babou@uvs.edu.sn\";s:6:\"profil\";s:1:\"2\";s:11:\"utilisateur\";s:1:\"1\";s:6:\"prenom\";s:7:\"Birahim\";s:3:\"nom\";s:5:\"BABOU\";s:4:\"role\";s:18:\"GMB_ADMINISTRATEUR\";}'),
(1534, 4, 1, 'a:7:{s:9:\"connexion\";b:1;s:4:\"mail\";s:24:\"birahim.babou@uvs.edu.sn\";s:6:\"profil\";s:1:\"2\";s:11:\"utilisateur\";s:1:\"1\";s:6:\"prenom\";s:7:\"Birahim\";s:3:\"nom\";s:5:\"BABOU\";s:4:\"role\";s:18:\"GMB_ADMINISTRATEUR\";}'),
(1535, 4, 1, 'a:7:{s:9:\"connexion\";b:1;s:4:\"mail\";s:24:\"birahim.babou@uvs.edu.sn\";s:6:\"profil\";s:1:\"2\";s:11:\"utilisateur\";s:1:\"1\";s:6:\"prenom\";s:7:\"Birahim\";s:3:\"nom\";s:5:\"BABOU\";s:4:\"role\";s:18:\"GMB_ADMINISTRATEUR\";}'),
(1536, 4, 1, 'a:7:{s:9:\"connexion\";b:1;s:4:\"mail\";s:24:\"birahim.babou@uvs.edu.sn\";s:6:\"profil\";s:1:\"2\";s:11:\"utilisateur\";s:1:\"1\";s:6:\"prenom\";s:7:\"Birahim\";s:3:\"nom\";s:5:\"BABOU\";s:4:\"role\";s:18:\"GMB_ADMINISTRATEUR\";}'),
(1537, 4, 1, 'a:7:{s:9:\"connexion\";b:1;s:4:\"mail\";s:24:\"birahim.babou@uvs.edu.sn\";s:6:\"profil\";s:1:\"2\";s:11:\"utilisateur\";s:1:\"1\";s:6:\"prenom\";s:7:\"Birahim\";s:3:\"nom\";s:5:\"BABOU\";s:4:\"role\";s:18:\"GMB_ADMINISTRATEUR\";}'),
(1538, 4, 1, 'a:7:{s:9:\"connexion\";b:1;s:4:\"mail\";s:24:\"birahim.babou@uvs.edu.sn\";s:6:\"profil\";s:1:\"2\";s:11:\"utilisateur\";s:1:\"1\";s:6:\"prenom\";s:7:\"Birahim\";s:3:\"nom\";s:5:\"BABOU\";s:4:\"role\";s:18:\"GMB_ADMINISTRATEUR\";}'),
(1539, 4, 1, 'a:7:{s:9:\"connexion\";b:1;s:4:\"mail\";s:24:\"birahim.babou@uvs.edu.sn\";s:6:\"profil\";s:1:\"2\";s:11:\"utilisateur\";s:1:\"1\";s:6:\"prenom\";s:7:\"Birahim\";s:3:\"nom\";s:5:\"BABOU\";s:4:\"role\";s:18:\"GMB_ADMINISTRATEUR\";}'),
(1540, 4, 1, 'a:7:{s:9:\"connexion\";b:1;s:4:\"mail\";s:24:\"birahim.babou@uvs.edu.sn\";s:6:\"profil\";s:1:\"2\";s:11:\"utilisateur\";s:1:\"1\";s:6:\"prenom\";s:7:\"Birahim\";s:3:\"nom\";s:5:\"BABOU\";s:4:\"role\";s:18:\"GMB_ADMINISTRATEUR\";}'),
(1541, 4, 1, 'a:7:{s:9:\"connexion\";b:1;s:4:\"mail\";s:24:\"birahim.babou@uvs.edu.sn\";s:6:\"profil\";s:1:\"2\";s:11:\"utilisateur\";s:1:\"1\";s:6:\"prenom\";s:7:\"Birahim\";s:3:\"nom\";s:5:\"BABOU\";s:4:\"role\";s:18:\"GMB_ADMINISTRATEUR\";}'),
(1542, 4, 1, 'a:7:{s:9:\"connexion\";b:1;s:4:\"mail\";s:24:\"birahim.babou@uvs.edu.sn\";s:6:\"profil\";s:1:\"2\";s:11:\"utilisateur\";s:1:\"1\";s:6:\"prenom\";s:7:\"Birahim\";s:3:\"nom\";s:5:\"BABOU\";s:4:\"role\";s:18:\"GMB_ADMINISTRATEUR\";}'),
(1543, 4, 1, 'a:7:{s:9:\"connexion\";b:1;s:4:\"mail\";s:24:\"birahim.babou@uvs.edu.sn\";s:6:\"profil\";s:1:\"2\";s:11:\"utilisateur\";s:1:\"1\";s:6:\"prenom\";s:7:\"Birahim\";s:3:\"nom\";s:5:\"BABOU\";s:4:\"role\";s:18:\"GMB_ADMINISTRATEUR\";}'),
(1544, 4, 1, 'a:7:{s:9:\"connexion\";b:1;s:4:\"mail\";s:24:\"birahim.babou@uvs.edu.sn\";s:6:\"profil\";s:1:\"2\";s:11:\"utilisateur\";s:1:\"1\";s:6:\"prenom\";s:7:\"Birahim\";s:3:\"nom\";s:5:\"BABOU\";s:4:\"role\";s:18:\"GMB_ADMINISTRATEUR\";}'),
(1545, 4, 1, 'a:7:{s:9:\"connexion\";b:1;s:4:\"mail\";s:24:\"birahim.babou@uvs.edu.sn\";s:6:\"profil\";s:1:\"2\";s:11:\"utilisateur\";s:1:\"1\";s:6:\"prenom\";s:7:\"Birahim\";s:3:\"nom\";s:5:\"BABOU\";s:4:\"role\";s:18:\"GMB_ADMINISTRATEUR\";}'),
(1546, 4, 1, 'a:7:{s:9:\"connexion\";b:1;s:4:\"mail\";s:24:\"birahim.babou@uvs.edu.sn\";s:6:\"profil\";s:1:\"2\";s:11:\"utilisateur\";s:1:\"1\";s:6:\"prenom\";s:7:\"Birahim\";s:3:\"nom\";s:5:\"BABOU\";s:4:\"role\";s:18:\"GMB_ADMINISTRATEUR\";}'),
(1547, 4, 1, 'a:7:{s:9:\"connexion\";b:1;s:4:\"mail\";s:24:\"birahim.babou@uvs.edu.sn\";s:6:\"profil\";s:1:\"2\";s:11:\"utilisateur\";s:1:\"1\";s:6:\"prenom\";s:7:\"Birahim\";s:3:\"nom\";s:5:\"BABOU\";s:4:\"role\";s:18:\"GMB_ADMINISTRATEUR\";}'),
(1548, 4, 1, 'a:7:{s:9:\"connexion\";b:1;s:4:\"mail\";s:24:\"birahim.babou@uvs.edu.sn\";s:6:\"profil\";s:1:\"2\";s:11:\"utilisateur\";s:1:\"1\";s:6:\"prenom\";s:7:\"Birahim\";s:3:\"nom\";s:5:\"BABOU\";s:4:\"role\";s:18:\"GMB_ADMINISTRATEUR\";}'),
(1549, 4, 1, 'a:7:{s:9:\"connexion\";b:1;s:4:\"mail\";s:24:\"birahim.babou@uvs.edu.sn\";s:6:\"profil\";s:1:\"2\";s:11:\"utilisateur\";s:1:\"1\";s:6:\"prenom\";s:7:\"Birahim\";s:3:\"nom\";s:5:\"BABOU\";s:4:\"role\";s:18:\"GMB_ADMINISTRATEUR\";}'),
(1550, 4, 1, 'a:7:{s:9:\"connexion\";b:1;s:4:\"mail\";s:24:\"birahim.babou@uvs.edu.sn\";s:6:\"profil\";s:1:\"2\";s:11:\"utilisateur\";s:1:\"1\";s:6:\"prenom\";s:7:\"Birahim\";s:3:\"nom\";s:5:\"BABOU\";s:4:\"role\";s:18:\"GMB_ADMINISTRATEUR\";}'),
(1551, 4, 1, 'a:7:{s:9:\"connexion\";b:1;s:4:\"mail\";s:24:\"birahim.babou@uvs.edu.sn\";s:6:\"profil\";s:1:\"2\";s:11:\"utilisateur\";s:1:\"1\";s:6:\"prenom\";s:7:\"Birahim\";s:3:\"nom\";s:5:\"BABOU\";s:4:\"role\";s:18:\"GMB_ADMINISTRATEUR\";}'),
(1552, 4, 1, 'a:7:{s:9:\"connexion\";b:1;s:4:\"mail\";s:24:\"birahim.babou@uvs.edu.sn\";s:6:\"profil\";s:1:\"2\";s:11:\"utilisateur\";s:1:\"1\";s:6:\"prenom\";s:7:\"Birahim\";s:3:\"nom\";s:5:\"BABOU\";s:4:\"role\";s:18:\"GMB_ADMINISTRATEUR\";}'),
(1553, 4, 1, 'a:7:{s:9:\"connexion\";b:1;s:4:\"mail\";s:24:\"birahim.babou@uvs.edu.sn\";s:6:\"profil\";s:1:\"2\";s:11:\"utilisateur\";s:1:\"1\";s:6:\"prenom\";s:7:\"Birahim\";s:3:\"nom\";s:5:\"BABOU\";s:4:\"role\";s:18:\"GMB_ADMINISTRATEUR\";}'),
(1554, 4, 1, 'a:7:{s:9:\"connexion\";b:1;s:4:\"mail\";s:24:\"birahim.babou@uvs.edu.sn\";s:6:\"profil\";s:1:\"2\";s:11:\"utilisateur\";s:1:\"1\";s:6:\"prenom\";s:7:\"Birahim\";s:3:\"nom\";s:5:\"BABOU\";s:4:\"role\";s:18:\"GMB_ADMINISTRATEUR\";}'),
(1555, 4, 1, 'a:7:{s:9:\"connexion\";b:1;s:4:\"mail\";s:24:\"birahim.babou@uvs.edu.sn\";s:6:\"profil\";s:1:\"2\";s:11:\"utilisateur\";s:1:\"1\";s:6:\"prenom\";s:7:\"Birahim\";s:3:\"nom\";s:5:\"BABOU\";s:4:\"role\";s:18:\"GMB_ADMINISTRATEUR\";}'),
(1556, 4, 1, 'a:7:{s:9:\"connexion\";b:1;s:4:\"mail\";s:24:\"birahim.babou@uvs.edu.sn\";s:6:\"profil\";s:1:\"2\";s:11:\"utilisateur\";s:1:\"1\";s:6:\"prenom\";s:7:\"Birahim\";s:3:\"nom\";s:5:\"BABOU\";s:4:\"role\";s:18:\"GMB_ADMINISTRATEUR\";}'),
(1557, 4, 1, 'a:7:{s:9:\"connexion\";b:1;s:4:\"mail\";s:24:\"birahim.babou@uvs.edu.sn\";s:6:\"profil\";s:1:\"2\";s:11:\"utilisateur\";s:1:\"1\";s:6:\"prenom\";s:7:\"Birahim\";s:3:\"nom\";s:5:\"BABOU\";s:4:\"role\";s:18:\"GMB_ADMINISTRATEUR\";}'),
(1558, 4, 1, 'a:7:{s:9:\"connexion\";b:1;s:4:\"mail\";s:24:\"birahim.babou@uvs.edu.sn\";s:6:\"profil\";s:1:\"2\";s:11:\"utilisateur\";s:1:\"1\";s:6:\"prenom\";s:7:\"Birahim\";s:3:\"nom\";s:5:\"BABOU\";s:4:\"role\";s:18:\"GMB_ADMINISTRATEUR\";}'),
(1559, 4, 1, 'a:7:{s:9:\"connexion\";b:1;s:4:\"mail\";s:24:\"birahim.babou@uvs.edu.sn\";s:6:\"profil\";s:1:\"2\";s:11:\"utilisateur\";s:1:\"1\";s:6:\"prenom\";s:7:\"Birahim\";s:3:\"nom\";s:5:\"BABOU\";s:4:\"role\";s:18:\"GMB_ADMINISTRATEUR\";}'),
(1560, 4, 1, 'a:7:{s:9:\"connexion\";b:1;s:4:\"mail\";s:24:\"birahim.babou@uvs.edu.sn\";s:6:\"profil\";s:1:\"2\";s:11:\"utilisateur\";s:1:\"1\";s:6:\"prenom\";s:7:\"Birahim\";s:3:\"nom\";s:5:\"BABOU\";s:4:\"role\";s:18:\"GMB_ADMINISTRATEUR\";}'),
(1561, 4, 1, 'a:7:{s:9:\"connexion\";b:1;s:4:\"mail\";s:24:\"birahim.babou@uvs.edu.sn\";s:6:\"profil\";s:1:\"2\";s:11:\"utilisateur\";s:1:\"1\";s:6:\"prenom\";s:7:\"Birahim\";s:3:\"nom\";s:5:\"BABOU\";s:4:\"role\";s:18:\"GMB_ADMINISTRATEUR\";}'),
(1562, 4, 1, 'a:7:{s:9:\"connexion\";b:1;s:4:\"mail\";s:24:\"birahim.babou@uvs.edu.sn\";s:6:\"profil\";s:1:\"2\";s:11:\"utilisateur\";s:1:\"1\";s:6:\"prenom\";s:7:\"Birahim\";s:3:\"nom\";s:5:\"BABOU\";s:4:\"role\";s:18:\"GMB_ADMINISTRATEUR\";}'),
(1563, 4, 1, 'a:7:{s:9:\"connexion\";b:1;s:4:\"mail\";s:24:\"birahim.babou@uvs.edu.sn\";s:6:\"profil\";s:1:\"2\";s:11:\"utilisateur\";s:1:\"1\";s:6:\"prenom\";s:7:\"Birahim\";s:3:\"nom\";s:5:\"BABOU\";s:4:\"role\";s:18:\"GMB_ADMINISTRATEUR\";}'),
(1564, 4, 1, 'a:7:{s:9:\"connexion\";b:1;s:4:\"mail\";s:24:\"birahim.babou@uvs.edu.sn\";s:6:\"profil\";s:1:\"2\";s:11:\"utilisateur\";s:1:\"1\";s:6:\"prenom\";s:7:\"Birahim\";s:3:\"nom\";s:5:\"BABOU\";s:4:\"role\";s:18:\"GMB_ADMINISTRATEUR\";}'),
(1565, 4, 1, 'a:7:{s:9:\"connexion\";b:1;s:4:\"mail\";s:24:\"birahim.babou@uvs.edu.sn\";s:6:\"profil\";s:1:\"2\";s:11:\"utilisateur\";s:1:\"1\";s:6:\"prenom\";s:7:\"Birahim\";s:3:\"nom\";s:5:\"BABOU\";s:4:\"role\";s:18:\"GMB_ADMINISTRATEUR\";}'),
(1566, 4, 1, 'a:7:{s:9:\"connexion\";b:1;s:4:\"mail\";s:24:\"birahim.babou@uvs.edu.sn\";s:6:\"profil\";s:1:\"2\";s:11:\"utilisateur\";s:1:\"1\";s:6:\"prenom\";s:7:\"Birahim\";s:3:\"nom\";s:5:\"BABOU\";s:4:\"role\";s:18:\"GMB_ADMINISTRATEUR\";}'),
(1567, 4, 1, 'a:7:{s:9:\"connexion\";b:1;s:4:\"mail\";s:24:\"birahim.babou@uvs.edu.sn\";s:6:\"profil\";s:1:\"2\";s:11:\"utilisateur\";s:1:\"1\";s:6:\"prenom\";s:7:\"Birahim\";s:3:\"nom\";s:5:\"BABOU\";s:4:\"role\";s:18:\"GMB_ADMINISTRATEUR\";}'),
(1568, 4, 1, 'a:7:{s:9:\"connexion\";b:1;s:4:\"mail\";s:24:\"birahim.babou@uvs.edu.sn\";s:6:\"profil\";s:1:\"2\";s:11:\"utilisateur\";s:1:\"1\";s:6:\"prenom\";s:7:\"Birahim\";s:3:\"nom\";s:5:\"BABOU\";s:4:\"role\";s:18:\"GMB_ADMINISTRATEUR\";}'),
(1569, 4, 1, 'a:7:{s:9:\"connexion\";b:1;s:4:\"mail\";s:24:\"birahim.babou@uvs.edu.sn\";s:6:\"profil\";s:1:\"2\";s:11:\"utilisateur\";s:1:\"1\";s:6:\"prenom\";s:7:\"Birahim\";s:3:\"nom\";s:5:\"BABOU\";s:4:\"role\";s:18:\"GMB_ADMINISTRATEUR\";}'),
(1570, 4, 1, 'a:7:{s:9:\"connexion\";b:1;s:4:\"mail\";s:24:\"birahim.babou@uvs.edu.sn\";s:6:\"profil\";s:1:\"2\";s:11:\"utilisateur\";s:1:\"1\";s:6:\"prenom\";s:7:\"Birahim\";s:3:\"nom\";s:5:\"BABOU\";s:4:\"role\";s:18:\"GMB_ADMINISTRATEUR\";}'),
(1571, 4, 1, 'a:7:{s:9:\"connexion\";b:1;s:4:\"mail\";s:24:\"birahim.babou@uvs.edu.sn\";s:6:\"profil\";s:1:\"2\";s:11:\"utilisateur\";s:1:\"1\";s:6:\"prenom\";s:7:\"Birahim\";s:3:\"nom\";s:5:\"BABOU\";s:4:\"role\";s:18:\"GMB_ADMINISTRATEUR\";}'),
(1572, 4, 1, 'a:7:{s:9:\"connexion\";b:1;s:4:\"mail\";s:24:\"birahim.babou@uvs.edu.sn\";s:6:\"profil\";s:1:\"2\";s:11:\"utilisateur\";s:1:\"1\";s:6:\"prenom\";s:7:\"Birahim\";s:3:\"nom\";s:5:\"BABOU\";s:4:\"role\";s:18:\"GMB_ADMINISTRATEUR\";}'),
(1573, 4, 1, 'a:7:{s:9:\"connexion\";b:1;s:4:\"mail\";s:24:\"birahim.babou@uvs.edu.sn\";s:6:\"profil\";s:1:\"2\";s:11:\"utilisateur\";s:1:\"1\";s:6:\"prenom\";s:7:\"Birahim\";s:3:\"nom\";s:5:\"BABOU\";s:4:\"role\";s:18:\"GMB_ADMINISTRATEUR\";}'),
(1574, 4, 1, 'a:7:{s:9:\"connexion\";b:1;s:4:\"mail\";s:24:\"birahim.babou@uvs.edu.sn\";s:6:\"profil\";s:1:\"2\";s:11:\"utilisateur\";s:1:\"1\";s:6:\"prenom\";s:7:\"Birahim\";s:3:\"nom\";s:5:\"BABOU\";s:4:\"role\";s:18:\"GMB_ADMINISTRATEUR\";}'),
(1575, 4, 1, 'a:7:{s:9:\"connexion\";b:1;s:4:\"mail\";s:24:\"birahim.babou@uvs.edu.sn\";s:6:\"profil\";s:1:\"2\";s:11:\"utilisateur\";s:1:\"1\";s:6:\"prenom\";s:7:\"Birahim\";s:3:\"nom\";s:5:\"BABOU\";s:4:\"role\";s:18:\"GMB_ADMINISTRATEUR\";}'),
(1576, 4, 1, 'a:7:{s:9:\"connexion\";b:1;s:4:\"mail\";s:24:\"birahim.babou@uvs.edu.sn\";s:6:\"profil\";s:1:\"2\";s:11:\"utilisateur\";s:1:\"1\";s:6:\"prenom\";s:7:\"Birahim\";s:3:\"nom\";s:5:\"BABOU\";s:4:\"role\";s:18:\"GMB_ADMINISTRATEUR\";}'),
(1577, 4, 1, 'a:7:{s:9:\"connexion\";b:1;s:4:\"mail\";s:24:\"birahim.babou@uvs.edu.sn\";s:6:\"profil\";s:1:\"2\";s:11:\"utilisateur\";s:1:\"1\";s:6:\"prenom\";s:7:\"Birahim\";s:3:\"nom\";s:5:\"BABOU\";s:4:\"role\";s:18:\"GMB_ADMINISTRATEUR\";}'),
(1578, 4, 1, 'a:7:{s:9:\"connexion\";b:1;s:4:\"mail\";s:24:\"birahim.babou@uvs.edu.sn\";s:6:\"profil\";s:1:\"2\";s:11:\"utilisateur\";s:1:\"1\";s:6:\"prenom\";s:7:\"Birahim\";s:3:\"nom\";s:5:\"BABOU\";s:4:\"role\";s:18:\"GMB_ADMINISTRATEUR\";}'),
(1579, 4, 1, 'a:7:{s:9:\"connexion\";b:1;s:4:\"mail\";s:24:\"birahim.babou@uvs.edu.sn\";s:6:\"profil\";s:1:\"2\";s:11:\"utilisateur\";s:1:\"1\";s:6:\"prenom\";s:7:\"Birahim\";s:3:\"nom\";s:5:\"BABOU\";s:4:\"role\";s:18:\"GMB_ADMINISTRATEUR\";}'),
(1580, 4, 1, 'a:7:{s:9:\"connexion\";b:1;s:4:\"mail\";s:24:\"birahim.babou@uvs.edu.sn\";s:6:\"profil\";s:1:\"2\";s:11:\"utilisateur\";s:1:\"1\";s:6:\"prenom\";s:7:\"Birahim\";s:3:\"nom\";s:5:\"BABOU\";s:4:\"role\";s:18:\"GMB_ADMINISTRATEUR\";}'),
(1581, 4, 1, 'a:7:{s:9:\"connexion\";b:1;s:4:\"mail\";s:24:\"birahim.babou@uvs.edu.sn\";s:6:\"profil\";s:1:\"2\";s:11:\"utilisateur\";s:1:\"1\";s:6:\"prenom\";s:7:\"Birahim\";s:3:\"nom\";s:5:\"BABOU\";s:4:\"role\";s:18:\"GMB_ADMINISTRATEUR\";}'),
(1582, 4, 1, 'a:7:{s:9:\"connexion\";b:1;s:4:\"mail\";s:24:\"birahim.babou@uvs.edu.sn\";s:6:\"profil\";s:1:\"2\";s:11:\"utilisateur\";s:1:\"1\";s:6:\"prenom\";s:7:\"Birahim\";s:3:\"nom\";s:5:\"BABOU\";s:4:\"role\";s:18:\"GMB_ADMINISTRATEUR\";}'),
(1583, 4, 1, 'a:7:{s:9:\"connexion\";b:1;s:4:\"mail\";s:24:\"birahim.babou@uvs.edu.sn\";s:6:\"profil\";s:1:\"2\";s:11:\"utilisateur\";s:1:\"1\";s:6:\"prenom\";s:7:\"Birahim\";s:3:\"nom\";s:5:\"BABOU\";s:4:\"role\";s:18:\"GMB_ADMINISTRATEUR\";}'),
(1584, 4, 1, 'a:7:{s:9:\"connexion\";b:1;s:4:\"mail\";s:24:\"birahim.babou@uvs.edu.sn\";s:6:\"profil\";s:1:\"2\";s:11:\"utilisateur\";s:1:\"1\";s:6:\"prenom\";s:7:\"Birahim\";s:3:\"nom\";s:5:\"BABOU\";s:4:\"role\";s:18:\"GMB_ADMINISTRATEUR\";}'),
(1585, 4, 1, 'a:7:{s:9:\"connexion\";b:1;s:4:\"mail\";s:24:\"birahim.babou@uvs.edu.sn\";s:6:\"profil\";s:1:\"2\";s:11:\"utilisateur\";s:1:\"1\";s:6:\"prenom\";s:7:\"Birahim\";s:3:\"nom\";s:5:\"BABOU\";s:4:\"role\";s:18:\"GMB_ADMINISTRATEUR\";}'),
(1586, 4, 1, 'a:7:{s:9:\"connexion\";b:1;s:4:\"mail\";s:24:\"birahim.babou@uvs.edu.sn\";s:6:\"profil\";s:1:\"2\";s:11:\"utilisateur\";s:1:\"1\";s:6:\"prenom\";s:7:\"Birahim\";s:3:\"nom\";s:5:\"BABOU\";s:4:\"role\";s:18:\"GMB_ADMINISTRATEUR\";}'),
(1587, 4, 1, 'a:7:{s:9:\"connexion\";b:1;s:4:\"mail\";s:24:\"birahim.babou@uvs.edu.sn\";s:6:\"profil\";s:1:\"2\";s:11:\"utilisateur\";s:1:\"1\";s:6:\"prenom\";s:7:\"Birahim\";s:3:\"nom\";s:5:\"BABOU\";s:4:\"role\";s:18:\"GMB_ADMINISTRATEUR\";}'),
(1588, 4, 1, 'a:7:{s:9:\"connexion\";b:1;s:4:\"mail\";s:24:\"birahim.babou@uvs.edu.sn\";s:6:\"profil\";s:1:\"2\";s:11:\"utilisateur\";s:1:\"1\";s:6:\"prenom\";s:7:\"Birahim\";s:3:\"nom\";s:5:\"BABOU\";s:4:\"role\";s:18:\"GMB_ADMINISTRATEUR\";}'),
(1589, 4, 1, 'a:7:{s:9:\"connexion\";b:1;s:4:\"mail\";s:24:\"birahim.babou@uvs.edu.sn\";s:6:\"profil\";s:1:\"2\";s:11:\"utilisateur\";s:1:\"1\";s:6:\"prenom\";s:7:\"Birahim\";s:3:\"nom\";s:5:\"BABOU\";s:4:\"role\";s:18:\"GMB_ADMINISTRATEUR\";}'),
(1590, 4, 1, 'a:7:{s:9:\"connexion\";b:1;s:4:\"mail\";s:24:\"birahim.babou@uvs.edu.sn\";s:6:\"profil\";s:1:\"2\";s:11:\"utilisateur\";s:1:\"1\";s:6:\"prenom\";s:7:\"Birahim\";s:3:\"nom\";s:5:\"BABOU\";s:4:\"role\";s:18:\"GMB_ADMINISTRATEUR\";}'),
(1591, 4, 1, 'a:7:{s:9:\"connexion\";b:1;s:4:\"mail\";s:24:\"birahim.babou@uvs.edu.sn\";s:6:\"profil\";s:1:\"2\";s:11:\"utilisateur\";s:1:\"1\";s:6:\"prenom\";s:7:\"Birahim\";s:3:\"nom\";s:5:\"BABOU\";s:4:\"role\";s:18:\"GMB_ADMINISTRATEUR\";}'),
(1592, 4, 1, 'a:7:{s:9:\"connexion\";b:1;s:4:\"mail\";s:24:\"birahim.babou@uvs.edu.sn\";s:6:\"profil\";s:1:\"2\";s:11:\"utilisateur\";s:1:\"1\";s:6:\"prenom\";s:7:\"Birahim\";s:3:\"nom\";s:5:\"BABOU\";s:4:\"role\";s:18:\"GMB_ADMINISTRATEUR\";}'),
(1593, 4, 1, 'a:7:{s:9:\"connexion\";b:1;s:4:\"mail\";s:24:\"birahim.babou@uvs.edu.sn\";s:6:\"profil\";s:1:\"2\";s:11:\"utilisateur\";s:1:\"1\";s:6:\"prenom\";s:7:\"Birahim\";s:3:\"nom\";s:5:\"BABOU\";s:4:\"role\";s:18:\"GMB_ADMINISTRATEUR\";}'),
(1594, 4, 1, 'a:7:{s:9:\"connexion\";b:1;s:4:\"mail\";s:24:\"birahim.babou@uvs.edu.sn\";s:6:\"profil\";s:1:\"2\";s:11:\"utilisateur\";s:1:\"1\";s:6:\"prenom\";s:7:\"Birahim\";s:3:\"nom\";s:5:\"BABOU\";s:4:\"role\";s:18:\"GMB_ADMINISTRATEUR\";}'),
(1595, 4, 1, 'a:7:{s:9:\"connexion\";b:1;s:4:\"mail\";s:24:\"birahim.babou@uvs.edu.sn\";s:6:\"profil\";s:1:\"2\";s:11:\"utilisateur\";s:1:\"1\";s:6:\"prenom\";s:7:\"Birahim\";s:3:\"nom\";s:5:\"BABOU\";s:4:\"role\";s:18:\"GMB_ADMINISTRATEUR\";}'),
(1596, 4, 1, 'a:7:{s:9:\"connexion\";b:1;s:4:\"mail\";s:24:\"birahim.babou@uvs.edu.sn\";s:6:\"profil\";s:1:\"2\";s:11:\"utilisateur\";s:1:\"1\";s:6:\"prenom\";s:7:\"Birahim\";s:3:\"nom\";s:5:\"BABOU\";s:4:\"role\";s:18:\"GMB_ADMINISTRATEUR\";}'),
(1597, 4, 1, 'a:7:{s:9:\"connexion\";b:1;s:4:\"mail\";s:24:\"birahim.babou@uvs.edu.sn\";s:6:\"profil\";s:1:\"2\";s:11:\"utilisateur\";s:1:\"1\";s:6:\"prenom\";s:7:\"Birahim\";s:3:\"nom\";s:5:\"BABOU\";s:4:\"role\";s:18:\"GMB_ADMINISTRATEUR\";}'),
(1598, 4, 1, 'a:7:{s:9:\"connexion\";b:1;s:4:\"mail\";s:24:\"birahim.babou@uvs.edu.sn\";s:6:\"profil\";s:1:\"2\";s:11:\"utilisateur\";s:1:\"1\";s:6:\"prenom\";s:7:\"Birahim\";s:3:\"nom\";s:5:\"BABOU\";s:4:\"role\";s:18:\"GMB_ADMINISTRATEUR\";}'),
(1599, 4, 1, 'a:7:{s:9:\"connexion\";b:1;s:4:\"mail\";s:24:\"birahim.babou@uvs.edu.sn\";s:6:\"profil\";s:1:\"2\";s:11:\"utilisateur\";s:1:\"1\";s:6:\"prenom\";s:7:\"Birahim\";s:3:\"nom\";s:5:\"BABOU\";s:4:\"role\";s:18:\"GMB_ADMINISTRATEUR\";}'),
(1600, 4, 1, 'a:7:{s:9:\"connexion\";b:1;s:4:\"mail\";s:24:\"birahim.babou@uvs.edu.sn\";s:6:\"profil\";s:1:\"2\";s:11:\"utilisateur\";s:1:\"1\";s:6:\"prenom\";s:7:\"Birahim\";s:3:\"nom\";s:5:\"BABOU\";s:4:\"role\";s:18:\"GMB_ADMINISTRATEUR\";}'),
(1601, 4, 1, 'a:7:{s:9:\"connexion\";b:1;s:4:\"mail\";s:24:\"birahim.babou@uvs.edu.sn\";s:6:\"profil\";s:1:\"2\";s:11:\"utilisateur\";s:1:\"1\";s:6:\"prenom\";s:7:\"Birahim\";s:3:\"nom\";s:5:\"BABOU\";s:4:\"role\";s:18:\"GMB_ADMINISTRATEUR\";}'),
(1602, 4, 1, 'a:7:{s:9:\"connexion\";b:1;s:4:\"mail\";s:24:\"birahim.babou@uvs.edu.sn\";s:6:\"profil\";s:1:\"2\";s:11:\"utilisateur\";s:1:\"1\";s:6:\"prenom\";s:7:\"Birahim\";s:3:\"nom\";s:5:\"BABOU\";s:4:\"role\";s:18:\"GMB_ADMINISTRATEUR\";}'),
(1603, 4, 1, 'a:7:{s:9:\"connexion\";b:1;s:4:\"mail\";s:24:\"birahim.babou@uvs.edu.sn\";s:6:\"profil\";s:1:\"2\";s:11:\"utilisateur\";s:1:\"1\";s:6:\"prenom\";s:7:\"Birahim\";s:3:\"nom\";s:5:\"BABOU\";s:4:\"role\";s:18:\"GMB_ADMINISTRATEUR\";}'),
(1604, 4, 1, 'a:7:{s:9:\"connexion\";b:1;s:4:\"mail\";s:24:\"birahim.babou@uvs.edu.sn\";s:6:\"profil\";s:1:\"2\";s:11:\"utilisateur\";s:1:\"1\";s:6:\"prenom\";s:7:\"Birahim\";s:3:\"nom\";s:5:\"BABOU\";s:4:\"role\";s:18:\"GMB_ADMINISTRATEUR\";}'),
(1605, 4, 1, 'a:7:{s:9:\"connexion\";b:1;s:4:\"mail\";s:24:\"birahim.babou@uvs.edu.sn\";s:6:\"profil\";s:1:\"2\";s:11:\"utilisateur\";s:1:\"1\";s:6:\"prenom\";s:7:\"Birahim\";s:3:\"nom\";s:5:\"BABOU\";s:4:\"role\";s:18:\"GMB_ADMINISTRATEUR\";}'),
(1606, 4, 1, 'a:7:{s:9:\"connexion\";b:1;s:4:\"mail\";s:24:\"birahim.babou@uvs.edu.sn\";s:6:\"profil\";s:1:\"2\";s:11:\"utilisateur\";s:1:\"1\";s:6:\"prenom\";s:7:\"Birahim\";s:3:\"nom\";s:5:\"BABOU\";s:4:\"role\";s:18:\"GMB_ADMINISTRATEUR\";}'),
(1607, 4, 1, 'a:7:{s:9:\"connexion\";b:1;s:4:\"mail\";s:24:\"birahim.babou@uvs.edu.sn\";s:6:\"profil\";s:1:\"2\";s:11:\"utilisateur\";s:1:\"1\";s:6:\"prenom\";s:7:\"Birahim\";s:3:\"nom\";s:5:\"BABOU\";s:4:\"role\";s:18:\"GMB_ADMINISTRATEUR\";}'),
(1608, 4, 1, 'a:7:{s:9:\"connexion\";b:1;s:4:\"mail\";s:24:\"birahim.babou@uvs.edu.sn\";s:6:\"profil\";s:1:\"2\";s:11:\"utilisateur\";s:1:\"1\";s:6:\"prenom\";s:7:\"Birahim\";s:3:\"nom\";s:5:\"BABOU\";s:4:\"role\";s:18:\"GMB_ADMINISTRATEUR\";}'),
(1609, 4, 1, 'a:7:{s:9:\"connexion\";b:1;s:4:\"mail\";s:24:\"birahim.babou@uvs.edu.sn\";s:6:\"profil\";s:1:\"2\";s:11:\"utilisateur\";s:1:\"1\";s:6:\"prenom\";s:7:\"Birahim\";s:3:\"nom\";s:5:\"BABOU\";s:4:\"role\";s:18:\"GMB_ADMINISTRATEUR\";}'),
(1610, 4, 1, 'a:7:{s:9:\"connexion\";b:1;s:4:\"mail\";s:24:\"birahim.babou@uvs.edu.sn\";s:6:\"profil\";s:1:\"2\";s:11:\"utilisateur\";s:1:\"1\";s:6:\"prenom\";s:7:\"Birahim\";s:3:\"nom\";s:5:\"BABOU\";s:4:\"role\";s:18:\"GMB_ADMINISTRATEUR\";}'),
(1611, 4, 1, 'a:7:{s:9:\"connexion\";b:1;s:4:\"mail\";s:24:\"birahim.babou@uvs.edu.sn\";s:6:\"profil\";s:1:\"2\";s:11:\"utilisateur\";s:1:\"1\";s:6:\"prenom\";s:7:\"Birahim\";s:3:\"nom\";s:5:\"BABOU\";s:4:\"role\";s:18:\"GMB_ADMINISTRATEUR\";}'),
(1612, 4, 1, 'a:7:{s:9:\"connexion\";b:1;s:4:\"mail\";s:24:\"birahim.babou@uvs.edu.sn\";s:6:\"profil\";s:1:\"2\";s:11:\"utilisateur\";s:1:\"1\";s:6:\"prenom\";s:7:\"Birahim\";s:3:\"nom\";s:5:\"BABOU\";s:4:\"role\";s:18:\"GMB_ADMINISTRATEUR\";}'),
(1613, 4, 1, 'a:7:{s:9:\"connexion\";b:1;s:4:\"mail\";s:24:\"birahim.babou@uvs.edu.sn\";s:6:\"profil\";s:1:\"2\";s:11:\"utilisateur\";s:1:\"1\";s:6:\"prenom\";s:7:\"Birahim\";s:3:\"nom\";s:5:\"BABOU\";s:4:\"role\";s:18:\"GMB_ADMINISTRATEUR\";}'),
(1614, 4, 1, 'a:7:{s:9:\"connexion\";b:1;s:4:\"mail\";s:24:\"birahim.babou@uvs.edu.sn\";s:6:\"profil\";s:1:\"2\";s:11:\"utilisateur\";s:1:\"1\";s:6:\"prenom\";s:7:\"Birahim\";s:3:\"nom\";s:5:\"BABOU\";s:4:\"role\";s:18:\"GMB_ADMINISTRATEUR\";}'),
(1615, 4, 1, 'a:7:{s:9:\"connexion\";b:1;s:4:\"mail\";s:24:\"birahim.babou@uvs.edu.sn\";s:6:\"profil\";s:1:\"2\";s:11:\"utilisateur\";s:1:\"1\";s:6:\"prenom\";s:7:\"Birahim\";s:3:\"nom\";s:5:\"BABOU\";s:4:\"role\";s:18:\"GMB_ADMINISTRATEUR\";}'),
(1616, 4, 1, 'a:7:{s:9:\"connexion\";b:1;s:4:\"mail\";s:24:\"birahim.babou@uvs.edu.sn\";s:6:\"profil\";s:1:\"2\";s:11:\"utilisateur\";s:1:\"1\";s:6:\"prenom\";s:7:\"Birahim\";s:3:\"nom\";s:5:\"BABOU\";s:4:\"role\";s:18:\"GMB_ADMINISTRATEUR\";}'),
(1617, 4, 1, 'a:7:{s:9:\"connexion\";b:1;s:4:\"mail\";s:24:\"birahim.babou@uvs.edu.sn\";s:6:\"profil\";s:1:\"2\";s:11:\"utilisateur\";s:1:\"1\";s:6:\"prenom\";s:7:\"Birahim\";s:3:\"nom\";s:5:\"BABOU\";s:4:\"role\";s:18:\"GMB_ADMINISTRATEUR\";}'),
(1618, 4, 1, 'a:7:{s:9:\"connexion\";b:1;s:4:\"mail\";s:24:\"birahim.babou@uvs.edu.sn\";s:6:\"profil\";s:1:\"2\";s:11:\"utilisateur\";s:1:\"1\";s:6:\"prenom\";s:7:\"Birahim\";s:3:\"nom\";s:5:\"BABOU\";s:4:\"role\";s:18:\"GMB_ADMINISTRATEUR\";}'),
(1619, 4, 1, 'a:7:{s:9:\"connexion\";b:1;s:4:\"mail\";s:24:\"birahim.babou@uvs.edu.sn\";s:6:\"profil\";s:1:\"2\";s:11:\"utilisateur\";s:1:\"1\";s:6:\"prenom\";s:7:\"Birahim\";s:3:\"nom\";s:5:\"BABOU\";s:4:\"role\";s:18:\"GMB_ADMINISTRATEUR\";}'),
(1620, 4, 1, 'a:7:{s:9:\"connexion\";b:1;s:4:\"mail\";s:24:\"birahim.babou@uvs.edu.sn\";s:6:\"profil\";s:1:\"2\";s:11:\"utilisateur\";s:1:\"1\";s:6:\"prenom\";s:7:\"Birahim\";s:3:\"nom\";s:5:\"BABOU\";s:4:\"role\";s:18:\"GMB_ADMINISTRATEUR\";}'),
(1621, 4, 1, 'a:7:{s:9:\"connexion\";b:1;s:4:\"mail\";s:24:\"birahim.babou@uvs.edu.sn\";s:6:\"profil\";s:1:\"2\";s:11:\"utilisateur\";s:1:\"1\";s:6:\"prenom\";s:7:\"Birahim\";s:3:\"nom\";s:5:\"BABOU\";s:4:\"role\";s:18:\"GMB_ADMINISTRATEUR\";}');
INSERT INTO `ban_hist` (`id`, `type`, `user`, `valeur`) VALUES
(1622, 4, 1, 'a:7:{s:9:\"connexion\";b:1;s:4:\"mail\";s:24:\"birahim.babou@uvs.edu.sn\";s:6:\"profil\";s:1:\"2\";s:11:\"utilisateur\";s:1:\"1\";s:6:\"prenom\";s:7:\"Birahim\";s:3:\"nom\";s:5:\"BABOU\";s:4:\"role\";s:18:\"GMB_ADMINISTRATEUR\";}'),
(1623, 4, 1, 'a:7:{s:9:\"connexion\";b:1;s:4:\"mail\";s:24:\"birahim.babou@uvs.edu.sn\";s:6:\"profil\";s:1:\"2\";s:11:\"utilisateur\";s:1:\"1\";s:6:\"prenom\";s:7:\"Birahim\";s:3:\"nom\";s:5:\"BABOU\";s:4:\"role\";s:18:\"GMB_ADMINISTRATEUR\";}'),
(1624, 4, 1, 'a:7:{s:9:\"connexion\";b:1;s:4:\"mail\";s:24:\"birahim.babou@uvs.edu.sn\";s:6:\"profil\";s:1:\"2\";s:11:\"utilisateur\";s:1:\"1\";s:6:\"prenom\";s:7:\"Birahim\";s:3:\"nom\";s:5:\"BABOU\";s:4:\"role\";s:18:\"GMB_ADMINISTRATEUR\";}'),
(1625, 4, 1, 'a:7:{s:9:\"connexion\";b:1;s:4:\"mail\";s:24:\"birahim.babou@uvs.edu.sn\";s:6:\"profil\";s:1:\"2\";s:11:\"utilisateur\";s:1:\"1\";s:6:\"prenom\";s:7:\"Birahim\";s:3:\"nom\";s:5:\"BABOU\";s:4:\"role\";s:18:\"GMB_ADMINISTRATEUR\";}'),
(1626, 4, 1, 'a:7:{s:9:\"connexion\";b:1;s:4:\"mail\";s:24:\"birahim.babou@uvs.edu.sn\";s:6:\"profil\";s:1:\"2\";s:11:\"utilisateur\";s:1:\"1\";s:6:\"prenom\";s:7:\"Birahim\";s:3:\"nom\";s:5:\"BABOU\";s:4:\"role\";s:18:\"GMB_ADMINISTRATEUR\";}'),
(1627, 4, 1, 'a:7:{s:9:\"connexion\";b:1;s:4:\"mail\";s:24:\"birahim.babou@uvs.edu.sn\";s:6:\"profil\";s:1:\"2\";s:11:\"utilisateur\";s:1:\"1\";s:6:\"prenom\";s:7:\"Birahim\";s:3:\"nom\";s:5:\"BABOU\";s:4:\"role\";s:18:\"GMB_ADMINISTRATEUR\";}'),
(1628, 4, 1, 'a:7:{s:9:\"connexion\";b:1;s:4:\"mail\";s:24:\"birahim.babou@uvs.edu.sn\";s:6:\"profil\";s:1:\"2\";s:11:\"utilisateur\";s:1:\"1\";s:6:\"prenom\";s:7:\"Birahim\";s:3:\"nom\";s:5:\"BABOU\";s:4:\"role\";s:18:\"GMB_ADMINISTRATEUR\";}'),
(1629, 4, 1, 'a:7:{s:9:\"connexion\";b:1;s:4:\"mail\";s:24:\"birahim.babou@uvs.edu.sn\";s:6:\"profil\";s:1:\"2\";s:11:\"utilisateur\";s:1:\"1\";s:6:\"prenom\";s:7:\"Birahim\";s:3:\"nom\";s:5:\"BABOU\";s:4:\"role\";s:18:\"GMB_ADMINISTRATEUR\";}'),
(1630, 4, 1, 'a:7:{s:9:\"connexion\";b:1;s:4:\"mail\";s:24:\"birahim.babou@uvs.edu.sn\";s:6:\"profil\";s:1:\"2\";s:11:\"utilisateur\";s:1:\"1\";s:6:\"prenom\";s:7:\"Birahim\";s:3:\"nom\";s:5:\"BABOU\";s:4:\"role\";s:18:\"GMB_ADMINISTRATEUR\";}'),
(1631, 4, 1, 'a:7:{s:9:\"connexion\";b:1;s:4:\"mail\";s:24:\"birahim.babou@uvs.edu.sn\";s:6:\"profil\";s:1:\"2\";s:11:\"utilisateur\";s:1:\"1\";s:6:\"prenom\";s:7:\"Birahim\";s:3:\"nom\";s:5:\"BABOU\";s:4:\"role\";s:18:\"GMB_ADMINISTRATEUR\";}'),
(1632, 4, 1, 'a:7:{s:9:\"connexion\";b:1;s:4:\"mail\";s:24:\"birahim.babou@uvs.edu.sn\";s:6:\"profil\";s:1:\"2\";s:11:\"utilisateur\";s:1:\"1\";s:6:\"prenom\";s:7:\"Birahim\";s:3:\"nom\";s:5:\"BABOU\";s:4:\"role\";s:18:\"GMB_ADMINISTRATEUR\";}'),
(1633, 4, 1, 'a:7:{s:9:\"connexion\";b:1;s:4:\"mail\";s:24:\"birahim.babou@uvs.edu.sn\";s:6:\"profil\";s:1:\"2\";s:11:\"utilisateur\";s:1:\"1\";s:6:\"prenom\";s:7:\"Birahim\";s:3:\"nom\";s:5:\"BABOU\";s:4:\"role\";s:18:\"GMB_ADMINISTRATEUR\";}'),
(1634, 4, 1, 'a:7:{s:9:\"connexion\";b:1;s:4:\"mail\";s:24:\"birahim.babou@uvs.edu.sn\";s:6:\"profil\";s:1:\"2\";s:11:\"utilisateur\";s:1:\"1\";s:6:\"prenom\";s:7:\"Birahim\";s:3:\"nom\";s:5:\"BABOU\";s:4:\"role\";s:18:\"GMB_ADMINISTRATEUR\";}'),
(1635, 4, 1, 'a:7:{s:9:\"connexion\";b:1;s:4:\"mail\";s:24:\"birahim.babou@uvs.edu.sn\";s:6:\"profil\";s:1:\"2\";s:11:\"utilisateur\";s:1:\"1\";s:6:\"prenom\";s:7:\"Birahim\";s:3:\"nom\";s:5:\"BABOU\";s:4:\"role\";s:18:\"GMB_ADMINISTRATEUR\";}'),
(1636, 4, 1, 'a:7:{s:9:\"connexion\";b:1;s:4:\"mail\";s:24:\"birahim.babou@uvs.edu.sn\";s:6:\"profil\";s:1:\"2\";s:11:\"utilisateur\";s:1:\"1\";s:6:\"prenom\";s:7:\"Birahim\";s:3:\"nom\";s:5:\"BABOU\";s:4:\"role\";s:18:\"GMB_ADMINISTRATEUR\";}'),
(1637, 4, 1, 'a:7:{s:9:\"connexion\";b:1;s:4:\"mail\";s:24:\"birahim.babou@uvs.edu.sn\";s:6:\"profil\";s:1:\"2\";s:11:\"utilisateur\";s:1:\"1\";s:6:\"prenom\";s:7:\"Birahim\";s:3:\"nom\";s:5:\"BABOU\";s:4:\"role\";s:18:\"GMB_ADMINISTRATEUR\";}'),
(1638, 4, 1, 'a:7:{s:9:\"connexion\";b:1;s:4:\"mail\";s:24:\"birahim.babou@uvs.edu.sn\";s:6:\"profil\";s:1:\"2\";s:11:\"utilisateur\";s:1:\"1\";s:6:\"prenom\";s:7:\"Birahim\";s:3:\"nom\";s:5:\"BABOU\";s:4:\"role\";s:18:\"GMB_ADMINISTRATEUR\";}'),
(1639, 4, 1, 'a:7:{s:9:\"connexion\";b:1;s:4:\"mail\";s:24:\"birahim.babou@uvs.edu.sn\";s:6:\"profil\";s:1:\"2\";s:11:\"utilisateur\";s:1:\"1\";s:6:\"prenom\";s:7:\"Birahim\";s:3:\"nom\";s:5:\"BABOU\";s:4:\"role\";s:18:\"GMB_ADMINISTRATEUR\";}'),
(1640, 4, 1, 'a:7:{s:9:\"connexion\";b:1;s:4:\"mail\";s:24:\"birahim.babou@uvs.edu.sn\";s:6:\"profil\";s:1:\"2\";s:11:\"utilisateur\";s:1:\"1\";s:6:\"prenom\";s:7:\"Birahim\";s:3:\"nom\";s:5:\"BABOU\";s:4:\"role\";s:18:\"GMB_ADMINISTRATEUR\";}'),
(1641, 4, 1, 'a:7:{s:9:\"connexion\";b:1;s:4:\"mail\";s:24:\"birahim.babou@uvs.edu.sn\";s:6:\"profil\";s:1:\"2\";s:11:\"utilisateur\";s:1:\"1\";s:6:\"prenom\";s:7:\"Birahim\";s:3:\"nom\";s:5:\"BABOU\";s:4:\"role\";s:18:\"GMB_ADMINISTRATEUR\";}'),
(1642, 4, 1, 'a:7:{s:9:\"connexion\";b:1;s:4:\"mail\";s:24:\"birahim.babou@uvs.edu.sn\";s:6:\"profil\";s:1:\"2\";s:11:\"utilisateur\";s:1:\"1\";s:6:\"prenom\";s:7:\"Birahim\";s:3:\"nom\";s:5:\"BABOU\";s:4:\"role\";s:18:\"GMB_ADMINISTRATEUR\";}'),
(1643, 4, 1, 'a:7:{s:9:\"connexion\";b:1;s:4:\"mail\";s:24:\"birahim.babou@uvs.edu.sn\";s:6:\"profil\";s:1:\"2\";s:11:\"utilisateur\";s:1:\"1\";s:6:\"prenom\";s:7:\"Birahim\";s:3:\"nom\";s:5:\"BABOU\";s:4:\"role\";s:18:\"GMB_ADMINISTRATEUR\";}'),
(1644, 4, 1, 'a:7:{s:9:\"connexion\";b:1;s:4:\"mail\";s:24:\"birahim.babou@uvs.edu.sn\";s:6:\"profil\";s:1:\"2\";s:11:\"utilisateur\";s:1:\"1\";s:6:\"prenom\";s:7:\"Birahim\";s:3:\"nom\";s:5:\"BABOU\";s:4:\"role\";s:18:\"GMB_ADMINISTRATEUR\";}'),
(1645, 4, 1, 'a:7:{s:9:\"connexion\";b:1;s:4:\"mail\";s:24:\"birahim.babou@uvs.edu.sn\";s:6:\"profil\";s:1:\"2\";s:11:\"utilisateur\";s:1:\"1\";s:6:\"prenom\";s:7:\"Birahim\";s:3:\"nom\";s:5:\"BABOU\";s:4:\"role\";s:18:\"GMB_ADMINISTRATEUR\";}'),
(1646, 4, 1, 'a:7:{s:9:\"connexion\";b:1;s:4:\"mail\";s:24:\"birahim.babou@uvs.edu.sn\";s:6:\"profil\";s:1:\"2\";s:11:\"utilisateur\";s:1:\"1\";s:6:\"prenom\";s:7:\"Birahim\";s:3:\"nom\";s:5:\"BABOU\";s:4:\"role\";s:18:\"GMB_ADMINISTRATEUR\";}'),
(1647, 4, 1, 'a:7:{s:9:\"connexion\";b:1;s:4:\"mail\";s:24:\"birahim.babou@uvs.edu.sn\";s:6:\"profil\";s:1:\"2\";s:11:\"utilisateur\";s:1:\"1\";s:6:\"prenom\";s:7:\"Birahim\";s:3:\"nom\";s:5:\"BABOU\";s:4:\"role\";s:18:\"GMB_ADMINISTRATEUR\";}'),
(1648, 4, 1, 'a:7:{s:9:\"connexion\";b:1;s:4:\"mail\";s:24:\"birahim.babou@uvs.edu.sn\";s:6:\"profil\";s:1:\"2\";s:11:\"utilisateur\";s:1:\"1\";s:6:\"prenom\";s:7:\"Birahim\";s:3:\"nom\";s:5:\"BABOU\";s:4:\"role\";s:18:\"GMB_ADMINISTRATEUR\";}'),
(1649, 4, 1, 'a:7:{s:9:\"connexion\";b:1;s:4:\"mail\";s:24:\"birahim.babou@uvs.edu.sn\";s:6:\"profil\";s:1:\"2\";s:11:\"utilisateur\";s:1:\"1\";s:6:\"prenom\";s:7:\"Birahim\";s:3:\"nom\";s:5:\"BABOU\";s:4:\"role\";s:18:\"GMB_ADMINISTRATEUR\";}'),
(1650, 4, 1, 'a:7:{s:9:\"connexion\";b:1;s:4:\"mail\";s:24:\"birahim.babou@uvs.edu.sn\";s:6:\"profil\";s:1:\"2\";s:11:\"utilisateur\";s:1:\"1\";s:6:\"prenom\";s:7:\"Birahim\";s:3:\"nom\";s:5:\"BABOU\";s:4:\"role\";s:18:\"GMB_ADMINISTRATEUR\";}'),
(1651, 4, 1, 'a:7:{s:9:\"connexion\";b:1;s:4:\"mail\";s:24:\"birahim.babou@uvs.edu.sn\";s:6:\"profil\";s:1:\"2\";s:11:\"utilisateur\";s:1:\"1\";s:6:\"prenom\";s:7:\"Birahim\";s:3:\"nom\";s:5:\"BABOU\";s:4:\"role\";s:18:\"GMB_ADMINISTRATEUR\";}'),
(1652, 4, 1, 'a:7:{s:9:\"connexion\";b:1;s:4:\"mail\";s:24:\"birahim.babou@uvs.edu.sn\";s:6:\"profil\";s:1:\"2\";s:11:\"utilisateur\";s:1:\"1\";s:6:\"prenom\";s:7:\"Birahim\";s:3:\"nom\";s:5:\"BABOU\";s:4:\"role\";s:18:\"GMB_ADMINISTRATEUR\";}'),
(1653, 4, 1, 'a:7:{s:9:\"connexion\";b:1;s:4:\"mail\";s:24:\"birahim.babou@uvs.edu.sn\";s:6:\"profil\";s:1:\"2\";s:11:\"utilisateur\";s:1:\"1\";s:6:\"prenom\";s:7:\"Birahim\";s:3:\"nom\";s:5:\"BABOU\";s:4:\"role\";s:18:\"GMB_ADMINISTRATEUR\";}'),
(1654, 4, 1, 'a:7:{s:9:\"connexion\";b:1;s:4:\"mail\";s:24:\"birahim.babou@uvs.edu.sn\";s:6:\"profil\";s:1:\"2\";s:11:\"utilisateur\";s:1:\"1\";s:6:\"prenom\";s:7:\"Birahim\";s:3:\"nom\";s:5:\"BABOU\";s:4:\"role\";s:18:\"GMB_ADMINISTRATEUR\";}'),
(1655, 4, 1, 'a:7:{s:9:\"connexion\";b:1;s:4:\"mail\";s:24:\"birahim.babou@uvs.edu.sn\";s:6:\"profil\";s:1:\"2\";s:11:\"utilisateur\";s:1:\"1\";s:6:\"prenom\";s:7:\"Birahim\";s:3:\"nom\";s:5:\"BABOU\";s:4:\"role\";s:18:\"GMB_ADMINISTRATEUR\";}'),
(1656, 4, 1, 'a:7:{s:9:\"connexion\";b:1;s:4:\"mail\";s:24:\"birahim.babou@uvs.edu.sn\";s:6:\"profil\";s:1:\"2\";s:11:\"utilisateur\";s:1:\"1\";s:6:\"prenom\";s:7:\"Birahim\";s:3:\"nom\";s:5:\"BABOU\";s:4:\"role\";s:18:\"GMB_ADMINISTRATEUR\";}'),
(1657, 4, 1, 'a:7:{s:9:\"connexion\";b:1;s:4:\"mail\";s:24:\"birahim.babou@uvs.edu.sn\";s:6:\"profil\";s:1:\"2\";s:11:\"utilisateur\";s:1:\"1\";s:6:\"prenom\";s:7:\"Birahim\";s:3:\"nom\";s:5:\"BABOU\";s:4:\"role\";s:18:\"GMB_ADMINISTRATEUR\";}'),
(1658, 4, 1, 'a:7:{s:9:\"connexion\";b:1;s:4:\"mail\";s:24:\"birahim.babou@uvs.edu.sn\";s:6:\"profil\";s:1:\"2\";s:11:\"utilisateur\";s:1:\"1\";s:6:\"prenom\";s:7:\"Birahim\";s:3:\"nom\";s:5:\"BABOU\";s:4:\"role\";s:18:\"GMB_ADMINISTRATEUR\";}'),
(1659, 4, 1, 'a:7:{s:9:\"connexion\";b:1;s:4:\"mail\";s:24:\"birahim.babou@uvs.edu.sn\";s:6:\"profil\";s:1:\"2\";s:11:\"utilisateur\";s:1:\"1\";s:6:\"prenom\";s:7:\"Birahim\";s:3:\"nom\";s:5:\"BABOU\";s:4:\"role\";s:18:\"GMB_ADMINISTRATEUR\";}'),
(1660, 4, 1, 'a:7:{s:9:\"connexion\";b:1;s:4:\"mail\";s:24:\"birahim.babou@uvs.edu.sn\";s:6:\"profil\";s:1:\"2\";s:11:\"utilisateur\";s:1:\"1\";s:6:\"prenom\";s:7:\"Birahim\";s:3:\"nom\";s:5:\"BABOU\";s:4:\"role\";s:18:\"GMB_ADMINISTRATEUR\";}'),
(1661, 4, 1, 'a:7:{s:9:\"connexion\";b:1;s:4:\"mail\";s:24:\"birahim.babou@uvs.edu.sn\";s:6:\"profil\";s:1:\"2\";s:11:\"utilisateur\";s:1:\"1\";s:6:\"prenom\";s:7:\"Birahim\";s:3:\"nom\";s:5:\"BABOU\";s:4:\"role\";s:18:\"GMB_ADMINISTRATEUR\";}'),
(1662, 4, 1, 'a:7:{s:9:\"connexion\";b:1;s:4:\"mail\";s:24:\"birahim.babou@uvs.edu.sn\";s:6:\"profil\";s:1:\"2\";s:11:\"utilisateur\";s:1:\"1\";s:6:\"prenom\";s:7:\"Birahim\";s:3:\"nom\";s:5:\"BABOU\";s:4:\"role\";s:18:\"GMB_ADMINISTRATEUR\";}'),
(1663, 4, 1, 'a:7:{s:9:\"connexion\";b:1;s:4:\"mail\";s:24:\"birahim.babou@uvs.edu.sn\";s:6:\"profil\";s:1:\"2\";s:11:\"utilisateur\";s:1:\"1\";s:6:\"prenom\";s:7:\"Birahim\";s:3:\"nom\";s:5:\"BABOU\";s:4:\"role\";s:18:\"GMB_ADMINISTRATEUR\";}'),
(1664, 4, 1, 'a:7:{s:9:\"connexion\";b:1;s:4:\"mail\";s:24:\"birahim.babou@uvs.edu.sn\";s:6:\"profil\";s:1:\"2\";s:11:\"utilisateur\";s:1:\"1\";s:6:\"prenom\";s:7:\"Birahim\";s:3:\"nom\";s:5:\"BABOU\";s:4:\"role\";s:18:\"GMB_ADMINISTRATEUR\";}'),
(1665, 4, 1, 'a:7:{s:9:\"connexion\";b:1;s:4:\"mail\";s:24:\"birahim.babou@uvs.edu.sn\";s:6:\"profil\";s:1:\"2\";s:11:\"utilisateur\";s:1:\"1\";s:6:\"prenom\";s:7:\"Birahim\";s:3:\"nom\";s:5:\"BABOU\";s:4:\"role\";s:18:\"GMB_ADMINISTRATEUR\";}'),
(1666, 4, 1, 'a:7:{s:9:\"connexion\";b:1;s:4:\"mail\";s:24:\"birahim.babou@uvs.edu.sn\";s:6:\"profil\";s:1:\"2\";s:11:\"utilisateur\";s:1:\"1\";s:6:\"prenom\";s:7:\"Birahim\";s:3:\"nom\";s:5:\"BABOU\";s:4:\"role\";s:18:\"GMB_ADMINISTRATEUR\";}'),
(1667, 4, 1, 'a:7:{s:9:\"connexion\";b:1;s:4:\"mail\";s:24:\"birahim.babou@uvs.edu.sn\";s:6:\"profil\";s:1:\"2\";s:11:\"utilisateur\";s:1:\"1\";s:6:\"prenom\";s:7:\"Birahim\";s:3:\"nom\";s:5:\"BABOU\";s:4:\"role\";s:18:\"GMB_ADMINISTRATEUR\";}'),
(1668, 4, 1, 'a:7:{s:9:\"connexion\";b:1;s:4:\"mail\";s:24:\"birahim.babou@uvs.edu.sn\";s:6:\"profil\";s:1:\"2\";s:11:\"utilisateur\";s:1:\"1\";s:6:\"prenom\";s:7:\"Birahim\";s:3:\"nom\";s:5:\"BABOU\";s:4:\"role\";s:18:\"GMB_ADMINISTRATEUR\";}'),
(1669, 4, 1, 'a:7:{s:9:\"connexion\";b:1;s:4:\"mail\";s:24:\"birahim.babou@uvs.edu.sn\";s:6:\"profil\";s:1:\"2\";s:11:\"utilisateur\";s:1:\"1\";s:6:\"prenom\";s:7:\"Birahim\";s:3:\"nom\";s:5:\"BABOU\";s:4:\"role\";s:18:\"GMB_ADMINISTRATEUR\";}'),
(1670, 4, 1, 'a:7:{s:9:\"connexion\";b:1;s:4:\"mail\";s:24:\"birahim.babou@uvs.edu.sn\";s:6:\"profil\";s:1:\"2\";s:11:\"utilisateur\";s:1:\"1\";s:6:\"prenom\";s:7:\"Birahim\";s:3:\"nom\";s:5:\"BABOU\";s:4:\"role\";s:18:\"GMB_ADMINISTRATEUR\";}'),
(1671, 4, 1, 'a:7:{s:9:\"connexion\";b:1;s:4:\"mail\";s:24:\"birahim.babou@uvs.edu.sn\";s:6:\"profil\";s:1:\"2\";s:11:\"utilisateur\";s:1:\"1\";s:6:\"prenom\";s:7:\"Birahim\";s:3:\"nom\";s:5:\"BABOU\";s:4:\"role\";s:18:\"GMB_ADMINISTRATEUR\";}'),
(1672, 4, 1, 'a:7:{s:9:\"connexion\";b:1;s:4:\"mail\";s:24:\"birahim.babou@uvs.edu.sn\";s:6:\"profil\";s:1:\"2\";s:11:\"utilisateur\";s:1:\"1\";s:6:\"prenom\";s:7:\"Birahim\";s:3:\"nom\";s:5:\"BABOU\";s:4:\"role\";s:18:\"GMB_ADMINISTRATEUR\";}'),
(1673, 4, 1, 'a:7:{s:9:\"connexion\";b:1;s:4:\"mail\";s:24:\"birahim.babou@uvs.edu.sn\";s:6:\"profil\";s:1:\"2\";s:11:\"utilisateur\";s:1:\"1\";s:6:\"prenom\";s:7:\"Birahim\";s:3:\"nom\";s:5:\"BABOU\";s:4:\"role\";s:18:\"GMB_ADMINISTRATEUR\";}'),
(1674, 4, 1, 'a:7:{s:9:\"connexion\";b:1;s:4:\"mail\";s:24:\"birahim.babou@uvs.edu.sn\";s:6:\"profil\";s:1:\"2\";s:11:\"utilisateur\";s:1:\"1\";s:6:\"prenom\";s:7:\"Birahim\";s:3:\"nom\";s:5:\"BABOU\";s:4:\"role\";s:18:\"GMB_ADMINISTRATEUR\";}'),
(1675, 4, 1, 'a:7:{s:9:\"connexion\";b:1;s:4:\"mail\";s:24:\"birahim.babou@uvs.edu.sn\";s:6:\"profil\";s:1:\"2\";s:11:\"utilisateur\";s:1:\"1\";s:6:\"prenom\";s:7:\"Birahim\";s:3:\"nom\";s:5:\"BABOU\";s:4:\"role\";s:18:\"GMB_ADMINISTRATEUR\";}'),
(1676, 4, 1, 'a:7:{s:9:\"connexion\";b:1;s:4:\"mail\";s:24:\"birahim.babou@uvs.edu.sn\";s:6:\"profil\";s:1:\"2\";s:11:\"utilisateur\";s:1:\"1\";s:6:\"prenom\";s:7:\"Birahim\";s:3:\"nom\";s:5:\"BABOU\";s:4:\"role\";s:18:\"GMB_ADMINISTRATEUR\";}'),
(1677, 4, 1, 'a:7:{s:9:\"connexion\";b:1;s:4:\"mail\";s:24:\"birahim.babou@uvs.edu.sn\";s:6:\"profil\";s:1:\"2\";s:11:\"utilisateur\";s:1:\"1\";s:6:\"prenom\";s:7:\"Birahim\";s:3:\"nom\";s:5:\"BABOU\";s:4:\"role\";s:18:\"GMB_ADMINISTRATEUR\";}'),
(1678, 4, 1, 'a:7:{s:9:\"connexion\";b:1;s:4:\"mail\";s:24:\"birahim.babou@uvs.edu.sn\";s:6:\"profil\";s:1:\"2\";s:11:\"utilisateur\";s:1:\"1\";s:6:\"prenom\";s:7:\"Birahim\";s:3:\"nom\";s:5:\"BABOU\";s:4:\"role\";s:18:\"GMB_ADMINISTRATEUR\";}'),
(1679, 4, 1, 'a:7:{s:9:\"connexion\";b:1;s:4:\"mail\";s:24:\"birahim.babou@uvs.edu.sn\";s:6:\"profil\";s:1:\"2\";s:11:\"utilisateur\";s:1:\"1\";s:6:\"prenom\";s:7:\"Birahim\";s:3:\"nom\";s:5:\"BABOU\";s:4:\"role\";s:18:\"GMB_ADMINISTRATEUR\";}'),
(1680, 4, 1, 'a:7:{s:9:\"connexion\";b:1;s:4:\"mail\";s:24:\"birahim.babou@uvs.edu.sn\";s:6:\"profil\";s:1:\"2\";s:11:\"utilisateur\";s:1:\"1\";s:6:\"prenom\";s:7:\"Birahim\";s:3:\"nom\";s:5:\"BABOU\";s:4:\"role\";s:18:\"GMB_ADMINISTRATEUR\";}'),
(1681, 4, 1, 'a:7:{s:9:\"connexion\";b:1;s:4:\"mail\";s:24:\"birahim.babou@uvs.edu.sn\";s:6:\"profil\";s:1:\"2\";s:11:\"utilisateur\";s:1:\"1\";s:6:\"prenom\";s:7:\"Birahim\";s:3:\"nom\";s:5:\"BABOU\";s:4:\"role\";s:18:\"GMB_ADMINISTRATEUR\";}'),
(1682, 4, 1, 'a:7:{s:9:\"connexion\";b:1;s:4:\"mail\";s:24:\"birahim.babou@uvs.edu.sn\";s:6:\"profil\";s:1:\"2\";s:11:\"utilisateur\";s:1:\"1\";s:6:\"prenom\";s:7:\"Birahim\";s:3:\"nom\";s:5:\"BABOU\";s:4:\"role\";s:18:\"GMB_ADMINISTRATEUR\";}'),
(1683, 4, 1, 'a:7:{s:9:\"connexion\";b:1;s:4:\"mail\";s:24:\"birahim.babou@uvs.edu.sn\";s:6:\"profil\";s:1:\"2\";s:11:\"utilisateur\";s:1:\"1\";s:6:\"prenom\";s:7:\"Birahim\";s:3:\"nom\";s:5:\"BABOU\";s:4:\"role\";s:18:\"GMB_ADMINISTRATEUR\";}'),
(1684, 4, 1, 'a:7:{s:9:\"connexion\";b:1;s:4:\"mail\";s:24:\"birahim.babou@uvs.edu.sn\";s:6:\"profil\";s:1:\"2\";s:11:\"utilisateur\";s:1:\"1\";s:6:\"prenom\";s:7:\"Birahim\";s:3:\"nom\";s:5:\"BABOU\";s:4:\"role\";s:18:\"GMB_ADMINISTRATEUR\";}'),
(1685, 4, 1, 'a:7:{s:9:\"connexion\";b:1;s:4:\"mail\";s:24:\"birahim.babou@uvs.edu.sn\";s:6:\"profil\";s:1:\"2\";s:11:\"utilisateur\";s:1:\"1\";s:6:\"prenom\";s:7:\"Birahim\";s:3:\"nom\";s:5:\"BABOU\";s:4:\"role\";s:18:\"GMB_ADMINISTRATEUR\";}'),
(1686, 4, 1, 'a:7:{s:9:\"connexion\";b:1;s:4:\"mail\";s:24:\"birahim.babou@uvs.edu.sn\";s:6:\"profil\";s:1:\"2\";s:11:\"utilisateur\";s:1:\"1\";s:6:\"prenom\";s:7:\"Birahim\";s:3:\"nom\";s:5:\"BABOU\";s:4:\"role\";s:18:\"GMB_ADMINISTRATEUR\";}'),
(1687, 4, 1, 'a:7:{s:9:\"connexion\";b:1;s:4:\"mail\";s:24:\"birahim.babou@uvs.edu.sn\";s:6:\"profil\";s:1:\"2\";s:11:\"utilisateur\";s:1:\"1\";s:6:\"prenom\";s:7:\"Birahim\";s:3:\"nom\";s:5:\"BABOU\";s:4:\"role\";s:18:\"GMB_ADMINISTRATEUR\";}'),
(1688, 4, 1, 'a:7:{s:9:\"connexion\";b:1;s:4:\"mail\";s:24:\"birahim.babou@uvs.edu.sn\";s:6:\"profil\";s:1:\"2\";s:11:\"utilisateur\";s:1:\"1\";s:6:\"prenom\";s:7:\"Birahim\";s:3:\"nom\";s:5:\"BABOU\";s:4:\"role\";s:18:\"GMB_ADMINISTRATEUR\";}'),
(1689, 4, 1, 'a:7:{s:9:\"connexion\";b:1;s:4:\"mail\";s:24:\"birahim.babou@uvs.edu.sn\";s:6:\"profil\";s:1:\"2\";s:11:\"utilisateur\";s:1:\"1\";s:6:\"prenom\";s:7:\"Birahim\";s:3:\"nom\";s:5:\"BABOU\";s:4:\"role\";s:18:\"GMB_ADMINISTRATEUR\";}'),
(1690, 4, 1, 'a:7:{s:9:\"connexion\";b:1;s:4:\"mail\";s:24:\"birahim.babou@uvs.edu.sn\";s:6:\"profil\";s:1:\"2\";s:11:\"utilisateur\";s:1:\"1\";s:6:\"prenom\";s:7:\"Birahim\";s:3:\"nom\";s:5:\"BABOU\";s:4:\"role\";s:18:\"GMB_ADMINISTRATEUR\";}'),
(1691, 4, 1, 'a:7:{s:9:\"connexion\";b:1;s:4:\"mail\";s:24:\"birahim.babou@uvs.edu.sn\";s:6:\"profil\";s:1:\"2\";s:11:\"utilisateur\";s:1:\"1\";s:6:\"prenom\";s:7:\"Birahim\";s:3:\"nom\";s:5:\"BABOU\";s:4:\"role\";s:18:\"GMB_ADMINISTRATEUR\";}'),
(1692, 4, 1, 'a:7:{s:9:\"connexion\";b:1;s:4:\"mail\";s:24:\"birahim.babou@uvs.edu.sn\";s:6:\"profil\";s:1:\"2\";s:11:\"utilisateur\";s:1:\"1\";s:6:\"prenom\";s:7:\"Birahim\";s:3:\"nom\";s:5:\"BABOU\";s:4:\"role\";s:18:\"GMB_ADMINISTRATEUR\";}'),
(1693, 4, 1, 'a:7:{s:9:\"connexion\";b:1;s:4:\"mail\";s:24:\"birahim.babou@uvs.edu.sn\";s:6:\"profil\";s:1:\"2\";s:11:\"utilisateur\";s:1:\"1\";s:6:\"prenom\";s:7:\"Birahim\";s:3:\"nom\";s:5:\"BABOU\";s:4:\"role\";s:18:\"GMB_ADMINISTRATEUR\";}'),
(1694, 4, 1, 'a:7:{s:9:\"connexion\";b:1;s:4:\"mail\";s:24:\"birahim.babou@uvs.edu.sn\";s:6:\"profil\";s:1:\"2\";s:11:\"utilisateur\";s:1:\"1\";s:6:\"prenom\";s:7:\"Birahim\";s:3:\"nom\";s:5:\"BABOU\";s:4:\"role\";s:18:\"GMB_ADMINISTRATEUR\";}'),
(1695, 4, 1, 'a:7:{s:9:\"connexion\";b:1;s:4:\"mail\";s:24:\"birahim.babou@uvs.edu.sn\";s:6:\"profil\";s:1:\"2\";s:11:\"utilisateur\";s:1:\"1\";s:6:\"prenom\";s:7:\"Birahim\";s:3:\"nom\";s:5:\"BABOU\";s:4:\"role\";s:18:\"GMB_ADMINISTRATEUR\";}'),
(1696, 4, 1, 'a:7:{s:9:\"connexion\";b:1;s:4:\"mail\";s:24:\"birahim.babou@uvs.edu.sn\";s:6:\"profil\";s:1:\"2\";s:11:\"utilisateur\";s:1:\"1\";s:6:\"prenom\";s:7:\"Birahim\";s:3:\"nom\";s:5:\"BABOU\";s:4:\"role\";s:18:\"GMB_ADMINISTRATEUR\";}'),
(1697, 4, 1, 'a:7:{s:9:\"connexion\";b:1;s:4:\"mail\";s:24:\"birahim.babou@uvs.edu.sn\";s:6:\"profil\";s:1:\"2\";s:11:\"utilisateur\";s:1:\"1\";s:6:\"prenom\";s:7:\"Birahim\";s:3:\"nom\";s:5:\"BABOU\";s:4:\"role\";s:18:\"GMB_ADMINISTRATEUR\";}'),
(1698, 4, 1, 'a:7:{s:9:\"connexion\";b:1;s:4:\"mail\";s:24:\"birahim.babou@uvs.edu.sn\";s:6:\"profil\";s:1:\"2\";s:11:\"utilisateur\";s:1:\"1\";s:6:\"prenom\";s:7:\"Birahim\";s:3:\"nom\";s:5:\"BABOU\";s:4:\"role\";s:18:\"GMB_ADMINISTRATEUR\";}'),
(1699, 4, 1, 'a:7:{s:9:\"connexion\";b:1;s:4:\"mail\";s:24:\"birahim.babou@uvs.edu.sn\";s:6:\"profil\";s:1:\"2\";s:11:\"utilisateur\";s:1:\"1\";s:6:\"prenom\";s:7:\"Birahim\";s:3:\"nom\";s:5:\"BABOU\";s:4:\"role\";s:18:\"GMB_ADMINISTRATEUR\";}'),
(1700, 4, 1, 'a:7:{s:9:\"connexion\";b:1;s:4:\"mail\";s:24:\"birahim.babou@uvs.edu.sn\";s:6:\"profil\";s:1:\"2\";s:11:\"utilisateur\";s:1:\"1\";s:6:\"prenom\";s:7:\"Birahim\";s:3:\"nom\";s:5:\"BABOU\";s:4:\"role\";s:18:\"GMB_ADMINISTRATEUR\";}'),
(1701, 4, 1, 'a:7:{s:9:\"connexion\";b:1;s:4:\"mail\";s:24:\"birahim.babou@uvs.edu.sn\";s:6:\"profil\";s:1:\"2\";s:11:\"utilisateur\";s:1:\"1\";s:6:\"prenom\";s:7:\"Birahim\";s:3:\"nom\";s:5:\"BABOU\";s:4:\"role\";s:18:\"GMB_ADMINISTRATEUR\";}'),
(1702, 4, 1, 'a:7:{s:9:\"connexion\";b:1;s:4:\"mail\";s:24:\"birahim.babou@uvs.edu.sn\";s:6:\"profil\";s:1:\"2\";s:11:\"utilisateur\";s:1:\"1\";s:6:\"prenom\";s:7:\"Birahim\";s:3:\"nom\";s:5:\"BABOU\";s:4:\"role\";s:18:\"GMB_ADMINISTRATEUR\";}'),
(1703, 4, 1, 'a:7:{s:9:\"connexion\";b:1;s:4:\"mail\";s:24:\"birahim.babou@uvs.edu.sn\";s:6:\"profil\";s:1:\"2\";s:11:\"utilisateur\";s:1:\"1\";s:6:\"prenom\";s:7:\"Birahim\";s:3:\"nom\";s:5:\"BABOU\";s:4:\"role\";s:18:\"GMB_ADMINISTRATEUR\";}'),
(1704, 4, 1, 'a:7:{s:9:\"connexion\";b:1;s:4:\"mail\";s:24:\"birahim.babou@uvs.edu.sn\";s:6:\"profil\";s:1:\"2\";s:11:\"utilisateur\";s:1:\"1\";s:6:\"prenom\";s:7:\"Birahim\";s:3:\"nom\";s:5:\"BABOU\";s:4:\"role\";s:18:\"GMB_ADMINISTRATEUR\";}'),
(1705, 4, 1, 'a:7:{s:9:\"connexion\";b:1;s:4:\"mail\";s:24:\"birahim.babou@uvs.edu.sn\";s:6:\"profil\";s:1:\"2\";s:11:\"utilisateur\";s:1:\"1\";s:6:\"prenom\";s:7:\"Birahim\";s:3:\"nom\";s:5:\"BABOU\";s:4:\"role\";s:18:\"GMB_ADMINISTRATEUR\";}'),
(1706, 4, 1, 'a:7:{s:9:\"connexion\";b:1;s:4:\"mail\";s:24:\"birahim.babou@uvs.edu.sn\";s:6:\"profil\";s:1:\"2\";s:11:\"utilisateur\";s:1:\"1\";s:6:\"prenom\";s:7:\"Birahim\";s:3:\"nom\";s:5:\"BABOU\";s:4:\"role\";s:18:\"GMB_ADMINISTRATEUR\";}'),
(1707, 4, 1, 'a:7:{s:9:\"connexion\";b:1;s:4:\"mail\";s:24:\"birahim.babou@uvs.edu.sn\";s:6:\"profil\";s:1:\"2\";s:11:\"utilisateur\";s:1:\"1\";s:6:\"prenom\";s:7:\"Birahim\";s:3:\"nom\";s:5:\"BABOU\";s:4:\"role\";s:18:\"GMB_ADMINISTRATEUR\";}'),
(1708, 4, 1, 'a:7:{s:9:\"connexion\";b:1;s:4:\"mail\";s:24:\"birahim.babou@uvs.edu.sn\";s:6:\"profil\";s:1:\"2\";s:11:\"utilisateur\";s:1:\"1\";s:6:\"prenom\";s:7:\"Birahim\";s:3:\"nom\";s:5:\"BABOU\";s:4:\"role\";s:18:\"GMB_ADMINISTRATEUR\";}'),
(1709, 4, 1, 'a:7:{s:9:\"connexion\";b:1;s:4:\"mail\";s:24:\"birahim.babou@uvs.edu.sn\";s:6:\"profil\";s:1:\"2\";s:11:\"utilisateur\";s:1:\"1\";s:6:\"prenom\";s:7:\"Birahim\";s:3:\"nom\";s:5:\"BABOU\";s:4:\"role\";s:18:\"GMB_ADMINISTRATEUR\";}'),
(1710, 4, 1, 'a:7:{s:9:\"connexion\";b:1;s:4:\"mail\";s:24:\"birahim.babou@uvs.edu.sn\";s:6:\"profil\";s:1:\"2\";s:11:\"utilisateur\";s:1:\"1\";s:6:\"prenom\";s:7:\"Birahim\";s:3:\"nom\";s:5:\"BABOU\";s:4:\"role\";s:18:\"GMB_ADMINISTRATEUR\";}'),
(1711, 4, 1, 'a:7:{s:9:\"connexion\";b:1;s:4:\"mail\";s:24:\"birahim.babou@uvs.edu.sn\";s:6:\"profil\";s:1:\"2\";s:11:\"utilisateur\";s:1:\"1\";s:6:\"prenom\";s:7:\"Birahim\";s:3:\"nom\";s:5:\"BABOU\";s:4:\"role\";s:18:\"GMB_ADMINISTRATEUR\";}'),
(1712, 4, 1, 'a:7:{s:9:\"connexion\";b:1;s:4:\"mail\";s:24:\"birahim.babou@uvs.edu.sn\";s:6:\"profil\";s:1:\"2\";s:11:\"utilisateur\";s:1:\"1\";s:6:\"prenom\";s:7:\"Birahim\";s:3:\"nom\";s:5:\"BABOU\";s:4:\"role\";s:18:\"GMB_ADMINISTRATEUR\";}'),
(1713, 4, 1, 'a:7:{s:9:\"connexion\";b:1;s:4:\"mail\";s:24:\"birahim.babou@uvs.edu.sn\";s:6:\"profil\";s:1:\"2\";s:11:\"utilisateur\";s:1:\"1\";s:6:\"prenom\";s:7:\"Birahim\";s:3:\"nom\";s:5:\"BABOU\";s:4:\"role\";s:18:\"GMB_ADMINISTRATEUR\";}'),
(1714, 4, 1, 'a:7:{s:9:\"connexion\";b:1;s:4:\"mail\";s:24:\"birahim.babou@uvs.edu.sn\";s:6:\"profil\";s:1:\"2\";s:11:\"utilisateur\";s:1:\"1\";s:6:\"prenom\";s:7:\"Birahim\";s:3:\"nom\";s:5:\"BABOU\";s:4:\"role\";s:18:\"GMB_ADMINISTRATEUR\";}'),
(1715, 4, 1, 'a:7:{s:9:\"connexion\";b:1;s:4:\"mail\";s:24:\"birahim.babou@uvs.edu.sn\";s:6:\"profil\";s:1:\"2\";s:11:\"utilisateur\";s:1:\"1\";s:6:\"prenom\";s:7:\"Birahim\";s:3:\"nom\";s:5:\"BABOU\";s:4:\"role\";s:18:\"GMB_ADMINISTRATEUR\";}'),
(1716, 4, 1, 'a:7:{s:9:\"connexion\";b:1;s:4:\"mail\";s:24:\"birahim.babou@uvs.edu.sn\";s:6:\"profil\";s:1:\"2\";s:11:\"utilisateur\";s:1:\"1\";s:6:\"prenom\";s:7:\"Birahim\";s:3:\"nom\";s:5:\"BABOU\";s:4:\"role\";s:18:\"GMB_ADMINISTRATEUR\";}'),
(1717, 4, 1, 'a:7:{s:9:\"connexion\";b:1;s:4:\"mail\";s:24:\"birahim.babou@uvs.edu.sn\";s:6:\"profil\";s:1:\"2\";s:11:\"utilisateur\";s:1:\"1\";s:6:\"prenom\";s:7:\"Birahim\";s:3:\"nom\";s:5:\"BABOU\";s:4:\"role\";s:18:\"GMB_ADMINISTRATEUR\";}'),
(1718, 4, 1, 'a:7:{s:9:\"connexion\";b:1;s:4:\"mail\";s:24:\"birahim.babou@uvs.edu.sn\";s:6:\"profil\";s:1:\"2\";s:11:\"utilisateur\";s:1:\"1\";s:6:\"prenom\";s:7:\"Birahim\";s:3:\"nom\";s:5:\"BABOU\";s:4:\"role\";s:18:\"GMB_ADMINISTRATEUR\";}'),
(1719, 4, 1, 'a:7:{s:9:\"connexion\";b:1;s:4:\"mail\";s:24:\"birahim.babou@uvs.edu.sn\";s:6:\"profil\";s:1:\"2\";s:11:\"utilisateur\";s:1:\"1\";s:6:\"prenom\";s:7:\"Birahim\";s:3:\"nom\";s:5:\"BABOU\";s:4:\"role\";s:18:\"GMB_ADMINISTRATEUR\";}'),
(1720, 4, 1, 'a:7:{s:9:\"connexion\";b:1;s:4:\"mail\";s:24:\"birahim.babou@uvs.edu.sn\";s:6:\"profil\";s:1:\"2\";s:11:\"utilisateur\";s:1:\"1\";s:6:\"prenom\";s:7:\"Birahim\";s:3:\"nom\";s:5:\"BABOU\";s:4:\"role\";s:18:\"GMB_ADMINISTRATEUR\";}'),
(1721, 4, 1, 'a:7:{s:9:\"connexion\";b:1;s:4:\"mail\";s:24:\"birahim.babou@uvs.edu.sn\";s:6:\"profil\";s:1:\"2\";s:11:\"utilisateur\";s:1:\"1\";s:6:\"prenom\";s:7:\"Birahim\";s:3:\"nom\";s:5:\"BABOU\";s:4:\"role\";s:18:\"GMB_ADMINISTRATEUR\";}'),
(1722, 4, 1, 'a:7:{s:9:\"connexion\";b:1;s:4:\"mail\";s:24:\"birahim.babou@uvs.edu.sn\";s:6:\"profil\";s:1:\"2\";s:11:\"utilisateur\";s:1:\"1\";s:6:\"prenom\";s:7:\"Birahim\";s:3:\"nom\";s:5:\"BABOU\";s:4:\"role\";s:18:\"GMB_ADMINISTRATEUR\";}'),
(1723, 4, 1, 'a:7:{s:9:\"connexion\";b:1;s:4:\"mail\";s:24:\"birahim.babou@uvs.edu.sn\";s:6:\"profil\";s:1:\"2\";s:11:\"utilisateur\";s:1:\"1\";s:6:\"prenom\";s:7:\"Birahim\";s:3:\"nom\";s:5:\"BABOU\";s:4:\"role\";s:18:\"GMB_ADMINISTRATEUR\";}'),
(1724, 4, 1, 'a:7:{s:9:\"connexion\";b:1;s:4:\"mail\";s:24:\"birahim.babou@uvs.edu.sn\";s:6:\"profil\";s:1:\"2\";s:11:\"utilisateur\";s:1:\"1\";s:6:\"prenom\";s:7:\"Birahim\";s:3:\"nom\";s:5:\"BABOU\";s:4:\"role\";s:18:\"GMB_ADMINISTRATEUR\";}'),
(1725, 4, 1, 'a:7:{s:9:\"connexion\";b:1;s:4:\"mail\";s:24:\"birahim.babou@uvs.edu.sn\";s:6:\"profil\";s:1:\"2\";s:11:\"utilisateur\";s:1:\"1\";s:6:\"prenom\";s:7:\"Birahim\";s:3:\"nom\";s:5:\"BABOU\";s:4:\"role\";s:18:\"GMB_ADMINISTRATEUR\";}'),
(1726, 4, 1, 'a:7:{s:9:\"connexion\";b:1;s:4:\"mail\";s:24:\"birahim.babou@uvs.edu.sn\";s:6:\"profil\";s:1:\"2\";s:11:\"utilisateur\";s:1:\"1\";s:6:\"prenom\";s:7:\"Birahim\";s:3:\"nom\";s:5:\"BABOU\";s:4:\"role\";s:18:\"GMB_ADMINISTRATEUR\";}'),
(1727, 4, 1, 'a:7:{s:9:\"connexion\";b:1;s:4:\"mail\";s:24:\"birahim.babou@uvs.edu.sn\";s:6:\"profil\";s:1:\"2\";s:11:\"utilisateur\";s:1:\"1\";s:6:\"prenom\";s:7:\"Birahim\";s:3:\"nom\";s:5:\"BABOU\";s:4:\"role\";s:18:\"GMB_ADMINISTRATEUR\";}'),
(1728, 4, 1, 'a:7:{s:9:\"connexion\";b:1;s:4:\"mail\";s:24:\"birahim.babou@uvs.edu.sn\";s:6:\"profil\";s:1:\"2\";s:11:\"utilisateur\";s:1:\"1\";s:6:\"prenom\";s:7:\"Birahim\";s:3:\"nom\";s:5:\"BABOU\";s:4:\"role\";s:18:\"GMB_ADMINISTRATEUR\";}'),
(1729, 4, 1, 'a:7:{s:9:\"connexion\";b:1;s:4:\"mail\";s:24:\"birahim.babou@uvs.edu.sn\";s:6:\"profil\";s:1:\"2\";s:11:\"utilisateur\";s:1:\"1\";s:6:\"prenom\";s:7:\"Birahim\";s:3:\"nom\";s:5:\"BABOU\";s:4:\"role\";s:18:\"GMB_ADMINISTRATEUR\";}'),
(1730, 4, 1, 'a:7:{s:9:\"connexion\";b:1;s:4:\"mail\";s:24:\"birahim.babou@uvs.edu.sn\";s:6:\"profil\";s:1:\"2\";s:11:\"utilisateur\";s:1:\"1\";s:6:\"prenom\";s:7:\"Birahim\";s:3:\"nom\";s:5:\"BABOU\";s:4:\"role\";s:18:\"GMB_ADMINISTRATEUR\";}'),
(1731, 4, 1, 'a:7:{s:9:\"connexion\";b:1;s:4:\"mail\";s:24:\"birahim.babou@uvs.edu.sn\";s:6:\"profil\";s:1:\"2\";s:11:\"utilisateur\";s:1:\"1\";s:6:\"prenom\";s:7:\"Birahim\";s:3:\"nom\";s:5:\"BABOU\";s:4:\"role\";s:18:\"GMB_ADMINISTRATEUR\";}'),
(1732, 4, 1, 'a:7:{s:9:\"connexion\";b:1;s:4:\"mail\";s:24:\"birahim.babou@uvs.edu.sn\";s:6:\"profil\";s:1:\"2\";s:11:\"utilisateur\";s:1:\"1\";s:6:\"prenom\";s:7:\"Birahim\";s:3:\"nom\";s:5:\"BABOU\";s:4:\"role\";s:18:\"GMB_ADMINISTRATEUR\";}'),
(1733, 4, 1, 'a:7:{s:9:\"connexion\";b:1;s:4:\"mail\";s:24:\"birahim.babou@uvs.edu.sn\";s:6:\"profil\";s:1:\"2\";s:11:\"utilisateur\";s:1:\"1\";s:6:\"prenom\";s:7:\"Birahim\";s:3:\"nom\";s:5:\"BABOU\";s:4:\"role\";s:18:\"GMB_ADMINISTRATEUR\";}'),
(1734, 4, 1, 'a:7:{s:9:\"connexion\";b:1;s:4:\"mail\";s:24:\"birahim.babou@uvs.edu.sn\";s:6:\"profil\";s:1:\"2\";s:11:\"utilisateur\";s:1:\"1\";s:6:\"prenom\";s:7:\"Birahim\";s:3:\"nom\";s:5:\"BABOU\";s:4:\"role\";s:18:\"GMB_ADMINISTRATEUR\";}'),
(1735, 4, 1, 'a:7:{s:9:\"connexion\";b:1;s:4:\"mail\";s:24:\"birahim.babou@uvs.edu.sn\";s:6:\"profil\";s:1:\"2\";s:11:\"utilisateur\";s:1:\"1\";s:6:\"prenom\";s:7:\"Birahim\";s:3:\"nom\";s:5:\"BABOU\";s:4:\"role\";s:18:\"GMB_ADMINISTRATEUR\";}'),
(1736, 4, 1, 'a:7:{s:9:\"connexion\";b:1;s:4:\"mail\";s:24:\"birahim.babou@uvs.edu.sn\";s:6:\"profil\";s:1:\"2\";s:11:\"utilisateur\";s:1:\"1\";s:6:\"prenom\";s:7:\"Birahim\";s:3:\"nom\";s:5:\"BABOU\";s:4:\"role\";s:18:\"GMB_ADMINISTRATEUR\";}'),
(1737, 4, 1, 'a:7:{s:9:\"connexion\";b:1;s:4:\"mail\";s:24:\"birahim.babou@uvs.edu.sn\";s:6:\"profil\";s:1:\"2\";s:11:\"utilisateur\";s:1:\"1\";s:6:\"prenom\";s:7:\"Birahim\";s:3:\"nom\";s:5:\"BABOU\";s:4:\"role\";s:18:\"GMB_ADMINISTRATEUR\";}'),
(1738, 4, 1, 'a:7:{s:9:\"connexion\";b:1;s:4:\"mail\";s:24:\"birahim.babou@uvs.edu.sn\";s:6:\"profil\";s:1:\"2\";s:11:\"utilisateur\";s:1:\"1\";s:6:\"prenom\";s:7:\"Birahim\";s:3:\"nom\";s:5:\"BABOU\";s:4:\"role\";s:18:\"GMB_ADMINISTRATEUR\";}'),
(1739, 4, 1, 'a:7:{s:9:\"connexion\";b:1;s:4:\"mail\";s:24:\"birahim.babou@uvs.edu.sn\";s:6:\"profil\";s:1:\"2\";s:11:\"utilisateur\";s:1:\"1\";s:6:\"prenom\";s:7:\"Birahim\";s:3:\"nom\";s:5:\"BABOU\";s:4:\"role\";s:18:\"GMB_ADMINISTRATEUR\";}'),
(1740, 4, 1, 'a:7:{s:9:\"connexion\";b:1;s:4:\"mail\";s:24:\"birahim.babou@uvs.edu.sn\";s:6:\"profil\";s:1:\"2\";s:11:\"utilisateur\";s:1:\"1\";s:6:\"prenom\";s:7:\"Birahim\";s:3:\"nom\";s:5:\"BABOU\";s:4:\"role\";s:18:\"GMB_ADMINISTRATEUR\";}'),
(1741, 4, 1, 'a:7:{s:9:\"connexion\";b:1;s:4:\"mail\";s:24:\"birahim.babou@uvs.edu.sn\";s:6:\"profil\";s:1:\"2\";s:11:\"utilisateur\";s:1:\"1\";s:6:\"prenom\";s:7:\"Birahim\";s:3:\"nom\";s:5:\"BABOU\";s:4:\"role\";s:18:\"GMB_ADMINISTRATEUR\";}'),
(1742, 4, 1, 'a:7:{s:9:\"connexion\";b:1;s:4:\"mail\";s:24:\"birahim.babou@uvs.edu.sn\";s:6:\"profil\";s:1:\"2\";s:11:\"utilisateur\";s:1:\"1\";s:6:\"prenom\";s:7:\"Birahim\";s:3:\"nom\";s:5:\"BABOU\";s:4:\"role\";s:18:\"GMB_ADMINISTRATEUR\";}'),
(1743, 4, 1, 'a:7:{s:9:\"connexion\";b:1;s:4:\"mail\";s:24:\"birahim.babou@uvs.edu.sn\";s:6:\"profil\";s:1:\"2\";s:11:\"utilisateur\";s:1:\"1\";s:6:\"prenom\";s:7:\"Birahim\";s:3:\"nom\";s:5:\"BABOU\";s:4:\"role\";s:18:\"GMB_ADMINISTRATEUR\";}'),
(1744, 4, 1, 'a:7:{s:9:\"connexion\";b:1;s:4:\"mail\";s:24:\"birahim.babou@uvs.edu.sn\";s:6:\"profil\";s:1:\"2\";s:11:\"utilisateur\";s:1:\"1\";s:6:\"prenom\";s:7:\"Birahim\";s:3:\"nom\";s:5:\"BABOU\";s:4:\"role\";s:18:\"GMB_ADMINISTRATEUR\";}'),
(1745, 4, 1, 'a:7:{s:9:\"connexion\";b:1;s:4:\"mail\";s:24:\"birahim.babou@uvs.edu.sn\";s:6:\"profil\";s:1:\"2\";s:11:\"utilisateur\";s:1:\"1\";s:6:\"prenom\";s:7:\"Birahim\";s:3:\"nom\";s:5:\"BABOU\";s:4:\"role\";s:18:\"GMB_ADMINISTRATEUR\";}'),
(1746, 4, 1, 'a:7:{s:9:\"connexion\";b:1;s:4:\"mail\";s:24:\"birahim.babou@uvs.edu.sn\";s:6:\"profil\";s:1:\"2\";s:11:\"utilisateur\";s:1:\"1\";s:6:\"prenom\";s:7:\"Birahim\";s:3:\"nom\";s:5:\"BABOU\";s:4:\"role\";s:18:\"GMB_ADMINISTRATEUR\";}'),
(1747, 4, 1, 'a:7:{s:9:\"connexion\";b:1;s:4:\"mail\";s:24:\"birahim.babou@uvs.edu.sn\";s:6:\"profil\";s:1:\"2\";s:11:\"utilisateur\";s:1:\"1\";s:6:\"prenom\";s:7:\"Birahim\";s:3:\"nom\";s:5:\"BABOU\";s:4:\"role\";s:18:\"GMB_ADMINISTRATEUR\";}'),
(1748, 4, 1, 'a:7:{s:9:\"connexion\";b:1;s:4:\"mail\";s:24:\"birahim.babou@uvs.edu.sn\";s:6:\"profil\";s:1:\"2\";s:11:\"utilisateur\";s:1:\"1\";s:6:\"prenom\";s:7:\"Birahim\";s:3:\"nom\";s:5:\"BABOU\";s:4:\"role\";s:18:\"GMB_ADMINISTRATEUR\";}'),
(1749, 4, 1, 'a:7:{s:9:\"connexion\";b:1;s:4:\"mail\";s:24:\"birahim.babou@uvs.edu.sn\";s:6:\"profil\";s:1:\"2\";s:11:\"utilisateur\";s:1:\"1\";s:6:\"prenom\";s:7:\"Birahim\";s:3:\"nom\";s:5:\"BABOU\";s:4:\"role\";s:18:\"GMB_ADMINISTRATEUR\";}'),
(1750, 4, 1, 'a:7:{s:9:\"connexion\";b:1;s:4:\"mail\";s:24:\"birahim.babou@uvs.edu.sn\";s:6:\"profil\";s:1:\"2\";s:11:\"utilisateur\";s:1:\"1\";s:6:\"prenom\";s:7:\"Birahim\";s:3:\"nom\";s:5:\"BABOU\";s:4:\"role\";s:18:\"GMB_ADMINISTRATEUR\";}'),
(1751, 4, 1, 'a:7:{s:9:\"connexion\";b:1;s:4:\"mail\";s:24:\"birahim.babou@uvs.edu.sn\";s:6:\"profil\";s:1:\"2\";s:11:\"utilisateur\";s:1:\"1\";s:6:\"prenom\";s:7:\"Birahim\";s:3:\"nom\";s:5:\"BABOU\";s:4:\"role\";s:18:\"GMB_ADMINISTRATEUR\";}'),
(1752, 4, 1, 'a:7:{s:9:\"connexion\";b:1;s:4:\"mail\";s:24:\"birahim.babou@uvs.edu.sn\";s:6:\"profil\";s:1:\"2\";s:11:\"utilisateur\";s:1:\"1\";s:6:\"prenom\";s:7:\"Birahim\";s:3:\"nom\";s:5:\"BABOU\";s:4:\"role\";s:18:\"GMB_ADMINISTRATEUR\";}'),
(1753, 4, 1, 'a:7:{s:9:\"connexion\";b:1;s:4:\"mail\";s:24:\"birahim.babou@uvs.edu.sn\";s:6:\"profil\";s:1:\"2\";s:11:\"utilisateur\";s:1:\"1\";s:6:\"prenom\";s:7:\"Birahim\";s:3:\"nom\";s:5:\"BABOU\";s:4:\"role\";s:18:\"GMB_ADMINISTRATEUR\";}'),
(1754, 4, 1, 'a:7:{s:9:\"connexion\";b:1;s:4:\"mail\";s:24:\"birahim.babou@uvs.edu.sn\";s:6:\"profil\";s:1:\"2\";s:11:\"utilisateur\";s:1:\"1\";s:6:\"prenom\";s:7:\"Birahim\";s:3:\"nom\";s:5:\"BABOU\";s:4:\"role\";s:18:\"GMB_ADMINISTRATEUR\";}'),
(1755, 4, 1, 'a:7:{s:9:\"connexion\";b:1;s:4:\"mail\";s:24:\"birahim.babou@uvs.edu.sn\";s:6:\"profil\";s:1:\"2\";s:11:\"utilisateur\";s:1:\"1\";s:6:\"prenom\";s:7:\"Birahim\";s:3:\"nom\";s:5:\"BABOU\";s:4:\"role\";s:18:\"GMB_ADMINISTRATEUR\";}'),
(1756, 4, 1, 'a:7:{s:9:\"connexion\";b:1;s:4:\"mail\";s:24:\"birahim.babou@uvs.edu.sn\";s:6:\"profil\";s:1:\"2\";s:11:\"utilisateur\";s:1:\"1\";s:6:\"prenom\";s:7:\"Birahim\";s:3:\"nom\";s:5:\"BABOU\";s:4:\"role\";s:18:\"GMB_ADMINISTRATEUR\";}'),
(1757, 4, 1, 'a:7:{s:9:\"connexion\";b:1;s:4:\"mail\";s:24:\"birahim.babou@uvs.edu.sn\";s:6:\"profil\";s:1:\"2\";s:11:\"utilisateur\";s:1:\"1\";s:6:\"prenom\";s:7:\"Birahim\";s:3:\"nom\";s:5:\"BABOU\";s:4:\"role\";s:18:\"GMB_ADMINISTRATEUR\";}'),
(1758, 4, 1, 'a:7:{s:9:\"connexion\";b:1;s:4:\"mail\";s:24:\"birahim.babou@uvs.edu.sn\";s:6:\"profil\";s:1:\"2\";s:11:\"utilisateur\";s:1:\"1\";s:6:\"prenom\";s:7:\"Birahim\";s:3:\"nom\";s:5:\"BABOU\";s:4:\"role\";s:18:\"GMB_ADMINISTRATEUR\";}'),
(1759, 4, 1, 'a:7:{s:9:\"connexion\";b:1;s:4:\"mail\";s:24:\"birahim.babou@uvs.edu.sn\";s:6:\"profil\";s:1:\"2\";s:11:\"utilisateur\";s:1:\"1\";s:6:\"prenom\";s:7:\"Birahim\";s:3:\"nom\";s:5:\"BABOU\";s:4:\"role\";s:18:\"GMB_ADMINISTRATEUR\";}'),
(1760, 4, 1, 'a:7:{s:9:\"connexion\";b:1;s:4:\"mail\";s:24:\"birahim.babou@uvs.edu.sn\";s:6:\"profil\";s:1:\"2\";s:11:\"utilisateur\";s:1:\"1\";s:6:\"prenom\";s:7:\"Birahim\";s:3:\"nom\";s:5:\"BABOU\";s:4:\"role\";s:18:\"GMB_ADMINISTRATEUR\";}'),
(1761, 4, 1, 'a:7:{s:9:\"connexion\";b:1;s:4:\"mail\";s:24:\"birahim.babou@uvs.edu.sn\";s:6:\"profil\";s:1:\"2\";s:11:\"utilisateur\";s:1:\"1\";s:6:\"prenom\";s:7:\"Birahim\";s:3:\"nom\";s:5:\"BABOU\";s:4:\"role\";s:18:\"GMB_ADMINISTRATEUR\";}'),
(1762, 4, 1, 'a:7:{s:9:\"connexion\";b:1;s:4:\"mail\";s:24:\"birahim.babou@uvs.edu.sn\";s:6:\"profil\";s:1:\"2\";s:11:\"utilisateur\";s:1:\"1\";s:6:\"prenom\";s:7:\"Birahim\";s:3:\"nom\";s:5:\"BABOU\";s:4:\"role\";s:18:\"GMB_ADMINISTRATEUR\";}'),
(1763, 4, 1, 'a:7:{s:9:\"connexion\";b:1;s:4:\"mail\";s:24:\"birahim.babou@uvs.edu.sn\";s:6:\"profil\";s:1:\"2\";s:11:\"utilisateur\";s:1:\"1\";s:6:\"prenom\";s:7:\"Birahim\";s:3:\"nom\";s:5:\"BABOU\";s:4:\"role\";s:18:\"GMB_ADMINISTRATEUR\";}'),
(1764, 4, 1, 'a:7:{s:9:\"connexion\";b:1;s:4:\"mail\";s:24:\"birahim.babou@uvs.edu.sn\";s:6:\"profil\";s:1:\"2\";s:11:\"utilisateur\";s:1:\"1\";s:6:\"prenom\";s:7:\"Birahim\";s:3:\"nom\";s:5:\"BABOU\";s:4:\"role\";s:18:\"GMB_ADMINISTRATEUR\";}'),
(1765, 4, 1, 'a:7:{s:9:\"connexion\";b:1;s:4:\"mail\";s:24:\"birahim.babou@uvs.edu.sn\";s:6:\"profil\";s:1:\"2\";s:11:\"utilisateur\";s:1:\"1\";s:6:\"prenom\";s:7:\"Birahim\";s:3:\"nom\";s:5:\"BABOU\";s:4:\"role\";s:18:\"GMB_ADMINISTRATEUR\";}'),
(1766, 4, 1, 'a:7:{s:9:\"connexion\";b:1;s:4:\"mail\";s:24:\"birahim.babou@uvs.edu.sn\";s:6:\"profil\";s:1:\"2\";s:11:\"utilisateur\";s:1:\"1\";s:6:\"prenom\";s:7:\"Birahim\";s:3:\"nom\";s:5:\"BABOU\";s:4:\"role\";s:18:\"GMB_ADMINISTRATEUR\";}'),
(1767, 4, 1, 'a:7:{s:9:\"connexion\";b:1;s:4:\"mail\";s:24:\"birahim.babou@uvs.edu.sn\";s:6:\"profil\";s:1:\"2\";s:11:\"utilisateur\";s:1:\"1\";s:6:\"prenom\";s:7:\"Birahim\";s:3:\"nom\";s:5:\"BABOU\";s:4:\"role\";s:18:\"GMB_ADMINISTRATEUR\";}'),
(1768, 4, 1, 'a:7:{s:9:\"connexion\";b:1;s:4:\"mail\";s:24:\"birahim.babou@uvs.edu.sn\";s:6:\"profil\";s:1:\"2\";s:11:\"utilisateur\";s:1:\"1\";s:6:\"prenom\";s:7:\"Birahim\";s:3:\"nom\";s:5:\"BABOU\";s:4:\"role\";s:18:\"GMB_ADMINISTRATEUR\";}'),
(1769, 4, 1, 'a:7:{s:9:\"connexion\";b:1;s:4:\"mail\";s:24:\"birahim.babou@uvs.edu.sn\";s:6:\"profil\";s:1:\"2\";s:11:\"utilisateur\";s:1:\"1\";s:6:\"prenom\";s:7:\"Birahim\";s:3:\"nom\";s:5:\"BABOU\";s:4:\"role\";s:18:\"GMB_ADMINISTRATEUR\";}'),
(1770, 4, 1, 'a:7:{s:9:\"connexion\";b:1;s:4:\"mail\";s:24:\"birahim.babou@uvs.edu.sn\";s:6:\"profil\";s:1:\"2\";s:11:\"utilisateur\";s:1:\"1\";s:6:\"prenom\";s:7:\"Birahim\";s:3:\"nom\";s:5:\"BABOU\";s:4:\"role\";s:18:\"GMB_ADMINISTRATEUR\";}'),
(1771, 4, 1, 'a:7:{s:9:\"connexion\";b:1;s:4:\"mail\";s:24:\"birahim.babou@uvs.edu.sn\";s:6:\"profil\";s:1:\"2\";s:11:\"utilisateur\";s:1:\"1\";s:6:\"prenom\";s:7:\"Birahim\";s:3:\"nom\";s:5:\"BABOU\";s:4:\"role\";s:18:\"GMB_ADMINISTRATEUR\";}'),
(1772, 4, 1, 'a:7:{s:9:\"connexion\";b:1;s:4:\"mail\";s:24:\"birahim.babou@uvs.edu.sn\";s:6:\"profil\";s:1:\"2\";s:11:\"utilisateur\";s:1:\"1\";s:6:\"prenom\";s:7:\"Birahim\";s:3:\"nom\";s:5:\"BABOU\";s:4:\"role\";s:18:\"GMB_ADMINISTRATEUR\";}'),
(1773, 4, 1, 'a:7:{s:9:\"connexion\";b:1;s:4:\"mail\";s:24:\"birahim.babou@uvs.edu.sn\";s:6:\"profil\";s:1:\"2\";s:11:\"utilisateur\";s:1:\"1\";s:6:\"prenom\";s:7:\"Birahim\";s:3:\"nom\";s:5:\"BABOU\";s:4:\"role\";s:18:\"GMB_ADMINISTRATEUR\";}'),
(1774, 4, 1, 'a:7:{s:9:\"connexion\";b:1;s:4:\"mail\";s:24:\"birahim.babou@uvs.edu.sn\";s:6:\"profil\";s:1:\"2\";s:11:\"utilisateur\";s:1:\"1\";s:6:\"prenom\";s:7:\"Birahim\";s:3:\"nom\";s:5:\"BABOU\";s:4:\"role\";s:18:\"GMB_ADMINISTRATEUR\";}'),
(1775, 4, 1, 'a:7:{s:9:\"connexion\";b:1;s:4:\"mail\";s:24:\"birahim.babou@uvs.edu.sn\";s:6:\"profil\";s:1:\"2\";s:11:\"utilisateur\";s:1:\"1\";s:6:\"prenom\";s:7:\"Birahim\";s:3:\"nom\";s:5:\"BABOU\";s:4:\"role\";s:18:\"GMB_ADMINISTRATEUR\";}'),
(1776, 4, 1, 'a:7:{s:9:\"connexion\";b:1;s:4:\"mail\";s:24:\"birahim.babou@uvs.edu.sn\";s:6:\"profil\";s:1:\"2\";s:11:\"utilisateur\";s:1:\"1\";s:6:\"prenom\";s:7:\"Birahim\";s:3:\"nom\";s:5:\"BABOU\";s:4:\"role\";s:18:\"GMB_ADMINISTRATEUR\";}'),
(1777, 4, 1, 'a:7:{s:9:\"connexion\";b:1;s:4:\"mail\";s:24:\"birahim.babou@uvs.edu.sn\";s:6:\"profil\";s:1:\"2\";s:11:\"utilisateur\";s:1:\"1\";s:6:\"prenom\";s:7:\"Birahim\";s:3:\"nom\";s:5:\"BABOU\";s:4:\"role\";s:18:\"GMB_ADMINISTRATEUR\";}'),
(1778, 4, 1, 'a:7:{s:9:\"connexion\";b:1;s:4:\"mail\";s:24:\"birahim.babou@uvs.edu.sn\";s:6:\"profil\";s:1:\"2\";s:11:\"utilisateur\";s:1:\"1\";s:6:\"prenom\";s:7:\"Birahim\";s:3:\"nom\";s:5:\"BABOU\";s:4:\"role\";s:18:\"GMB_ADMINISTRATEUR\";}'),
(1779, 4, 1, 'a:7:{s:9:\"connexion\";b:1;s:4:\"mail\";s:24:\"birahim.babou@uvs.edu.sn\";s:6:\"profil\";s:1:\"2\";s:11:\"utilisateur\";s:1:\"1\";s:6:\"prenom\";s:7:\"Birahim\";s:3:\"nom\";s:5:\"BABOU\";s:4:\"role\";s:18:\"GMB_ADMINISTRATEUR\";}'),
(1780, 4, 1, 'a:7:{s:9:\"connexion\";b:1;s:4:\"mail\";s:24:\"birahim.babou@uvs.edu.sn\";s:6:\"profil\";s:1:\"2\";s:11:\"utilisateur\";s:1:\"1\";s:6:\"prenom\";s:7:\"Birahim\";s:3:\"nom\";s:5:\"BABOU\";s:4:\"role\";s:18:\"GMB_ADMINISTRATEUR\";}'),
(1781, 4, 1, 'a:7:{s:9:\"connexion\";b:1;s:4:\"mail\";s:24:\"birahim.babou@uvs.edu.sn\";s:6:\"profil\";s:1:\"2\";s:11:\"utilisateur\";s:1:\"1\";s:6:\"prenom\";s:7:\"Birahim\";s:3:\"nom\";s:5:\"BABOU\";s:4:\"role\";s:18:\"GMB_ADMINISTRATEUR\";}'),
(1782, 4, 1, 'a:7:{s:9:\"connexion\";b:1;s:4:\"mail\";s:24:\"birahim.babou@uvs.edu.sn\";s:6:\"profil\";s:1:\"2\";s:11:\"utilisateur\";s:1:\"1\";s:6:\"prenom\";s:7:\"Birahim\";s:3:\"nom\";s:5:\"BABOU\";s:4:\"role\";s:18:\"GMB_ADMINISTRATEUR\";}'),
(1783, 4, 1, 'a:7:{s:9:\"connexion\";b:1;s:4:\"mail\";s:24:\"birahim.babou@uvs.edu.sn\";s:6:\"profil\";s:1:\"2\";s:11:\"utilisateur\";s:1:\"1\";s:6:\"prenom\";s:7:\"Birahim\";s:3:\"nom\";s:5:\"BABOU\";s:4:\"role\";s:18:\"GMB_ADMINISTRATEUR\";}'),
(1784, 4, 1, 'a:7:{s:9:\"connexion\";b:1;s:4:\"mail\";s:24:\"birahim.babou@uvs.edu.sn\";s:6:\"profil\";s:1:\"2\";s:11:\"utilisateur\";s:1:\"1\";s:6:\"prenom\";s:7:\"Birahim\";s:3:\"nom\";s:5:\"BABOU\";s:4:\"role\";s:18:\"GMB_ADMINISTRATEUR\";}'),
(1785, 4, 1, 'a:7:{s:9:\"connexion\";b:1;s:4:\"mail\";s:24:\"birahim.babou@uvs.edu.sn\";s:6:\"profil\";s:1:\"2\";s:11:\"utilisateur\";s:1:\"1\";s:6:\"prenom\";s:7:\"Birahim\";s:3:\"nom\";s:5:\"BABOU\";s:4:\"role\";s:18:\"GMB_ADMINISTRATEUR\";}'),
(1786, 4, 1, 'a:7:{s:9:\"connexion\";b:1;s:4:\"mail\";s:24:\"birahim.babou@uvs.edu.sn\";s:6:\"profil\";s:1:\"2\";s:11:\"utilisateur\";s:1:\"1\";s:6:\"prenom\";s:7:\"Birahim\";s:3:\"nom\";s:5:\"BABOU\";s:4:\"role\";s:18:\"GMB_ADMINISTRATEUR\";}'),
(1787, 4, 1, 'a:7:{s:9:\"connexion\";b:1;s:4:\"mail\";s:24:\"birahim.babou@uvs.edu.sn\";s:6:\"profil\";s:1:\"2\";s:11:\"utilisateur\";s:1:\"1\";s:6:\"prenom\";s:7:\"Birahim\";s:3:\"nom\";s:5:\"BABOU\";s:4:\"role\";s:18:\"GMB_ADMINISTRATEUR\";}'),
(1788, 4, 1, 'a:7:{s:9:\"connexion\";b:1;s:4:\"mail\";s:24:\"birahim.babou@uvs.edu.sn\";s:6:\"profil\";s:1:\"2\";s:11:\"utilisateur\";s:1:\"1\";s:6:\"prenom\";s:7:\"Birahim\";s:3:\"nom\";s:5:\"BABOU\";s:4:\"role\";s:18:\"GMB_ADMINISTRATEUR\";}'),
(1789, 4, 1, 'a:7:{s:9:\"connexion\";b:1;s:4:\"mail\";s:24:\"birahim.babou@uvs.edu.sn\";s:6:\"profil\";s:1:\"2\";s:11:\"utilisateur\";s:1:\"1\";s:6:\"prenom\";s:7:\"Birahim\";s:3:\"nom\";s:5:\"BABOU\";s:4:\"role\";s:18:\"GMB_ADMINISTRATEUR\";}'),
(1790, 4, 1, 'a:7:{s:9:\"connexion\";b:1;s:4:\"mail\";s:24:\"birahim.babou@uvs.edu.sn\";s:6:\"profil\";s:1:\"2\";s:11:\"utilisateur\";s:1:\"1\";s:6:\"prenom\";s:7:\"Birahim\";s:3:\"nom\";s:5:\"BABOU\";s:4:\"role\";s:18:\"GMB_ADMINISTRATEUR\";}'),
(1791, 4, 1, 'a:7:{s:9:\"connexion\";b:1;s:4:\"mail\";s:24:\"birahim.babou@uvs.edu.sn\";s:6:\"profil\";s:1:\"2\";s:11:\"utilisateur\";s:1:\"1\";s:6:\"prenom\";s:7:\"Birahim\";s:3:\"nom\";s:5:\"BABOU\";s:4:\"role\";s:18:\"GMB_ADMINISTRATEUR\";}'),
(1792, 4, 1, 'a:7:{s:9:\"connexion\";b:1;s:4:\"mail\";s:24:\"birahim.babou@uvs.edu.sn\";s:6:\"profil\";s:1:\"2\";s:11:\"utilisateur\";s:1:\"1\";s:6:\"prenom\";s:7:\"Birahim\";s:3:\"nom\";s:5:\"BABOU\";s:4:\"role\";s:18:\"GMB_ADMINISTRATEUR\";}'),
(1793, 4, 1, 'a:7:{s:9:\"connexion\";b:1;s:4:\"mail\";s:24:\"birahim.babou@uvs.edu.sn\";s:6:\"profil\";s:1:\"2\";s:11:\"utilisateur\";s:1:\"1\";s:6:\"prenom\";s:7:\"Birahim\";s:3:\"nom\";s:5:\"BABOU\";s:4:\"role\";s:18:\"GMB_ADMINISTRATEUR\";}'),
(1794, 4, 1, 'a:7:{s:9:\"connexion\";b:1;s:4:\"mail\";s:24:\"birahim.babou@uvs.edu.sn\";s:6:\"profil\";s:1:\"2\";s:11:\"utilisateur\";s:1:\"1\";s:6:\"prenom\";s:7:\"Birahim\";s:3:\"nom\";s:5:\"BABOU\";s:4:\"role\";s:18:\"GMB_ADMINISTRATEUR\";}'),
(1795, 4, 1, 'a:7:{s:9:\"connexion\";b:1;s:4:\"mail\";s:24:\"birahim.babou@uvs.edu.sn\";s:6:\"profil\";s:1:\"2\";s:11:\"utilisateur\";s:1:\"1\";s:6:\"prenom\";s:7:\"Birahim\";s:3:\"nom\";s:5:\"BABOU\";s:4:\"role\";s:18:\"GMB_ADMINISTRATEUR\";}'),
(1796, 4, 1, 'a:7:{s:9:\"connexion\";b:1;s:4:\"mail\";s:24:\"birahim.babou@uvs.edu.sn\";s:6:\"profil\";s:1:\"2\";s:11:\"utilisateur\";s:1:\"1\";s:6:\"prenom\";s:7:\"Birahim\";s:3:\"nom\";s:5:\"BABOU\";s:4:\"role\";s:18:\"GMB_ADMINISTRATEUR\";}'),
(1797, 4, 1, 'a:7:{s:9:\"connexion\";b:1;s:4:\"mail\";s:24:\"birahim.babou@uvs.edu.sn\";s:6:\"profil\";s:1:\"2\";s:11:\"utilisateur\";s:1:\"1\";s:6:\"prenom\";s:7:\"Birahim\";s:3:\"nom\";s:5:\"BABOU\";s:4:\"role\";s:18:\"GMB_ADMINISTRATEUR\";}'),
(1798, 4, 1, 'a:7:{s:9:\"connexion\";b:1;s:4:\"mail\";s:24:\"birahim.babou@uvs.edu.sn\";s:6:\"profil\";s:1:\"2\";s:11:\"utilisateur\";s:1:\"1\";s:6:\"prenom\";s:7:\"Birahim\";s:3:\"nom\";s:5:\"BABOU\";s:4:\"role\";s:18:\"GMB_ADMINISTRATEUR\";}'),
(1799, 4, 1, 'a:7:{s:9:\"connexion\";b:1;s:4:\"mail\";s:24:\"birahim.babou@uvs.edu.sn\";s:6:\"profil\";s:1:\"2\";s:11:\"utilisateur\";s:1:\"1\";s:6:\"prenom\";s:7:\"Birahim\";s:3:\"nom\";s:5:\"BABOU\";s:4:\"role\";s:18:\"GMB_ADMINISTRATEUR\";}'),
(1800, 4, 1, 'a:7:{s:9:\"connexion\";b:1;s:4:\"mail\";s:24:\"birahim.babou@uvs.edu.sn\";s:6:\"profil\";s:1:\"2\";s:11:\"utilisateur\";s:1:\"1\";s:6:\"prenom\";s:7:\"Birahim\";s:3:\"nom\";s:5:\"BABOU\";s:4:\"role\";s:18:\"GMB_ADMINISTRATEUR\";}'),
(1801, 4, 1, 'a:7:{s:9:\"connexion\";b:1;s:4:\"mail\";s:24:\"birahim.babou@uvs.edu.sn\";s:6:\"profil\";s:1:\"2\";s:11:\"utilisateur\";s:1:\"1\";s:6:\"prenom\";s:7:\"Birahim\";s:3:\"nom\";s:5:\"BABOU\";s:4:\"role\";s:18:\"GMB_ADMINISTRATEUR\";}'),
(1802, 4, 1, 'a:7:{s:9:\"connexion\";b:1;s:4:\"mail\";s:24:\"birahim.babou@uvs.edu.sn\";s:6:\"profil\";s:1:\"2\";s:11:\"utilisateur\";s:1:\"1\";s:6:\"prenom\";s:7:\"Birahim\";s:3:\"nom\";s:5:\"BABOU\";s:4:\"role\";s:18:\"GMB_ADMINISTRATEUR\";}'),
(1803, 4, 1, 'a:7:{s:9:\"connexion\";b:1;s:4:\"mail\";s:24:\"birahim.babou@uvs.edu.sn\";s:6:\"profil\";s:1:\"2\";s:11:\"utilisateur\";s:1:\"1\";s:6:\"prenom\";s:7:\"Birahim\";s:3:\"nom\";s:5:\"BABOU\";s:4:\"role\";s:18:\"GMB_ADMINISTRATEUR\";}'),
(1804, 4, 1, 'a:7:{s:9:\"connexion\";b:1;s:4:\"mail\";s:24:\"birahim.babou@uvs.edu.sn\";s:6:\"profil\";s:1:\"2\";s:11:\"utilisateur\";s:1:\"1\";s:6:\"prenom\";s:7:\"Birahim\";s:3:\"nom\";s:5:\"BABOU\";s:4:\"role\";s:18:\"GMB_ADMINISTRATEUR\";}'),
(1805, 4, 1, 'a:7:{s:9:\"connexion\";b:1;s:4:\"mail\";s:24:\"birahim.babou@uvs.edu.sn\";s:6:\"profil\";s:1:\"2\";s:11:\"utilisateur\";s:1:\"1\";s:6:\"prenom\";s:7:\"Birahim\";s:3:\"nom\";s:5:\"BABOU\";s:4:\"role\";s:18:\"GMB_ADMINISTRATEUR\";}'),
(1806, 4, 1, 'a:7:{s:9:\"connexion\";b:1;s:4:\"mail\";s:24:\"birahim.babou@uvs.edu.sn\";s:6:\"profil\";s:1:\"2\";s:11:\"utilisateur\";s:1:\"1\";s:6:\"prenom\";s:7:\"Birahim\";s:3:\"nom\";s:5:\"BABOU\";s:4:\"role\";s:18:\"GMB_ADMINISTRATEUR\";}'),
(1807, 4, 1, 'a:7:{s:9:\"connexion\";b:1;s:4:\"mail\";s:24:\"birahim.babou@uvs.edu.sn\";s:6:\"profil\";s:1:\"2\";s:11:\"utilisateur\";s:1:\"1\";s:6:\"prenom\";s:7:\"Birahim\";s:3:\"nom\";s:5:\"BABOU\";s:4:\"role\";s:18:\"GMB_ADMINISTRATEUR\";}'),
(1808, 4, 1, 'a:7:{s:9:\"connexion\";b:1;s:4:\"mail\";s:24:\"birahim.babou@uvs.edu.sn\";s:6:\"profil\";s:1:\"2\";s:11:\"utilisateur\";s:1:\"1\";s:6:\"prenom\";s:7:\"Birahim\";s:3:\"nom\";s:5:\"BABOU\";s:4:\"role\";s:18:\"GMB_ADMINISTRATEUR\";}'),
(1809, 4, 1, 'a:7:{s:9:\"connexion\";b:1;s:4:\"mail\";s:24:\"birahim.babou@uvs.edu.sn\";s:6:\"profil\";s:1:\"2\";s:11:\"utilisateur\";s:1:\"1\";s:6:\"prenom\";s:7:\"Birahim\";s:3:\"nom\";s:5:\"BABOU\";s:4:\"role\";s:18:\"GMB_ADMINISTRATEUR\";}'),
(1810, 4, 1, 'a:7:{s:9:\"connexion\";b:1;s:4:\"mail\";s:24:\"birahim.babou@uvs.edu.sn\";s:6:\"profil\";s:1:\"2\";s:11:\"utilisateur\";s:1:\"1\";s:6:\"prenom\";s:7:\"Birahim\";s:3:\"nom\";s:5:\"BABOU\";s:4:\"role\";s:18:\"GMB_ADMINISTRATEUR\";}'),
(1811, 4, 1, 'a:7:{s:9:\"connexion\";b:1;s:4:\"mail\";s:24:\"birahim.babou@uvs.edu.sn\";s:6:\"profil\";s:1:\"2\";s:11:\"utilisateur\";s:1:\"1\";s:6:\"prenom\";s:7:\"Birahim\";s:3:\"nom\";s:5:\"BABOU\";s:4:\"role\";s:18:\"GMB_ADMINISTRATEUR\";}'),
(1812, 4, 1, 'a:7:{s:9:\"connexion\";b:1;s:4:\"mail\";s:24:\"birahim.babou@uvs.edu.sn\";s:6:\"profil\";s:1:\"2\";s:11:\"utilisateur\";s:1:\"1\";s:6:\"prenom\";s:7:\"Birahim\";s:3:\"nom\";s:5:\"BABOU\";s:4:\"role\";s:18:\"GMB_ADMINISTRATEUR\";}'),
(1813, 4, 1, 'a:7:{s:9:\"connexion\";b:1;s:4:\"mail\";s:24:\"birahim.babou@uvs.edu.sn\";s:6:\"profil\";s:1:\"2\";s:11:\"utilisateur\";s:1:\"1\";s:6:\"prenom\";s:7:\"Birahim\";s:3:\"nom\";s:5:\"BABOU\";s:4:\"role\";s:18:\"GMB_ADMINISTRATEUR\";}'),
(1814, 4, 1, 'a:7:{s:9:\"connexion\";b:1;s:4:\"mail\";s:24:\"birahim.babou@uvs.edu.sn\";s:6:\"profil\";s:1:\"2\";s:11:\"utilisateur\";s:1:\"1\";s:6:\"prenom\";s:7:\"Birahim\";s:3:\"nom\";s:5:\"BABOU\";s:4:\"role\";s:18:\"GMB_ADMINISTRATEUR\";}'),
(1815, 4, 1, 'a:7:{s:9:\"connexion\";b:1;s:4:\"mail\";s:24:\"birahim.babou@uvs.edu.sn\";s:6:\"profil\";s:1:\"2\";s:11:\"utilisateur\";s:1:\"1\";s:6:\"prenom\";s:7:\"Birahim\";s:3:\"nom\";s:5:\"BABOU\";s:4:\"role\";s:18:\"GMB_ADMINISTRATEUR\";}'),
(1816, 4, 1, 'a:7:{s:9:\"connexion\";b:1;s:4:\"mail\";s:24:\"birahim.babou@uvs.edu.sn\";s:6:\"profil\";s:1:\"2\";s:11:\"utilisateur\";s:1:\"1\";s:6:\"prenom\";s:7:\"Birahim\";s:3:\"nom\";s:5:\"BABOU\";s:4:\"role\";s:18:\"GMB_ADMINISTRATEUR\";}'),
(1817, 4, 1, 'a:7:{s:9:\"connexion\";b:1;s:4:\"mail\";s:24:\"birahim.babou@uvs.edu.sn\";s:6:\"profil\";s:1:\"2\";s:11:\"utilisateur\";s:1:\"1\";s:6:\"prenom\";s:7:\"Birahim\";s:3:\"nom\";s:5:\"BABOU\";s:4:\"role\";s:18:\"GMB_ADMINISTRATEUR\";}'),
(1818, 4, 1, 'a:7:{s:9:\"connexion\";b:1;s:4:\"mail\";s:24:\"birahim.babou@uvs.edu.sn\";s:6:\"profil\";s:1:\"2\";s:11:\"utilisateur\";s:1:\"1\";s:6:\"prenom\";s:7:\"Birahim\";s:3:\"nom\";s:5:\"BABOU\";s:4:\"role\";s:18:\"GMB_ADMINISTRATEUR\";}'),
(1819, 4, 1, 'a:7:{s:9:\"connexion\";b:1;s:4:\"mail\";s:24:\"birahim.babou@uvs.edu.sn\";s:6:\"profil\";s:1:\"2\";s:11:\"utilisateur\";s:1:\"1\";s:6:\"prenom\";s:7:\"Birahim\";s:3:\"nom\";s:5:\"BABOU\";s:4:\"role\";s:18:\"GMB_ADMINISTRATEUR\";}'),
(1820, 4, 1, 'a:7:{s:9:\"connexion\";b:1;s:4:\"mail\";s:24:\"birahim.babou@uvs.edu.sn\";s:6:\"profil\";s:1:\"2\";s:11:\"utilisateur\";s:1:\"1\";s:6:\"prenom\";s:7:\"Birahim\";s:3:\"nom\";s:5:\"BABOU\";s:4:\"role\";s:18:\"GMB_ADMINISTRATEUR\";}'),
(1821, 4, 1, 'a:7:{s:9:\"connexion\";b:1;s:4:\"mail\";s:24:\"birahim.babou@uvs.edu.sn\";s:6:\"profil\";s:1:\"2\";s:11:\"utilisateur\";s:1:\"1\";s:6:\"prenom\";s:7:\"Birahim\";s:3:\"nom\";s:5:\"BABOU\";s:4:\"role\";s:18:\"GMB_ADMINISTRATEUR\";}'),
(1822, 4, 1, 'a:7:{s:9:\"connexion\";b:1;s:4:\"mail\";s:24:\"birahim.babou@uvs.edu.sn\";s:6:\"profil\";s:1:\"2\";s:11:\"utilisateur\";s:1:\"1\";s:6:\"prenom\";s:7:\"Birahim\";s:3:\"nom\";s:5:\"BABOU\";s:4:\"role\";s:18:\"GMB_ADMINISTRATEUR\";}'),
(1823, 4, 1, 'a:7:{s:9:\"connexion\";b:1;s:4:\"mail\";s:24:\"birahim.babou@uvs.edu.sn\";s:6:\"profil\";s:1:\"2\";s:11:\"utilisateur\";s:1:\"1\";s:6:\"prenom\";s:7:\"Birahim\";s:3:\"nom\";s:5:\"BABOU\";s:4:\"role\";s:18:\"GMB_ADMINISTRATEUR\";}'),
(1824, 4, 1, 'a:7:{s:9:\"connexion\";b:1;s:4:\"mail\";s:24:\"birahim.babou@uvs.edu.sn\";s:6:\"profil\";s:1:\"2\";s:11:\"utilisateur\";s:1:\"1\";s:6:\"prenom\";s:7:\"Birahim\";s:3:\"nom\";s:5:\"BABOU\";s:4:\"role\";s:18:\"GMB_ADMINISTRATEUR\";}');
INSERT INTO `ban_hist` (`id`, `type`, `user`, `valeur`) VALUES
(1825, 4, 1, 'a:7:{s:9:\"connexion\";b:1;s:4:\"mail\";s:24:\"birahim.babou@uvs.edu.sn\";s:6:\"profil\";s:1:\"2\";s:11:\"utilisateur\";s:1:\"1\";s:6:\"prenom\";s:7:\"Birahim\";s:3:\"nom\";s:5:\"BABOU\";s:4:\"role\";s:18:\"GMB_ADMINISTRATEUR\";}'),
(1826, 4, 1, 'a:7:{s:9:\"connexion\";b:1;s:4:\"mail\";s:24:\"birahim.babou@uvs.edu.sn\";s:6:\"profil\";s:1:\"2\";s:11:\"utilisateur\";s:1:\"1\";s:6:\"prenom\";s:7:\"Birahim\";s:3:\"nom\";s:5:\"BABOU\";s:4:\"role\";s:18:\"GMB_ADMINISTRATEUR\";}'),
(1827, 4, 1, 'a:7:{s:9:\"connexion\";b:1;s:4:\"mail\";s:24:\"birahim.babou@uvs.edu.sn\";s:6:\"profil\";s:1:\"2\";s:11:\"utilisateur\";s:1:\"1\";s:6:\"prenom\";s:7:\"Birahim\";s:3:\"nom\";s:5:\"BABOU\";s:4:\"role\";s:18:\"GMB_ADMINISTRATEUR\";}'),
(1828, 4, 1, 'a:7:{s:9:\"connexion\";b:1;s:4:\"mail\";s:24:\"birahim.babou@uvs.edu.sn\";s:6:\"profil\";s:1:\"2\";s:11:\"utilisateur\";s:1:\"1\";s:6:\"prenom\";s:7:\"Birahim\";s:3:\"nom\";s:5:\"BABOU\";s:4:\"role\";s:18:\"GMB_ADMINISTRATEUR\";}'),
(1829, 4, 1, 'a:7:{s:9:\"connexion\";b:1;s:4:\"mail\";s:24:\"birahim.babou@uvs.edu.sn\";s:6:\"profil\";s:1:\"2\";s:11:\"utilisateur\";s:1:\"1\";s:6:\"prenom\";s:7:\"Birahim\";s:3:\"nom\";s:5:\"BABOU\";s:4:\"role\";s:18:\"GMB_ADMINISTRATEUR\";}'),
(1830, 4, 1, 'a:7:{s:9:\"connexion\";b:1;s:4:\"mail\";s:24:\"birahim.babou@uvs.edu.sn\";s:6:\"profil\";s:1:\"2\";s:11:\"utilisateur\";s:1:\"1\";s:6:\"prenom\";s:7:\"Birahim\";s:3:\"nom\";s:5:\"BABOU\";s:4:\"role\";s:18:\"GMB_ADMINISTRATEUR\";}'),
(1831, 4, 1, 'a:7:{s:9:\"connexion\";b:1;s:4:\"mail\";s:24:\"birahim.babou@uvs.edu.sn\";s:6:\"profil\";s:1:\"2\";s:11:\"utilisateur\";s:1:\"1\";s:6:\"prenom\";s:7:\"Birahim\";s:3:\"nom\";s:5:\"BABOU\";s:4:\"role\";s:18:\"GMB_ADMINISTRATEUR\";}'),
(1832, 4, 1, 'a:7:{s:9:\"connexion\";b:1;s:4:\"mail\";s:24:\"birahim.babou@uvs.edu.sn\";s:6:\"profil\";s:1:\"2\";s:11:\"utilisateur\";s:1:\"1\";s:6:\"prenom\";s:7:\"Birahim\";s:3:\"nom\";s:5:\"BABOU\";s:4:\"role\";s:18:\"GMB_ADMINISTRATEUR\";}'),
(1833, 4, 1, 'a:7:{s:9:\"connexion\";b:1;s:4:\"mail\";s:24:\"birahim.babou@uvs.edu.sn\";s:6:\"profil\";s:1:\"2\";s:11:\"utilisateur\";s:1:\"1\";s:6:\"prenom\";s:7:\"Birahim\";s:3:\"nom\";s:5:\"BABOU\";s:4:\"role\";s:18:\"GMB_ADMINISTRATEUR\";}'),
(1834, 4, 1, 'a:7:{s:9:\"connexion\";b:1;s:4:\"mail\";s:24:\"birahim.babou@uvs.edu.sn\";s:6:\"profil\";s:1:\"2\";s:11:\"utilisateur\";s:1:\"1\";s:6:\"prenom\";s:7:\"Birahim\";s:3:\"nom\";s:5:\"BABOU\";s:4:\"role\";s:18:\"GMB_ADMINISTRATEUR\";}'),
(1835, 4, 1, 'a:7:{s:9:\"connexion\";b:1;s:4:\"mail\";s:24:\"birahim.babou@uvs.edu.sn\";s:6:\"profil\";s:1:\"2\";s:11:\"utilisateur\";s:1:\"1\";s:6:\"prenom\";s:7:\"Birahim\";s:3:\"nom\";s:5:\"BABOU\";s:4:\"role\";s:18:\"GMB_ADMINISTRATEUR\";}'),
(1836, 4, 1, 'a:7:{s:9:\"connexion\";b:1;s:4:\"mail\";s:24:\"birahim.babou@uvs.edu.sn\";s:6:\"profil\";s:1:\"2\";s:11:\"utilisateur\";s:1:\"1\";s:6:\"prenom\";s:7:\"Birahim\";s:3:\"nom\";s:5:\"BABOU\";s:4:\"role\";s:18:\"GMB_ADMINISTRATEUR\";}'),
(1837, 4, 1, 'a:7:{s:9:\"connexion\";b:1;s:4:\"mail\";s:24:\"birahim.babou@uvs.edu.sn\";s:6:\"profil\";s:1:\"2\";s:11:\"utilisateur\";s:1:\"1\";s:6:\"prenom\";s:7:\"Birahim\";s:3:\"nom\";s:5:\"BABOU\";s:4:\"role\";s:18:\"GMB_ADMINISTRATEUR\";}'),
(1838, 4, 1, 'a:7:{s:9:\"connexion\";b:1;s:4:\"mail\";s:24:\"birahim.babou@uvs.edu.sn\";s:6:\"profil\";s:1:\"2\";s:11:\"utilisateur\";s:1:\"1\";s:6:\"prenom\";s:7:\"Birahim\";s:3:\"nom\";s:5:\"BABOU\";s:4:\"role\";s:18:\"GMB_ADMINISTRATEUR\";}'),
(1839, 4, 1, 'a:7:{s:9:\"connexion\";b:1;s:4:\"mail\";s:24:\"birahim.babou@uvs.edu.sn\";s:6:\"profil\";s:1:\"2\";s:11:\"utilisateur\";s:1:\"1\";s:6:\"prenom\";s:7:\"Birahim\";s:3:\"nom\";s:5:\"BABOU\";s:4:\"role\";s:18:\"GMB_ADMINISTRATEUR\";}'),
(1840, 4, 1, 'a:7:{s:9:\"connexion\";b:1;s:4:\"mail\";s:24:\"birahim.babou@uvs.edu.sn\";s:6:\"profil\";s:1:\"2\";s:11:\"utilisateur\";s:1:\"1\";s:6:\"prenom\";s:7:\"Birahim\";s:3:\"nom\";s:5:\"BABOU\";s:4:\"role\";s:18:\"GMB_ADMINISTRATEUR\";}'),
(1841, 4, 1, 'a:7:{s:9:\"connexion\";b:1;s:4:\"mail\";s:24:\"birahim.babou@uvs.edu.sn\";s:6:\"profil\";s:1:\"2\";s:11:\"utilisateur\";s:1:\"1\";s:6:\"prenom\";s:7:\"Birahim\";s:3:\"nom\";s:5:\"BABOU\";s:4:\"role\";s:18:\"GMB_ADMINISTRATEUR\";}'),
(1842, 4, 1, 'a:7:{s:9:\"connexion\";b:1;s:4:\"mail\";s:24:\"birahim.babou@uvs.edu.sn\";s:6:\"profil\";s:1:\"2\";s:11:\"utilisateur\";s:1:\"1\";s:6:\"prenom\";s:7:\"Birahim\";s:3:\"nom\";s:5:\"BABOU\";s:4:\"role\";s:18:\"GMB_ADMINISTRATEUR\";}'),
(1843, 4, 1, 'a:7:{s:9:\"connexion\";b:1;s:4:\"mail\";s:24:\"birahim.babou@uvs.edu.sn\";s:6:\"profil\";s:1:\"2\";s:11:\"utilisateur\";s:1:\"1\";s:6:\"prenom\";s:7:\"Birahim\";s:3:\"nom\";s:5:\"BABOU\";s:4:\"role\";s:18:\"GMB_ADMINISTRATEUR\";}'),
(1844, 4, 1, 'a:7:{s:9:\"connexion\";b:1;s:4:\"mail\";s:24:\"birahim.babou@uvs.edu.sn\";s:6:\"profil\";s:1:\"2\";s:11:\"utilisateur\";s:1:\"1\";s:6:\"prenom\";s:7:\"Birahim\";s:3:\"nom\";s:5:\"BABOU\";s:4:\"role\";s:18:\"GMB_ADMINISTRATEUR\";}'),
(1845, 4, 1, 'a:7:{s:9:\"connexion\";b:1;s:4:\"mail\";s:24:\"birahim.babou@uvs.edu.sn\";s:6:\"profil\";s:1:\"2\";s:11:\"utilisateur\";s:1:\"1\";s:6:\"prenom\";s:7:\"Birahim\";s:3:\"nom\";s:5:\"BABOU\";s:4:\"role\";s:18:\"GMB_ADMINISTRATEUR\";}'),
(1846, 4, 1, 'a:7:{s:9:\"connexion\";b:1;s:4:\"mail\";s:24:\"birahim.babou@uvs.edu.sn\";s:6:\"profil\";s:1:\"2\";s:11:\"utilisateur\";s:1:\"1\";s:6:\"prenom\";s:7:\"Birahim\";s:3:\"nom\";s:5:\"BABOU\";s:4:\"role\";s:18:\"GMB_ADMINISTRATEUR\";}'),
(1847, 4, 1, 'a:7:{s:9:\"connexion\";b:1;s:4:\"mail\";s:24:\"birahim.babou@uvs.edu.sn\";s:6:\"profil\";s:1:\"2\";s:11:\"utilisateur\";s:1:\"1\";s:6:\"prenom\";s:7:\"Birahim\";s:3:\"nom\";s:5:\"BABOU\";s:4:\"role\";s:18:\"GMB_ADMINISTRATEUR\";}'),
(1848, 4, 1, 'a:7:{s:9:\"connexion\";b:1;s:4:\"mail\";s:24:\"birahim.babou@uvs.edu.sn\";s:6:\"profil\";s:1:\"2\";s:11:\"utilisateur\";s:1:\"1\";s:6:\"prenom\";s:7:\"Birahim\";s:3:\"nom\";s:5:\"BABOU\";s:4:\"role\";s:18:\"GMB_ADMINISTRATEUR\";}'),
(1849, 4, 1, 'a:7:{s:9:\"connexion\";b:1;s:4:\"mail\";s:24:\"birahim.babou@uvs.edu.sn\";s:6:\"profil\";s:1:\"2\";s:11:\"utilisateur\";s:1:\"1\";s:6:\"prenom\";s:7:\"Birahim\";s:3:\"nom\";s:5:\"BABOU\";s:4:\"role\";s:18:\"GMB_ADMINISTRATEUR\";}'),
(1850, 4, 1, 'a:7:{s:9:\"connexion\";b:1;s:4:\"mail\";s:24:\"birahim.babou@uvs.edu.sn\";s:6:\"profil\";s:1:\"2\";s:11:\"utilisateur\";s:1:\"1\";s:6:\"prenom\";s:7:\"Birahim\";s:3:\"nom\";s:5:\"BABOU\";s:4:\"role\";s:18:\"GMB_ADMINISTRATEUR\";}'),
(1851, 4, 1, 'a:7:{s:9:\"connexion\";b:1;s:4:\"mail\";s:24:\"birahim.babou@uvs.edu.sn\";s:6:\"profil\";s:1:\"2\";s:11:\"utilisateur\";s:1:\"1\";s:6:\"prenom\";s:7:\"Birahim\";s:3:\"nom\";s:5:\"BABOU\";s:4:\"role\";s:18:\"GMB_ADMINISTRATEUR\";}'),
(1852, 4, 1, 'a:7:{s:9:\"connexion\";b:1;s:4:\"mail\";s:24:\"birahim.babou@uvs.edu.sn\";s:6:\"profil\";s:1:\"2\";s:11:\"utilisateur\";s:1:\"1\";s:6:\"prenom\";s:7:\"Birahim\";s:3:\"nom\";s:5:\"BABOU\";s:4:\"role\";s:18:\"GMB_ADMINISTRATEUR\";}'),
(1853, 4, 1, 'a:7:{s:9:\"connexion\";b:1;s:4:\"mail\";s:24:\"birahim.babou@uvs.edu.sn\";s:6:\"profil\";s:1:\"2\";s:11:\"utilisateur\";s:1:\"1\";s:6:\"prenom\";s:7:\"Birahim\";s:3:\"nom\";s:5:\"BABOU\";s:4:\"role\";s:18:\"GMB_ADMINISTRATEUR\";}'),
(1854, 4, 1, 'a:7:{s:9:\"connexion\";b:1;s:4:\"mail\";s:24:\"birahim.babou@uvs.edu.sn\";s:6:\"profil\";s:1:\"2\";s:11:\"utilisateur\";s:1:\"1\";s:6:\"prenom\";s:7:\"Birahim\";s:3:\"nom\";s:5:\"BABOU\";s:4:\"role\";s:18:\"GMB_ADMINISTRATEUR\";}'),
(1855, 4, 1, 'a:7:{s:9:\"connexion\";b:1;s:4:\"mail\";s:24:\"birahim.babou@uvs.edu.sn\";s:6:\"profil\";s:1:\"2\";s:11:\"utilisateur\";s:1:\"1\";s:6:\"prenom\";s:7:\"Birahim\";s:3:\"nom\";s:5:\"BABOU\";s:4:\"role\";s:18:\"GMB_ADMINISTRATEUR\";}'),
(1856, 4, 1, 'a:7:{s:9:\"connexion\";b:1;s:4:\"mail\";s:24:\"birahim.babou@uvs.edu.sn\";s:6:\"profil\";s:1:\"2\";s:11:\"utilisateur\";s:1:\"1\";s:6:\"prenom\";s:7:\"Birahim\";s:3:\"nom\";s:5:\"BABOU\";s:4:\"role\";s:18:\"GMB_ADMINISTRATEUR\";}'),
(1857, 4, 1, 'a:7:{s:9:\"connexion\";b:1;s:4:\"mail\";s:24:\"birahim.babou@uvs.edu.sn\";s:6:\"profil\";s:1:\"2\";s:11:\"utilisateur\";s:1:\"1\";s:6:\"prenom\";s:7:\"Birahim\";s:3:\"nom\";s:5:\"BABOU\";s:4:\"role\";s:18:\"GMB_ADMINISTRATEUR\";}'),
(1858, 4, 1, 'a:7:{s:9:\"connexion\";b:1;s:4:\"mail\";s:24:\"birahim.babou@uvs.edu.sn\";s:6:\"profil\";s:1:\"2\";s:11:\"utilisateur\";s:1:\"1\";s:6:\"prenom\";s:7:\"Birahim\";s:3:\"nom\";s:5:\"BABOU\";s:4:\"role\";s:18:\"GMB_ADMINISTRATEUR\";}'),
(1859, 4, 1, 'a:7:{s:9:\"connexion\";b:1;s:4:\"mail\";s:24:\"birahim.babou@uvs.edu.sn\";s:6:\"profil\";s:1:\"2\";s:11:\"utilisateur\";s:1:\"1\";s:6:\"prenom\";s:7:\"Birahim\";s:3:\"nom\";s:5:\"BABOU\";s:4:\"role\";s:18:\"GMB_ADMINISTRATEUR\";}'),
(1860, 4, 1, 'a:7:{s:9:\"connexion\";b:1;s:4:\"mail\";s:24:\"birahim.babou@uvs.edu.sn\";s:6:\"profil\";s:1:\"2\";s:11:\"utilisateur\";s:1:\"1\";s:6:\"prenom\";s:7:\"Birahim\";s:3:\"nom\";s:5:\"BABOU\";s:4:\"role\";s:18:\"GMB_ADMINISTRATEUR\";}'),
(1861, 4, 1, 'a:7:{s:9:\"connexion\";b:1;s:4:\"mail\";s:24:\"birahim.babou@uvs.edu.sn\";s:6:\"profil\";s:1:\"2\";s:11:\"utilisateur\";s:1:\"1\";s:6:\"prenom\";s:7:\"Birahim\";s:3:\"nom\";s:5:\"BABOU\";s:4:\"role\";s:18:\"GMB_ADMINISTRATEUR\";}'),
(1862, 4, 1, 'a:7:{s:9:\"connexion\";b:1;s:4:\"mail\";s:24:\"birahim.babou@uvs.edu.sn\";s:6:\"profil\";s:1:\"2\";s:11:\"utilisateur\";s:1:\"1\";s:6:\"prenom\";s:7:\"Birahim\";s:3:\"nom\";s:5:\"BABOU\";s:4:\"role\";s:18:\"GMB_ADMINISTRATEUR\";}'),
(1863, 4, 1, 'a:7:{s:9:\"connexion\";b:1;s:4:\"mail\";s:24:\"birahim.babou@uvs.edu.sn\";s:6:\"profil\";s:1:\"2\";s:11:\"utilisateur\";s:1:\"1\";s:6:\"prenom\";s:7:\"Birahim\";s:3:\"nom\";s:5:\"BABOU\";s:4:\"role\";s:18:\"GMB_ADMINISTRATEUR\";}'),
(1864, 4, 1, 'a:7:{s:9:\"connexion\";b:1;s:4:\"mail\";s:24:\"birahim.babou@uvs.edu.sn\";s:6:\"profil\";s:1:\"2\";s:11:\"utilisateur\";s:1:\"1\";s:6:\"prenom\";s:7:\"Birahim\";s:3:\"nom\";s:5:\"BABOU\";s:4:\"role\";s:18:\"GMB_ADMINISTRATEUR\";}'),
(1865, 4, 1, 'a:7:{s:9:\"connexion\";b:1;s:4:\"mail\";s:24:\"birahim.babou@uvs.edu.sn\";s:6:\"profil\";s:1:\"2\";s:11:\"utilisateur\";s:1:\"1\";s:6:\"prenom\";s:7:\"Birahim\";s:3:\"nom\";s:5:\"BABOU\";s:4:\"role\";s:18:\"GMB_ADMINISTRATEUR\";}'),
(1866, 4, 1, 'a:7:{s:9:\"connexion\";b:1;s:4:\"mail\";s:24:\"birahim.babou@uvs.edu.sn\";s:6:\"profil\";s:1:\"2\";s:11:\"utilisateur\";s:1:\"1\";s:6:\"prenom\";s:7:\"Birahim\";s:3:\"nom\";s:5:\"BABOU\";s:4:\"role\";s:18:\"GMB_ADMINISTRATEUR\";}'),
(1867, 4, 1, 'a:7:{s:9:\"connexion\";b:1;s:4:\"mail\";s:24:\"birahim.babou@uvs.edu.sn\";s:6:\"profil\";s:1:\"2\";s:11:\"utilisateur\";s:1:\"1\";s:6:\"prenom\";s:7:\"Birahim\";s:3:\"nom\";s:5:\"BABOU\";s:4:\"role\";s:18:\"GMB_ADMINISTRATEUR\";}'),
(1868, 4, 1, 'a:7:{s:9:\"connexion\";b:1;s:4:\"mail\";s:24:\"birahim.babou@uvs.edu.sn\";s:6:\"profil\";s:1:\"2\";s:11:\"utilisateur\";s:1:\"1\";s:6:\"prenom\";s:7:\"Birahim\";s:3:\"nom\";s:5:\"BABOU\";s:4:\"role\";s:18:\"GMB_ADMINISTRATEUR\";}'),
(1869, 4, 1, 'a:7:{s:9:\"connexion\";b:1;s:4:\"mail\";s:24:\"birahim.babou@uvs.edu.sn\";s:6:\"profil\";s:1:\"2\";s:11:\"utilisateur\";s:1:\"1\";s:6:\"prenom\";s:7:\"Birahim\";s:3:\"nom\";s:5:\"BABOU\";s:4:\"role\";s:18:\"GMB_ADMINISTRATEUR\";}'),
(1870, 4, 1, 'a:7:{s:9:\"connexion\";b:1;s:4:\"mail\";s:24:\"birahim.babou@uvs.edu.sn\";s:6:\"profil\";s:1:\"2\";s:11:\"utilisateur\";s:1:\"1\";s:6:\"prenom\";s:7:\"Birahim\";s:3:\"nom\";s:5:\"BABOU\";s:4:\"role\";s:18:\"GMB_ADMINISTRATEUR\";}'),
(1871, 4, 1, 'a:7:{s:9:\"connexion\";b:1;s:4:\"mail\";s:24:\"birahim.babou@uvs.edu.sn\";s:6:\"profil\";s:1:\"2\";s:11:\"utilisateur\";s:1:\"1\";s:6:\"prenom\";s:7:\"Birahim\";s:3:\"nom\";s:5:\"BABOU\";s:4:\"role\";s:18:\"GMB_ADMINISTRATEUR\";}'),
(1872, 4, 1, 'a:7:{s:9:\"connexion\";b:1;s:4:\"mail\";s:24:\"birahim.babou@uvs.edu.sn\";s:6:\"profil\";s:1:\"2\";s:11:\"utilisateur\";s:1:\"1\";s:6:\"prenom\";s:7:\"Birahim\";s:3:\"nom\";s:5:\"BABOU\";s:4:\"role\";s:18:\"GMB_ADMINISTRATEUR\";}'),
(1873, 4, 1, 'a:7:{s:9:\"connexion\";b:1;s:4:\"mail\";s:24:\"birahim.babou@uvs.edu.sn\";s:6:\"profil\";s:1:\"2\";s:11:\"utilisateur\";s:1:\"1\";s:6:\"prenom\";s:7:\"Birahim\";s:3:\"nom\";s:5:\"BABOU\";s:4:\"role\";s:18:\"GMB_ADMINISTRATEUR\";}'),
(1874, 4, 1, 'a:7:{s:9:\"connexion\";b:1;s:4:\"mail\";s:24:\"birahim.babou@uvs.edu.sn\";s:6:\"profil\";s:1:\"2\";s:11:\"utilisateur\";s:1:\"1\";s:6:\"prenom\";s:7:\"Birahim\";s:3:\"nom\";s:5:\"BABOU\";s:4:\"role\";s:18:\"GMB_ADMINISTRATEUR\";}'),
(1875, 4, 1, 'a:7:{s:9:\"connexion\";b:1;s:4:\"mail\";s:24:\"birahim.babou@uvs.edu.sn\";s:6:\"profil\";s:1:\"2\";s:11:\"utilisateur\";s:1:\"1\";s:6:\"prenom\";s:7:\"Birahim\";s:3:\"nom\";s:5:\"BABOU\";s:4:\"role\";s:18:\"GMB_ADMINISTRATEUR\";}'),
(1876, 4, 1, 'a:7:{s:9:\"connexion\";b:1;s:4:\"mail\";s:24:\"birahim.babou@uvs.edu.sn\";s:6:\"profil\";s:1:\"2\";s:11:\"utilisateur\";s:1:\"1\";s:6:\"prenom\";s:7:\"Birahim\";s:3:\"nom\";s:5:\"BABOU\";s:4:\"role\";s:18:\"GMB_ADMINISTRATEUR\";}'),
(1877, 4, 1, 'a:7:{s:9:\"connexion\";b:1;s:4:\"mail\";s:24:\"birahim.babou@uvs.edu.sn\";s:6:\"profil\";s:1:\"2\";s:11:\"utilisateur\";s:1:\"1\";s:6:\"prenom\";s:7:\"Birahim\";s:3:\"nom\";s:5:\"BABOU\";s:4:\"role\";s:18:\"GMB_ADMINISTRATEUR\";}'),
(1878, 4, 1, 'a:7:{s:9:\"connexion\";b:1;s:4:\"mail\";s:24:\"birahim.babou@uvs.edu.sn\";s:6:\"profil\";s:1:\"2\";s:11:\"utilisateur\";s:1:\"1\";s:6:\"prenom\";s:7:\"Birahim\";s:3:\"nom\";s:5:\"BABOU\";s:4:\"role\";s:18:\"GMB_ADMINISTRATEUR\";}'),
(1879, 4, 1, 'a:7:{s:9:\"connexion\";b:1;s:4:\"mail\";s:24:\"birahim.babou@uvs.edu.sn\";s:6:\"profil\";s:1:\"2\";s:11:\"utilisateur\";s:1:\"1\";s:6:\"prenom\";s:7:\"Birahim\";s:3:\"nom\";s:5:\"BABOU\";s:4:\"role\";s:18:\"GMB_ADMINISTRATEUR\";}'),
(1880, 4, 1, 'a:7:{s:9:\"connexion\";b:1;s:4:\"mail\";s:24:\"birahim.babou@uvs.edu.sn\";s:6:\"profil\";s:1:\"2\";s:11:\"utilisateur\";s:1:\"1\";s:6:\"prenom\";s:7:\"Birahim\";s:3:\"nom\";s:5:\"BABOU\";s:4:\"role\";s:18:\"GMB_ADMINISTRATEUR\";}'),
(1881, 4, 1, 'a:7:{s:9:\"connexion\";b:1;s:4:\"mail\";s:24:\"birahim.babou@uvs.edu.sn\";s:6:\"profil\";s:1:\"2\";s:11:\"utilisateur\";s:1:\"1\";s:6:\"prenom\";s:7:\"Birahim\";s:3:\"nom\";s:5:\"BABOU\";s:4:\"role\";s:18:\"GMB_ADMINISTRATEUR\";}'),
(1882, 4, 1, 'a:7:{s:9:\"connexion\";b:1;s:4:\"mail\";s:24:\"birahim.babou@uvs.edu.sn\";s:6:\"profil\";s:1:\"2\";s:11:\"utilisateur\";s:1:\"1\";s:6:\"prenom\";s:7:\"Birahim\";s:3:\"nom\";s:5:\"BABOU\";s:4:\"role\";s:18:\"GMB_ADMINISTRATEUR\";}'),
(1883, 4, 1, 'a:7:{s:9:\"connexion\";b:1;s:4:\"mail\";s:24:\"birahim.babou@uvs.edu.sn\";s:6:\"profil\";s:1:\"2\";s:11:\"utilisateur\";s:1:\"1\";s:6:\"prenom\";s:7:\"Birahim\";s:3:\"nom\";s:5:\"BABOU\";s:4:\"role\";s:18:\"GMB_ADMINISTRATEUR\";}'),
(1884, 4, 1, 'a:7:{s:9:\"connexion\";b:1;s:4:\"mail\";s:24:\"birahim.babou@uvs.edu.sn\";s:6:\"profil\";s:1:\"2\";s:11:\"utilisateur\";s:1:\"1\";s:6:\"prenom\";s:7:\"Birahim\";s:3:\"nom\";s:5:\"BABOU\";s:4:\"role\";s:18:\"GMB_ADMINISTRATEUR\";}'),
(1885, 4, 1, 'a:7:{s:9:\"connexion\";b:1;s:4:\"mail\";s:24:\"birahim.babou@uvs.edu.sn\";s:6:\"profil\";s:1:\"2\";s:11:\"utilisateur\";s:1:\"1\";s:6:\"prenom\";s:7:\"Birahim\";s:3:\"nom\";s:5:\"BABOU\";s:4:\"role\";s:18:\"GMB_ADMINISTRATEUR\";}'),
(1886, 4, 1, 'a:7:{s:9:\"connexion\";b:1;s:4:\"mail\";s:24:\"birahim.babou@uvs.edu.sn\";s:6:\"profil\";s:1:\"2\";s:11:\"utilisateur\";s:1:\"1\";s:6:\"prenom\";s:7:\"Birahim\";s:3:\"nom\";s:5:\"BABOU\";s:4:\"role\";s:18:\"GMB_ADMINISTRATEUR\";}'),
(1887, 4, 1, 'a:7:{s:9:\"connexion\";b:1;s:4:\"mail\";s:24:\"birahim.babou@uvs.edu.sn\";s:6:\"profil\";s:1:\"2\";s:11:\"utilisateur\";s:1:\"1\";s:6:\"prenom\";s:7:\"Birahim\";s:3:\"nom\";s:5:\"BABOU\";s:4:\"role\";s:18:\"GMB_ADMINISTRATEUR\";}'),
(1888, 4, 1, 'a:7:{s:9:\"connexion\";b:1;s:4:\"mail\";s:24:\"birahim.babou@uvs.edu.sn\";s:6:\"profil\";s:1:\"2\";s:11:\"utilisateur\";s:1:\"1\";s:6:\"prenom\";s:7:\"Birahim\";s:3:\"nom\";s:5:\"BABOU\";s:4:\"role\";s:18:\"GMB_ADMINISTRATEUR\";}'),
(1889, 4, 1, 'a:7:{s:9:\"connexion\";b:1;s:4:\"mail\";s:24:\"birahim.babou@uvs.edu.sn\";s:6:\"profil\";s:1:\"2\";s:11:\"utilisateur\";s:1:\"1\";s:6:\"prenom\";s:7:\"Birahim\";s:3:\"nom\";s:5:\"BABOU\";s:4:\"role\";s:18:\"GMB_ADMINISTRATEUR\";}'),
(1890, 4, 1, 'a:7:{s:9:\"connexion\";b:1;s:4:\"mail\";s:24:\"birahim.babou@uvs.edu.sn\";s:6:\"profil\";s:1:\"2\";s:11:\"utilisateur\";s:1:\"1\";s:6:\"prenom\";s:7:\"Birahim\";s:3:\"nom\";s:5:\"BABOU\";s:4:\"role\";s:18:\"GMB_ADMINISTRATEUR\";}'),
(1891, 4, 1, 'a:7:{s:9:\"connexion\";b:1;s:4:\"mail\";s:24:\"birahim.babou@uvs.edu.sn\";s:6:\"profil\";s:1:\"2\";s:11:\"utilisateur\";s:1:\"1\";s:6:\"prenom\";s:7:\"Birahim\";s:3:\"nom\";s:5:\"BABOU\";s:4:\"role\";s:18:\"GMB_ADMINISTRATEUR\";}'),
(1892, 4, 1, 'a:7:{s:9:\"connexion\";b:1;s:4:\"mail\";s:24:\"birahim.babou@uvs.edu.sn\";s:6:\"profil\";s:1:\"2\";s:11:\"utilisateur\";s:1:\"1\";s:6:\"prenom\";s:7:\"Birahim\";s:3:\"nom\";s:5:\"BABOU\";s:4:\"role\";s:18:\"GMB_ADMINISTRATEUR\";}'),
(1893, 4, 1, 'a:7:{s:9:\"connexion\";b:1;s:4:\"mail\";s:24:\"birahim.babou@uvs.edu.sn\";s:6:\"profil\";s:1:\"2\";s:11:\"utilisateur\";s:1:\"1\";s:6:\"prenom\";s:7:\"Birahim\";s:3:\"nom\";s:5:\"BABOU\";s:4:\"role\";s:18:\"GMB_ADMINISTRATEUR\";}'),
(1894, 4, 1, 'a:7:{s:9:\"connexion\";b:1;s:4:\"mail\";s:24:\"birahim.babou@uvs.edu.sn\";s:6:\"profil\";s:1:\"2\";s:11:\"utilisateur\";s:1:\"1\";s:6:\"prenom\";s:7:\"Birahim\";s:3:\"nom\";s:5:\"BABOU\";s:4:\"role\";s:18:\"GMB_ADMINISTRATEUR\";}'),
(1895, 4, 1, 'a:7:{s:9:\"connexion\";b:1;s:4:\"mail\";s:24:\"birahim.babou@uvs.edu.sn\";s:6:\"profil\";s:1:\"2\";s:11:\"utilisateur\";s:1:\"1\";s:6:\"prenom\";s:7:\"Birahim\";s:3:\"nom\";s:5:\"BABOU\";s:4:\"role\";s:18:\"GMB_ADMINISTRATEUR\";}'),
(1896, 4, 1, 'a:7:{s:9:\"connexion\";b:1;s:4:\"mail\";s:24:\"birahim.babou@uvs.edu.sn\";s:6:\"profil\";s:1:\"2\";s:11:\"utilisateur\";s:1:\"1\";s:6:\"prenom\";s:7:\"Birahim\";s:3:\"nom\";s:5:\"BABOU\";s:4:\"role\";s:18:\"GMB_ADMINISTRATEUR\";}'),
(1897, 4, 1, 'a:7:{s:9:\"connexion\";b:1;s:4:\"mail\";s:24:\"birahim.babou@uvs.edu.sn\";s:6:\"profil\";s:1:\"2\";s:11:\"utilisateur\";s:1:\"1\";s:6:\"prenom\";s:7:\"Birahim\";s:3:\"nom\";s:5:\"BABOU\";s:4:\"role\";s:18:\"GMB_ADMINISTRATEUR\";}'),
(1898, 4, 1, 'a:7:{s:9:\"connexion\";b:1;s:4:\"mail\";s:24:\"birahim.babou@uvs.edu.sn\";s:6:\"profil\";s:1:\"2\";s:11:\"utilisateur\";s:1:\"1\";s:6:\"prenom\";s:7:\"Birahim\";s:3:\"nom\";s:5:\"BABOU\";s:4:\"role\";s:18:\"GMB_ADMINISTRATEUR\";}'),
(1899, 4, 1, 'a:7:{s:9:\"connexion\";b:1;s:4:\"mail\";s:24:\"birahim.babou@uvs.edu.sn\";s:6:\"profil\";s:1:\"2\";s:11:\"utilisateur\";s:1:\"1\";s:6:\"prenom\";s:7:\"Birahim\";s:3:\"nom\";s:5:\"BABOU\";s:4:\"role\";s:18:\"GMB_ADMINISTRATEUR\";}'),
(1900, 4, 1, 'a:7:{s:9:\"connexion\";b:1;s:4:\"mail\";s:24:\"birahim.babou@uvs.edu.sn\";s:6:\"profil\";s:1:\"2\";s:11:\"utilisateur\";s:1:\"1\";s:6:\"prenom\";s:7:\"Birahim\";s:3:\"nom\";s:5:\"BABOU\";s:4:\"role\";s:18:\"GMB_ADMINISTRATEUR\";}'),
(1901, 4, 1, 'a:7:{s:9:\"connexion\";b:1;s:4:\"mail\";s:24:\"birahim.babou@uvs.edu.sn\";s:6:\"profil\";s:1:\"2\";s:11:\"utilisateur\";s:1:\"1\";s:6:\"prenom\";s:7:\"Birahim\";s:3:\"nom\";s:5:\"BABOU\";s:4:\"role\";s:18:\"GMB_ADMINISTRATEUR\";}'),
(1902, 4, 1, 'a:7:{s:9:\"connexion\";b:1;s:4:\"mail\";s:24:\"birahim.babou@uvs.edu.sn\";s:6:\"profil\";s:1:\"2\";s:11:\"utilisateur\";s:1:\"1\";s:6:\"prenom\";s:7:\"Birahim\";s:3:\"nom\";s:5:\"BABOU\";s:4:\"role\";s:18:\"GMB_ADMINISTRATEUR\";}'),
(1903, 4, 1, 'a:7:{s:9:\"connexion\";b:1;s:4:\"mail\";s:24:\"birahim.babou@uvs.edu.sn\";s:6:\"profil\";s:1:\"2\";s:11:\"utilisateur\";s:1:\"1\";s:6:\"prenom\";s:7:\"Birahim\";s:3:\"nom\";s:5:\"BABOU\";s:4:\"role\";s:18:\"GMB_ADMINISTRATEUR\";}'),
(1904, 4, 1, 'a:7:{s:9:\"connexion\";b:1;s:4:\"mail\";s:24:\"birahim.babou@uvs.edu.sn\";s:6:\"profil\";s:1:\"2\";s:11:\"utilisateur\";s:1:\"1\";s:6:\"prenom\";s:7:\"Birahim\";s:3:\"nom\";s:5:\"BABOU\";s:4:\"role\";s:18:\"GMB_ADMINISTRATEUR\";}'),
(1905, 4, 1, 'a:7:{s:9:\"connexion\";b:1;s:4:\"mail\";s:24:\"birahim.babou@uvs.edu.sn\";s:6:\"profil\";s:1:\"2\";s:11:\"utilisateur\";s:1:\"1\";s:6:\"prenom\";s:7:\"Birahim\";s:3:\"nom\";s:5:\"BABOU\";s:4:\"role\";s:18:\"GMB_ADMINISTRATEUR\";}'),
(1906, 4, 1, 'a:7:{s:9:\"connexion\";b:1;s:4:\"mail\";s:24:\"birahim.babou@uvs.edu.sn\";s:6:\"profil\";s:1:\"2\";s:11:\"utilisateur\";s:1:\"1\";s:6:\"prenom\";s:7:\"Birahim\";s:3:\"nom\";s:5:\"BABOU\";s:4:\"role\";s:18:\"GMB_ADMINISTRATEUR\";}'),
(1907, 4, 1, 'a:7:{s:9:\"connexion\";b:1;s:4:\"mail\";s:24:\"birahim.babou@uvs.edu.sn\";s:6:\"profil\";s:1:\"2\";s:11:\"utilisateur\";s:1:\"1\";s:6:\"prenom\";s:7:\"Birahim\";s:3:\"nom\";s:5:\"BABOU\";s:4:\"role\";s:18:\"GMB_ADMINISTRATEUR\";}'),
(1908, 4, 1, 'a:7:{s:9:\"connexion\";b:1;s:4:\"mail\";s:24:\"birahim.babou@uvs.edu.sn\";s:6:\"profil\";s:1:\"2\";s:11:\"utilisateur\";s:1:\"1\";s:6:\"prenom\";s:7:\"Birahim\";s:3:\"nom\";s:5:\"BABOU\";s:4:\"role\";s:18:\"GMB_ADMINISTRATEUR\";}'),
(1909, 4, 1, 'a:7:{s:9:\"connexion\";b:1;s:4:\"mail\";s:24:\"birahim.babou@uvs.edu.sn\";s:6:\"profil\";s:1:\"2\";s:11:\"utilisateur\";s:1:\"1\";s:6:\"prenom\";s:7:\"Birahim\";s:3:\"nom\";s:5:\"BABOU\";s:4:\"role\";s:18:\"GMB_ADMINISTRATEUR\";}'),
(1910, 4, 1, 'a:7:{s:9:\"connexion\";b:1;s:4:\"mail\";s:24:\"birahim.babou@uvs.edu.sn\";s:6:\"profil\";s:1:\"2\";s:11:\"utilisateur\";s:1:\"1\";s:6:\"prenom\";s:7:\"Birahim\";s:3:\"nom\";s:5:\"BABOU\";s:4:\"role\";s:18:\"GMB_ADMINISTRATEUR\";}'),
(1911, 4, 1, 'a:7:{s:9:\"connexion\";b:1;s:4:\"mail\";s:24:\"birahim.babou@uvs.edu.sn\";s:6:\"profil\";s:1:\"2\";s:11:\"utilisateur\";s:1:\"1\";s:6:\"prenom\";s:7:\"Birahim\";s:3:\"nom\";s:5:\"BABOU\";s:4:\"role\";s:18:\"GMB_ADMINISTRATEUR\";}'),
(1912, 4, 1, 'a:7:{s:9:\"connexion\";b:1;s:4:\"mail\";s:24:\"birahim.babou@uvs.edu.sn\";s:6:\"profil\";s:1:\"2\";s:11:\"utilisateur\";s:1:\"1\";s:6:\"prenom\";s:7:\"Birahim\";s:3:\"nom\";s:5:\"BABOU\";s:4:\"role\";s:18:\"GMB_ADMINISTRATEUR\";}'),
(1913, 4, 1, 'a:7:{s:9:\"connexion\";b:1;s:4:\"mail\";s:24:\"birahim.babou@uvs.edu.sn\";s:6:\"profil\";s:1:\"2\";s:11:\"utilisateur\";s:1:\"1\";s:6:\"prenom\";s:7:\"Birahim\";s:3:\"nom\";s:5:\"BABOU\";s:4:\"role\";s:18:\"GMB_ADMINISTRATEUR\";}'),
(1914, 4, 1, 'a:7:{s:9:\"connexion\";b:1;s:4:\"mail\";s:24:\"birahim.babou@uvs.edu.sn\";s:6:\"profil\";s:1:\"2\";s:11:\"utilisateur\";s:1:\"1\";s:6:\"prenom\";s:7:\"Birahim\";s:3:\"nom\";s:5:\"BABOU\";s:4:\"role\";s:18:\"GMB_ADMINISTRATEUR\";}'),
(1915, 4, 1, 'a:7:{s:9:\"connexion\";b:1;s:4:\"mail\";s:24:\"birahim.babou@uvs.edu.sn\";s:6:\"profil\";s:1:\"2\";s:11:\"utilisateur\";s:1:\"1\";s:6:\"prenom\";s:7:\"Birahim\";s:3:\"nom\";s:5:\"BABOU\";s:4:\"role\";s:18:\"GMB_ADMINISTRATEUR\";}'),
(1916, 4, 1, 'a:7:{s:9:\"connexion\";b:1;s:4:\"mail\";s:24:\"birahim.babou@uvs.edu.sn\";s:6:\"profil\";s:1:\"2\";s:11:\"utilisateur\";s:1:\"1\";s:6:\"prenom\";s:7:\"Birahim\";s:3:\"nom\";s:5:\"BABOU\";s:4:\"role\";s:18:\"GMB_ADMINISTRATEUR\";}'),
(1917, 4, 1, 'a:7:{s:9:\"connexion\";b:1;s:4:\"mail\";s:24:\"birahim.babou@uvs.edu.sn\";s:6:\"profil\";s:1:\"2\";s:11:\"utilisateur\";s:1:\"1\";s:6:\"prenom\";s:7:\"Birahim\";s:3:\"nom\";s:5:\"BABOU\";s:4:\"role\";s:18:\"GMB_ADMINISTRATEUR\";}'),
(1918, 4, 1, 'a:7:{s:9:\"connexion\";b:1;s:4:\"mail\";s:24:\"birahim.babou@uvs.edu.sn\";s:6:\"profil\";s:1:\"2\";s:11:\"utilisateur\";s:1:\"1\";s:6:\"prenom\";s:7:\"Birahim\";s:3:\"nom\";s:5:\"BABOU\";s:4:\"role\";s:18:\"GMB_ADMINISTRATEUR\";}'),
(1919, 4, 1, 'a:7:{s:9:\"connexion\";b:1;s:4:\"mail\";s:24:\"birahim.babou@uvs.edu.sn\";s:6:\"profil\";s:1:\"2\";s:11:\"utilisateur\";s:1:\"1\";s:6:\"prenom\";s:7:\"Birahim\";s:3:\"nom\";s:5:\"BABOU\";s:4:\"role\";s:18:\"GMB_ADMINISTRATEUR\";}'),
(1920, 4, 1, 'a:7:{s:9:\"connexion\";b:1;s:4:\"mail\";s:24:\"birahim.babou@uvs.edu.sn\";s:6:\"profil\";s:1:\"2\";s:11:\"utilisateur\";s:1:\"1\";s:6:\"prenom\";s:7:\"Birahim\";s:3:\"nom\";s:5:\"BABOU\";s:4:\"role\";s:18:\"GMB_ADMINISTRATEUR\";}'),
(1921, 4, 1, 'a:7:{s:9:\"connexion\";b:1;s:4:\"mail\";s:24:\"birahim.babou@uvs.edu.sn\";s:6:\"profil\";s:1:\"2\";s:11:\"utilisateur\";s:1:\"1\";s:6:\"prenom\";s:7:\"Birahim\";s:3:\"nom\";s:5:\"BABOU\";s:4:\"role\";s:18:\"GMB_ADMINISTRATEUR\";}'),
(1922, 4, 1, 'a:7:{s:9:\"connexion\";b:1;s:4:\"mail\";s:24:\"birahim.babou@uvs.edu.sn\";s:6:\"profil\";s:1:\"2\";s:11:\"utilisateur\";s:1:\"1\";s:6:\"prenom\";s:7:\"Birahim\";s:3:\"nom\";s:5:\"BABOU\";s:4:\"role\";s:18:\"GMB_ADMINISTRATEUR\";}'),
(1923, 4, 1, 'a:7:{s:9:\"connexion\";b:1;s:4:\"mail\";s:24:\"birahim.babou@uvs.edu.sn\";s:6:\"profil\";s:1:\"2\";s:11:\"utilisateur\";s:1:\"1\";s:6:\"prenom\";s:7:\"Birahim\";s:3:\"nom\";s:5:\"BABOU\";s:4:\"role\";s:18:\"GMB_ADMINISTRATEUR\";}'),
(1924, 4, 1, 'a:7:{s:9:\"connexion\";b:1;s:4:\"mail\";s:24:\"birahim.babou@uvs.edu.sn\";s:6:\"profil\";s:1:\"2\";s:11:\"utilisateur\";s:1:\"1\";s:6:\"prenom\";s:7:\"Birahim\";s:3:\"nom\";s:5:\"BABOU\";s:4:\"role\";s:18:\"GMB_ADMINISTRATEUR\";}'),
(1925, 4, 1, 'a:7:{s:9:\"connexion\";b:1;s:4:\"mail\";s:24:\"birahim.babou@uvs.edu.sn\";s:6:\"profil\";s:1:\"2\";s:11:\"utilisateur\";s:1:\"1\";s:6:\"prenom\";s:7:\"Birahim\";s:3:\"nom\";s:5:\"BABOU\";s:4:\"role\";s:18:\"GMB_ADMINISTRATEUR\";}'),
(1926, 4, 1, 'a:7:{s:9:\"connexion\";b:1;s:4:\"mail\";s:24:\"birahim.babou@uvs.edu.sn\";s:6:\"profil\";s:1:\"2\";s:11:\"utilisateur\";s:1:\"1\";s:6:\"prenom\";s:7:\"Birahim\";s:3:\"nom\";s:5:\"BABOU\";s:4:\"role\";s:18:\"GMB_ADMINISTRATEUR\";}'),
(1927, 4, 1, 'a:7:{s:9:\"connexion\";b:1;s:4:\"mail\";s:24:\"birahim.babou@uvs.edu.sn\";s:6:\"profil\";s:1:\"2\";s:11:\"utilisateur\";s:1:\"1\";s:6:\"prenom\";s:7:\"Birahim\";s:3:\"nom\";s:5:\"BABOU\";s:4:\"role\";s:18:\"GMB_ADMINISTRATEUR\";}'),
(1928, 4, 1, 'a:7:{s:9:\"connexion\";b:1;s:4:\"mail\";s:24:\"birahim.babou@uvs.edu.sn\";s:6:\"profil\";s:1:\"2\";s:11:\"utilisateur\";s:1:\"1\";s:6:\"prenom\";s:7:\"Birahim\";s:3:\"nom\";s:5:\"BABOU\";s:4:\"role\";s:18:\"GMB_ADMINISTRATEUR\";}'),
(1929, 4, 1, 'a:7:{s:9:\"connexion\";b:1;s:4:\"mail\";s:24:\"birahim.babou@uvs.edu.sn\";s:6:\"profil\";s:1:\"2\";s:11:\"utilisateur\";s:1:\"1\";s:6:\"prenom\";s:7:\"Birahim\";s:3:\"nom\";s:5:\"BABOU\";s:4:\"role\";s:18:\"GMB_ADMINISTRATEUR\";}'),
(1930, 4, 1, 'a:7:{s:9:\"connexion\";b:1;s:4:\"mail\";s:24:\"birahim.babou@uvs.edu.sn\";s:6:\"profil\";s:1:\"2\";s:11:\"utilisateur\";s:1:\"1\";s:6:\"prenom\";s:7:\"Birahim\";s:3:\"nom\";s:5:\"BABOU\";s:4:\"role\";s:18:\"GMB_ADMINISTRATEUR\";}'),
(1931, 4, 1, 'a:7:{s:9:\"connexion\";b:1;s:4:\"mail\";s:24:\"birahim.babou@uvs.edu.sn\";s:6:\"profil\";s:1:\"2\";s:11:\"utilisateur\";s:1:\"1\";s:6:\"prenom\";s:7:\"Birahim\";s:3:\"nom\";s:5:\"BABOU\";s:4:\"role\";s:18:\"GMB_ADMINISTRATEUR\";}'),
(1932, 4, 1, 'a:7:{s:9:\"connexion\";b:1;s:4:\"mail\";s:24:\"birahim.babou@uvs.edu.sn\";s:6:\"profil\";s:1:\"2\";s:11:\"utilisateur\";s:1:\"1\";s:6:\"prenom\";s:7:\"Birahim\";s:3:\"nom\";s:5:\"BABOU\";s:4:\"role\";s:18:\"GMB_ADMINISTRATEUR\";}'),
(1933, 4, 1, 'a:7:{s:9:\"connexion\";b:1;s:4:\"mail\";s:24:\"birahim.babou@uvs.edu.sn\";s:6:\"profil\";s:1:\"2\";s:11:\"utilisateur\";s:1:\"1\";s:6:\"prenom\";s:7:\"Birahim\";s:3:\"nom\";s:5:\"BABOU\";s:4:\"role\";s:18:\"GMB_ADMINISTRATEUR\";}'),
(1934, 4, 1, 'a:7:{s:9:\"connexion\";b:1;s:4:\"mail\";s:24:\"birahim.babou@uvs.edu.sn\";s:6:\"profil\";s:1:\"2\";s:11:\"utilisateur\";s:1:\"1\";s:6:\"prenom\";s:7:\"Birahim\";s:3:\"nom\";s:5:\"BABOU\";s:4:\"role\";s:18:\"GMB_ADMINISTRATEUR\";}'),
(1935, 4, 1, 'a:7:{s:9:\"connexion\";b:1;s:4:\"mail\";s:24:\"birahim.babou@uvs.edu.sn\";s:6:\"profil\";s:1:\"2\";s:11:\"utilisateur\";s:1:\"1\";s:6:\"prenom\";s:7:\"Birahim\";s:3:\"nom\";s:5:\"BABOU\";s:4:\"role\";s:18:\"GMB_ADMINISTRATEUR\";}'),
(1936, 4, 1, 'a:7:{s:9:\"connexion\";b:1;s:4:\"mail\";s:24:\"birahim.babou@uvs.edu.sn\";s:6:\"profil\";s:1:\"2\";s:11:\"utilisateur\";s:1:\"1\";s:6:\"prenom\";s:7:\"Birahim\";s:3:\"nom\";s:5:\"BABOU\";s:4:\"role\";s:18:\"GMB_ADMINISTRATEUR\";}'),
(1937, 4, 1, 'a:7:{s:9:\"connexion\";b:1;s:4:\"mail\";s:24:\"birahim.babou@uvs.edu.sn\";s:6:\"profil\";s:1:\"2\";s:11:\"utilisateur\";s:1:\"1\";s:6:\"prenom\";s:7:\"Birahim\";s:3:\"nom\";s:5:\"BABOU\";s:4:\"role\";s:18:\"GMB_ADMINISTRATEUR\";}'),
(1938, 4, 1, 'a:7:{s:9:\"connexion\";b:1;s:4:\"mail\";s:24:\"birahim.babou@uvs.edu.sn\";s:6:\"profil\";s:1:\"2\";s:11:\"utilisateur\";s:1:\"1\";s:6:\"prenom\";s:7:\"Birahim\";s:3:\"nom\";s:5:\"BABOU\";s:4:\"role\";s:18:\"GMB_ADMINISTRATEUR\";}'),
(1939, 4, 1, 'a:7:{s:9:\"connexion\";b:1;s:4:\"mail\";s:24:\"birahim.babou@uvs.edu.sn\";s:6:\"profil\";s:1:\"2\";s:11:\"utilisateur\";s:1:\"1\";s:6:\"prenom\";s:7:\"Birahim\";s:3:\"nom\";s:5:\"BABOU\";s:4:\"role\";s:18:\"GMB_ADMINISTRATEUR\";}'),
(1940, 4, 1, 'a:7:{s:9:\"connexion\";b:1;s:4:\"mail\";s:24:\"birahim.babou@uvs.edu.sn\";s:6:\"profil\";s:1:\"2\";s:11:\"utilisateur\";s:1:\"1\";s:6:\"prenom\";s:7:\"Birahim\";s:3:\"nom\";s:5:\"BABOU\";s:4:\"role\";s:18:\"GMB_ADMINISTRATEUR\";}'),
(1941, 4, 1, 'a:7:{s:9:\"connexion\";b:1;s:4:\"mail\";s:24:\"birahim.babou@uvs.edu.sn\";s:6:\"profil\";s:1:\"2\";s:11:\"utilisateur\";s:1:\"1\";s:6:\"prenom\";s:7:\"Birahim\";s:3:\"nom\";s:5:\"BABOU\";s:4:\"role\";s:18:\"GMB_ADMINISTRATEUR\";}'),
(1942, 4, 1, 'a:7:{s:9:\"connexion\";b:1;s:4:\"mail\";s:24:\"birahim.babou@uvs.edu.sn\";s:6:\"profil\";s:1:\"2\";s:11:\"utilisateur\";s:1:\"1\";s:6:\"prenom\";s:7:\"Birahim\";s:3:\"nom\";s:5:\"BABOU\";s:4:\"role\";s:18:\"GMB_ADMINISTRATEUR\";}'),
(1943, 4, 1, 'a:7:{s:9:\"connexion\";b:1;s:4:\"mail\";s:24:\"birahim.babou@uvs.edu.sn\";s:6:\"profil\";s:1:\"2\";s:11:\"utilisateur\";s:1:\"1\";s:6:\"prenom\";s:7:\"Birahim\";s:3:\"nom\";s:5:\"BABOU\";s:4:\"role\";s:18:\"GMB_ADMINISTRATEUR\";}'),
(1944, 4, 1, 'a:7:{s:9:\"connexion\";b:1;s:4:\"mail\";s:24:\"birahim.babou@uvs.edu.sn\";s:6:\"profil\";s:1:\"2\";s:11:\"utilisateur\";s:1:\"1\";s:6:\"prenom\";s:7:\"Birahim\";s:3:\"nom\";s:5:\"BABOU\";s:4:\"role\";s:18:\"GMB_ADMINISTRATEUR\";}'),
(1945, 4, 1, 'a:7:{s:9:\"connexion\";b:1;s:4:\"mail\";s:24:\"birahim.babou@uvs.edu.sn\";s:6:\"profil\";s:1:\"2\";s:11:\"utilisateur\";s:1:\"1\";s:6:\"prenom\";s:7:\"Birahim\";s:3:\"nom\";s:5:\"BABOU\";s:4:\"role\";s:18:\"GMB_ADMINISTRATEUR\";}'),
(1946, 4, 1, 'a:7:{s:9:\"connexion\";b:1;s:4:\"mail\";s:24:\"birahim.babou@uvs.edu.sn\";s:6:\"profil\";s:1:\"2\";s:11:\"utilisateur\";s:1:\"1\";s:6:\"prenom\";s:7:\"Birahim\";s:3:\"nom\";s:5:\"BABOU\";s:4:\"role\";s:18:\"GMB_ADMINISTRATEUR\";}'),
(1947, 4, 1, 'a:7:{s:9:\"connexion\";b:1;s:4:\"mail\";s:24:\"birahim.babou@uvs.edu.sn\";s:6:\"profil\";s:1:\"2\";s:11:\"utilisateur\";s:1:\"1\";s:6:\"prenom\";s:7:\"Birahim\";s:3:\"nom\";s:5:\"BABOU\";s:4:\"role\";s:18:\"GMB_ADMINISTRATEUR\";}'),
(1948, 4, 1, 'a:7:{s:9:\"connexion\";b:1;s:4:\"mail\";s:24:\"birahim.babou@uvs.edu.sn\";s:6:\"profil\";s:1:\"2\";s:11:\"utilisateur\";s:1:\"1\";s:6:\"prenom\";s:7:\"Birahim\";s:3:\"nom\";s:5:\"BABOU\";s:4:\"role\";s:18:\"GMB_ADMINISTRATEUR\";}'),
(1949, 4, 1, 'a:7:{s:9:\"connexion\";b:1;s:4:\"mail\";s:24:\"birahim.babou@uvs.edu.sn\";s:6:\"profil\";s:1:\"2\";s:11:\"utilisateur\";s:1:\"1\";s:6:\"prenom\";s:7:\"Birahim\";s:3:\"nom\";s:5:\"BABOU\";s:4:\"role\";s:18:\"GMB_ADMINISTRATEUR\";}'),
(1950, 4, 1, 'a:7:{s:9:\"connexion\";b:1;s:4:\"mail\";s:24:\"birahim.babou@uvs.edu.sn\";s:6:\"profil\";s:1:\"2\";s:11:\"utilisateur\";s:1:\"1\";s:6:\"prenom\";s:7:\"Birahim\";s:3:\"nom\";s:5:\"BABOU\";s:4:\"role\";s:18:\"GMB_ADMINISTRATEUR\";}'),
(1951, 4, 1, 'a:7:{s:9:\"connexion\";b:1;s:4:\"mail\";s:24:\"birahim.babou@uvs.edu.sn\";s:6:\"profil\";s:1:\"2\";s:11:\"utilisateur\";s:1:\"1\";s:6:\"prenom\";s:7:\"Birahim\";s:3:\"nom\";s:5:\"BABOU\";s:4:\"role\";s:18:\"GMB_ADMINISTRATEUR\";}'),
(1952, 4, 1, 'a:7:{s:9:\"connexion\";b:1;s:4:\"mail\";s:24:\"birahim.babou@uvs.edu.sn\";s:6:\"profil\";s:1:\"2\";s:11:\"utilisateur\";s:1:\"1\";s:6:\"prenom\";s:7:\"Birahim\";s:3:\"nom\";s:5:\"BABOU\";s:4:\"role\";s:18:\"GMB_ADMINISTRATEUR\";}'),
(1953, 4, 1, 'a:7:{s:9:\"connexion\";b:1;s:4:\"mail\";s:24:\"birahim.babou@uvs.edu.sn\";s:6:\"profil\";s:1:\"2\";s:11:\"utilisateur\";s:1:\"1\";s:6:\"prenom\";s:7:\"Birahim\";s:3:\"nom\";s:5:\"BABOU\";s:4:\"role\";s:18:\"GMB_ADMINISTRATEUR\";}'),
(1954, 4, 1, 'a:7:{s:9:\"connexion\";b:1;s:4:\"mail\";s:24:\"birahim.babou@uvs.edu.sn\";s:6:\"profil\";s:1:\"2\";s:11:\"utilisateur\";s:1:\"1\";s:6:\"prenom\";s:7:\"Birahim\";s:3:\"nom\";s:5:\"BABOU\";s:4:\"role\";s:18:\"GMB_ADMINISTRATEUR\";}'),
(1955, 4, 1, 'a:7:{s:9:\"connexion\";b:1;s:4:\"mail\";s:24:\"birahim.babou@uvs.edu.sn\";s:6:\"profil\";s:1:\"2\";s:11:\"utilisateur\";s:1:\"1\";s:6:\"prenom\";s:7:\"Birahim\";s:3:\"nom\";s:5:\"BABOU\";s:4:\"role\";s:18:\"GMB_ADMINISTRATEUR\";}'),
(1956, 4, 1, 'a:7:{s:9:\"connexion\";b:1;s:4:\"mail\";s:24:\"birahim.babou@uvs.edu.sn\";s:6:\"profil\";s:1:\"2\";s:11:\"utilisateur\";s:1:\"1\";s:6:\"prenom\";s:7:\"Birahim\";s:3:\"nom\";s:5:\"BABOU\";s:4:\"role\";s:18:\"GMB_ADMINISTRATEUR\";}'),
(1957, 4, 1, 'a:7:{s:9:\"connexion\";b:1;s:4:\"mail\";s:24:\"birahim.babou@uvs.edu.sn\";s:6:\"profil\";s:1:\"2\";s:11:\"utilisateur\";s:1:\"1\";s:6:\"prenom\";s:7:\"Birahim\";s:3:\"nom\";s:5:\"BABOU\";s:4:\"role\";s:18:\"GMB_ADMINISTRATEUR\";}'),
(1958, 4, 1, 'a:7:{s:9:\"connexion\";b:1;s:4:\"mail\";s:24:\"birahim.babou@uvs.edu.sn\";s:6:\"profil\";s:1:\"2\";s:11:\"utilisateur\";s:1:\"1\";s:6:\"prenom\";s:7:\"Birahim\";s:3:\"nom\";s:5:\"BABOU\";s:4:\"role\";s:18:\"GMB_ADMINISTRATEUR\";}'),
(1959, 4, 1, 'a:7:{s:9:\"connexion\";b:1;s:4:\"mail\";s:24:\"birahim.babou@uvs.edu.sn\";s:6:\"profil\";s:1:\"2\";s:11:\"utilisateur\";s:1:\"1\";s:6:\"prenom\";s:7:\"Birahim\";s:3:\"nom\";s:5:\"BABOU\";s:4:\"role\";s:18:\"GMB_ADMINISTRATEUR\";}'),
(1960, 4, 1, 'a:7:{s:9:\"connexion\";b:1;s:4:\"mail\";s:24:\"birahim.babou@uvs.edu.sn\";s:6:\"profil\";s:1:\"2\";s:11:\"utilisateur\";s:1:\"1\";s:6:\"prenom\";s:7:\"Birahim\";s:3:\"nom\";s:5:\"BABOU\";s:4:\"role\";s:18:\"GMB_ADMINISTRATEUR\";}'),
(1961, 4, 1, 'a:7:{s:9:\"connexion\";b:1;s:4:\"mail\";s:24:\"birahim.babou@uvs.edu.sn\";s:6:\"profil\";s:1:\"2\";s:11:\"utilisateur\";s:1:\"1\";s:6:\"prenom\";s:7:\"Birahim\";s:3:\"nom\";s:5:\"BABOU\";s:4:\"role\";s:18:\"GMB_ADMINISTRATEUR\";}'),
(1962, 4, 1, 'a:7:{s:9:\"connexion\";b:1;s:4:\"mail\";s:24:\"birahim.babou@uvs.edu.sn\";s:6:\"profil\";s:1:\"2\";s:11:\"utilisateur\";s:1:\"1\";s:6:\"prenom\";s:7:\"Birahim\";s:3:\"nom\";s:5:\"BABOU\";s:4:\"role\";s:18:\"GMB_ADMINISTRATEUR\";}'),
(1963, 4, 1, 'a:7:{s:9:\"connexion\";b:1;s:4:\"mail\";s:24:\"birahim.babou@uvs.edu.sn\";s:6:\"profil\";s:1:\"2\";s:11:\"utilisateur\";s:1:\"1\";s:6:\"prenom\";s:7:\"Birahim\";s:3:\"nom\";s:5:\"BABOU\";s:4:\"role\";s:18:\"GMB_ADMINISTRATEUR\";}'),
(1964, 4, 1, 'a:7:{s:9:\"connexion\";b:1;s:4:\"mail\";s:24:\"birahim.babou@uvs.edu.sn\";s:6:\"profil\";s:1:\"2\";s:11:\"utilisateur\";s:1:\"1\";s:6:\"prenom\";s:7:\"Birahim\";s:3:\"nom\";s:5:\"BABOU\";s:4:\"role\";s:18:\"GMB_ADMINISTRATEUR\";}'),
(1965, 4, 1, 'a:7:{s:9:\"connexion\";b:1;s:4:\"mail\";s:24:\"birahim.babou@uvs.edu.sn\";s:6:\"profil\";s:1:\"2\";s:11:\"utilisateur\";s:1:\"1\";s:6:\"prenom\";s:7:\"Birahim\";s:3:\"nom\";s:5:\"BABOU\";s:4:\"role\";s:18:\"GMB_ADMINISTRATEUR\";}'),
(1966, 4, 1, 'a:7:{s:9:\"connexion\";b:1;s:4:\"mail\";s:24:\"birahim.babou@uvs.edu.sn\";s:6:\"profil\";s:1:\"2\";s:11:\"utilisateur\";s:1:\"1\";s:6:\"prenom\";s:7:\"Birahim\";s:3:\"nom\";s:5:\"BABOU\";s:4:\"role\";s:18:\"GMB_ADMINISTRATEUR\";}'),
(1967, 4, 1, 'a:7:{s:9:\"connexion\";b:1;s:4:\"mail\";s:24:\"birahim.babou@uvs.edu.sn\";s:6:\"profil\";s:1:\"2\";s:11:\"utilisateur\";s:1:\"1\";s:6:\"prenom\";s:7:\"Birahim\";s:3:\"nom\";s:5:\"BABOU\";s:4:\"role\";s:18:\"GMB_ADMINISTRATEUR\";}'),
(1968, 4, 1, 'a:7:{s:9:\"connexion\";b:1;s:4:\"mail\";s:24:\"birahim.babou@uvs.edu.sn\";s:6:\"profil\";s:1:\"2\";s:11:\"utilisateur\";s:1:\"1\";s:6:\"prenom\";s:7:\"Birahim\";s:3:\"nom\";s:5:\"BABOU\";s:4:\"role\";s:18:\"GMB_ADMINISTRATEUR\";}'),
(1969, 4, 1, 'a:7:{s:9:\"connexion\";b:1;s:4:\"mail\";s:24:\"birahim.babou@uvs.edu.sn\";s:6:\"profil\";s:1:\"2\";s:11:\"utilisateur\";s:1:\"1\";s:6:\"prenom\";s:7:\"Birahim\";s:3:\"nom\";s:5:\"BABOU\";s:4:\"role\";s:18:\"GMB_ADMINISTRATEUR\";}'),
(1970, 4, 1, 'a:7:{s:9:\"connexion\";b:1;s:4:\"mail\";s:24:\"birahim.babou@uvs.edu.sn\";s:6:\"profil\";s:1:\"2\";s:11:\"utilisateur\";s:1:\"1\";s:6:\"prenom\";s:7:\"Birahim\";s:3:\"nom\";s:5:\"BABOU\";s:4:\"role\";s:18:\"GMB_ADMINISTRATEUR\";}'),
(1971, 4, 1, 'a:7:{s:9:\"connexion\";b:1;s:4:\"mail\";s:24:\"birahim.babou@uvs.edu.sn\";s:6:\"profil\";s:1:\"2\";s:11:\"utilisateur\";s:1:\"1\";s:6:\"prenom\";s:7:\"Birahim\";s:3:\"nom\";s:5:\"BABOU\";s:4:\"role\";s:18:\"GMB_ADMINISTRATEUR\";}'),
(1972, 4, 1, 'a:7:{s:9:\"connexion\";b:1;s:4:\"mail\";s:24:\"birahim.babou@uvs.edu.sn\";s:6:\"profil\";s:1:\"2\";s:11:\"utilisateur\";s:1:\"1\";s:6:\"prenom\";s:7:\"Birahim\";s:3:\"nom\";s:5:\"BABOU\";s:4:\"role\";s:18:\"GMB_ADMINISTRATEUR\";}'),
(1973, 4, 1, 'a:7:{s:9:\"connexion\";b:1;s:4:\"mail\";s:24:\"birahim.babou@uvs.edu.sn\";s:6:\"profil\";s:1:\"2\";s:11:\"utilisateur\";s:1:\"1\";s:6:\"prenom\";s:7:\"Birahim\";s:3:\"nom\";s:5:\"BABOU\";s:4:\"role\";s:18:\"GMB_ADMINISTRATEUR\";}'),
(1974, 4, 1, 'a:7:{s:9:\"connexion\";b:1;s:4:\"mail\";s:24:\"birahim.babou@uvs.edu.sn\";s:6:\"profil\";s:1:\"2\";s:11:\"utilisateur\";s:1:\"1\";s:6:\"prenom\";s:7:\"Birahim\";s:3:\"nom\";s:5:\"BABOU\";s:4:\"role\";s:18:\"GMB_ADMINISTRATEUR\";}'),
(1975, 4, 1, 'a:7:{s:9:\"connexion\";b:1;s:4:\"mail\";s:24:\"birahim.babou@uvs.edu.sn\";s:6:\"profil\";s:1:\"2\";s:11:\"utilisateur\";s:1:\"1\";s:6:\"prenom\";s:7:\"Birahim\";s:3:\"nom\";s:5:\"BABOU\";s:4:\"role\";s:18:\"GMB_ADMINISTRATEUR\";}'),
(1976, 4, 1, 'a:7:{s:9:\"connexion\";b:1;s:4:\"mail\";s:24:\"birahim.babou@uvs.edu.sn\";s:6:\"profil\";s:1:\"2\";s:11:\"utilisateur\";s:1:\"1\";s:6:\"prenom\";s:7:\"Birahim\";s:3:\"nom\";s:5:\"BABOU\";s:4:\"role\";s:18:\"GMB_ADMINISTRATEUR\";}'),
(1977, 4, 1, 'a:7:{s:9:\"connexion\";b:1;s:4:\"mail\";s:24:\"birahim.babou@uvs.edu.sn\";s:6:\"profil\";s:1:\"2\";s:11:\"utilisateur\";s:1:\"1\";s:6:\"prenom\";s:7:\"Birahim\";s:3:\"nom\";s:5:\"BABOU\";s:4:\"role\";s:18:\"GMB_ADMINISTRATEUR\";}'),
(1978, 4, 1, 'a:7:{s:9:\"connexion\";b:1;s:4:\"mail\";s:24:\"birahim.babou@uvs.edu.sn\";s:6:\"profil\";s:1:\"2\";s:11:\"utilisateur\";s:1:\"1\";s:6:\"prenom\";s:7:\"Birahim\";s:3:\"nom\";s:5:\"BABOU\";s:4:\"role\";s:18:\"GMB_ADMINISTRATEUR\";}'),
(1979, 4, 1, 'a:7:{s:9:\"connexion\";b:1;s:4:\"mail\";s:24:\"birahim.babou@uvs.edu.sn\";s:6:\"profil\";s:1:\"2\";s:11:\"utilisateur\";s:1:\"1\";s:6:\"prenom\";s:7:\"Birahim\";s:3:\"nom\";s:5:\"BABOU\";s:4:\"role\";s:18:\"GMB_ADMINISTRATEUR\";}'),
(1980, 4, 1, 'a:7:{s:9:\"connexion\";b:1;s:4:\"mail\";s:24:\"birahim.babou@uvs.edu.sn\";s:6:\"profil\";s:1:\"2\";s:11:\"utilisateur\";s:1:\"1\";s:6:\"prenom\";s:7:\"Birahim\";s:3:\"nom\";s:5:\"BABOU\";s:4:\"role\";s:18:\"GMB_ADMINISTRATEUR\";}'),
(1981, 4, 1, 'a:7:{s:9:\"connexion\";b:1;s:4:\"mail\";s:24:\"birahim.babou@uvs.edu.sn\";s:6:\"profil\";s:1:\"2\";s:11:\"utilisateur\";s:1:\"1\";s:6:\"prenom\";s:7:\"Birahim\";s:3:\"nom\";s:5:\"BABOU\";s:4:\"role\";s:18:\"GMB_ADMINISTRATEUR\";}'),
(1982, 4, 1, 'a:7:{s:9:\"connexion\";b:1;s:4:\"mail\";s:24:\"birahim.babou@uvs.edu.sn\";s:6:\"profil\";s:1:\"2\";s:11:\"utilisateur\";s:1:\"1\";s:6:\"prenom\";s:7:\"Birahim\";s:3:\"nom\";s:5:\"BABOU\";s:4:\"role\";s:18:\"GMB_ADMINISTRATEUR\";}'),
(1983, 4, 1, 'a:7:{s:9:\"connexion\";b:1;s:4:\"mail\";s:24:\"birahim.babou@uvs.edu.sn\";s:6:\"profil\";s:1:\"2\";s:11:\"utilisateur\";s:1:\"1\";s:6:\"prenom\";s:7:\"Birahim\";s:3:\"nom\";s:5:\"BABOU\";s:4:\"role\";s:18:\"GMB_ADMINISTRATEUR\";}'),
(1984, 4, 1, 'a:7:{s:9:\"connexion\";b:1;s:4:\"mail\";s:24:\"birahim.babou@uvs.edu.sn\";s:6:\"profil\";s:1:\"2\";s:11:\"utilisateur\";s:1:\"1\";s:6:\"prenom\";s:7:\"Birahim\";s:3:\"nom\";s:5:\"BABOU\";s:4:\"role\";s:18:\"GMB_ADMINISTRATEUR\";}'),
(1985, 4, 1, 'a:7:{s:9:\"connexion\";b:1;s:4:\"mail\";s:24:\"birahim.babou@uvs.edu.sn\";s:6:\"profil\";s:1:\"2\";s:11:\"utilisateur\";s:1:\"1\";s:6:\"prenom\";s:7:\"Birahim\";s:3:\"nom\";s:5:\"BABOU\";s:4:\"role\";s:18:\"GMB_ADMINISTRATEUR\";}'),
(1986, 4, 1, 'a:7:{s:9:\"connexion\";b:1;s:4:\"mail\";s:24:\"birahim.babou@uvs.edu.sn\";s:6:\"profil\";s:1:\"2\";s:11:\"utilisateur\";s:1:\"1\";s:6:\"prenom\";s:7:\"Birahim\";s:3:\"nom\";s:5:\"BABOU\";s:4:\"role\";s:18:\"GMB_ADMINISTRATEUR\";}'),
(1987, 4, 1, 'a:7:{s:9:\"connexion\";b:1;s:4:\"mail\";s:24:\"birahim.babou@uvs.edu.sn\";s:6:\"profil\";s:1:\"2\";s:11:\"utilisateur\";s:1:\"1\";s:6:\"prenom\";s:7:\"Birahim\";s:3:\"nom\";s:5:\"BABOU\";s:4:\"role\";s:18:\"GMB_ADMINISTRATEUR\";}'),
(1988, 4, 1, 'a:7:{s:9:\"connexion\";b:1;s:4:\"mail\";s:24:\"birahim.babou@uvs.edu.sn\";s:6:\"profil\";s:1:\"2\";s:11:\"utilisateur\";s:1:\"1\";s:6:\"prenom\";s:7:\"Birahim\";s:3:\"nom\";s:5:\"BABOU\";s:4:\"role\";s:18:\"GMB_ADMINISTRATEUR\";}'),
(1989, 4, 1, 'a:7:{s:9:\"connexion\";b:1;s:4:\"mail\";s:24:\"birahim.babou@uvs.edu.sn\";s:6:\"profil\";s:1:\"2\";s:11:\"utilisateur\";s:1:\"1\";s:6:\"prenom\";s:7:\"Birahim\";s:3:\"nom\";s:5:\"BABOU\";s:4:\"role\";s:18:\"GMB_ADMINISTRATEUR\";}'),
(1990, 4, 1, 'a:7:{s:9:\"connexion\";b:1;s:4:\"mail\";s:24:\"birahim.babou@uvs.edu.sn\";s:6:\"profil\";s:1:\"2\";s:11:\"utilisateur\";s:1:\"1\";s:6:\"prenom\";s:7:\"Birahim\";s:3:\"nom\";s:5:\"BABOU\";s:4:\"role\";s:18:\"GMB_ADMINISTRATEUR\";}'),
(1991, 4, 1, 'a:7:{s:9:\"connexion\";b:1;s:4:\"mail\";s:24:\"birahim.babou@uvs.edu.sn\";s:6:\"profil\";s:1:\"2\";s:11:\"utilisateur\";s:1:\"1\";s:6:\"prenom\";s:7:\"Birahim\";s:3:\"nom\";s:5:\"BABOU\";s:4:\"role\";s:18:\"GMB_ADMINISTRATEUR\";}'),
(1992, 4, 1, 'a:7:{s:9:\"connexion\";b:1;s:4:\"mail\";s:24:\"birahim.babou@uvs.edu.sn\";s:6:\"profil\";s:1:\"2\";s:11:\"utilisateur\";s:1:\"1\";s:6:\"prenom\";s:7:\"Birahim\";s:3:\"nom\";s:5:\"BABOU\";s:4:\"role\";s:18:\"GMB_ADMINISTRATEUR\";}'),
(1993, 4, 1, 'a:7:{s:9:\"connexion\";b:1;s:4:\"mail\";s:24:\"birahim.babou@uvs.edu.sn\";s:6:\"profil\";s:1:\"2\";s:11:\"utilisateur\";s:1:\"1\";s:6:\"prenom\";s:7:\"Birahim\";s:3:\"nom\";s:5:\"BABOU\";s:4:\"role\";s:18:\"GMB_ADMINISTRATEUR\";}'),
(1994, 4, 1, 'a:7:{s:9:\"connexion\";b:1;s:4:\"mail\";s:24:\"birahim.babou@uvs.edu.sn\";s:6:\"profil\";s:1:\"2\";s:11:\"utilisateur\";s:1:\"1\";s:6:\"prenom\";s:7:\"Birahim\";s:3:\"nom\";s:5:\"BABOU\";s:4:\"role\";s:18:\"GMB_ADMINISTRATEUR\";}'),
(1995, 4, 1, 'a:7:{s:9:\"connexion\";b:1;s:4:\"mail\";s:24:\"birahim.babou@uvs.edu.sn\";s:6:\"profil\";s:1:\"2\";s:11:\"utilisateur\";s:1:\"1\";s:6:\"prenom\";s:7:\"Birahim\";s:3:\"nom\";s:5:\"BABOU\";s:4:\"role\";s:18:\"GMB_ADMINISTRATEUR\";}'),
(1996, 4, 1, 'a:7:{s:9:\"connexion\";b:1;s:4:\"mail\";s:24:\"birahim.babou@uvs.edu.sn\";s:6:\"profil\";s:1:\"2\";s:11:\"utilisateur\";s:1:\"1\";s:6:\"prenom\";s:7:\"Birahim\";s:3:\"nom\";s:5:\"BABOU\";s:4:\"role\";s:18:\"GMB_ADMINISTRATEUR\";}'),
(1997, 4, 1, 'a:7:{s:9:\"connexion\";b:1;s:4:\"mail\";s:24:\"birahim.babou@uvs.edu.sn\";s:6:\"profil\";s:1:\"2\";s:11:\"utilisateur\";s:1:\"1\";s:6:\"prenom\";s:7:\"Birahim\";s:3:\"nom\";s:5:\"BABOU\";s:4:\"role\";s:18:\"GMB_ADMINISTRATEUR\";}'),
(1998, 4, 1, 'a:7:{s:9:\"connexion\";b:1;s:4:\"mail\";s:24:\"birahim.babou@uvs.edu.sn\";s:6:\"profil\";s:1:\"2\";s:11:\"utilisateur\";s:1:\"1\";s:6:\"prenom\";s:7:\"Birahim\";s:3:\"nom\";s:5:\"BABOU\";s:4:\"role\";s:18:\"GMB_ADMINISTRATEUR\";}'),
(1999, 4, 1, 'a:7:{s:9:\"connexion\";b:1;s:4:\"mail\";s:24:\"birahim.babou@uvs.edu.sn\";s:6:\"profil\";s:1:\"2\";s:11:\"utilisateur\";s:1:\"1\";s:6:\"prenom\";s:7:\"Birahim\";s:3:\"nom\";s:5:\"BABOU\";s:4:\"role\";s:18:\"GMB_ADMINISTRATEUR\";}'),
(2000, 4, 1, 'a:7:{s:9:\"connexion\";b:1;s:4:\"mail\";s:24:\"birahim.babou@uvs.edu.sn\";s:6:\"profil\";s:1:\"2\";s:11:\"utilisateur\";s:1:\"1\";s:6:\"prenom\";s:7:\"Birahim\";s:3:\"nom\";s:5:\"BABOU\";s:4:\"role\";s:18:\"GMB_ADMINISTRATEUR\";}'),
(2001, 4, 1, 'a:7:{s:9:\"connexion\";b:1;s:4:\"mail\";s:24:\"birahim.babou@uvs.edu.sn\";s:6:\"profil\";s:1:\"2\";s:11:\"utilisateur\";s:1:\"1\";s:6:\"prenom\";s:7:\"Birahim\";s:3:\"nom\";s:5:\"BABOU\";s:4:\"role\";s:18:\"GMB_ADMINISTRATEUR\";}'),
(2002, 4, 1, 'a:7:{s:9:\"connexion\";b:1;s:4:\"mail\";s:24:\"birahim.babou@uvs.edu.sn\";s:6:\"profil\";s:1:\"2\";s:11:\"utilisateur\";s:1:\"1\";s:6:\"prenom\";s:7:\"Birahim\";s:3:\"nom\";s:5:\"BABOU\";s:4:\"role\";s:18:\"GMB_ADMINISTRATEUR\";}'),
(2003, 4, 1, 'a:7:{s:9:\"connexion\";b:1;s:4:\"mail\";s:24:\"birahim.babou@uvs.edu.sn\";s:6:\"profil\";s:1:\"2\";s:11:\"utilisateur\";s:1:\"1\";s:6:\"prenom\";s:7:\"Birahim\";s:3:\"nom\";s:5:\"BABOU\";s:4:\"role\";s:18:\"GMB_ADMINISTRATEUR\";}'),
(2004, 4, 1, 'a:7:{s:9:\"connexion\";b:1;s:4:\"mail\";s:24:\"birahim.babou@uvs.edu.sn\";s:6:\"profil\";s:1:\"2\";s:11:\"utilisateur\";s:1:\"1\";s:6:\"prenom\";s:7:\"Birahim\";s:3:\"nom\";s:5:\"BABOU\";s:4:\"role\";s:18:\"GMB_ADMINISTRATEUR\";}'),
(2005, 4, 1, 'a:7:{s:9:\"connexion\";b:1;s:4:\"mail\";s:24:\"birahim.babou@uvs.edu.sn\";s:6:\"profil\";s:1:\"2\";s:11:\"utilisateur\";s:1:\"1\";s:6:\"prenom\";s:7:\"Birahim\";s:3:\"nom\";s:5:\"BABOU\";s:4:\"role\";s:18:\"GMB_ADMINISTRATEUR\";}'),
(2006, 4, 1, 'a:7:{s:9:\"connexion\";b:1;s:4:\"mail\";s:24:\"birahim.babou@uvs.edu.sn\";s:6:\"profil\";s:1:\"2\";s:11:\"utilisateur\";s:1:\"1\";s:6:\"prenom\";s:7:\"Birahim\";s:3:\"nom\";s:5:\"BABOU\";s:4:\"role\";s:18:\"GMB_ADMINISTRATEUR\";}'),
(2007, 4, 1, 'a:7:{s:9:\"connexion\";b:1;s:4:\"mail\";s:24:\"birahim.babou@uvs.edu.sn\";s:6:\"profil\";s:1:\"2\";s:11:\"utilisateur\";s:1:\"1\";s:6:\"prenom\";s:7:\"Birahim\";s:3:\"nom\";s:5:\"BABOU\";s:4:\"role\";s:18:\"GMB_ADMINISTRATEUR\";}'),
(2008, 4, 1, 'a:7:{s:9:\"connexion\";b:1;s:4:\"mail\";s:24:\"birahim.babou@uvs.edu.sn\";s:6:\"profil\";s:1:\"2\";s:11:\"utilisateur\";s:1:\"1\";s:6:\"prenom\";s:7:\"Birahim\";s:3:\"nom\";s:5:\"BABOU\";s:4:\"role\";s:18:\"GMB_ADMINISTRATEUR\";}'),
(2009, 4, 1, 'a:7:{s:9:\"connexion\";b:1;s:4:\"mail\";s:24:\"birahim.babou@uvs.edu.sn\";s:6:\"profil\";s:1:\"2\";s:11:\"utilisateur\";s:1:\"1\";s:6:\"prenom\";s:7:\"Birahim\";s:3:\"nom\";s:5:\"BABOU\";s:4:\"role\";s:18:\"GMB_ADMINISTRATEUR\";}'),
(2010, 4, 1, 'a:7:{s:9:\"connexion\";b:1;s:4:\"mail\";s:24:\"birahim.babou@uvs.edu.sn\";s:6:\"profil\";s:1:\"2\";s:11:\"utilisateur\";s:1:\"1\";s:6:\"prenom\";s:7:\"Birahim\";s:3:\"nom\";s:5:\"BABOU\";s:4:\"role\";s:18:\"GMB_ADMINISTRATEUR\";}'),
(2011, 4, 1, 'a:7:{s:9:\"connexion\";b:1;s:4:\"mail\";s:24:\"birahim.babou@uvs.edu.sn\";s:6:\"profil\";s:1:\"2\";s:11:\"utilisateur\";s:1:\"1\";s:6:\"prenom\";s:7:\"Birahim\";s:3:\"nom\";s:5:\"BABOU\";s:4:\"role\";s:18:\"GMB_ADMINISTRATEUR\";}'),
(2012, 4, 1, 'a:7:{s:9:\"connexion\";b:1;s:4:\"mail\";s:24:\"birahim.babou@uvs.edu.sn\";s:6:\"profil\";s:1:\"2\";s:11:\"utilisateur\";s:1:\"1\";s:6:\"prenom\";s:7:\"Birahim\";s:3:\"nom\";s:5:\"BABOU\";s:4:\"role\";s:18:\"GMB_ADMINISTRATEUR\";}'),
(2013, 4, 1, 'a:7:{s:9:\"connexion\";b:1;s:4:\"mail\";s:24:\"birahim.babou@uvs.edu.sn\";s:6:\"profil\";s:1:\"2\";s:11:\"utilisateur\";s:1:\"1\";s:6:\"prenom\";s:7:\"Birahim\";s:3:\"nom\";s:5:\"BABOU\";s:4:\"role\";s:18:\"GMB_ADMINISTRATEUR\";}'),
(2014, 4, 1, 'a:7:{s:9:\"connexion\";b:1;s:4:\"mail\";s:24:\"birahim.babou@uvs.edu.sn\";s:6:\"profil\";s:1:\"2\";s:11:\"utilisateur\";s:1:\"1\";s:6:\"prenom\";s:7:\"Birahim\";s:3:\"nom\";s:5:\"BABOU\";s:4:\"role\";s:18:\"GMB_ADMINISTRATEUR\";}'),
(2015, 4, 1, 'a:7:{s:9:\"connexion\";b:1;s:4:\"mail\";s:24:\"birahim.babou@uvs.edu.sn\";s:6:\"profil\";s:1:\"2\";s:11:\"utilisateur\";s:1:\"1\";s:6:\"prenom\";s:7:\"Birahim\";s:3:\"nom\";s:5:\"BABOU\";s:4:\"role\";s:18:\"GMB_ADMINISTRATEUR\";}'),
(2016, 4, 1, 'a:7:{s:9:\"connexion\";b:1;s:4:\"mail\";s:24:\"birahim.babou@uvs.edu.sn\";s:6:\"profil\";s:1:\"2\";s:11:\"utilisateur\";s:1:\"1\";s:6:\"prenom\";s:7:\"Birahim\";s:3:\"nom\";s:5:\"BABOU\";s:4:\"role\";s:18:\"GMB_ADMINISTRATEUR\";}'),
(2017, 4, 1, 'a:7:{s:9:\"connexion\";b:1;s:4:\"mail\";s:24:\"birahim.babou@uvs.edu.sn\";s:6:\"profil\";s:1:\"2\";s:11:\"utilisateur\";s:1:\"1\";s:6:\"prenom\";s:7:\"Birahim\";s:3:\"nom\";s:5:\"BABOU\";s:4:\"role\";s:18:\"GMB_ADMINISTRATEUR\";}'),
(2018, 4, 1, 'a:7:{s:9:\"connexion\";b:1;s:4:\"mail\";s:24:\"birahim.babou@uvs.edu.sn\";s:6:\"profil\";s:1:\"2\";s:11:\"utilisateur\";s:1:\"1\";s:6:\"prenom\";s:7:\"Birahim\";s:3:\"nom\";s:5:\"BABOU\";s:4:\"role\";s:18:\"GMB_ADMINISTRATEUR\";}'),
(2019, 4, 1, 'a:7:{s:9:\"connexion\";b:1;s:4:\"mail\";s:24:\"birahim.babou@uvs.edu.sn\";s:6:\"profil\";s:1:\"2\";s:11:\"utilisateur\";s:1:\"1\";s:6:\"prenom\";s:7:\"Birahim\";s:3:\"nom\";s:5:\"BABOU\";s:4:\"role\";s:18:\"GMB_ADMINISTRATEUR\";}'),
(2020, 4, 1, 'a:7:{s:9:\"connexion\";b:1;s:4:\"mail\";s:24:\"birahim.babou@uvs.edu.sn\";s:6:\"profil\";s:1:\"2\";s:11:\"utilisateur\";s:1:\"1\";s:6:\"prenom\";s:7:\"Birahim\";s:3:\"nom\";s:5:\"BABOU\";s:4:\"role\";s:18:\"GMB_ADMINISTRATEUR\";}'),
(2021, 4, 1, 'a:7:{s:9:\"connexion\";b:1;s:4:\"mail\";s:24:\"birahim.babou@uvs.edu.sn\";s:6:\"profil\";s:1:\"2\";s:11:\"utilisateur\";s:1:\"1\";s:6:\"prenom\";s:7:\"Birahim\";s:3:\"nom\";s:5:\"BABOU\";s:4:\"role\";s:18:\"GMB_ADMINISTRATEUR\";}'),
(2022, 4, 1, 'a:7:{s:9:\"connexion\";b:1;s:4:\"mail\";s:24:\"birahim.babou@uvs.edu.sn\";s:6:\"profil\";s:1:\"2\";s:11:\"utilisateur\";s:1:\"1\";s:6:\"prenom\";s:7:\"Birahim\";s:3:\"nom\";s:5:\"BABOU\";s:4:\"role\";s:18:\"GMB_ADMINISTRATEUR\";}'),
(2023, 4, 1, 'a:7:{s:9:\"connexion\";b:1;s:4:\"mail\";s:24:\"birahim.babou@uvs.edu.sn\";s:6:\"profil\";s:1:\"2\";s:11:\"utilisateur\";s:1:\"1\";s:6:\"prenom\";s:7:\"Birahim\";s:3:\"nom\";s:5:\"BABOU\";s:4:\"role\";s:18:\"GMB_ADMINISTRATEUR\";}'),
(2024, 4, 1, 'a:7:{s:9:\"connexion\";b:1;s:4:\"mail\";s:24:\"birahim.babou@uvs.edu.sn\";s:6:\"profil\";s:1:\"2\";s:11:\"utilisateur\";s:1:\"1\";s:6:\"prenom\";s:7:\"Birahim\";s:3:\"nom\";s:5:\"BABOU\";s:4:\"role\";s:18:\"GMB_ADMINISTRATEUR\";}'),
(2025, 4, 1, 'a:7:{s:9:\"connexion\";b:1;s:4:\"mail\";s:24:\"birahim.babou@uvs.edu.sn\";s:6:\"profil\";s:1:\"2\";s:11:\"utilisateur\";s:1:\"1\";s:6:\"prenom\";s:7:\"Birahim\";s:3:\"nom\";s:5:\"BABOU\";s:4:\"role\";s:18:\"GMB_ADMINISTRATEUR\";}'),
(2026, 4, 1, 'a:7:{s:9:\"connexion\";b:1;s:4:\"mail\";s:24:\"birahim.babou@uvs.edu.sn\";s:6:\"profil\";s:1:\"2\";s:11:\"utilisateur\";s:1:\"1\";s:6:\"prenom\";s:7:\"Birahim\";s:3:\"nom\";s:5:\"BABOU\";s:4:\"role\";s:18:\"GMB_ADMINISTRATEUR\";}'),
(2027, 4, 1, 'a:7:{s:9:\"connexion\";b:1;s:4:\"mail\";s:24:\"birahim.babou@uvs.edu.sn\";s:6:\"profil\";s:1:\"2\";s:11:\"utilisateur\";s:1:\"1\";s:6:\"prenom\";s:7:\"Birahim\";s:3:\"nom\";s:5:\"BABOU\";s:4:\"role\";s:18:\"GMB_ADMINISTRATEUR\";}');
INSERT INTO `ban_hist` (`id`, `type`, `user`, `valeur`) VALUES
(2028, 4, 1, 'a:7:{s:9:\"connexion\";b:1;s:4:\"mail\";s:24:\"birahim.babou@uvs.edu.sn\";s:6:\"profil\";s:1:\"2\";s:11:\"utilisateur\";s:1:\"1\";s:6:\"prenom\";s:7:\"Birahim\";s:3:\"nom\";s:5:\"BABOU\";s:4:\"role\";s:18:\"GMB_ADMINISTRATEUR\";}'),
(2029, 4, 1, 'a:7:{s:9:\"connexion\";b:1;s:4:\"mail\";s:24:\"birahim.babou@uvs.edu.sn\";s:6:\"profil\";s:1:\"2\";s:11:\"utilisateur\";s:1:\"1\";s:6:\"prenom\";s:7:\"Birahim\";s:3:\"nom\";s:5:\"BABOU\";s:4:\"role\";s:18:\"GMB_ADMINISTRATEUR\";}'),
(2030, 4, 1, 'a:7:{s:9:\"connexion\";b:1;s:4:\"mail\";s:24:\"birahim.babou@uvs.edu.sn\";s:6:\"profil\";s:1:\"2\";s:11:\"utilisateur\";s:1:\"1\";s:6:\"prenom\";s:7:\"Birahim\";s:3:\"nom\";s:5:\"BABOU\";s:4:\"role\";s:18:\"GMB_ADMINISTRATEUR\";}'),
(2031, 4, 1, 'a:7:{s:9:\"connexion\";b:1;s:4:\"mail\";s:24:\"birahim.babou@uvs.edu.sn\";s:6:\"profil\";s:1:\"2\";s:11:\"utilisateur\";s:1:\"1\";s:6:\"prenom\";s:7:\"Birahim\";s:3:\"nom\";s:5:\"BABOU\";s:4:\"role\";s:18:\"GMB_ADMINISTRATEUR\";}'),
(2032, 4, 1, 'a:7:{s:9:\"connexion\";b:1;s:4:\"mail\";s:24:\"birahim.babou@uvs.edu.sn\";s:6:\"profil\";s:1:\"2\";s:11:\"utilisateur\";s:1:\"1\";s:6:\"prenom\";s:7:\"Birahim\";s:3:\"nom\";s:5:\"BABOU\";s:4:\"role\";s:18:\"GMB_ADMINISTRATEUR\";}'),
(2033, 4, 1, 'a:7:{s:9:\"connexion\";b:1;s:4:\"mail\";s:24:\"birahim.babou@uvs.edu.sn\";s:6:\"profil\";s:1:\"2\";s:11:\"utilisateur\";s:1:\"1\";s:6:\"prenom\";s:7:\"Birahim\";s:3:\"nom\";s:5:\"BABOU\";s:4:\"role\";s:18:\"GMB_ADMINISTRATEUR\";}'),
(2034, 4, 1, 'a:7:{s:9:\"connexion\";b:1;s:4:\"mail\";s:24:\"birahim.babou@uvs.edu.sn\";s:6:\"profil\";s:1:\"2\";s:11:\"utilisateur\";s:1:\"1\";s:6:\"prenom\";s:7:\"Birahim\";s:3:\"nom\";s:5:\"BABOU\";s:4:\"role\";s:18:\"GMB_ADMINISTRATEUR\";}'),
(2035, 4, 1, 'a:7:{s:9:\"connexion\";b:1;s:4:\"mail\";s:24:\"birahim.babou@uvs.edu.sn\";s:6:\"profil\";s:1:\"2\";s:11:\"utilisateur\";s:1:\"1\";s:6:\"prenom\";s:7:\"Birahim\";s:3:\"nom\";s:5:\"BABOU\";s:4:\"role\";s:18:\"GMB_ADMINISTRATEUR\";}'),
(2036, 4, 1, 'a:7:{s:9:\"connexion\";b:1;s:4:\"mail\";s:24:\"birahim.babou@uvs.edu.sn\";s:6:\"profil\";s:1:\"2\";s:11:\"utilisateur\";s:1:\"1\";s:6:\"prenom\";s:7:\"Birahim\";s:3:\"nom\";s:5:\"BABOU\";s:4:\"role\";s:18:\"GMB_ADMINISTRATEUR\";}'),
(2037, 4, 1, 'a:7:{s:9:\"connexion\";b:1;s:4:\"mail\";s:24:\"birahim.babou@uvs.edu.sn\";s:6:\"profil\";s:1:\"2\";s:11:\"utilisateur\";s:1:\"1\";s:6:\"prenom\";s:7:\"Birahim\";s:3:\"nom\";s:5:\"BABOU\";s:4:\"role\";s:18:\"GMB_ADMINISTRATEUR\";}'),
(2038, 4, 1, 'a:7:{s:9:\"connexion\";b:1;s:4:\"mail\";s:24:\"birahim.babou@uvs.edu.sn\";s:6:\"profil\";s:1:\"2\";s:11:\"utilisateur\";s:1:\"1\";s:6:\"prenom\";s:7:\"Birahim\";s:3:\"nom\";s:5:\"BABOU\";s:4:\"role\";s:18:\"GMB_ADMINISTRATEUR\";}'),
(2039, 4, 1, 'a:7:{s:9:\"connexion\";b:1;s:4:\"mail\";s:24:\"birahim.babou@uvs.edu.sn\";s:6:\"profil\";s:1:\"2\";s:11:\"utilisateur\";s:1:\"1\";s:6:\"prenom\";s:7:\"Birahim\";s:3:\"nom\";s:5:\"BABOU\";s:4:\"role\";s:18:\"GMB_ADMINISTRATEUR\";}'),
(2040, 4, 1, 'a:7:{s:9:\"connexion\";b:1;s:4:\"mail\";s:24:\"birahim.babou@uvs.edu.sn\";s:6:\"profil\";s:1:\"2\";s:11:\"utilisateur\";s:1:\"1\";s:6:\"prenom\";s:7:\"Birahim\";s:3:\"nom\";s:5:\"BABOU\";s:4:\"role\";s:18:\"GMB_ADMINISTRATEUR\";}'),
(2041, 4, 1, 'a:7:{s:9:\"connexion\";b:1;s:4:\"mail\";s:24:\"birahim.babou@uvs.edu.sn\";s:6:\"profil\";s:1:\"2\";s:11:\"utilisateur\";s:1:\"1\";s:6:\"prenom\";s:7:\"Birahim\";s:3:\"nom\";s:5:\"BABOU\";s:4:\"role\";s:18:\"GMB_ADMINISTRATEUR\";}'),
(2042, 4, 1, 'a:7:{s:9:\"connexion\";b:1;s:4:\"mail\";s:24:\"birahim.babou@uvs.edu.sn\";s:6:\"profil\";s:1:\"2\";s:11:\"utilisateur\";s:1:\"1\";s:6:\"prenom\";s:7:\"Birahim\";s:3:\"nom\";s:5:\"BABOU\";s:4:\"role\";s:18:\"GMB_ADMINISTRATEUR\";}'),
(2043, 4, 1, 'a:7:{s:9:\"connexion\";b:1;s:4:\"mail\";s:24:\"birahim.babou@uvs.edu.sn\";s:6:\"profil\";s:1:\"2\";s:11:\"utilisateur\";s:1:\"1\";s:6:\"prenom\";s:7:\"Birahim\";s:3:\"nom\";s:5:\"BABOU\";s:4:\"role\";s:18:\"GMB_ADMINISTRATEUR\";}'),
(2044, 4, 1, 'a:7:{s:9:\"connexion\";b:1;s:4:\"mail\";s:24:\"birahim.babou@uvs.edu.sn\";s:6:\"profil\";s:1:\"2\";s:11:\"utilisateur\";s:1:\"1\";s:6:\"prenom\";s:7:\"Birahim\";s:3:\"nom\";s:5:\"BABOU\";s:4:\"role\";s:18:\"GMB_ADMINISTRATEUR\";}'),
(2045, 4, 1, 'a:7:{s:9:\"connexion\";b:1;s:4:\"mail\";s:24:\"birahim.babou@uvs.edu.sn\";s:6:\"profil\";s:1:\"2\";s:11:\"utilisateur\";s:1:\"1\";s:6:\"prenom\";s:7:\"Birahim\";s:3:\"nom\";s:5:\"BABOU\";s:4:\"role\";s:18:\"GMB_ADMINISTRATEUR\";}'),
(2046, 4, 1, 'a:7:{s:9:\"connexion\";b:1;s:4:\"mail\";s:24:\"birahim.babou@uvs.edu.sn\";s:6:\"profil\";s:1:\"2\";s:11:\"utilisateur\";s:1:\"1\";s:6:\"prenom\";s:7:\"Birahim\";s:3:\"nom\";s:5:\"BABOU\";s:4:\"role\";s:18:\"GMB_ADMINISTRATEUR\";}'),
(2047, 4, 1, 'a:7:{s:9:\"connexion\";b:1;s:4:\"mail\";s:24:\"birahim.babou@uvs.edu.sn\";s:6:\"profil\";s:1:\"2\";s:11:\"utilisateur\";s:1:\"1\";s:6:\"prenom\";s:7:\"Birahim\";s:3:\"nom\";s:5:\"BABOU\";s:4:\"role\";s:18:\"GMB_ADMINISTRATEUR\";}'),
(2048, 4, 1, 'a:7:{s:9:\"connexion\";b:1;s:4:\"mail\";s:24:\"birahim.babou@uvs.edu.sn\";s:6:\"profil\";s:1:\"2\";s:11:\"utilisateur\";s:1:\"1\";s:6:\"prenom\";s:7:\"Birahim\";s:3:\"nom\";s:5:\"BABOU\";s:4:\"role\";s:18:\"GMB_ADMINISTRATEUR\";}'),
(2049, 4, 1, 'a:7:{s:9:\"connexion\";b:1;s:4:\"mail\";s:24:\"birahim.babou@uvs.edu.sn\";s:6:\"profil\";s:1:\"2\";s:11:\"utilisateur\";s:1:\"1\";s:6:\"prenom\";s:7:\"Birahim\";s:3:\"nom\";s:5:\"BABOU\";s:4:\"role\";s:18:\"GMB_ADMINISTRATEUR\";}'),
(2050, 4, 1, 'a:7:{s:9:\"connexion\";b:1;s:4:\"mail\";s:24:\"birahim.babou@uvs.edu.sn\";s:6:\"profil\";s:1:\"2\";s:11:\"utilisateur\";s:1:\"1\";s:6:\"prenom\";s:7:\"Birahim\";s:3:\"nom\";s:5:\"BABOU\";s:4:\"role\";s:18:\"GMB_ADMINISTRATEUR\";}'),
(2051, 4, 1, 'a:7:{s:9:\"connexion\";b:1;s:4:\"mail\";s:24:\"birahim.babou@uvs.edu.sn\";s:6:\"profil\";s:1:\"2\";s:11:\"utilisateur\";s:1:\"1\";s:6:\"prenom\";s:7:\"Birahim\";s:3:\"nom\";s:5:\"BABOU\";s:4:\"role\";s:18:\"GMB_ADMINISTRATEUR\";}'),
(2052, 4, 1, 'a:7:{s:9:\"connexion\";b:1;s:4:\"mail\";s:24:\"birahim.babou@uvs.edu.sn\";s:6:\"profil\";s:1:\"2\";s:11:\"utilisateur\";s:1:\"1\";s:6:\"prenom\";s:7:\"Birahim\";s:3:\"nom\";s:5:\"BABOU\";s:4:\"role\";s:18:\"GMB_ADMINISTRATEUR\";}'),
(2053, 4, 1, 'a:7:{s:9:\"connexion\";b:1;s:4:\"mail\";s:24:\"birahim.babou@uvs.edu.sn\";s:6:\"profil\";s:1:\"2\";s:11:\"utilisateur\";s:1:\"1\";s:6:\"prenom\";s:7:\"Birahim\";s:3:\"nom\";s:5:\"BABOU\";s:4:\"role\";s:18:\"GMB_ADMINISTRATEUR\";}'),
(2054, 4, 1, 'a:7:{s:9:\"connexion\";b:1;s:4:\"mail\";s:24:\"birahim.babou@uvs.edu.sn\";s:6:\"profil\";s:1:\"2\";s:11:\"utilisateur\";s:1:\"1\";s:6:\"prenom\";s:7:\"Birahim\";s:3:\"nom\";s:5:\"BABOU\";s:4:\"role\";s:18:\"GMB_ADMINISTRATEUR\";}'),
(2055, 4, 1, 'a:7:{s:9:\"connexion\";b:1;s:4:\"mail\";s:24:\"birahim.babou@uvs.edu.sn\";s:6:\"profil\";s:1:\"2\";s:11:\"utilisateur\";s:1:\"1\";s:6:\"prenom\";s:7:\"Birahim\";s:3:\"nom\";s:5:\"BABOU\";s:4:\"role\";s:18:\"GMB_ADMINISTRATEUR\";}'),
(2056, 4, 1, 'a:7:{s:9:\"connexion\";b:1;s:4:\"mail\";s:24:\"birahim.babou@uvs.edu.sn\";s:6:\"profil\";s:1:\"2\";s:11:\"utilisateur\";s:1:\"1\";s:6:\"prenom\";s:7:\"Birahim\";s:3:\"nom\";s:5:\"BABOU\";s:4:\"role\";s:18:\"GMB_ADMINISTRATEUR\";}'),
(2057, 4, 1, 'a:7:{s:9:\"connexion\";b:1;s:4:\"mail\";s:24:\"birahim.babou@uvs.edu.sn\";s:6:\"profil\";s:1:\"2\";s:11:\"utilisateur\";s:1:\"1\";s:6:\"prenom\";s:7:\"Birahim\";s:3:\"nom\";s:5:\"BABOU\";s:4:\"role\";s:18:\"GMB_ADMINISTRATEUR\";}'),
(2058, 4, 1, 'a:7:{s:9:\"connexion\";b:1;s:4:\"mail\";s:24:\"birahim.babou@uvs.edu.sn\";s:6:\"profil\";s:1:\"2\";s:11:\"utilisateur\";s:1:\"1\";s:6:\"prenom\";s:7:\"Birahim\";s:3:\"nom\";s:5:\"BABOU\";s:4:\"role\";s:18:\"GMB_ADMINISTRATEUR\";}'),
(2059, 4, 1, 'a:7:{s:9:\"connexion\";b:1;s:4:\"mail\";s:24:\"birahim.babou@uvs.edu.sn\";s:6:\"profil\";s:1:\"2\";s:11:\"utilisateur\";s:1:\"1\";s:6:\"prenom\";s:7:\"Birahim\";s:3:\"nom\";s:5:\"BABOU\";s:4:\"role\";s:18:\"GMB_ADMINISTRATEUR\";}'),
(2060, 4, 1, 'a:7:{s:9:\"connexion\";b:1;s:4:\"mail\";s:24:\"birahim.babou@uvs.edu.sn\";s:6:\"profil\";s:1:\"2\";s:11:\"utilisateur\";s:1:\"1\";s:6:\"prenom\";s:7:\"Birahim\";s:3:\"nom\";s:5:\"BABOU\";s:4:\"role\";s:18:\"GMB_ADMINISTRATEUR\";}'),
(2061, 4, 1, 'a:7:{s:9:\"connexion\";b:1;s:4:\"mail\";s:24:\"birahim.babou@uvs.edu.sn\";s:6:\"profil\";s:1:\"2\";s:11:\"utilisateur\";s:1:\"1\";s:6:\"prenom\";s:7:\"Birahim\";s:3:\"nom\";s:5:\"BABOU\";s:4:\"role\";s:18:\"GMB_ADMINISTRATEUR\";}'),
(2062, 4, 1, 'a:7:{s:9:\"connexion\";b:1;s:4:\"mail\";s:24:\"birahim.babou@uvs.edu.sn\";s:6:\"profil\";s:1:\"2\";s:11:\"utilisateur\";s:1:\"1\";s:6:\"prenom\";s:7:\"Birahim\";s:3:\"nom\";s:5:\"BABOU\";s:4:\"role\";s:18:\"GMB_ADMINISTRATEUR\";}'),
(2063, 4, 1, 'a:7:{s:9:\"connexion\";b:1;s:4:\"mail\";s:24:\"birahim.babou@uvs.edu.sn\";s:6:\"profil\";s:1:\"2\";s:11:\"utilisateur\";s:1:\"1\";s:6:\"prenom\";s:7:\"Birahim\";s:3:\"nom\";s:5:\"BABOU\";s:4:\"role\";s:18:\"GMB_ADMINISTRATEUR\";}'),
(2064, 4, 1, 'a:7:{s:9:\"connexion\";b:1;s:4:\"mail\";s:24:\"birahim.babou@uvs.edu.sn\";s:6:\"profil\";s:1:\"2\";s:11:\"utilisateur\";s:1:\"1\";s:6:\"prenom\";s:7:\"Birahim\";s:3:\"nom\";s:5:\"BABOU\";s:4:\"role\";s:18:\"GMB_ADMINISTRATEUR\";}'),
(2065, 4, 1, 'a:7:{s:9:\"connexion\";b:1;s:4:\"mail\";s:24:\"birahim.babou@uvs.edu.sn\";s:6:\"profil\";s:1:\"2\";s:11:\"utilisateur\";s:1:\"1\";s:6:\"prenom\";s:7:\"Birahim\";s:3:\"nom\";s:5:\"BABOU\";s:4:\"role\";s:18:\"GMB_ADMINISTRATEUR\";}'),
(2066, 4, 1, 'a:7:{s:9:\"connexion\";b:1;s:4:\"mail\";s:24:\"birahim.babou@uvs.edu.sn\";s:6:\"profil\";s:1:\"2\";s:11:\"utilisateur\";s:1:\"1\";s:6:\"prenom\";s:7:\"Birahim\";s:3:\"nom\";s:5:\"BABOU\";s:4:\"role\";s:18:\"GMB_ADMINISTRATEUR\";}'),
(2067, 4, 1, 'a:7:{s:9:\"connexion\";b:1;s:4:\"mail\";s:24:\"birahim.babou@uvs.edu.sn\";s:6:\"profil\";s:1:\"2\";s:11:\"utilisateur\";s:1:\"1\";s:6:\"prenom\";s:7:\"Birahim\";s:3:\"nom\";s:5:\"BABOU\";s:4:\"role\";s:18:\"GMB_ADMINISTRATEUR\";}'),
(2068, 4, 1, 'a:7:{s:9:\"connexion\";b:1;s:4:\"mail\";s:24:\"birahim.babou@uvs.edu.sn\";s:6:\"profil\";s:1:\"2\";s:11:\"utilisateur\";s:1:\"1\";s:6:\"prenom\";s:7:\"Birahim\";s:3:\"nom\";s:5:\"BABOU\";s:4:\"role\";s:18:\"GMB_ADMINISTRATEUR\";}'),
(2069, 4, 1, 'a:7:{s:9:\"connexion\";b:1;s:4:\"mail\";s:24:\"birahim.babou@uvs.edu.sn\";s:6:\"profil\";s:1:\"2\";s:11:\"utilisateur\";s:1:\"1\";s:6:\"prenom\";s:7:\"Birahim\";s:3:\"nom\";s:5:\"BABOU\";s:4:\"role\";s:18:\"GMB_ADMINISTRATEUR\";}'),
(2070, 4, 1, 'a:7:{s:9:\"connexion\";b:1;s:4:\"mail\";s:24:\"birahim.babou@uvs.edu.sn\";s:6:\"profil\";s:1:\"2\";s:11:\"utilisateur\";s:1:\"1\";s:6:\"prenom\";s:7:\"Birahim\";s:3:\"nom\";s:5:\"BABOU\";s:4:\"role\";s:18:\"GMB_ADMINISTRATEUR\";}'),
(2071, 4, 1, 'a:7:{s:9:\"connexion\";b:1;s:4:\"mail\";s:24:\"birahim.babou@uvs.edu.sn\";s:6:\"profil\";s:1:\"2\";s:11:\"utilisateur\";s:1:\"1\";s:6:\"prenom\";s:7:\"Birahim\";s:3:\"nom\";s:5:\"BABOU\";s:4:\"role\";s:18:\"GMB_ADMINISTRATEUR\";}'),
(2072, 4, 1, 'a:7:{s:9:\"connexion\";b:1;s:4:\"mail\";s:24:\"birahim.babou@uvs.edu.sn\";s:6:\"profil\";s:1:\"2\";s:11:\"utilisateur\";s:1:\"1\";s:6:\"prenom\";s:7:\"Birahim\";s:3:\"nom\";s:5:\"BABOU\";s:4:\"role\";s:18:\"GMB_ADMINISTRATEUR\";}'),
(2073, 4, 1, 'a:7:{s:9:\"connexion\";b:1;s:4:\"mail\";s:24:\"birahim.babou@uvs.edu.sn\";s:6:\"profil\";s:1:\"2\";s:11:\"utilisateur\";s:1:\"1\";s:6:\"prenom\";s:7:\"Birahim\";s:3:\"nom\";s:5:\"BABOU\";s:4:\"role\";s:18:\"GMB_ADMINISTRATEUR\";}'),
(2074, 4, 1, 'a:7:{s:9:\"connexion\";b:1;s:4:\"mail\";s:24:\"birahim.babou@uvs.edu.sn\";s:6:\"profil\";s:1:\"2\";s:11:\"utilisateur\";s:1:\"1\";s:6:\"prenom\";s:7:\"Birahim\";s:3:\"nom\";s:5:\"BABOU\";s:4:\"role\";s:18:\"GMB_ADMINISTRATEUR\";}'),
(2075, 4, 1, 'a:7:{s:9:\"connexion\";b:1;s:4:\"mail\";s:24:\"birahim.babou@uvs.edu.sn\";s:6:\"profil\";s:1:\"2\";s:11:\"utilisateur\";s:1:\"1\";s:6:\"prenom\";s:7:\"Birahim\";s:3:\"nom\";s:5:\"BABOU\";s:4:\"role\";s:18:\"GMB_ADMINISTRATEUR\";}'),
(2076, 4, 1, 'a:7:{s:9:\"connexion\";b:1;s:4:\"mail\";s:24:\"birahim.babou@uvs.edu.sn\";s:6:\"profil\";s:1:\"2\";s:11:\"utilisateur\";s:1:\"1\";s:6:\"prenom\";s:7:\"Birahim\";s:3:\"nom\";s:5:\"BABOU\";s:4:\"role\";s:18:\"GMB_ADMINISTRATEUR\";}'),
(2077, 4, 1, 'a:7:{s:9:\"connexion\";b:1;s:4:\"mail\";s:24:\"birahim.babou@uvs.edu.sn\";s:6:\"profil\";s:1:\"2\";s:11:\"utilisateur\";s:1:\"1\";s:6:\"prenom\";s:7:\"Birahim\";s:3:\"nom\";s:5:\"BABOU\";s:4:\"role\";s:18:\"GMB_ADMINISTRATEUR\";}'),
(2078, 4, 1, 'a:7:{s:9:\"connexion\";b:1;s:4:\"mail\";s:24:\"birahim.babou@uvs.edu.sn\";s:6:\"profil\";s:1:\"2\";s:11:\"utilisateur\";s:1:\"1\";s:6:\"prenom\";s:7:\"Birahim\";s:3:\"nom\";s:5:\"BABOU\";s:4:\"role\";s:18:\"GMB_ADMINISTRATEUR\";}'),
(2079, 4, 1, 'a:7:{s:9:\"connexion\";b:1;s:4:\"mail\";s:24:\"birahim.babou@uvs.edu.sn\";s:6:\"profil\";s:1:\"2\";s:11:\"utilisateur\";s:1:\"1\";s:6:\"prenom\";s:7:\"Birahim\";s:3:\"nom\";s:5:\"BABOU\";s:4:\"role\";s:18:\"GMB_ADMINISTRATEUR\";}'),
(2080, 4, 1, 'a:7:{s:9:\"connexion\";b:1;s:4:\"mail\";s:24:\"birahim.babou@uvs.edu.sn\";s:6:\"profil\";s:1:\"2\";s:11:\"utilisateur\";s:1:\"1\";s:6:\"prenom\";s:7:\"Birahim\";s:3:\"nom\";s:5:\"BABOU\";s:4:\"role\";s:18:\"GMB_ADMINISTRATEUR\";}'),
(2081, 4, 1, 'a:7:{s:9:\"connexion\";b:1;s:4:\"mail\";s:24:\"birahim.babou@uvs.edu.sn\";s:6:\"profil\";s:1:\"2\";s:11:\"utilisateur\";s:1:\"1\";s:6:\"prenom\";s:7:\"Birahim\";s:3:\"nom\";s:5:\"BABOU\";s:4:\"role\";s:18:\"GMB_ADMINISTRATEUR\";}'),
(2082, 4, 1, 'a:7:{s:9:\"connexion\";b:1;s:4:\"mail\";s:24:\"birahim.babou@uvs.edu.sn\";s:6:\"profil\";s:1:\"2\";s:11:\"utilisateur\";s:1:\"1\";s:6:\"prenom\";s:7:\"Birahim\";s:3:\"nom\";s:5:\"BABOU\";s:4:\"role\";s:18:\"GMB_ADMINISTRATEUR\";}'),
(2083, 4, 1, 'a:7:{s:9:\"connexion\";b:1;s:4:\"mail\";s:24:\"birahim.babou@uvs.edu.sn\";s:6:\"profil\";s:1:\"2\";s:11:\"utilisateur\";s:1:\"1\";s:6:\"prenom\";s:7:\"Birahim\";s:3:\"nom\";s:5:\"BABOU\";s:4:\"role\";s:18:\"GMB_ADMINISTRATEUR\";}'),
(2084, 4, 1, 'a:7:{s:9:\"connexion\";b:1;s:4:\"mail\";s:24:\"birahim.babou@uvs.edu.sn\";s:6:\"profil\";s:1:\"2\";s:11:\"utilisateur\";s:1:\"1\";s:6:\"prenom\";s:7:\"Birahim\";s:3:\"nom\";s:5:\"BABOU\";s:4:\"role\";s:18:\"GMB_ADMINISTRATEUR\";}'),
(2085, 4, 1, 'a:7:{s:9:\"connexion\";b:1;s:4:\"mail\";s:24:\"birahim.babou@uvs.edu.sn\";s:6:\"profil\";s:1:\"2\";s:11:\"utilisateur\";s:1:\"1\";s:6:\"prenom\";s:7:\"Birahim\";s:3:\"nom\";s:5:\"BABOU\";s:4:\"role\";s:18:\"GMB_ADMINISTRATEUR\";}'),
(2086, 4, 1, 'a:7:{s:9:\"connexion\";b:1;s:4:\"mail\";s:24:\"birahim.babou@uvs.edu.sn\";s:6:\"profil\";s:1:\"2\";s:11:\"utilisateur\";s:1:\"1\";s:6:\"prenom\";s:7:\"Birahim\";s:3:\"nom\";s:5:\"BABOU\";s:4:\"role\";s:18:\"GMB_ADMINISTRATEUR\";}'),
(2087, 4, 1, 'a:7:{s:9:\"connexion\";b:1;s:4:\"mail\";s:24:\"birahim.babou@uvs.edu.sn\";s:6:\"profil\";s:1:\"2\";s:11:\"utilisateur\";s:1:\"1\";s:6:\"prenom\";s:7:\"Birahim\";s:3:\"nom\";s:5:\"BABOU\";s:4:\"role\";s:18:\"GMB_ADMINISTRATEUR\";}'),
(2088, 4, 1, 'a:7:{s:9:\"connexion\";b:1;s:4:\"mail\";s:24:\"birahim.babou@uvs.edu.sn\";s:6:\"profil\";s:1:\"2\";s:11:\"utilisateur\";s:1:\"1\";s:6:\"prenom\";s:7:\"Birahim\";s:3:\"nom\";s:5:\"BABOU\";s:4:\"role\";s:18:\"GMB_ADMINISTRATEUR\";}'),
(2089, 4, 1, 'a:7:{s:9:\"connexion\";b:1;s:4:\"mail\";s:24:\"birahim.babou@uvs.edu.sn\";s:6:\"profil\";s:1:\"2\";s:11:\"utilisateur\";s:1:\"1\";s:6:\"prenom\";s:7:\"Birahim\";s:3:\"nom\";s:5:\"BABOU\";s:4:\"role\";s:18:\"GMB_ADMINISTRATEUR\";}'),
(2090, 4, 1, 'a:7:{s:9:\"connexion\";b:1;s:4:\"mail\";s:24:\"birahim.babou@uvs.edu.sn\";s:6:\"profil\";s:1:\"2\";s:11:\"utilisateur\";s:1:\"1\";s:6:\"prenom\";s:7:\"Birahim\";s:3:\"nom\";s:5:\"BABOU\";s:4:\"role\";s:18:\"GMB_ADMINISTRATEUR\";}'),
(2091, 4, 1, 'a:7:{s:9:\"connexion\";b:1;s:4:\"mail\";s:24:\"birahim.babou@uvs.edu.sn\";s:6:\"profil\";s:1:\"2\";s:11:\"utilisateur\";s:1:\"1\";s:6:\"prenom\";s:7:\"Birahim\";s:3:\"nom\";s:5:\"BABOU\";s:4:\"role\";s:18:\"GMB_ADMINISTRATEUR\";}'),
(2092, 4, 1, 'a:7:{s:9:\"connexion\";b:1;s:4:\"mail\";s:24:\"birahim.babou@uvs.edu.sn\";s:6:\"profil\";s:1:\"2\";s:11:\"utilisateur\";s:1:\"1\";s:6:\"prenom\";s:7:\"Birahim\";s:3:\"nom\";s:5:\"BABOU\";s:4:\"role\";s:18:\"GMB_ADMINISTRATEUR\";}'),
(2093, 4, 1, 'a:7:{s:9:\"connexion\";b:1;s:4:\"mail\";s:24:\"birahim.babou@uvs.edu.sn\";s:6:\"profil\";s:1:\"2\";s:11:\"utilisateur\";s:1:\"1\";s:6:\"prenom\";s:7:\"Birahim\";s:3:\"nom\";s:5:\"BABOU\";s:4:\"role\";s:18:\"GMB_ADMINISTRATEUR\";}'),
(2094, 4, 1, 'a:7:{s:9:\"connexion\";b:1;s:4:\"mail\";s:24:\"birahim.babou@uvs.edu.sn\";s:6:\"profil\";s:1:\"2\";s:11:\"utilisateur\";s:1:\"1\";s:6:\"prenom\";s:7:\"Birahim\";s:3:\"nom\";s:5:\"BABOU\";s:4:\"role\";s:18:\"GMB_ADMINISTRATEUR\";}'),
(2095, 4, 1, 'a:7:{s:9:\"connexion\";b:1;s:4:\"mail\";s:24:\"birahim.babou@uvs.edu.sn\";s:6:\"profil\";s:1:\"2\";s:11:\"utilisateur\";s:1:\"1\";s:6:\"prenom\";s:7:\"Birahim\";s:3:\"nom\";s:5:\"BABOU\";s:4:\"role\";s:18:\"GMB_ADMINISTRATEUR\";}'),
(2096, 4, 1, 'a:7:{s:9:\"connexion\";b:1;s:4:\"mail\";s:24:\"birahim.babou@uvs.edu.sn\";s:6:\"profil\";s:1:\"2\";s:11:\"utilisateur\";s:1:\"1\";s:6:\"prenom\";s:7:\"Birahim\";s:3:\"nom\";s:5:\"BABOU\";s:4:\"role\";s:18:\"GMB_ADMINISTRATEUR\";}'),
(2097, 4, 1, 'a:7:{s:9:\"connexion\";b:1;s:4:\"mail\";s:24:\"birahim.babou@uvs.edu.sn\";s:6:\"profil\";s:1:\"2\";s:11:\"utilisateur\";s:1:\"1\";s:6:\"prenom\";s:7:\"Birahim\";s:3:\"nom\";s:5:\"BABOU\";s:4:\"role\";s:18:\"GMB_ADMINISTRATEUR\";}'),
(2098, 4, 1, 'a:7:{s:9:\"connexion\";b:1;s:4:\"mail\";s:24:\"birahim.babou@uvs.edu.sn\";s:6:\"profil\";s:1:\"2\";s:11:\"utilisateur\";s:1:\"1\";s:6:\"prenom\";s:7:\"Birahim\";s:3:\"nom\";s:5:\"BABOU\";s:4:\"role\";s:18:\"GMB_ADMINISTRATEUR\";}'),
(2099, 4, 1, 'a:7:{s:9:\"connexion\";b:1;s:4:\"mail\";s:24:\"birahim.babou@uvs.edu.sn\";s:6:\"profil\";s:1:\"2\";s:11:\"utilisateur\";s:1:\"1\";s:6:\"prenom\";s:7:\"Birahim\";s:3:\"nom\";s:5:\"BABOU\";s:4:\"role\";s:18:\"GMB_ADMINISTRATEUR\";}'),
(2100, 4, 1, 'a:7:{s:9:\"connexion\";b:1;s:4:\"mail\";s:24:\"birahim.babou@uvs.edu.sn\";s:6:\"profil\";s:1:\"2\";s:11:\"utilisateur\";s:1:\"1\";s:6:\"prenom\";s:7:\"Birahim\";s:3:\"nom\";s:5:\"BABOU\";s:4:\"role\";s:18:\"GMB_ADMINISTRATEUR\";}'),
(2101, 4, 1, 'a:7:{s:9:\"connexion\";b:1;s:4:\"mail\";s:24:\"birahim.babou@uvs.edu.sn\";s:6:\"profil\";s:1:\"2\";s:11:\"utilisateur\";s:1:\"1\";s:6:\"prenom\";s:7:\"Birahim\";s:3:\"nom\";s:5:\"BABOU\";s:4:\"role\";s:18:\"GMB_ADMINISTRATEUR\";}'),
(2102, 4, 1, 'a:7:{s:9:\"connexion\";b:1;s:4:\"mail\";s:24:\"birahim.babou@uvs.edu.sn\";s:6:\"profil\";s:1:\"2\";s:11:\"utilisateur\";s:1:\"1\";s:6:\"prenom\";s:7:\"Birahim\";s:3:\"nom\";s:5:\"BABOU\";s:4:\"role\";s:18:\"GMB_ADMINISTRATEUR\";}'),
(2103, 4, 1, 'a:7:{s:9:\"connexion\";b:1;s:4:\"mail\";s:24:\"birahim.babou@uvs.edu.sn\";s:6:\"profil\";s:1:\"2\";s:11:\"utilisateur\";s:1:\"1\";s:6:\"prenom\";s:7:\"Birahim\";s:3:\"nom\";s:5:\"BABOU\";s:4:\"role\";s:18:\"GMB_ADMINISTRATEUR\";}'),
(2104, 4, 1, 'a:7:{s:9:\"connexion\";b:1;s:4:\"mail\";s:24:\"birahim.babou@uvs.edu.sn\";s:6:\"profil\";s:1:\"2\";s:11:\"utilisateur\";s:1:\"1\";s:6:\"prenom\";s:7:\"Birahim\";s:3:\"nom\";s:5:\"BABOU\";s:4:\"role\";s:18:\"GMB_ADMINISTRATEUR\";}'),
(2105, 4, 1, 'a:7:{s:9:\"connexion\";b:1;s:4:\"mail\";s:24:\"birahim.babou@uvs.edu.sn\";s:6:\"profil\";s:1:\"2\";s:11:\"utilisateur\";s:1:\"1\";s:6:\"prenom\";s:7:\"Birahim\";s:3:\"nom\";s:5:\"BABOU\";s:4:\"role\";s:18:\"GMB_ADMINISTRATEUR\";}'),
(2106, 4, 1, 'a:7:{s:9:\"connexion\";b:1;s:4:\"mail\";s:24:\"birahim.babou@uvs.edu.sn\";s:6:\"profil\";s:1:\"2\";s:11:\"utilisateur\";s:1:\"1\";s:6:\"prenom\";s:7:\"Birahim\";s:3:\"nom\";s:5:\"BABOU\";s:4:\"role\";s:18:\"GMB_ADMINISTRATEUR\";}'),
(2107, 4, 1, 'a:7:{s:9:\"connexion\";b:1;s:4:\"mail\";s:24:\"birahim.babou@uvs.edu.sn\";s:6:\"profil\";s:1:\"2\";s:11:\"utilisateur\";s:1:\"1\";s:6:\"prenom\";s:7:\"Birahim\";s:3:\"nom\";s:5:\"BABOU\";s:4:\"role\";s:18:\"GMB_ADMINISTRATEUR\";}'),
(2108, 4, 1, 'a:7:{s:9:\"connexion\";b:1;s:4:\"mail\";s:24:\"birahim.babou@uvs.edu.sn\";s:6:\"profil\";s:1:\"2\";s:11:\"utilisateur\";s:1:\"1\";s:6:\"prenom\";s:7:\"Birahim\";s:3:\"nom\";s:5:\"BABOU\";s:4:\"role\";s:18:\"GMB_ADMINISTRATEUR\";}'),
(2109, 4, 1, 'a:7:{s:9:\"connexion\";b:1;s:4:\"mail\";s:24:\"birahim.babou@uvs.edu.sn\";s:6:\"profil\";s:1:\"2\";s:11:\"utilisateur\";s:1:\"1\";s:6:\"prenom\";s:7:\"Birahim\";s:3:\"nom\";s:5:\"BABOU\";s:4:\"role\";s:18:\"GMB_ADMINISTRATEUR\";}'),
(2110, 4, 1, 'a:7:{s:9:\"connexion\";b:1;s:4:\"mail\";s:24:\"birahim.babou@uvs.edu.sn\";s:6:\"profil\";s:1:\"2\";s:11:\"utilisateur\";s:1:\"1\";s:6:\"prenom\";s:7:\"Birahim\";s:3:\"nom\";s:5:\"BABOU\";s:4:\"role\";s:18:\"GMB_ADMINISTRATEUR\";}'),
(2111, 4, 1, 'a:7:{s:9:\"connexion\";b:1;s:4:\"mail\";s:24:\"birahim.babou@uvs.edu.sn\";s:6:\"profil\";s:1:\"2\";s:11:\"utilisateur\";s:1:\"1\";s:6:\"prenom\";s:7:\"Birahim\";s:3:\"nom\";s:5:\"BABOU\";s:4:\"role\";s:18:\"GMB_ADMINISTRATEUR\";}'),
(2112, 4, 1, 'a:7:{s:9:\"connexion\";b:1;s:4:\"mail\";s:24:\"birahim.babou@uvs.edu.sn\";s:6:\"profil\";s:1:\"2\";s:11:\"utilisateur\";s:1:\"1\";s:6:\"prenom\";s:7:\"Birahim\";s:3:\"nom\";s:5:\"BABOU\";s:4:\"role\";s:18:\"GMB_ADMINISTRATEUR\";}'),
(2113, 4, 1, 'a:7:{s:9:\"connexion\";b:1;s:4:\"mail\";s:24:\"birahim.babou@uvs.edu.sn\";s:6:\"profil\";s:1:\"2\";s:11:\"utilisateur\";s:1:\"1\";s:6:\"prenom\";s:7:\"Birahim\";s:3:\"nom\";s:5:\"BABOU\";s:4:\"role\";s:18:\"GMB_ADMINISTRATEUR\";}'),
(2114, 4, 1, 'a:7:{s:9:\"connexion\";b:1;s:4:\"mail\";s:24:\"birahim.babou@uvs.edu.sn\";s:6:\"profil\";s:1:\"2\";s:11:\"utilisateur\";s:1:\"1\";s:6:\"prenom\";s:7:\"Birahim\";s:3:\"nom\";s:5:\"BABOU\";s:4:\"role\";s:18:\"GMB_ADMINISTRATEUR\";}'),
(2115, 4, 1, 'a:7:{s:9:\"connexion\";b:1;s:4:\"mail\";s:24:\"birahim.babou@uvs.edu.sn\";s:6:\"profil\";s:1:\"2\";s:11:\"utilisateur\";s:1:\"1\";s:6:\"prenom\";s:7:\"Birahim\";s:3:\"nom\";s:5:\"BABOU\";s:4:\"role\";s:18:\"GMB_ADMINISTRATEUR\";}'),
(2116, 4, 1, 'a:7:{s:9:\"connexion\";b:1;s:4:\"mail\";s:24:\"birahim.babou@uvs.edu.sn\";s:6:\"profil\";s:1:\"2\";s:11:\"utilisateur\";s:1:\"1\";s:6:\"prenom\";s:7:\"Birahim\";s:3:\"nom\";s:5:\"BABOU\";s:4:\"role\";s:18:\"GMB_ADMINISTRATEUR\";}'),
(2117, 4, 1, 'a:7:{s:9:\"connexion\";b:1;s:4:\"mail\";s:24:\"birahim.babou@uvs.edu.sn\";s:6:\"profil\";s:1:\"2\";s:11:\"utilisateur\";s:1:\"1\";s:6:\"prenom\";s:7:\"Birahim\";s:3:\"nom\";s:5:\"BABOU\";s:4:\"role\";s:18:\"GMB_ADMINISTRATEUR\";}'),
(2118, 4, 1, 'a:7:{s:9:\"connexion\";b:1;s:4:\"mail\";s:24:\"birahim.babou@uvs.edu.sn\";s:6:\"profil\";s:1:\"2\";s:11:\"utilisateur\";s:1:\"1\";s:6:\"prenom\";s:7:\"Birahim\";s:3:\"nom\";s:5:\"BABOU\";s:4:\"role\";s:18:\"GMB_ADMINISTRATEUR\";}'),
(2119, 4, 1, 'a:7:{s:9:\"connexion\";b:1;s:4:\"mail\";s:24:\"birahim.babou@uvs.edu.sn\";s:6:\"profil\";s:1:\"2\";s:11:\"utilisateur\";s:1:\"1\";s:6:\"prenom\";s:7:\"Birahim\";s:3:\"nom\";s:5:\"BABOU\";s:4:\"role\";s:18:\"GMB_ADMINISTRATEUR\";}'),
(2120, 4, 1, 'a:7:{s:9:\"connexion\";b:1;s:4:\"mail\";s:24:\"birahim.babou@uvs.edu.sn\";s:6:\"profil\";s:1:\"2\";s:11:\"utilisateur\";s:1:\"1\";s:6:\"prenom\";s:7:\"Birahim\";s:3:\"nom\";s:5:\"BABOU\";s:4:\"role\";s:18:\"GMB_ADMINISTRATEUR\";}'),
(2121, 4, 1, 'a:7:{s:9:\"connexion\";b:1;s:4:\"mail\";s:24:\"birahim.babou@uvs.edu.sn\";s:6:\"profil\";s:1:\"2\";s:11:\"utilisateur\";s:1:\"1\";s:6:\"prenom\";s:7:\"Birahim\";s:3:\"nom\";s:5:\"BABOU\";s:4:\"role\";s:18:\"GMB_ADMINISTRATEUR\";}'),
(2122, 4, 1, 'a:7:{s:9:\"connexion\";b:1;s:4:\"mail\";s:24:\"birahim.babou@uvs.edu.sn\";s:6:\"profil\";s:1:\"2\";s:11:\"utilisateur\";s:1:\"1\";s:6:\"prenom\";s:7:\"Birahim\";s:3:\"nom\";s:5:\"BABOU\";s:4:\"role\";s:18:\"GMB_ADMINISTRATEUR\";}'),
(2123, 4, 1, 'a:7:{s:9:\"connexion\";b:1;s:4:\"mail\";s:24:\"birahim.babou@uvs.edu.sn\";s:6:\"profil\";s:1:\"2\";s:11:\"utilisateur\";s:1:\"1\";s:6:\"prenom\";s:7:\"Birahim\";s:3:\"nom\";s:5:\"BABOU\";s:4:\"role\";s:18:\"GMB_ADMINISTRATEUR\";}'),
(2124, 4, 1, 'a:7:{s:9:\"connexion\";b:1;s:4:\"mail\";s:24:\"birahim.babou@uvs.edu.sn\";s:6:\"profil\";s:1:\"2\";s:11:\"utilisateur\";s:1:\"1\";s:6:\"prenom\";s:7:\"Birahim\";s:3:\"nom\";s:5:\"BABOU\";s:4:\"role\";s:18:\"GMB_ADMINISTRATEUR\";}'),
(2125, 4, 1, 'a:7:{s:9:\"connexion\";b:1;s:4:\"mail\";s:24:\"birahim.babou@uvs.edu.sn\";s:6:\"profil\";s:1:\"2\";s:11:\"utilisateur\";s:1:\"1\";s:6:\"prenom\";s:7:\"Birahim\";s:3:\"nom\";s:5:\"BABOU\";s:4:\"role\";s:18:\"GMB_ADMINISTRATEUR\";}'),
(2126, 4, 1, 'a:7:{s:9:\"connexion\";b:1;s:4:\"mail\";s:24:\"birahim.babou@uvs.edu.sn\";s:6:\"profil\";s:1:\"2\";s:11:\"utilisateur\";s:1:\"1\";s:6:\"prenom\";s:7:\"Birahim\";s:3:\"nom\";s:5:\"BABOU\";s:4:\"role\";s:18:\"GMB_ADMINISTRATEUR\";}'),
(2127, 4, 1, 'a:7:{s:9:\"connexion\";b:1;s:4:\"mail\";s:24:\"birahim.babou@uvs.edu.sn\";s:6:\"profil\";s:1:\"2\";s:11:\"utilisateur\";s:1:\"1\";s:6:\"prenom\";s:7:\"Birahim\";s:3:\"nom\";s:5:\"BABOU\";s:4:\"role\";s:18:\"GMB_ADMINISTRATEUR\";}'),
(2128, 4, 1, 'a:7:{s:9:\"connexion\";b:1;s:4:\"mail\";s:24:\"birahim.babou@uvs.edu.sn\";s:6:\"profil\";s:1:\"2\";s:11:\"utilisateur\";s:1:\"1\";s:6:\"prenom\";s:7:\"Birahim\";s:3:\"nom\";s:5:\"BABOU\";s:4:\"role\";s:18:\"GMB_ADMINISTRATEUR\";}'),
(2129, 4, 1, 'a:7:{s:9:\"connexion\";b:1;s:4:\"mail\";s:24:\"birahim.babou@uvs.edu.sn\";s:6:\"profil\";s:1:\"2\";s:11:\"utilisateur\";s:1:\"1\";s:6:\"prenom\";s:7:\"Birahim\";s:3:\"nom\";s:5:\"BABOU\";s:4:\"role\";s:18:\"GMB_ADMINISTRATEUR\";}'),
(2130, 4, 1, 'a:7:{s:9:\"connexion\";b:1;s:4:\"mail\";s:24:\"birahim.babou@uvs.edu.sn\";s:6:\"profil\";s:1:\"2\";s:11:\"utilisateur\";s:1:\"1\";s:6:\"prenom\";s:7:\"Birahim\";s:3:\"nom\";s:5:\"BABOU\";s:4:\"role\";s:18:\"GMB_ADMINISTRATEUR\";}'),
(2131, 4, 1, 'a:7:{s:9:\"connexion\";b:1;s:4:\"mail\";s:24:\"birahim.babou@uvs.edu.sn\";s:6:\"profil\";s:1:\"2\";s:11:\"utilisateur\";s:1:\"1\";s:6:\"prenom\";s:7:\"Birahim\";s:3:\"nom\";s:5:\"BABOU\";s:4:\"role\";s:18:\"GMB_ADMINISTRATEUR\";}'),
(2132, 4, 1, 'a:7:{s:9:\"connexion\";b:1;s:4:\"mail\";s:24:\"birahim.babou@uvs.edu.sn\";s:6:\"profil\";s:1:\"2\";s:11:\"utilisateur\";s:1:\"1\";s:6:\"prenom\";s:7:\"Birahim\";s:3:\"nom\";s:5:\"BABOU\";s:4:\"role\";s:18:\"GMB_ADMINISTRATEUR\";}'),
(2133, 4, 1, 'a:7:{s:9:\"connexion\";b:1;s:4:\"mail\";s:24:\"birahim.babou@uvs.edu.sn\";s:6:\"profil\";s:1:\"2\";s:11:\"utilisateur\";s:1:\"1\";s:6:\"prenom\";s:7:\"Birahim\";s:3:\"nom\";s:5:\"BABOU\";s:4:\"role\";s:18:\"GMB_ADMINISTRATEUR\";}'),
(2134, 4, 1, 'a:7:{s:9:\"connexion\";b:1;s:4:\"mail\";s:24:\"birahim.babou@uvs.edu.sn\";s:6:\"profil\";s:1:\"2\";s:11:\"utilisateur\";s:1:\"1\";s:6:\"prenom\";s:7:\"Birahim\";s:3:\"nom\";s:5:\"BABOU\";s:4:\"role\";s:18:\"GMB_ADMINISTRATEUR\";}'),
(2135, 4, 1, 'a:7:{s:9:\"connexion\";b:1;s:4:\"mail\";s:24:\"birahim.babou@uvs.edu.sn\";s:6:\"profil\";s:1:\"2\";s:11:\"utilisateur\";s:1:\"1\";s:6:\"prenom\";s:7:\"Birahim\";s:3:\"nom\";s:5:\"BABOU\";s:4:\"role\";s:18:\"GMB_ADMINISTRATEUR\";}'),
(2136, 4, 1, 'a:7:{s:9:\"connexion\";b:1;s:4:\"mail\";s:24:\"birahim.babou@uvs.edu.sn\";s:6:\"profil\";s:1:\"2\";s:11:\"utilisateur\";s:1:\"1\";s:6:\"prenom\";s:7:\"Birahim\";s:3:\"nom\";s:5:\"BABOU\";s:4:\"role\";s:18:\"GMB_ADMINISTRATEUR\";}'),
(2137, 4, 1, 'a:7:{s:9:\"connexion\";b:1;s:4:\"mail\";s:24:\"birahim.babou@uvs.edu.sn\";s:6:\"profil\";s:1:\"2\";s:11:\"utilisateur\";s:1:\"1\";s:6:\"prenom\";s:7:\"Birahim\";s:3:\"nom\";s:5:\"BABOU\";s:4:\"role\";s:18:\"GMB_ADMINISTRATEUR\";}'),
(2138, 4, 1, 'a:7:{s:9:\"connexion\";b:1;s:4:\"mail\";s:24:\"birahim.babou@uvs.edu.sn\";s:6:\"profil\";s:1:\"2\";s:11:\"utilisateur\";s:1:\"1\";s:6:\"prenom\";s:7:\"Birahim\";s:3:\"nom\";s:5:\"BABOU\";s:4:\"role\";s:18:\"GMB_ADMINISTRATEUR\";}'),
(2139, 4, 1, 'a:7:{s:9:\"connexion\";b:1;s:4:\"mail\";s:24:\"birahim.babou@uvs.edu.sn\";s:6:\"profil\";s:1:\"2\";s:11:\"utilisateur\";s:1:\"1\";s:6:\"prenom\";s:7:\"Birahim\";s:3:\"nom\";s:5:\"BABOU\";s:4:\"role\";s:18:\"GMB_ADMINISTRATEUR\";}'),
(2140, 4, 1, 'a:7:{s:9:\"connexion\";b:1;s:4:\"mail\";s:24:\"birahim.babou@uvs.edu.sn\";s:6:\"profil\";s:1:\"2\";s:11:\"utilisateur\";s:1:\"1\";s:6:\"prenom\";s:7:\"Birahim\";s:3:\"nom\";s:5:\"BABOU\";s:4:\"role\";s:18:\"GMB_ADMINISTRATEUR\";}'),
(2141, 4, 1, 'a:7:{s:9:\"connexion\";b:1;s:4:\"mail\";s:24:\"birahim.babou@uvs.edu.sn\";s:6:\"profil\";s:1:\"2\";s:11:\"utilisateur\";s:1:\"1\";s:6:\"prenom\";s:7:\"Birahim\";s:3:\"nom\";s:5:\"BABOU\";s:4:\"role\";s:18:\"GMB_ADMINISTRATEUR\";}'),
(2142, 4, 1, 'a:7:{s:9:\"connexion\";b:1;s:4:\"mail\";s:24:\"birahim.babou@uvs.edu.sn\";s:6:\"profil\";s:1:\"2\";s:11:\"utilisateur\";s:1:\"1\";s:6:\"prenom\";s:7:\"Birahim\";s:3:\"nom\";s:5:\"BABOU\";s:4:\"role\";s:18:\"GMB_ADMINISTRATEUR\";}'),
(2143, 4, 1, 'a:7:{s:9:\"connexion\";b:1;s:4:\"mail\";s:24:\"birahim.babou@uvs.edu.sn\";s:6:\"profil\";s:1:\"2\";s:11:\"utilisateur\";s:1:\"1\";s:6:\"prenom\";s:7:\"Birahim\";s:3:\"nom\";s:5:\"BABOU\";s:4:\"role\";s:18:\"GMB_ADMINISTRATEUR\";}'),
(2144, 4, 1, 'a:7:{s:9:\"connexion\";b:1;s:4:\"mail\";s:24:\"birahim.babou@uvs.edu.sn\";s:6:\"profil\";s:1:\"2\";s:11:\"utilisateur\";s:1:\"1\";s:6:\"prenom\";s:7:\"Birahim\";s:3:\"nom\";s:5:\"BABOU\";s:4:\"role\";s:18:\"GMB_ADMINISTRATEUR\";}'),
(2145, 4, 1, 'a:7:{s:9:\"connexion\";b:1;s:4:\"mail\";s:24:\"birahim.babou@uvs.edu.sn\";s:6:\"profil\";s:1:\"2\";s:11:\"utilisateur\";s:1:\"1\";s:6:\"prenom\";s:7:\"Birahim\";s:3:\"nom\";s:5:\"BABOU\";s:4:\"role\";s:18:\"GMB_ADMINISTRATEUR\";}'),
(2146, 4, 1, 'a:7:{s:9:\"connexion\";b:1;s:4:\"mail\";s:24:\"birahim.babou@uvs.edu.sn\";s:6:\"profil\";s:1:\"2\";s:11:\"utilisateur\";s:1:\"1\";s:6:\"prenom\";s:7:\"Birahim\";s:3:\"nom\";s:5:\"BABOU\";s:4:\"role\";s:18:\"GMB_ADMINISTRATEUR\";}'),
(2147, 4, 1, 'a:7:{s:9:\"connexion\";b:1;s:4:\"mail\";s:24:\"birahim.babou@uvs.edu.sn\";s:6:\"profil\";s:1:\"2\";s:11:\"utilisateur\";s:1:\"1\";s:6:\"prenom\";s:7:\"Birahim\";s:3:\"nom\";s:5:\"BABOU\";s:4:\"role\";s:18:\"GMB_ADMINISTRATEUR\";}'),
(2148, 4, 1, 'a:7:{s:9:\"connexion\";b:1;s:4:\"mail\";s:24:\"birahim.babou@uvs.edu.sn\";s:6:\"profil\";s:1:\"2\";s:11:\"utilisateur\";s:1:\"1\";s:6:\"prenom\";s:7:\"Birahim\";s:3:\"nom\";s:5:\"BABOU\";s:4:\"role\";s:18:\"GMB_ADMINISTRATEUR\";}'),
(2149, 4, 1, 'a:7:{s:9:\"connexion\";b:1;s:4:\"mail\";s:24:\"birahim.babou@uvs.edu.sn\";s:6:\"profil\";s:1:\"2\";s:11:\"utilisateur\";s:1:\"1\";s:6:\"prenom\";s:7:\"Birahim\";s:3:\"nom\";s:5:\"BABOU\";s:4:\"role\";s:18:\"GMB_ADMINISTRATEUR\";}'),
(2150, 4, 1, 'a:7:{s:9:\"connexion\";b:1;s:4:\"mail\";s:24:\"birahim.babou@uvs.edu.sn\";s:6:\"profil\";s:1:\"2\";s:11:\"utilisateur\";s:1:\"1\";s:6:\"prenom\";s:7:\"Birahim\";s:3:\"nom\";s:5:\"BABOU\";s:4:\"role\";s:18:\"GMB_ADMINISTRATEUR\";}'),
(2151, 4, 1, 'a:7:{s:9:\"connexion\";b:1;s:4:\"mail\";s:24:\"birahim.babou@uvs.edu.sn\";s:6:\"profil\";s:1:\"2\";s:11:\"utilisateur\";s:1:\"1\";s:6:\"prenom\";s:7:\"Birahim\";s:3:\"nom\";s:5:\"BABOU\";s:4:\"role\";s:18:\"GMB_ADMINISTRATEUR\";}'),
(2152, 4, 1, 'a:7:{s:9:\"connexion\";b:1;s:4:\"mail\";s:24:\"birahim.babou@uvs.edu.sn\";s:6:\"profil\";s:1:\"2\";s:11:\"utilisateur\";s:1:\"1\";s:6:\"prenom\";s:7:\"Birahim\";s:3:\"nom\";s:5:\"BABOU\";s:4:\"role\";s:18:\"GMB_ADMINISTRATEUR\";}'),
(2153, 4, 1, 'a:7:{s:9:\"connexion\";b:1;s:4:\"mail\";s:24:\"birahim.babou@uvs.edu.sn\";s:6:\"profil\";s:1:\"2\";s:11:\"utilisateur\";s:1:\"1\";s:6:\"prenom\";s:7:\"Birahim\";s:3:\"nom\";s:5:\"BABOU\";s:4:\"role\";s:18:\"GMB_ADMINISTRATEUR\";}'),
(2154, 4, 1, 'a:7:{s:9:\"connexion\";b:1;s:4:\"mail\";s:24:\"birahim.babou@uvs.edu.sn\";s:6:\"profil\";s:1:\"2\";s:11:\"utilisateur\";s:1:\"1\";s:6:\"prenom\";s:7:\"Birahim\";s:3:\"nom\";s:5:\"BABOU\";s:4:\"role\";s:18:\"GMB_ADMINISTRATEUR\";}'),
(2155, 4, 1, 'a:7:{s:9:\"connexion\";b:1;s:4:\"mail\";s:24:\"birahim.babou@uvs.edu.sn\";s:6:\"profil\";s:1:\"2\";s:11:\"utilisateur\";s:1:\"1\";s:6:\"prenom\";s:7:\"Birahim\";s:3:\"nom\";s:5:\"BABOU\";s:4:\"role\";s:18:\"GMB_ADMINISTRATEUR\";}'),
(2156, 4, 1, 'a:7:{s:9:\"connexion\";b:1;s:4:\"mail\";s:24:\"birahim.babou@uvs.edu.sn\";s:6:\"profil\";s:1:\"2\";s:11:\"utilisateur\";s:1:\"1\";s:6:\"prenom\";s:7:\"Birahim\";s:3:\"nom\";s:5:\"BABOU\";s:4:\"role\";s:18:\"GMB_ADMINISTRATEUR\";}'),
(2157, 4, 1, 'a:7:{s:9:\"connexion\";b:1;s:4:\"mail\";s:24:\"birahim.babou@uvs.edu.sn\";s:6:\"profil\";s:1:\"2\";s:11:\"utilisateur\";s:1:\"1\";s:6:\"prenom\";s:7:\"Birahim\";s:3:\"nom\";s:5:\"BABOU\";s:4:\"role\";s:18:\"GMB_ADMINISTRATEUR\";}'),
(2158, 4, 1, 'a:7:{s:9:\"connexion\";b:1;s:4:\"mail\";s:24:\"birahim.babou@uvs.edu.sn\";s:6:\"profil\";s:1:\"2\";s:11:\"utilisateur\";s:1:\"1\";s:6:\"prenom\";s:7:\"Birahim\";s:3:\"nom\";s:5:\"BABOU\";s:4:\"role\";s:18:\"GMB_ADMINISTRATEUR\";}'),
(2159, 4, 1, 'a:7:{s:9:\"connexion\";b:1;s:4:\"mail\";s:24:\"birahim.babou@uvs.edu.sn\";s:6:\"profil\";s:1:\"2\";s:11:\"utilisateur\";s:1:\"1\";s:6:\"prenom\";s:7:\"Birahim\";s:3:\"nom\";s:5:\"BABOU\";s:4:\"role\";s:18:\"GMB_ADMINISTRATEUR\";}'),
(2160, 4, 1, 'a:7:{s:9:\"connexion\";b:1;s:4:\"mail\";s:24:\"birahim.babou@uvs.edu.sn\";s:6:\"profil\";s:1:\"2\";s:11:\"utilisateur\";s:1:\"1\";s:6:\"prenom\";s:7:\"Birahim\";s:3:\"nom\";s:5:\"BABOU\";s:4:\"role\";s:18:\"GMB_ADMINISTRATEUR\";}'),
(2161, 4, 1, 'a:7:{s:9:\"connexion\";b:1;s:4:\"mail\";s:24:\"birahim.babou@uvs.edu.sn\";s:6:\"profil\";s:1:\"2\";s:11:\"utilisateur\";s:1:\"1\";s:6:\"prenom\";s:7:\"Birahim\";s:3:\"nom\";s:5:\"BABOU\";s:4:\"role\";s:18:\"GMB_ADMINISTRATEUR\";}'),
(2162, 4, 1, 'a:7:{s:9:\"connexion\";b:1;s:4:\"mail\";s:24:\"birahim.babou@uvs.edu.sn\";s:6:\"profil\";s:1:\"2\";s:11:\"utilisateur\";s:1:\"1\";s:6:\"prenom\";s:7:\"Birahim\";s:3:\"nom\";s:5:\"BABOU\";s:4:\"role\";s:18:\"GMB_ADMINISTRATEUR\";}'),
(2163, 4, 1, 'a:7:{s:9:\"connexion\";b:1;s:4:\"mail\";s:24:\"birahim.babou@uvs.edu.sn\";s:6:\"profil\";s:1:\"2\";s:11:\"utilisateur\";s:1:\"1\";s:6:\"prenom\";s:7:\"Birahim\";s:3:\"nom\";s:5:\"BABOU\";s:4:\"role\";s:18:\"GMB_ADMINISTRATEUR\";}'),
(2164, 4, 1, 'a:7:{s:9:\"connexion\";b:1;s:4:\"mail\";s:24:\"birahim.babou@uvs.edu.sn\";s:6:\"profil\";s:1:\"2\";s:11:\"utilisateur\";s:1:\"1\";s:6:\"prenom\";s:7:\"Birahim\";s:3:\"nom\";s:5:\"BABOU\";s:4:\"role\";s:18:\"GMB_ADMINISTRATEUR\";}'),
(2165, 4, 1, 'a:7:{s:9:\"connexion\";b:1;s:4:\"mail\";s:24:\"birahim.babou@uvs.edu.sn\";s:6:\"profil\";s:1:\"2\";s:11:\"utilisateur\";s:1:\"1\";s:6:\"prenom\";s:7:\"Birahim\";s:3:\"nom\";s:5:\"BABOU\";s:4:\"role\";s:18:\"GMB_ADMINISTRATEUR\";}'),
(2166, 4, 1, 'a:7:{s:9:\"connexion\";b:1;s:4:\"mail\";s:24:\"birahim.babou@uvs.edu.sn\";s:6:\"profil\";s:1:\"2\";s:11:\"utilisateur\";s:1:\"1\";s:6:\"prenom\";s:7:\"Birahim\";s:3:\"nom\";s:5:\"BABOU\";s:4:\"role\";s:18:\"GMB_ADMINISTRATEUR\";}'),
(2167, 4, 1, 'a:7:{s:9:\"connexion\";b:1;s:4:\"mail\";s:24:\"birahim.babou@uvs.edu.sn\";s:6:\"profil\";s:1:\"2\";s:11:\"utilisateur\";s:1:\"1\";s:6:\"prenom\";s:7:\"Birahim\";s:3:\"nom\";s:5:\"BABOU\";s:4:\"role\";s:18:\"GMB_ADMINISTRATEUR\";}'),
(2168, 4, 1, 'a:7:{s:9:\"connexion\";b:1;s:4:\"mail\";s:24:\"birahim.babou@uvs.edu.sn\";s:6:\"profil\";s:1:\"2\";s:11:\"utilisateur\";s:1:\"1\";s:6:\"prenom\";s:7:\"Birahim\";s:3:\"nom\";s:5:\"BABOU\";s:4:\"role\";s:18:\"GMB_ADMINISTRATEUR\";}'),
(2169, 4, 1, 'a:7:{s:9:\"connexion\";b:1;s:4:\"mail\";s:24:\"birahim.babou@uvs.edu.sn\";s:6:\"profil\";s:1:\"2\";s:11:\"utilisateur\";s:1:\"1\";s:6:\"prenom\";s:7:\"Birahim\";s:3:\"nom\";s:5:\"BABOU\";s:4:\"role\";s:18:\"GMB_ADMINISTRATEUR\";}'),
(2170, 4, 1, 'a:7:{s:9:\"connexion\";b:1;s:4:\"mail\";s:24:\"birahim.babou@uvs.edu.sn\";s:6:\"profil\";s:1:\"2\";s:11:\"utilisateur\";s:1:\"1\";s:6:\"prenom\";s:7:\"Birahim\";s:3:\"nom\";s:5:\"BABOU\";s:4:\"role\";s:18:\"GMB_ADMINISTRATEUR\";}'),
(2171, 4, 1, 'a:7:{s:9:\"connexion\";b:1;s:4:\"mail\";s:24:\"birahim.babou@uvs.edu.sn\";s:6:\"profil\";s:1:\"2\";s:11:\"utilisateur\";s:1:\"1\";s:6:\"prenom\";s:7:\"Birahim\";s:3:\"nom\";s:5:\"BABOU\";s:4:\"role\";s:18:\"GMB_ADMINISTRATEUR\";}'),
(2172, 4, 1, 'a:7:{s:9:\"connexion\";b:1;s:4:\"mail\";s:24:\"birahim.babou@uvs.edu.sn\";s:6:\"profil\";s:1:\"2\";s:11:\"utilisateur\";s:1:\"1\";s:6:\"prenom\";s:7:\"Birahim\";s:3:\"nom\";s:5:\"BABOU\";s:4:\"role\";s:18:\"GMB_ADMINISTRATEUR\";}'),
(2173, 4, 1, 'a:7:{s:9:\"connexion\";b:1;s:4:\"mail\";s:24:\"birahim.babou@uvs.edu.sn\";s:6:\"profil\";s:1:\"2\";s:11:\"utilisateur\";s:1:\"1\";s:6:\"prenom\";s:7:\"Birahim\";s:3:\"nom\";s:5:\"BABOU\";s:4:\"role\";s:18:\"GMB_ADMINISTRATEUR\";}'),
(2174, 4, 1, 'a:7:{s:9:\"connexion\";b:1;s:4:\"mail\";s:24:\"birahim.babou@uvs.edu.sn\";s:6:\"profil\";s:1:\"2\";s:11:\"utilisateur\";s:1:\"1\";s:6:\"prenom\";s:7:\"Birahim\";s:3:\"nom\";s:5:\"BABOU\";s:4:\"role\";s:18:\"GMB_ADMINISTRATEUR\";}'),
(2175, 4, 1, 'a:7:{s:9:\"connexion\";b:1;s:4:\"mail\";s:24:\"birahim.babou@uvs.edu.sn\";s:6:\"profil\";s:1:\"2\";s:11:\"utilisateur\";s:1:\"1\";s:6:\"prenom\";s:7:\"Birahim\";s:3:\"nom\";s:5:\"BABOU\";s:4:\"role\";s:18:\"GMB_ADMINISTRATEUR\";}'),
(2176, 4, 1, 'a:7:{s:9:\"connexion\";b:1;s:4:\"mail\";s:24:\"birahim.babou@uvs.edu.sn\";s:6:\"profil\";s:1:\"2\";s:11:\"utilisateur\";s:1:\"1\";s:6:\"prenom\";s:7:\"Birahim\";s:3:\"nom\";s:5:\"BABOU\";s:4:\"role\";s:18:\"GMB_ADMINISTRATEUR\";}'),
(2177, 4, 1, 'a:7:{s:9:\"connexion\";b:1;s:4:\"mail\";s:24:\"birahim.babou@uvs.edu.sn\";s:6:\"profil\";s:1:\"2\";s:11:\"utilisateur\";s:1:\"1\";s:6:\"prenom\";s:7:\"Birahim\";s:3:\"nom\";s:5:\"BABOU\";s:4:\"role\";s:18:\"GMB_ADMINISTRATEUR\";}'),
(2178, 4, 1, 'a:7:{s:9:\"connexion\";b:1;s:4:\"mail\";s:24:\"birahim.babou@uvs.edu.sn\";s:6:\"profil\";s:1:\"2\";s:11:\"utilisateur\";s:1:\"1\";s:6:\"prenom\";s:7:\"Birahim\";s:3:\"nom\";s:5:\"BABOU\";s:4:\"role\";s:18:\"GMB_ADMINISTRATEUR\";}'),
(2179, 4, 1, 'a:7:{s:9:\"connexion\";b:1;s:4:\"mail\";s:24:\"birahim.babou@uvs.edu.sn\";s:6:\"profil\";s:1:\"2\";s:11:\"utilisateur\";s:1:\"1\";s:6:\"prenom\";s:7:\"Birahim\";s:3:\"nom\";s:5:\"BABOU\";s:4:\"role\";s:18:\"GMB_ADMINISTRATEUR\";}'),
(2180, 4, 1, 'a:7:{s:9:\"connexion\";b:1;s:4:\"mail\";s:24:\"birahim.babou@uvs.edu.sn\";s:6:\"profil\";s:1:\"2\";s:11:\"utilisateur\";s:1:\"1\";s:6:\"prenom\";s:7:\"Birahim\";s:3:\"nom\";s:5:\"BABOU\";s:4:\"role\";s:18:\"GMB_ADMINISTRATEUR\";}'),
(2181, 4, 1, 'a:7:{s:9:\"connexion\";b:1;s:4:\"mail\";s:24:\"birahim.babou@uvs.edu.sn\";s:6:\"profil\";s:1:\"2\";s:11:\"utilisateur\";s:1:\"1\";s:6:\"prenom\";s:7:\"Birahim\";s:3:\"nom\";s:5:\"BABOU\";s:4:\"role\";s:18:\"GMB_ADMINISTRATEUR\";}'),
(2182, 4, 1, 'a:7:{s:9:\"connexion\";b:1;s:4:\"mail\";s:24:\"birahim.babou@uvs.edu.sn\";s:6:\"profil\";s:1:\"2\";s:11:\"utilisateur\";s:1:\"1\";s:6:\"prenom\";s:7:\"Birahim\";s:3:\"nom\";s:5:\"BABOU\";s:4:\"role\";s:18:\"GMB_ADMINISTRATEUR\";}'),
(2183, 4, 1, 'a:7:{s:9:\"connexion\";b:1;s:4:\"mail\";s:24:\"birahim.babou@uvs.edu.sn\";s:6:\"profil\";s:1:\"2\";s:11:\"utilisateur\";s:1:\"1\";s:6:\"prenom\";s:7:\"Birahim\";s:3:\"nom\";s:5:\"BABOU\";s:4:\"role\";s:18:\"GMB_ADMINISTRATEUR\";}'),
(2184, 4, 1, 'a:7:{s:9:\"connexion\";b:1;s:4:\"mail\";s:24:\"birahim.babou@uvs.edu.sn\";s:6:\"profil\";s:1:\"2\";s:11:\"utilisateur\";s:1:\"1\";s:6:\"prenom\";s:7:\"Birahim\";s:3:\"nom\";s:5:\"BABOU\";s:4:\"role\";s:18:\"GMB_ADMINISTRATEUR\";}'),
(2185, 4, 1, 'a:7:{s:9:\"connexion\";b:1;s:4:\"mail\";s:24:\"birahim.babou@uvs.edu.sn\";s:6:\"profil\";s:1:\"2\";s:11:\"utilisateur\";s:1:\"1\";s:6:\"prenom\";s:7:\"Birahim\";s:3:\"nom\";s:5:\"BABOU\";s:4:\"role\";s:18:\"GMB_ADMINISTRATEUR\";}'),
(2186, 4, 1, 'a:7:{s:9:\"connexion\";b:1;s:4:\"mail\";s:24:\"birahim.babou@uvs.edu.sn\";s:6:\"profil\";s:1:\"2\";s:11:\"utilisateur\";s:1:\"1\";s:6:\"prenom\";s:7:\"Birahim\";s:3:\"nom\";s:5:\"BABOU\";s:4:\"role\";s:18:\"GMB_ADMINISTRATEUR\";}'),
(2187, 4, 1, 'a:7:{s:9:\"connexion\";b:1;s:4:\"mail\";s:24:\"birahim.babou@uvs.edu.sn\";s:6:\"profil\";s:1:\"2\";s:11:\"utilisateur\";s:1:\"1\";s:6:\"prenom\";s:7:\"Birahim\";s:3:\"nom\";s:5:\"BABOU\";s:4:\"role\";s:18:\"GMB_ADMINISTRATEUR\";}'),
(2188, 4, 1, 'a:7:{s:9:\"connexion\";b:1;s:4:\"mail\";s:24:\"birahim.babou@uvs.edu.sn\";s:6:\"profil\";s:1:\"2\";s:11:\"utilisateur\";s:1:\"1\";s:6:\"prenom\";s:7:\"Birahim\";s:3:\"nom\";s:5:\"BABOU\";s:4:\"role\";s:18:\"GMB_ADMINISTRATEUR\";}'),
(2189, 4, 1, 'a:7:{s:9:\"connexion\";b:1;s:4:\"mail\";s:24:\"birahim.babou@uvs.edu.sn\";s:6:\"profil\";s:1:\"2\";s:11:\"utilisateur\";s:1:\"1\";s:6:\"prenom\";s:7:\"Birahim\";s:3:\"nom\";s:5:\"BABOU\";s:4:\"role\";s:18:\"GMB_ADMINISTRATEUR\";}'),
(2190, 4, 1, 'a:7:{s:9:\"connexion\";b:1;s:4:\"mail\";s:24:\"birahim.babou@uvs.edu.sn\";s:6:\"profil\";s:1:\"2\";s:11:\"utilisateur\";s:1:\"1\";s:6:\"prenom\";s:7:\"Birahim\";s:3:\"nom\";s:5:\"BABOU\";s:4:\"role\";s:18:\"GMB_ADMINISTRATEUR\";}'),
(2191, 4, 1, 'a:7:{s:9:\"connexion\";b:1;s:4:\"mail\";s:24:\"birahim.babou@uvs.edu.sn\";s:6:\"profil\";s:1:\"2\";s:11:\"utilisateur\";s:1:\"1\";s:6:\"prenom\";s:7:\"Birahim\";s:3:\"nom\";s:5:\"BABOU\";s:4:\"role\";s:18:\"GMB_ADMINISTRATEUR\";}'),
(2192, 4, 1, 'a:7:{s:9:\"connexion\";b:1;s:4:\"mail\";s:24:\"birahim.babou@uvs.edu.sn\";s:6:\"profil\";s:1:\"2\";s:11:\"utilisateur\";s:1:\"1\";s:6:\"prenom\";s:7:\"Birahim\";s:3:\"nom\";s:5:\"BABOU\";s:4:\"role\";s:18:\"GMB_ADMINISTRATEUR\";}'),
(2193, 4, 1, 'a:7:{s:9:\"connexion\";b:1;s:4:\"mail\";s:24:\"birahim.babou@uvs.edu.sn\";s:6:\"profil\";s:1:\"2\";s:11:\"utilisateur\";s:1:\"1\";s:6:\"prenom\";s:7:\"Birahim\";s:3:\"nom\";s:5:\"BABOU\";s:4:\"role\";s:18:\"GMB_ADMINISTRATEUR\";}'),
(2194, 4, 1, 'a:7:{s:9:\"connexion\";b:1;s:4:\"mail\";s:24:\"birahim.babou@uvs.edu.sn\";s:6:\"profil\";s:1:\"2\";s:11:\"utilisateur\";s:1:\"1\";s:6:\"prenom\";s:7:\"Birahim\";s:3:\"nom\";s:5:\"BABOU\";s:4:\"role\";s:18:\"GMB_ADMINISTRATEUR\";}'),
(2195, 4, 1, 'a:7:{s:9:\"connexion\";b:1;s:4:\"mail\";s:24:\"birahim.babou@uvs.edu.sn\";s:6:\"profil\";s:1:\"2\";s:11:\"utilisateur\";s:1:\"1\";s:6:\"prenom\";s:7:\"Birahim\";s:3:\"nom\";s:5:\"BABOU\";s:4:\"role\";s:18:\"GMB_ADMINISTRATEUR\";}'),
(2196, 4, 1, 'a:7:{s:9:\"connexion\";b:1;s:4:\"mail\";s:24:\"birahim.babou@uvs.edu.sn\";s:6:\"profil\";s:1:\"2\";s:11:\"utilisateur\";s:1:\"1\";s:6:\"prenom\";s:7:\"Birahim\";s:3:\"nom\";s:5:\"BABOU\";s:4:\"role\";s:18:\"GMB_ADMINISTRATEUR\";}'),
(2197, 4, 1, 'a:7:{s:9:\"connexion\";b:1;s:4:\"mail\";s:24:\"birahim.babou@uvs.edu.sn\";s:6:\"profil\";s:1:\"2\";s:11:\"utilisateur\";s:1:\"1\";s:6:\"prenom\";s:7:\"Birahim\";s:3:\"nom\";s:5:\"BABOU\";s:4:\"role\";s:18:\"GMB_ADMINISTRATEUR\";}'),
(2198, 4, 1, 'a:7:{s:9:\"connexion\";b:1;s:4:\"mail\";s:24:\"birahim.babou@uvs.edu.sn\";s:6:\"profil\";s:1:\"2\";s:11:\"utilisateur\";s:1:\"1\";s:6:\"prenom\";s:7:\"Birahim\";s:3:\"nom\";s:5:\"BABOU\";s:4:\"role\";s:18:\"GMB_ADMINISTRATEUR\";}'),
(2199, 4, 1, 'a:7:{s:9:\"connexion\";b:1;s:4:\"mail\";s:24:\"birahim.babou@uvs.edu.sn\";s:6:\"profil\";s:1:\"2\";s:11:\"utilisateur\";s:1:\"1\";s:6:\"prenom\";s:7:\"Birahim\";s:3:\"nom\";s:5:\"BABOU\";s:4:\"role\";s:18:\"GMB_ADMINISTRATEUR\";}'),
(2200, 4, 1, 'a:7:{s:9:\"connexion\";b:1;s:4:\"mail\";s:24:\"birahim.babou@uvs.edu.sn\";s:6:\"profil\";s:1:\"2\";s:11:\"utilisateur\";s:1:\"1\";s:6:\"prenom\";s:7:\"Birahim\";s:3:\"nom\";s:5:\"BABOU\";s:4:\"role\";s:18:\"GMB_ADMINISTRATEUR\";}'),
(2201, 4, 1, 'a:7:{s:9:\"connexion\";b:1;s:4:\"mail\";s:24:\"birahim.babou@uvs.edu.sn\";s:6:\"profil\";s:1:\"2\";s:11:\"utilisateur\";s:1:\"1\";s:6:\"prenom\";s:7:\"Birahim\";s:3:\"nom\";s:5:\"BABOU\";s:4:\"role\";s:18:\"GMB_ADMINISTRATEUR\";}'),
(2202, 4, 1, 'a:7:{s:9:\"connexion\";b:1;s:4:\"mail\";s:24:\"birahim.babou@uvs.edu.sn\";s:6:\"profil\";s:1:\"2\";s:11:\"utilisateur\";s:1:\"1\";s:6:\"prenom\";s:7:\"Birahim\";s:3:\"nom\";s:5:\"BABOU\";s:4:\"role\";s:18:\"GMB_ADMINISTRATEUR\";}'),
(2203, 4, 1, 'a:7:{s:9:\"connexion\";b:1;s:4:\"mail\";s:24:\"birahim.babou@uvs.edu.sn\";s:6:\"profil\";s:1:\"2\";s:11:\"utilisateur\";s:1:\"1\";s:6:\"prenom\";s:7:\"Birahim\";s:3:\"nom\";s:5:\"BABOU\";s:4:\"role\";s:18:\"GMB_ADMINISTRATEUR\";}'),
(2204, 4, 1, 'a:7:{s:9:\"connexion\";b:1;s:4:\"mail\";s:24:\"birahim.babou@uvs.edu.sn\";s:6:\"profil\";s:1:\"2\";s:11:\"utilisateur\";s:1:\"1\";s:6:\"prenom\";s:7:\"Birahim\";s:3:\"nom\";s:5:\"BABOU\";s:4:\"role\";s:18:\"GMB_ADMINISTRATEUR\";}'),
(2205, 4, 1, 'a:7:{s:9:\"connexion\";b:1;s:4:\"mail\";s:24:\"birahim.babou@uvs.edu.sn\";s:6:\"profil\";s:1:\"2\";s:11:\"utilisateur\";s:1:\"1\";s:6:\"prenom\";s:7:\"Birahim\";s:3:\"nom\";s:5:\"BABOU\";s:4:\"role\";s:18:\"GMB_ADMINISTRATEUR\";}'),
(2206, 4, 1, 'a:7:{s:9:\"connexion\";b:1;s:4:\"mail\";s:24:\"birahim.babou@uvs.edu.sn\";s:6:\"profil\";s:1:\"2\";s:11:\"utilisateur\";s:1:\"1\";s:6:\"prenom\";s:7:\"Birahim\";s:3:\"nom\";s:5:\"BABOU\";s:4:\"role\";s:18:\"GMB_ADMINISTRATEUR\";}'),
(2207, 4, 1, 'a:7:{s:9:\"connexion\";b:1;s:4:\"mail\";s:24:\"birahim.babou@uvs.edu.sn\";s:6:\"profil\";s:1:\"2\";s:11:\"utilisateur\";s:1:\"1\";s:6:\"prenom\";s:7:\"Birahim\";s:3:\"nom\";s:5:\"BABOU\";s:4:\"role\";s:18:\"GMB_ADMINISTRATEUR\";}'),
(2208, 4, 1, 'a:7:{s:9:\"connexion\";b:1;s:4:\"mail\";s:24:\"birahim.babou@uvs.edu.sn\";s:6:\"profil\";s:1:\"2\";s:11:\"utilisateur\";s:1:\"1\";s:6:\"prenom\";s:7:\"Birahim\";s:3:\"nom\";s:5:\"BABOU\";s:4:\"role\";s:18:\"GMB_ADMINISTRATEUR\";}'),
(2209, 4, 1, 'a:7:{s:9:\"connexion\";b:1;s:4:\"mail\";s:24:\"birahim.babou@uvs.edu.sn\";s:6:\"profil\";s:1:\"2\";s:11:\"utilisateur\";s:1:\"1\";s:6:\"prenom\";s:7:\"Birahim\";s:3:\"nom\";s:5:\"BABOU\";s:4:\"role\";s:18:\"GMB_ADMINISTRATEUR\";}'),
(2210, 4, 1, 'a:7:{s:9:\"connexion\";b:1;s:4:\"mail\";s:24:\"birahim.babou@uvs.edu.sn\";s:6:\"profil\";s:1:\"2\";s:11:\"utilisateur\";s:1:\"1\";s:6:\"prenom\";s:7:\"Birahim\";s:3:\"nom\";s:5:\"BABOU\";s:4:\"role\";s:18:\"GMB_ADMINISTRATEUR\";}'),
(2211, 4, 1, 'a:7:{s:9:\"connexion\";b:1;s:4:\"mail\";s:24:\"birahim.babou@uvs.edu.sn\";s:6:\"profil\";s:1:\"2\";s:11:\"utilisateur\";s:1:\"1\";s:6:\"prenom\";s:7:\"Birahim\";s:3:\"nom\";s:5:\"BABOU\";s:4:\"role\";s:18:\"GMB_ADMINISTRATEUR\";}'),
(2212, 4, 1, 'a:7:{s:9:\"connexion\";b:1;s:4:\"mail\";s:24:\"birahim.babou@uvs.edu.sn\";s:6:\"profil\";s:1:\"2\";s:11:\"utilisateur\";s:1:\"1\";s:6:\"prenom\";s:7:\"Birahim\";s:3:\"nom\";s:5:\"BABOU\";s:4:\"role\";s:18:\"GMB_ADMINISTRATEUR\";}'),
(2213, 4, 1, 'a:7:{s:9:\"connexion\";b:1;s:4:\"mail\";s:24:\"birahim.babou@uvs.edu.sn\";s:6:\"profil\";s:1:\"2\";s:11:\"utilisateur\";s:1:\"1\";s:6:\"prenom\";s:7:\"Birahim\";s:3:\"nom\";s:5:\"BABOU\";s:4:\"role\";s:18:\"GMB_ADMINISTRATEUR\";}'),
(2214, 4, 1, 'a:7:{s:9:\"connexion\";b:1;s:4:\"mail\";s:24:\"birahim.babou@uvs.edu.sn\";s:6:\"profil\";s:1:\"2\";s:11:\"utilisateur\";s:1:\"1\";s:6:\"prenom\";s:7:\"Birahim\";s:3:\"nom\";s:5:\"BABOU\";s:4:\"role\";s:18:\"GMB_ADMINISTRATEUR\";}'),
(2215, 4, 1, 'a:7:{s:9:\"connexion\";b:1;s:4:\"mail\";s:24:\"birahim.babou@uvs.edu.sn\";s:6:\"profil\";s:1:\"2\";s:11:\"utilisateur\";s:1:\"1\";s:6:\"prenom\";s:7:\"Birahim\";s:3:\"nom\";s:5:\"BABOU\";s:4:\"role\";s:18:\"GMB_ADMINISTRATEUR\";}'),
(2216, 4, 1, 'a:7:{s:9:\"connexion\";b:1;s:4:\"mail\";s:24:\"birahim.babou@uvs.edu.sn\";s:6:\"profil\";s:1:\"2\";s:11:\"utilisateur\";s:1:\"1\";s:6:\"prenom\";s:7:\"Birahim\";s:3:\"nom\";s:5:\"BABOU\";s:4:\"role\";s:18:\"GMB_ADMINISTRATEUR\";}'),
(2217, 4, 1, 'a:7:{s:9:\"connexion\";b:1;s:4:\"mail\";s:24:\"birahim.babou@uvs.edu.sn\";s:6:\"profil\";s:1:\"2\";s:11:\"utilisateur\";s:1:\"1\";s:6:\"prenom\";s:7:\"Birahim\";s:3:\"nom\";s:5:\"BABOU\";s:4:\"role\";s:18:\"GMB_ADMINISTRATEUR\";}'),
(2218, 4, 1, 'a:7:{s:9:\"connexion\";b:1;s:4:\"mail\";s:24:\"birahim.babou@uvs.edu.sn\";s:6:\"profil\";s:1:\"2\";s:11:\"utilisateur\";s:1:\"1\";s:6:\"prenom\";s:7:\"Birahim\";s:3:\"nom\";s:5:\"BABOU\";s:4:\"role\";s:18:\"GMB_ADMINISTRATEUR\";}'),
(2219, 4, 1, 'a:7:{s:9:\"connexion\";b:1;s:4:\"mail\";s:24:\"birahim.babou@uvs.edu.sn\";s:6:\"profil\";s:1:\"2\";s:11:\"utilisateur\";s:1:\"1\";s:6:\"prenom\";s:7:\"Birahim\";s:3:\"nom\";s:5:\"BABOU\";s:4:\"role\";s:18:\"GMB_ADMINISTRATEUR\";}'),
(2220, 4, 1, 'a:7:{s:9:\"connexion\";b:1;s:4:\"mail\";s:24:\"birahim.babou@uvs.edu.sn\";s:6:\"profil\";s:1:\"2\";s:11:\"utilisateur\";s:1:\"1\";s:6:\"prenom\";s:7:\"Birahim\";s:3:\"nom\";s:5:\"BABOU\";s:4:\"role\";s:18:\"GMB_ADMINISTRATEUR\";}'),
(2221, 4, 1, 'a:7:{s:9:\"connexion\";b:1;s:4:\"mail\";s:24:\"birahim.babou@uvs.edu.sn\";s:6:\"profil\";s:1:\"2\";s:11:\"utilisateur\";s:1:\"1\";s:6:\"prenom\";s:7:\"Birahim\";s:3:\"nom\";s:5:\"BABOU\";s:4:\"role\";s:18:\"GMB_ADMINISTRATEUR\";}'),
(2222, 4, 1, 'a:7:{s:9:\"connexion\";b:1;s:4:\"mail\";s:24:\"birahim.babou@uvs.edu.sn\";s:6:\"profil\";s:1:\"2\";s:11:\"utilisateur\";s:1:\"1\";s:6:\"prenom\";s:7:\"Birahim\";s:3:\"nom\";s:5:\"BABOU\";s:4:\"role\";s:18:\"GMB_ADMINISTRATEUR\";}'),
(2223, 4, 1, 'a:7:{s:9:\"connexion\";b:1;s:4:\"mail\";s:24:\"birahim.babou@uvs.edu.sn\";s:6:\"profil\";s:1:\"2\";s:11:\"utilisateur\";s:1:\"1\";s:6:\"prenom\";s:7:\"Birahim\";s:3:\"nom\";s:5:\"BABOU\";s:4:\"role\";s:18:\"GMB_ADMINISTRATEUR\";}'),
(2224, 4, 1, 'a:7:{s:9:\"connexion\";b:1;s:4:\"mail\";s:24:\"birahim.babou@uvs.edu.sn\";s:6:\"profil\";s:1:\"2\";s:11:\"utilisateur\";s:1:\"1\";s:6:\"prenom\";s:7:\"Birahim\";s:3:\"nom\";s:5:\"BABOU\";s:4:\"role\";s:18:\"GMB_ADMINISTRATEUR\";}'),
(2225, 4, 1, 'a:7:{s:9:\"connexion\";b:1;s:4:\"mail\";s:24:\"birahim.babou@uvs.edu.sn\";s:6:\"profil\";s:1:\"2\";s:11:\"utilisateur\";s:1:\"1\";s:6:\"prenom\";s:7:\"Birahim\";s:3:\"nom\";s:5:\"BABOU\";s:4:\"role\";s:18:\"GMB_ADMINISTRATEUR\";}'),
(2226, 4, 1, 'a:7:{s:9:\"connexion\";b:1;s:4:\"mail\";s:24:\"birahim.babou@uvs.edu.sn\";s:6:\"profil\";s:1:\"2\";s:11:\"utilisateur\";s:1:\"1\";s:6:\"prenom\";s:7:\"Birahim\";s:3:\"nom\";s:5:\"BABOU\";s:4:\"role\";s:18:\"GMB_ADMINISTRATEUR\";}'),
(2227, 4, 1, 'a:7:{s:9:\"connexion\";b:1;s:4:\"mail\";s:24:\"birahim.babou@uvs.edu.sn\";s:6:\"profil\";s:1:\"2\";s:11:\"utilisateur\";s:1:\"1\";s:6:\"prenom\";s:7:\"Birahim\";s:3:\"nom\";s:5:\"BABOU\";s:4:\"role\";s:18:\"GMB_ADMINISTRATEUR\";}'),
(2228, 4, 1, 'a:7:{s:9:\"connexion\";b:1;s:4:\"mail\";s:24:\"birahim.babou@uvs.edu.sn\";s:6:\"profil\";s:1:\"2\";s:11:\"utilisateur\";s:1:\"1\";s:6:\"prenom\";s:7:\"Birahim\";s:3:\"nom\";s:5:\"BABOU\";s:4:\"role\";s:18:\"GMB_ADMINISTRATEUR\";}'),
(2229, 4, 1, 'a:7:{s:9:\"connexion\";b:1;s:4:\"mail\";s:24:\"birahim.babou@uvs.edu.sn\";s:6:\"profil\";s:1:\"2\";s:11:\"utilisateur\";s:1:\"1\";s:6:\"prenom\";s:7:\"Birahim\";s:3:\"nom\";s:5:\"BABOU\";s:4:\"role\";s:18:\"GMB_ADMINISTRATEUR\";}'),
(2230, 4, 1, 'a:7:{s:9:\"connexion\";b:1;s:4:\"mail\";s:24:\"birahim.babou@uvs.edu.sn\";s:6:\"profil\";s:1:\"2\";s:11:\"utilisateur\";s:1:\"1\";s:6:\"prenom\";s:7:\"Birahim\";s:3:\"nom\";s:5:\"BABOU\";s:4:\"role\";s:18:\"GMB_ADMINISTRATEUR\";}');
INSERT INTO `ban_hist` (`id`, `type`, `user`, `valeur`) VALUES
(2231, 4, 1, 'a:7:{s:9:\"connexion\";b:1;s:4:\"mail\";s:24:\"birahim.babou@uvs.edu.sn\";s:6:\"profil\";s:1:\"2\";s:11:\"utilisateur\";s:1:\"1\";s:6:\"prenom\";s:7:\"Birahim\";s:3:\"nom\";s:5:\"BABOU\";s:4:\"role\";s:18:\"GMB_ADMINISTRATEUR\";}'),
(2232, 4, 1, 'a:7:{s:9:\"connexion\";b:1;s:4:\"mail\";s:24:\"birahim.babou@uvs.edu.sn\";s:6:\"profil\";s:1:\"2\";s:11:\"utilisateur\";s:1:\"1\";s:6:\"prenom\";s:7:\"Birahim\";s:3:\"nom\";s:5:\"BABOU\";s:4:\"role\";s:18:\"GMB_ADMINISTRATEUR\";}'),
(2233, 4, 1, 'a:7:{s:9:\"connexion\";b:1;s:4:\"mail\";s:24:\"birahim.babou@uvs.edu.sn\";s:6:\"profil\";s:1:\"2\";s:11:\"utilisateur\";s:1:\"1\";s:6:\"prenom\";s:7:\"Birahim\";s:3:\"nom\";s:5:\"BABOU\";s:4:\"role\";s:18:\"GMB_ADMINISTRATEUR\";}'),
(2234, 4, 1, 'a:7:{s:9:\"connexion\";b:1;s:4:\"mail\";s:24:\"birahim.babou@uvs.edu.sn\";s:6:\"profil\";s:1:\"2\";s:11:\"utilisateur\";s:1:\"1\";s:6:\"prenom\";s:7:\"Birahim\";s:3:\"nom\";s:5:\"BABOU\";s:4:\"role\";s:18:\"GMB_ADMINISTRATEUR\";}'),
(2235, 4, 1, 'a:7:{s:9:\"connexion\";b:1;s:4:\"mail\";s:24:\"birahim.babou@uvs.edu.sn\";s:6:\"profil\";s:1:\"2\";s:11:\"utilisateur\";s:1:\"1\";s:6:\"prenom\";s:7:\"Birahim\";s:3:\"nom\";s:5:\"BABOU\";s:4:\"role\";s:18:\"GMB_ADMINISTRATEUR\";}'),
(2236, 4, 1, 'a:7:{s:9:\"connexion\";b:1;s:4:\"mail\";s:24:\"birahim.babou@uvs.edu.sn\";s:6:\"profil\";s:1:\"2\";s:11:\"utilisateur\";s:1:\"1\";s:6:\"prenom\";s:7:\"Birahim\";s:3:\"nom\";s:5:\"BABOU\";s:4:\"role\";s:18:\"GMB_ADMINISTRATEUR\";}'),
(2237, 4, 1, 'a:7:{s:9:\"connexion\";b:1;s:4:\"mail\";s:24:\"birahim.babou@uvs.edu.sn\";s:6:\"profil\";s:1:\"2\";s:11:\"utilisateur\";s:1:\"1\";s:6:\"prenom\";s:7:\"Birahim\";s:3:\"nom\";s:5:\"BABOU\";s:4:\"role\";s:18:\"GMB_ADMINISTRATEUR\";}'),
(2238, 4, 1, 'a:7:{s:9:\"connexion\";b:1;s:4:\"mail\";s:24:\"birahim.babou@uvs.edu.sn\";s:6:\"profil\";s:1:\"2\";s:11:\"utilisateur\";s:1:\"1\";s:6:\"prenom\";s:7:\"Birahim\";s:3:\"nom\";s:5:\"BABOU\";s:4:\"role\";s:18:\"GMB_ADMINISTRATEUR\";}'),
(2239, 4, 1, 'a:7:{s:9:\"connexion\";b:1;s:4:\"mail\";s:24:\"birahim.babou@uvs.edu.sn\";s:6:\"profil\";s:1:\"2\";s:11:\"utilisateur\";s:1:\"1\";s:6:\"prenom\";s:7:\"Birahim\";s:3:\"nom\";s:5:\"BABOU\";s:4:\"role\";s:18:\"GMB_ADMINISTRATEUR\";}'),
(2240, 4, 1, 'a:7:{s:9:\"connexion\";b:1;s:4:\"mail\";s:24:\"birahim.babou@uvs.edu.sn\";s:6:\"profil\";s:1:\"2\";s:11:\"utilisateur\";s:1:\"1\";s:6:\"prenom\";s:7:\"Birahim\";s:3:\"nom\";s:5:\"BABOU\";s:4:\"role\";s:18:\"GMB_ADMINISTRATEUR\";}'),
(2241, 4, 1, 'a:7:{s:9:\"connexion\";b:1;s:4:\"mail\";s:24:\"birahim.babou@uvs.edu.sn\";s:6:\"profil\";s:1:\"2\";s:11:\"utilisateur\";s:1:\"1\";s:6:\"prenom\";s:7:\"Birahim\";s:3:\"nom\";s:5:\"BABOU\";s:4:\"role\";s:18:\"GMB_ADMINISTRATEUR\";}'),
(2242, 4, 1, 'a:7:{s:9:\"connexion\";b:1;s:4:\"mail\";s:24:\"birahim.babou@uvs.edu.sn\";s:6:\"profil\";s:1:\"2\";s:11:\"utilisateur\";s:1:\"1\";s:6:\"prenom\";s:7:\"Birahim\";s:3:\"nom\";s:5:\"BABOU\";s:4:\"role\";s:18:\"GMB_ADMINISTRATEUR\";}'),
(2243, 4, 1, 'a:7:{s:9:\"connexion\";b:1;s:4:\"mail\";s:24:\"birahim.babou@uvs.edu.sn\";s:6:\"profil\";s:1:\"2\";s:11:\"utilisateur\";s:1:\"1\";s:6:\"prenom\";s:7:\"Birahim\";s:3:\"nom\";s:5:\"BABOU\";s:4:\"role\";s:18:\"GMB_ADMINISTRATEUR\";}'),
(2244, 4, 1, 'a:7:{s:9:\"connexion\";b:1;s:4:\"mail\";s:24:\"birahim.babou@uvs.edu.sn\";s:6:\"profil\";s:1:\"2\";s:11:\"utilisateur\";s:1:\"1\";s:6:\"prenom\";s:7:\"Birahim\";s:3:\"nom\";s:5:\"BABOU\";s:4:\"role\";s:18:\"GMB_ADMINISTRATEUR\";}'),
(2245, 4, 1, 'a:7:{s:9:\"connexion\";b:1;s:4:\"mail\";s:24:\"birahim.babou@uvs.edu.sn\";s:6:\"profil\";s:1:\"2\";s:11:\"utilisateur\";s:1:\"1\";s:6:\"prenom\";s:7:\"Birahim\";s:3:\"nom\";s:5:\"BABOU\";s:4:\"role\";s:18:\"GMB_ADMINISTRATEUR\";}'),
(2246, 4, 1, 'a:7:{s:9:\"connexion\";b:1;s:4:\"mail\";s:24:\"birahim.babou@uvs.edu.sn\";s:6:\"profil\";s:1:\"2\";s:11:\"utilisateur\";s:1:\"1\";s:6:\"prenom\";s:7:\"Birahim\";s:3:\"nom\";s:5:\"BABOU\";s:4:\"role\";s:18:\"GMB_ADMINISTRATEUR\";}'),
(2247, 4, 1, 'a:7:{s:9:\"connexion\";b:1;s:4:\"mail\";s:24:\"birahim.babou@uvs.edu.sn\";s:6:\"profil\";s:1:\"2\";s:11:\"utilisateur\";s:1:\"1\";s:6:\"prenom\";s:7:\"Birahim\";s:3:\"nom\";s:5:\"BABOU\";s:4:\"role\";s:18:\"GMB_ADMINISTRATEUR\";}'),
(2248, 4, 1, 'a:7:{s:9:\"connexion\";b:1;s:4:\"mail\";s:24:\"birahim.babou@uvs.edu.sn\";s:6:\"profil\";s:1:\"2\";s:11:\"utilisateur\";s:1:\"1\";s:6:\"prenom\";s:7:\"Birahim\";s:3:\"nom\";s:5:\"BABOU\";s:4:\"role\";s:18:\"GMB_ADMINISTRATEUR\";}'),
(2249, 4, 1, 'a:7:{s:9:\"connexion\";b:1;s:4:\"mail\";s:24:\"birahim.babou@uvs.edu.sn\";s:6:\"profil\";s:1:\"2\";s:11:\"utilisateur\";s:1:\"1\";s:6:\"prenom\";s:7:\"Birahim\";s:3:\"nom\";s:5:\"BABOU\";s:4:\"role\";s:18:\"GMB_ADMINISTRATEUR\";}'),
(2250, 4, 1, 'a:7:{s:9:\"connexion\";b:1;s:4:\"mail\";s:24:\"birahim.babou@uvs.edu.sn\";s:6:\"profil\";s:1:\"2\";s:11:\"utilisateur\";s:1:\"1\";s:6:\"prenom\";s:7:\"Birahim\";s:3:\"nom\";s:5:\"BABOU\";s:4:\"role\";s:18:\"GMB_ADMINISTRATEUR\";}'),
(2251, 4, 1, 'a:7:{s:9:\"connexion\";b:1;s:4:\"mail\";s:24:\"birahim.babou@uvs.edu.sn\";s:6:\"profil\";s:1:\"2\";s:11:\"utilisateur\";s:1:\"1\";s:6:\"prenom\";s:7:\"Birahim\";s:3:\"nom\";s:5:\"BABOU\";s:4:\"role\";s:18:\"GMB_ADMINISTRATEUR\";}'),
(2252, 4, 1, 'a:7:{s:9:\"connexion\";b:1;s:4:\"mail\";s:24:\"birahim.babou@uvs.edu.sn\";s:6:\"profil\";s:1:\"2\";s:11:\"utilisateur\";s:1:\"1\";s:6:\"prenom\";s:7:\"Birahim\";s:3:\"nom\";s:5:\"BABOU\";s:4:\"role\";s:18:\"GMB_ADMINISTRATEUR\";}'),
(2253, 4, 1, 'a:7:{s:9:\"connexion\";b:1;s:4:\"mail\";s:24:\"birahim.babou@uvs.edu.sn\";s:6:\"profil\";s:1:\"2\";s:11:\"utilisateur\";s:1:\"1\";s:6:\"prenom\";s:7:\"Birahim\";s:3:\"nom\";s:5:\"BABOU\";s:4:\"role\";s:18:\"GMB_ADMINISTRATEUR\";}'),
(2254, 4, 1, 'a:7:{s:9:\"connexion\";b:1;s:4:\"mail\";s:24:\"birahim.babou@uvs.edu.sn\";s:6:\"profil\";s:1:\"2\";s:11:\"utilisateur\";s:1:\"1\";s:6:\"prenom\";s:7:\"Birahim\";s:3:\"nom\";s:5:\"BABOU\";s:4:\"role\";s:18:\"GMB_ADMINISTRATEUR\";}'),
(2255, 4, 1, 'a:7:{s:9:\"connexion\";b:1;s:4:\"mail\";s:24:\"birahim.babou@uvs.edu.sn\";s:6:\"profil\";s:1:\"2\";s:11:\"utilisateur\";s:1:\"1\";s:6:\"prenom\";s:7:\"Birahim\";s:3:\"nom\";s:5:\"BABOU\";s:4:\"role\";s:18:\"GMB_ADMINISTRATEUR\";}'),
(2256, 4, 1, 'a:7:{s:9:\"connexion\";b:1;s:4:\"mail\";s:24:\"birahim.babou@uvs.edu.sn\";s:6:\"profil\";s:1:\"2\";s:11:\"utilisateur\";s:1:\"1\";s:6:\"prenom\";s:7:\"Birahim\";s:3:\"nom\";s:5:\"BABOU\";s:4:\"role\";s:18:\"GMB_ADMINISTRATEUR\";}'),
(2257, 4, 1, 'a:7:{s:9:\"connexion\";b:1;s:4:\"mail\";s:24:\"birahim.babou@uvs.edu.sn\";s:6:\"profil\";s:1:\"2\";s:11:\"utilisateur\";s:1:\"1\";s:6:\"prenom\";s:7:\"Birahim\";s:3:\"nom\";s:5:\"BABOU\";s:4:\"role\";s:18:\"GMB_ADMINISTRATEUR\";}'),
(2258, 4, 1, 'a:7:{s:9:\"connexion\";b:1;s:4:\"mail\";s:24:\"birahim.babou@uvs.edu.sn\";s:6:\"profil\";s:1:\"2\";s:11:\"utilisateur\";s:1:\"1\";s:6:\"prenom\";s:7:\"Birahim\";s:3:\"nom\";s:5:\"BABOU\";s:4:\"role\";s:18:\"GMB_ADMINISTRATEUR\";}'),
(2259, 4, 1, 'a:7:{s:9:\"connexion\";b:1;s:4:\"mail\";s:24:\"birahim.babou@uvs.edu.sn\";s:6:\"profil\";s:1:\"2\";s:11:\"utilisateur\";s:1:\"1\";s:6:\"prenom\";s:7:\"Birahim\";s:3:\"nom\";s:5:\"BABOU\";s:4:\"role\";s:18:\"GMB_ADMINISTRATEUR\";}'),
(2260, 4, 1, 'a:7:{s:9:\"connexion\";b:1;s:4:\"mail\";s:24:\"birahim.babou@uvs.edu.sn\";s:6:\"profil\";s:1:\"2\";s:11:\"utilisateur\";s:1:\"1\";s:6:\"prenom\";s:7:\"Birahim\";s:3:\"nom\";s:5:\"BABOU\";s:4:\"role\";s:18:\"GMB_ADMINISTRATEUR\";}'),
(2261, 4, 1, 'a:7:{s:9:\"connexion\";b:1;s:4:\"mail\";s:24:\"birahim.babou@uvs.edu.sn\";s:6:\"profil\";s:1:\"2\";s:11:\"utilisateur\";s:1:\"1\";s:6:\"prenom\";s:7:\"Birahim\";s:3:\"nom\";s:5:\"BABOU\";s:4:\"role\";s:18:\"GMB_ADMINISTRATEUR\";}'),
(2262, 4, 1, 'a:7:{s:9:\"connexion\";b:1;s:4:\"mail\";s:24:\"birahim.babou@uvs.edu.sn\";s:6:\"profil\";s:1:\"2\";s:11:\"utilisateur\";s:1:\"1\";s:6:\"prenom\";s:7:\"Birahim\";s:3:\"nom\";s:5:\"BABOU\";s:4:\"role\";s:18:\"GMB_ADMINISTRATEUR\";}'),
(2263, 4, 1, 'a:7:{s:9:\"connexion\";b:1;s:4:\"mail\";s:24:\"birahim.babou@uvs.edu.sn\";s:6:\"profil\";s:1:\"2\";s:11:\"utilisateur\";s:1:\"1\";s:6:\"prenom\";s:7:\"Birahim\";s:3:\"nom\";s:5:\"BABOU\";s:4:\"role\";s:18:\"GMB_ADMINISTRATEUR\";}'),
(2264, 4, 1, 'a:7:{s:9:\"connexion\";b:1;s:4:\"mail\";s:24:\"birahim.babou@uvs.edu.sn\";s:6:\"profil\";s:1:\"2\";s:11:\"utilisateur\";s:1:\"1\";s:6:\"prenom\";s:7:\"Birahim\";s:3:\"nom\";s:5:\"BABOU\";s:4:\"role\";s:18:\"GMB_ADMINISTRATEUR\";}'),
(2265, 4, 1, 'a:7:{s:9:\"connexion\";b:1;s:4:\"mail\";s:24:\"birahim.babou@uvs.edu.sn\";s:6:\"profil\";s:1:\"2\";s:11:\"utilisateur\";s:1:\"1\";s:6:\"prenom\";s:7:\"Birahim\";s:3:\"nom\";s:5:\"BABOU\";s:4:\"role\";s:18:\"GMB_ADMINISTRATEUR\";}'),
(2266, 4, 1, 'a:7:{s:9:\"connexion\";b:1;s:4:\"mail\";s:24:\"birahim.babou@uvs.edu.sn\";s:6:\"profil\";s:1:\"2\";s:11:\"utilisateur\";s:1:\"1\";s:6:\"prenom\";s:7:\"Birahim\";s:3:\"nom\";s:5:\"BABOU\";s:4:\"role\";s:18:\"GMB_ADMINISTRATEUR\";}'),
(2267, 4, 1, 'a:7:{s:9:\"connexion\";b:1;s:4:\"mail\";s:24:\"birahim.babou@uvs.edu.sn\";s:6:\"profil\";s:1:\"2\";s:11:\"utilisateur\";s:1:\"1\";s:6:\"prenom\";s:7:\"Birahim\";s:3:\"nom\";s:5:\"BABOU\";s:4:\"role\";s:18:\"GMB_ADMINISTRATEUR\";}'),
(2268, 4, 1, 'a:7:{s:9:\"connexion\";b:1;s:4:\"mail\";s:24:\"birahim.babou@uvs.edu.sn\";s:6:\"profil\";s:1:\"2\";s:11:\"utilisateur\";s:1:\"1\";s:6:\"prenom\";s:7:\"Birahim\";s:3:\"nom\";s:5:\"BABOU\";s:4:\"role\";s:18:\"GMB_ADMINISTRATEUR\";}'),
(2269, 4, 1, 'a:7:{s:9:\"connexion\";b:1;s:4:\"mail\";s:24:\"birahim.babou@uvs.edu.sn\";s:6:\"profil\";s:1:\"2\";s:11:\"utilisateur\";s:1:\"1\";s:6:\"prenom\";s:7:\"Birahim\";s:3:\"nom\";s:5:\"BABOU\";s:4:\"role\";s:18:\"GMB_ADMINISTRATEUR\";}'),
(2270, 4, 1, 'a:7:{s:9:\"connexion\";b:1;s:4:\"mail\";s:24:\"birahim.babou@uvs.edu.sn\";s:6:\"profil\";s:1:\"2\";s:11:\"utilisateur\";s:1:\"1\";s:6:\"prenom\";s:7:\"Birahim\";s:3:\"nom\";s:5:\"BABOU\";s:4:\"role\";s:18:\"GMB_ADMINISTRATEUR\";}'),
(2271, 4, 1, 'a:7:{s:9:\"connexion\";b:1;s:4:\"mail\";s:24:\"birahim.babou@uvs.edu.sn\";s:6:\"profil\";s:1:\"2\";s:11:\"utilisateur\";s:1:\"1\";s:6:\"prenom\";s:7:\"Birahim\";s:3:\"nom\";s:5:\"BABOU\";s:4:\"role\";s:18:\"GMB_ADMINISTRATEUR\";}'),
(2272, 4, 1, 'a:7:{s:9:\"connexion\";b:1;s:4:\"mail\";s:24:\"birahim.babou@uvs.edu.sn\";s:6:\"profil\";s:1:\"2\";s:11:\"utilisateur\";s:1:\"1\";s:6:\"prenom\";s:7:\"Birahim\";s:3:\"nom\";s:5:\"BABOU\";s:4:\"role\";s:18:\"GMB_ADMINISTRATEUR\";}'),
(2273, 4, 1, 'a:7:{s:9:\"connexion\";b:1;s:4:\"mail\";s:24:\"birahim.babou@uvs.edu.sn\";s:6:\"profil\";s:1:\"2\";s:11:\"utilisateur\";s:1:\"1\";s:6:\"prenom\";s:7:\"Birahim\";s:3:\"nom\";s:5:\"BABOU\";s:4:\"role\";s:18:\"GMB_ADMINISTRATEUR\";}'),
(2274, 4, 1, 'a:7:{s:9:\"connexion\";b:1;s:4:\"mail\";s:24:\"birahim.babou@uvs.edu.sn\";s:6:\"profil\";s:1:\"2\";s:11:\"utilisateur\";s:1:\"1\";s:6:\"prenom\";s:7:\"Birahim\";s:3:\"nom\";s:5:\"BABOU\";s:4:\"role\";s:18:\"GMB_ADMINISTRATEUR\";}'),
(2275, 4, 1, 'a:7:{s:9:\"connexion\";b:1;s:4:\"mail\";s:24:\"birahim.babou@uvs.edu.sn\";s:6:\"profil\";s:1:\"2\";s:11:\"utilisateur\";s:1:\"1\";s:6:\"prenom\";s:7:\"Birahim\";s:3:\"nom\";s:5:\"BABOU\";s:4:\"role\";s:18:\"GMB_ADMINISTRATEUR\";}'),
(2276, 4, 1, 'a:7:{s:9:\"connexion\";b:1;s:4:\"mail\";s:24:\"birahim.babou@uvs.edu.sn\";s:6:\"profil\";s:1:\"2\";s:11:\"utilisateur\";s:1:\"1\";s:6:\"prenom\";s:7:\"Birahim\";s:3:\"nom\";s:5:\"BABOU\";s:4:\"role\";s:18:\"GMB_ADMINISTRATEUR\";}'),
(2277, 4, 1, 'a:7:{s:9:\"connexion\";b:1;s:4:\"mail\";s:24:\"birahim.babou@uvs.edu.sn\";s:6:\"profil\";s:1:\"2\";s:11:\"utilisateur\";s:1:\"1\";s:6:\"prenom\";s:7:\"Birahim\";s:3:\"nom\";s:5:\"BABOU\";s:4:\"role\";s:18:\"GMB_ADMINISTRATEUR\";}'),
(2278, 4, 1, 'a:7:{s:9:\"connexion\";b:1;s:4:\"mail\";s:24:\"birahim.babou@uvs.edu.sn\";s:6:\"profil\";s:1:\"2\";s:11:\"utilisateur\";s:1:\"1\";s:6:\"prenom\";s:7:\"Birahim\";s:3:\"nom\";s:5:\"BABOU\";s:4:\"role\";s:18:\"GMB_ADMINISTRATEUR\";}'),
(2279, 4, 1, 'a:7:{s:9:\"connexion\";b:1;s:4:\"mail\";s:24:\"birahim.babou@uvs.edu.sn\";s:6:\"profil\";s:1:\"2\";s:11:\"utilisateur\";s:1:\"1\";s:6:\"prenom\";s:7:\"Birahim\";s:3:\"nom\";s:5:\"BABOU\";s:4:\"role\";s:18:\"GMB_ADMINISTRATEUR\";}'),
(2280, 4, 1, 'a:7:{s:9:\"connexion\";b:1;s:4:\"mail\";s:24:\"birahim.babou@uvs.edu.sn\";s:6:\"profil\";s:1:\"2\";s:11:\"utilisateur\";s:1:\"1\";s:6:\"prenom\";s:7:\"Birahim\";s:3:\"nom\";s:5:\"BABOU\";s:4:\"role\";s:18:\"GMB_ADMINISTRATEUR\";}'),
(2281, 4, 1, 'a:7:{s:9:\"connexion\";b:1;s:4:\"mail\";s:24:\"birahim.babou@uvs.edu.sn\";s:6:\"profil\";s:1:\"2\";s:11:\"utilisateur\";s:1:\"1\";s:6:\"prenom\";s:7:\"Birahim\";s:3:\"nom\";s:5:\"BABOU\";s:4:\"role\";s:18:\"GMB_ADMINISTRATEUR\";}'),
(2282, 4, 1, 'a:7:{s:9:\"connexion\";b:1;s:4:\"mail\";s:24:\"birahim.babou@uvs.edu.sn\";s:6:\"profil\";s:1:\"2\";s:11:\"utilisateur\";s:1:\"1\";s:6:\"prenom\";s:7:\"Birahim\";s:3:\"nom\";s:5:\"BABOU\";s:4:\"role\";s:18:\"GMB_ADMINISTRATEUR\";}'),
(2283, 4, 1, 'a:7:{s:9:\"connexion\";b:1;s:4:\"mail\";s:24:\"birahim.babou@uvs.edu.sn\";s:6:\"profil\";s:1:\"2\";s:11:\"utilisateur\";s:1:\"1\";s:6:\"prenom\";s:7:\"Birahim\";s:3:\"nom\";s:5:\"BABOU\";s:4:\"role\";s:18:\"GMB_ADMINISTRATEUR\";}'),
(2284, 4, 1, 'a:7:{s:9:\"connexion\";b:1;s:4:\"mail\";s:24:\"birahim.babou@uvs.edu.sn\";s:6:\"profil\";s:1:\"2\";s:11:\"utilisateur\";s:1:\"1\";s:6:\"prenom\";s:7:\"Birahim\";s:3:\"nom\";s:5:\"BABOU\";s:4:\"role\";s:18:\"GMB_ADMINISTRATEUR\";}'),
(2285, 4, 1, 'a:7:{s:9:\"connexion\";b:1;s:4:\"mail\";s:24:\"birahim.babou@uvs.edu.sn\";s:6:\"profil\";s:1:\"2\";s:11:\"utilisateur\";s:1:\"1\";s:6:\"prenom\";s:7:\"Birahim\";s:3:\"nom\";s:5:\"BABOU\";s:4:\"role\";s:18:\"GMB_ADMINISTRATEUR\";}'),
(2286, 4, 1, 'a:7:{s:9:\"connexion\";b:1;s:4:\"mail\";s:24:\"birahim.babou@uvs.edu.sn\";s:6:\"profil\";s:1:\"2\";s:11:\"utilisateur\";s:1:\"1\";s:6:\"prenom\";s:7:\"Birahim\";s:3:\"nom\";s:5:\"BABOU\";s:4:\"role\";s:18:\"GMB_ADMINISTRATEUR\";}'),
(2287, 4, 1, 'a:7:{s:9:\"connexion\";b:1;s:4:\"mail\";s:24:\"birahim.babou@uvs.edu.sn\";s:6:\"profil\";s:1:\"2\";s:11:\"utilisateur\";s:1:\"1\";s:6:\"prenom\";s:7:\"Birahim\";s:3:\"nom\";s:5:\"BABOU\";s:4:\"role\";s:18:\"GMB_ADMINISTRATEUR\";}'),
(2288, 4, 1, 'a:7:{s:9:\"connexion\";b:1;s:4:\"mail\";s:24:\"birahim.babou@uvs.edu.sn\";s:6:\"profil\";s:1:\"2\";s:11:\"utilisateur\";s:1:\"1\";s:6:\"prenom\";s:7:\"Birahim\";s:3:\"nom\";s:5:\"BABOU\";s:4:\"role\";s:18:\"GMB_ADMINISTRATEUR\";}'),
(2289, 4, 1, 'a:7:{s:9:\"connexion\";b:1;s:4:\"mail\";s:24:\"birahim.babou@uvs.edu.sn\";s:6:\"profil\";s:1:\"2\";s:11:\"utilisateur\";s:1:\"1\";s:6:\"prenom\";s:7:\"Birahim\";s:3:\"nom\";s:5:\"BABOU\";s:4:\"role\";s:18:\"GMB_ADMINISTRATEUR\";}'),
(2290, 4, 1, 'a:7:{s:9:\"connexion\";b:1;s:4:\"mail\";s:24:\"birahim.babou@uvs.edu.sn\";s:6:\"profil\";s:1:\"2\";s:11:\"utilisateur\";s:1:\"1\";s:6:\"prenom\";s:7:\"Birahim\";s:3:\"nom\";s:5:\"BABOU\";s:4:\"role\";s:18:\"GMB_ADMINISTRATEUR\";}'),
(2291, 4, 1, 'a:7:{s:9:\"connexion\";b:1;s:4:\"mail\";s:24:\"birahim.babou@uvs.edu.sn\";s:6:\"profil\";s:1:\"2\";s:11:\"utilisateur\";s:1:\"1\";s:6:\"prenom\";s:7:\"Birahim\";s:3:\"nom\";s:5:\"BABOU\";s:4:\"role\";s:18:\"GMB_ADMINISTRATEUR\";}'),
(2292, 4, 1, 'a:7:{s:9:\"connexion\";b:1;s:4:\"mail\";s:24:\"birahim.babou@uvs.edu.sn\";s:6:\"profil\";s:1:\"2\";s:11:\"utilisateur\";s:1:\"1\";s:6:\"prenom\";s:7:\"Birahim\";s:3:\"nom\";s:5:\"BABOU\";s:4:\"role\";s:18:\"GMB_ADMINISTRATEUR\";}'),
(2293, 4, 1, 'a:7:{s:9:\"connexion\";b:1;s:4:\"mail\";s:24:\"birahim.babou@uvs.edu.sn\";s:6:\"profil\";s:1:\"2\";s:11:\"utilisateur\";s:1:\"1\";s:6:\"prenom\";s:7:\"Birahim\";s:3:\"nom\";s:5:\"BABOU\";s:4:\"role\";s:18:\"GMB_ADMINISTRATEUR\";}'),
(2294, 4, 1, 'a:7:{s:9:\"connexion\";b:1;s:4:\"mail\";s:24:\"birahim.babou@uvs.edu.sn\";s:6:\"profil\";s:1:\"2\";s:11:\"utilisateur\";s:1:\"1\";s:6:\"prenom\";s:7:\"Birahim\";s:3:\"nom\";s:5:\"BABOU\";s:4:\"role\";s:18:\"GMB_ADMINISTRATEUR\";}'),
(2295, 4, 1, 'a:7:{s:9:\"connexion\";b:1;s:4:\"mail\";s:24:\"birahim.babou@uvs.edu.sn\";s:6:\"profil\";s:1:\"2\";s:11:\"utilisateur\";s:1:\"1\";s:6:\"prenom\";s:7:\"Birahim\";s:3:\"nom\";s:5:\"BABOU\";s:4:\"role\";s:18:\"GMB_ADMINISTRATEUR\";}'),
(2296, 4, 1, 'a:7:{s:9:\"connexion\";b:1;s:4:\"mail\";s:24:\"birahim.babou@uvs.edu.sn\";s:6:\"profil\";s:1:\"2\";s:11:\"utilisateur\";s:1:\"1\";s:6:\"prenom\";s:7:\"Birahim\";s:3:\"nom\";s:5:\"BABOU\";s:4:\"role\";s:18:\"GMB_ADMINISTRATEUR\";}'),
(2297, 4, 1, 'a:7:{s:9:\"connexion\";b:1;s:4:\"mail\";s:24:\"birahim.babou@uvs.edu.sn\";s:6:\"profil\";s:1:\"2\";s:11:\"utilisateur\";s:1:\"1\";s:6:\"prenom\";s:7:\"Birahim\";s:3:\"nom\";s:5:\"BABOU\";s:4:\"role\";s:18:\"GMB_ADMINISTRATEUR\";}'),
(2298, 4, 1, 'a:7:{s:9:\"connexion\";b:1;s:4:\"mail\";s:24:\"birahim.babou@uvs.edu.sn\";s:6:\"profil\";s:1:\"2\";s:11:\"utilisateur\";s:1:\"1\";s:6:\"prenom\";s:7:\"Birahim\";s:3:\"nom\";s:5:\"BABOU\";s:4:\"role\";s:18:\"GMB_ADMINISTRATEUR\";}'),
(2299, 4, 1, 'a:7:{s:9:\"connexion\";b:1;s:4:\"mail\";s:24:\"birahim.babou@uvs.edu.sn\";s:6:\"profil\";s:1:\"2\";s:11:\"utilisateur\";s:1:\"1\";s:6:\"prenom\";s:7:\"Birahim\";s:3:\"nom\";s:5:\"BABOU\";s:4:\"role\";s:18:\"GMB_ADMINISTRATEUR\";}'),
(2300, 4, 1, 'a:7:{s:9:\"connexion\";b:1;s:4:\"mail\";s:24:\"birahim.babou@uvs.edu.sn\";s:6:\"profil\";s:1:\"2\";s:11:\"utilisateur\";s:1:\"1\";s:6:\"prenom\";s:7:\"Birahim\";s:3:\"nom\";s:5:\"BABOU\";s:4:\"role\";s:18:\"GMB_ADMINISTRATEUR\";}'),
(2301, 4, 1, 'a:7:{s:9:\"connexion\";b:1;s:4:\"mail\";s:24:\"birahim.babou@uvs.edu.sn\";s:6:\"profil\";s:1:\"2\";s:11:\"utilisateur\";s:1:\"1\";s:6:\"prenom\";s:7:\"Birahim\";s:3:\"nom\";s:5:\"BABOU\";s:4:\"role\";s:18:\"GMB_ADMINISTRATEUR\";}'),
(2302, 4, 1, 'a:7:{s:9:\"connexion\";b:1;s:4:\"mail\";s:24:\"birahim.babou@uvs.edu.sn\";s:6:\"profil\";s:1:\"2\";s:11:\"utilisateur\";s:1:\"1\";s:6:\"prenom\";s:7:\"Birahim\";s:3:\"nom\";s:5:\"BABOU\";s:4:\"role\";s:18:\"GMB_ADMINISTRATEUR\";}'),
(2303, 4, 1, 'a:7:{s:9:\"connexion\";b:1;s:4:\"mail\";s:24:\"birahim.babou@uvs.edu.sn\";s:6:\"profil\";s:1:\"2\";s:11:\"utilisateur\";s:1:\"1\";s:6:\"prenom\";s:7:\"Birahim\";s:3:\"nom\";s:5:\"BABOU\";s:4:\"role\";s:18:\"GMB_ADMINISTRATEUR\";}'),
(2304, 4, 1, 'a:7:{s:9:\"connexion\";b:1;s:4:\"mail\";s:24:\"birahim.babou@uvs.edu.sn\";s:6:\"profil\";s:1:\"2\";s:11:\"utilisateur\";s:1:\"1\";s:6:\"prenom\";s:7:\"Birahim\";s:3:\"nom\";s:5:\"BABOU\";s:4:\"role\";s:18:\"GMB_ADMINISTRATEUR\";}'),
(2305, 4, 1, 'a:7:{s:9:\"connexion\";b:1;s:4:\"mail\";s:24:\"birahim.babou@uvs.edu.sn\";s:6:\"profil\";s:1:\"2\";s:11:\"utilisateur\";s:1:\"1\";s:6:\"prenom\";s:7:\"Birahim\";s:3:\"nom\";s:5:\"BABOU\";s:4:\"role\";s:18:\"GMB_ADMINISTRATEUR\";}'),
(2306, 4, 1, 'a:7:{s:9:\"connexion\";b:1;s:4:\"mail\";s:24:\"birahim.babou@uvs.edu.sn\";s:6:\"profil\";s:1:\"2\";s:11:\"utilisateur\";s:1:\"1\";s:6:\"prenom\";s:7:\"Birahim\";s:3:\"nom\";s:5:\"BABOU\";s:4:\"role\";s:18:\"GMB_ADMINISTRATEUR\";}'),
(2307, 4, 1, 'a:7:{s:9:\"connexion\";b:1;s:4:\"mail\";s:24:\"birahim.babou@uvs.edu.sn\";s:6:\"profil\";s:1:\"2\";s:11:\"utilisateur\";s:1:\"1\";s:6:\"prenom\";s:7:\"Birahim\";s:3:\"nom\";s:5:\"BABOU\";s:4:\"role\";s:18:\"GMB_ADMINISTRATEUR\";}'),
(2308, 4, 1, 'a:7:{s:9:\"connexion\";b:1;s:4:\"mail\";s:24:\"birahim.babou@uvs.edu.sn\";s:6:\"profil\";s:1:\"2\";s:11:\"utilisateur\";s:1:\"1\";s:6:\"prenom\";s:7:\"Birahim\";s:3:\"nom\";s:5:\"BABOU\";s:4:\"role\";s:18:\"GMB_ADMINISTRATEUR\";}'),
(2309, 4, 1, 'a:7:{s:9:\"connexion\";b:1;s:4:\"mail\";s:24:\"birahim.babou@uvs.edu.sn\";s:6:\"profil\";s:1:\"2\";s:11:\"utilisateur\";s:1:\"1\";s:6:\"prenom\";s:7:\"Birahim\";s:3:\"nom\";s:5:\"BABOU\";s:4:\"role\";s:18:\"GMB_ADMINISTRATEUR\";}'),
(2310, 4, 1, 'a:7:{s:9:\"connexion\";b:1;s:4:\"mail\";s:24:\"birahim.babou@uvs.edu.sn\";s:6:\"profil\";s:1:\"2\";s:11:\"utilisateur\";s:1:\"1\";s:6:\"prenom\";s:7:\"Birahim\";s:3:\"nom\";s:5:\"BABOU\";s:4:\"role\";s:18:\"GMB_ADMINISTRATEUR\";}'),
(2311, 4, 1, 'a:7:{s:9:\"connexion\";b:1;s:4:\"mail\";s:24:\"birahim.babou@uvs.edu.sn\";s:6:\"profil\";s:1:\"2\";s:11:\"utilisateur\";s:1:\"1\";s:6:\"prenom\";s:7:\"Birahim\";s:3:\"nom\";s:5:\"BABOU\";s:4:\"role\";s:18:\"GMB_ADMINISTRATEUR\";}'),
(2312, 4, 1, 'a:7:{s:9:\"connexion\";b:1;s:4:\"mail\";s:24:\"birahim.babou@uvs.edu.sn\";s:6:\"profil\";s:1:\"2\";s:11:\"utilisateur\";s:1:\"1\";s:6:\"prenom\";s:7:\"Birahim\";s:3:\"nom\";s:5:\"BABOU\";s:4:\"role\";s:18:\"GMB_ADMINISTRATEUR\";}'),
(2313, 4, 1, 'a:7:{s:9:\"connexion\";b:1;s:4:\"mail\";s:24:\"birahim.babou@uvs.edu.sn\";s:6:\"profil\";s:1:\"2\";s:11:\"utilisateur\";s:1:\"1\";s:6:\"prenom\";s:7:\"Birahim\";s:3:\"nom\";s:5:\"BABOU\";s:4:\"role\";s:18:\"GMB_ADMINISTRATEUR\";}'),
(2314, 4, 1, 'a:7:{s:9:\"connexion\";b:1;s:4:\"mail\";s:24:\"birahim.babou@uvs.edu.sn\";s:6:\"profil\";s:1:\"2\";s:11:\"utilisateur\";s:1:\"1\";s:6:\"prenom\";s:7:\"Birahim\";s:3:\"nom\";s:5:\"BABOU\";s:4:\"role\";s:18:\"GMB_ADMINISTRATEUR\";}'),
(2315, 4, 1, 'a:7:{s:9:\"connexion\";b:1;s:4:\"mail\";s:24:\"birahim.babou@uvs.edu.sn\";s:6:\"profil\";s:1:\"2\";s:11:\"utilisateur\";s:1:\"1\";s:6:\"prenom\";s:7:\"Birahim\";s:3:\"nom\";s:5:\"BABOU\";s:4:\"role\";s:18:\"GMB_ADMINISTRATEUR\";}'),
(2316, 4, 1, 'a:7:{s:9:\"connexion\";b:1;s:4:\"mail\";s:24:\"birahim.babou@uvs.edu.sn\";s:6:\"profil\";s:1:\"2\";s:11:\"utilisateur\";s:1:\"1\";s:6:\"prenom\";s:7:\"Birahim\";s:3:\"nom\";s:5:\"BABOU\";s:4:\"role\";s:18:\"GMB_ADMINISTRATEUR\";}'),
(2317, 4, 1, 'a:7:{s:9:\"connexion\";b:1;s:4:\"mail\";s:24:\"birahim.babou@uvs.edu.sn\";s:6:\"profil\";s:1:\"2\";s:11:\"utilisateur\";s:1:\"1\";s:6:\"prenom\";s:7:\"Birahim\";s:3:\"nom\";s:5:\"BABOU\";s:4:\"role\";s:18:\"GMB_ADMINISTRATEUR\";}'),
(2318, 4, 1, 'a:7:{s:9:\"connexion\";b:1;s:4:\"mail\";s:24:\"birahim.babou@uvs.edu.sn\";s:6:\"profil\";s:1:\"2\";s:11:\"utilisateur\";s:1:\"1\";s:6:\"prenom\";s:7:\"Birahim\";s:3:\"nom\";s:5:\"BABOU\";s:4:\"role\";s:18:\"GMB_ADMINISTRATEUR\";}'),
(2319, 4, 1, 'a:7:{s:9:\"connexion\";b:1;s:4:\"mail\";s:24:\"birahim.babou@uvs.edu.sn\";s:6:\"profil\";s:1:\"2\";s:11:\"utilisateur\";s:1:\"1\";s:6:\"prenom\";s:7:\"Birahim\";s:3:\"nom\";s:5:\"BABOU\";s:4:\"role\";s:18:\"GMB_ADMINISTRATEUR\";}'),
(2320, 4, 1, 'a:7:{s:9:\"connexion\";b:1;s:4:\"mail\";s:24:\"birahim.babou@uvs.edu.sn\";s:6:\"profil\";s:1:\"2\";s:11:\"utilisateur\";s:1:\"1\";s:6:\"prenom\";s:7:\"Birahim\";s:3:\"nom\";s:5:\"BABOU\";s:4:\"role\";s:18:\"GMB_ADMINISTRATEUR\";}'),
(2321, 4, 1, 'a:7:{s:9:\"connexion\";b:1;s:4:\"mail\";s:24:\"birahim.babou@uvs.edu.sn\";s:6:\"profil\";s:1:\"2\";s:11:\"utilisateur\";s:1:\"1\";s:6:\"prenom\";s:7:\"Birahim\";s:3:\"nom\";s:5:\"BABOU\";s:4:\"role\";s:18:\"GMB_ADMINISTRATEUR\";}'),
(2322, 4, 1, 'a:7:{s:9:\"connexion\";b:1;s:4:\"mail\";s:24:\"birahim.babou@uvs.edu.sn\";s:6:\"profil\";s:1:\"2\";s:11:\"utilisateur\";s:1:\"1\";s:6:\"prenom\";s:7:\"Birahim\";s:3:\"nom\";s:5:\"BABOU\";s:4:\"role\";s:18:\"GMB_ADMINISTRATEUR\";}'),
(2323, 4, 1, 'a:7:{s:9:\"connexion\";b:1;s:4:\"mail\";s:24:\"birahim.babou@uvs.edu.sn\";s:6:\"profil\";s:1:\"2\";s:11:\"utilisateur\";s:1:\"1\";s:6:\"prenom\";s:7:\"Birahim\";s:3:\"nom\";s:5:\"BABOU\";s:4:\"role\";s:18:\"GMB_ADMINISTRATEUR\";}'),
(2324, 4, 1, 'a:7:{s:9:\"connexion\";b:1;s:4:\"mail\";s:24:\"birahim.babou@uvs.edu.sn\";s:6:\"profil\";s:1:\"2\";s:11:\"utilisateur\";s:1:\"1\";s:6:\"prenom\";s:7:\"Birahim\";s:3:\"nom\";s:5:\"BABOU\";s:4:\"role\";s:18:\"GMB_ADMINISTRATEUR\";}'),
(2325, 4, 1, 'a:7:{s:9:\"connexion\";b:1;s:4:\"mail\";s:24:\"birahim.babou@uvs.edu.sn\";s:6:\"profil\";s:1:\"2\";s:11:\"utilisateur\";s:1:\"1\";s:6:\"prenom\";s:7:\"Birahim\";s:3:\"nom\";s:5:\"BABOU\";s:4:\"role\";s:18:\"GMB_ADMINISTRATEUR\";}'),
(2326, 4, 1, 'a:7:{s:9:\"connexion\";b:1;s:4:\"mail\";s:24:\"birahim.babou@uvs.edu.sn\";s:6:\"profil\";s:1:\"2\";s:11:\"utilisateur\";s:1:\"1\";s:6:\"prenom\";s:7:\"Birahim\";s:3:\"nom\";s:5:\"BABOU\";s:4:\"role\";s:18:\"GMB_ADMINISTRATEUR\";}'),
(2327, 4, 1, 'a:7:{s:9:\"connexion\";b:1;s:4:\"mail\";s:24:\"birahim.babou@uvs.edu.sn\";s:6:\"profil\";s:1:\"2\";s:11:\"utilisateur\";s:1:\"1\";s:6:\"prenom\";s:7:\"Birahim\";s:3:\"nom\";s:5:\"BABOU\";s:4:\"role\";s:18:\"GMB_ADMINISTRATEUR\";}'),
(2328, 4, 1, 'a:7:{s:9:\"connexion\";b:1;s:4:\"mail\";s:24:\"birahim.babou@uvs.edu.sn\";s:6:\"profil\";s:1:\"2\";s:11:\"utilisateur\";s:1:\"1\";s:6:\"prenom\";s:7:\"Birahim\";s:3:\"nom\";s:5:\"BABOU\";s:4:\"role\";s:18:\"GMB_ADMINISTRATEUR\";}'),
(2329, 4, 1, 'a:7:{s:9:\"connexion\";b:1;s:4:\"mail\";s:24:\"birahim.babou@uvs.edu.sn\";s:6:\"profil\";s:1:\"2\";s:11:\"utilisateur\";s:1:\"1\";s:6:\"prenom\";s:7:\"Birahim\";s:3:\"nom\";s:5:\"BABOU\";s:4:\"role\";s:18:\"GMB_ADMINISTRATEUR\";}'),
(2330, 4, 1, 'a:7:{s:9:\"connexion\";b:1;s:4:\"mail\";s:24:\"birahim.babou@uvs.edu.sn\";s:6:\"profil\";s:1:\"2\";s:11:\"utilisateur\";s:1:\"1\";s:6:\"prenom\";s:7:\"Birahim\";s:3:\"nom\";s:5:\"BABOU\";s:4:\"role\";s:18:\"GMB_ADMINISTRATEUR\";}'),
(2331, 4, 1, 'a:7:{s:9:\"connexion\";b:1;s:4:\"mail\";s:24:\"birahim.babou@uvs.edu.sn\";s:6:\"profil\";s:1:\"2\";s:11:\"utilisateur\";s:1:\"1\";s:6:\"prenom\";s:7:\"Birahim\";s:3:\"nom\";s:5:\"BABOU\";s:4:\"role\";s:18:\"GMB_ADMINISTRATEUR\";}'),
(2332, 4, 1, 'a:7:{s:9:\"connexion\";b:1;s:4:\"mail\";s:24:\"birahim.babou@uvs.edu.sn\";s:6:\"profil\";s:1:\"2\";s:11:\"utilisateur\";s:1:\"1\";s:6:\"prenom\";s:7:\"Birahim\";s:3:\"nom\";s:5:\"BABOU\";s:4:\"role\";s:18:\"GMB_ADMINISTRATEUR\";}'),
(2333, 4, 1, 'a:7:{s:9:\"connexion\";b:1;s:4:\"mail\";s:24:\"birahim.babou@uvs.edu.sn\";s:6:\"profil\";s:1:\"2\";s:11:\"utilisateur\";s:1:\"1\";s:6:\"prenom\";s:7:\"Birahim\";s:3:\"nom\";s:5:\"BABOU\";s:4:\"role\";s:18:\"GMB_ADMINISTRATEUR\";}'),
(2334, 4, 1, 'a:7:{s:9:\"connexion\";b:1;s:4:\"mail\";s:24:\"birahim.babou@uvs.edu.sn\";s:6:\"profil\";s:1:\"2\";s:11:\"utilisateur\";s:1:\"1\";s:6:\"prenom\";s:7:\"Birahim\";s:3:\"nom\";s:5:\"BABOU\";s:4:\"role\";s:18:\"GMB_ADMINISTRATEUR\";}'),
(2335, 4, 1, 'a:7:{s:9:\"connexion\";b:1;s:4:\"mail\";s:24:\"birahim.babou@uvs.edu.sn\";s:6:\"profil\";s:1:\"2\";s:11:\"utilisateur\";s:1:\"1\";s:6:\"prenom\";s:7:\"Birahim\";s:3:\"nom\";s:5:\"BABOU\";s:4:\"role\";s:18:\"GMB_ADMINISTRATEUR\";}'),
(2336, 4, 1, 'a:7:{s:9:\"connexion\";b:1;s:4:\"mail\";s:24:\"birahim.babou@uvs.edu.sn\";s:6:\"profil\";s:1:\"2\";s:11:\"utilisateur\";s:1:\"1\";s:6:\"prenom\";s:7:\"Birahim\";s:3:\"nom\";s:5:\"BABOU\";s:4:\"role\";s:18:\"GMB_ADMINISTRATEUR\";}'),
(2337, 4, 1, 'a:7:{s:9:\"connexion\";b:1;s:4:\"mail\";s:24:\"birahim.babou@uvs.edu.sn\";s:6:\"profil\";s:1:\"2\";s:11:\"utilisateur\";s:1:\"1\";s:6:\"prenom\";s:7:\"Birahim\";s:3:\"nom\";s:5:\"BABOU\";s:4:\"role\";s:18:\"GMB_ADMINISTRATEUR\";}'),
(2338, 4, 1, 'a:7:{s:9:\"connexion\";b:1;s:4:\"mail\";s:24:\"birahim.babou@uvs.edu.sn\";s:6:\"profil\";s:1:\"2\";s:11:\"utilisateur\";s:1:\"1\";s:6:\"prenom\";s:7:\"Birahim\";s:3:\"nom\";s:5:\"BABOU\";s:4:\"role\";s:18:\"GMB_ADMINISTRATEUR\";}'),
(2339, 4, 1, 'a:7:{s:9:\"connexion\";b:1;s:4:\"mail\";s:24:\"birahim.babou@uvs.edu.sn\";s:6:\"profil\";s:1:\"2\";s:11:\"utilisateur\";s:1:\"1\";s:6:\"prenom\";s:7:\"Birahim\";s:3:\"nom\";s:5:\"BABOU\";s:4:\"role\";s:18:\"GMB_ADMINISTRATEUR\";}'),
(2340, 4, 1, 'a:7:{s:9:\"connexion\";b:1;s:4:\"mail\";s:24:\"birahim.babou@uvs.edu.sn\";s:6:\"profil\";s:1:\"2\";s:11:\"utilisateur\";s:1:\"1\";s:6:\"prenom\";s:7:\"Birahim\";s:3:\"nom\";s:5:\"BABOU\";s:4:\"role\";s:18:\"GMB_ADMINISTRATEUR\";}'),
(2341, 4, 1, 'a:7:{s:9:\"connexion\";b:1;s:4:\"mail\";s:24:\"birahim.babou@uvs.edu.sn\";s:6:\"profil\";s:1:\"2\";s:11:\"utilisateur\";s:1:\"1\";s:6:\"prenom\";s:7:\"Birahim\";s:3:\"nom\";s:5:\"BABOU\";s:4:\"role\";s:18:\"GMB_ADMINISTRATEUR\";}'),
(2342, 4, 1, 'a:7:{s:9:\"connexion\";b:1;s:4:\"mail\";s:24:\"birahim.babou@uvs.edu.sn\";s:6:\"profil\";s:1:\"2\";s:11:\"utilisateur\";s:1:\"1\";s:6:\"prenom\";s:7:\"Birahim\";s:3:\"nom\";s:5:\"BABOU\";s:4:\"role\";s:18:\"GMB_ADMINISTRATEUR\";}'),
(2343, 4, 1, 'a:7:{s:9:\"connexion\";b:1;s:4:\"mail\";s:24:\"birahim.babou@uvs.edu.sn\";s:6:\"profil\";s:1:\"2\";s:11:\"utilisateur\";s:1:\"1\";s:6:\"prenom\";s:7:\"Birahim\";s:3:\"nom\";s:5:\"BABOU\";s:4:\"role\";s:18:\"GMB_ADMINISTRATEUR\";}'),
(2344, 4, 1, 'a:7:{s:9:\"connexion\";b:1;s:4:\"mail\";s:24:\"birahim.babou@uvs.edu.sn\";s:6:\"profil\";s:1:\"2\";s:11:\"utilisateur\";s:1:\"1\";s:6:\"prenom\";s:7:\"Birahim\";s:3:\"nom\";s:5:\"BABOU\";s:4:\"role\";s:18:\"GMB_ADMINISTRATEUR\";}'),
(2345, 4, 1, 'a:7:{s:9:\"connexion\";b:1;s:4:\"mail\";s:24:\"birahim.babou@uvs.edu.sn\";s:6:\"profil\";s:1:\"2\";s:11:\"utilisateur\";s:1:\"1\";s:6:\"prenom\";s:7:\"Birahim\";s:3:\"nom\";s:5:\"BABOU\";s:4:\"role\";s:18:\"GMB_ADMINISTRATEUR\";}'),
(2346, 4, 1, 'a:7:{s:9:\"connexion\";b:1;s:4:\"mail\";s:24:\"birahim.babou@uvs.edu.sn\";s:6:\"profil\";s:1:\"2\";s:11:\"utilisateur\";s:1:\"1\";s:6:\"prenom\";s:7:\"Birahim\";s:3:\"nom\";s:5:\"BABOU\";s:4:\"role\";s:18:\"GMB_ADMINISTRATEUR\";}'),
(2347, 4, 1, 'a:7:{s:9:\"connexion\";b:1;s:4:\"mail\";s:24:\"birahim.babou@uvs.edu.sn\";s:6:\"profil\";s:1:\"2\";s:11:\"utilisateur\";s:1:\"1\";s:6:\"prenom\";s:7:\"Birahim\";s:3:\"nom\";s:5:\"BABOU\";s:4:\"role\";s:18:\"GMB_ADMINISTRATEUR\";}'),
(2348, 4, 1, 'a:7:{s:9:\"connexion\";b:1;s:4:\"mail\";s:24:\"birahim.babou@uvs.edu.sn\";s:6:\"profil\";s:1:\"2\";s:11:\"utilisateur\";s:1:\"1\";s:6:\"prenom\";s:7:\"Birahim\";s:3:\"nom\";s:5:\"BABOU\";s:4:\"role\";s:18:\"GMB_ADMINISTRATEUR\";}'),
(2349, 4, 1, 'a:7:{s:9:\"connexion\";b:1;s:4:\"mail\";s:24:\"birahim.babou@uvs.edu.sn\";s:6:\"profil\";s:1:\"2\";s:11:\"utilisateur\";s:1:\"1\";s:6:\"prenom\";s:7:\"Birahim\";s:3:\"nom\";s:5:\"BABOU\";s:4:\"role\";s:18:\"GMB_ADMINISTRATEUR\";}'),
(2350, 4, 1, 'a:7:{s:9:\"connexion\";b:1;s:4:\"mail\";s:24:\"birahim.babou@uvs.edu.sn\";s:6:\"profil\";s:1:\"2\";s:11:\"utilisateur\";s:1:\"1\";s:6:\"prenom\";s:7:\"Birahim\";s:3:\"nom\";s:5:\"BABOU\";s:4:\"role\";s:18:\"GMB_ADMINISTRATEUR\";}'),
(2351, 4, 1, 'a:7:{s:9:\"connexion\";b:1;s:4:\"mail\";s:24:\"birahim.babou@uvs.edu.sn\";s:6:\"profil\";s:1:\"2\";s:11:\"utilisateur\";s:1:\"1\";s:6:\"prenom\";s:7:\"Birahim\";s:3:\"nom\";s:5:\"BABOU\";s:4:\"role\";s:18:\"GMB_ADMINISTRATEUR\";}'),
(2352, 4, 1, 'a:7:{s:9:\"connexion\";b:1;s:4:\"mail\";s:24:\"birahim.babou@uvs.edu.sn\";s:6:\"profil\";s:1:\"2\";s:11:\"utilisateur\";s:1:\"1\";s:6:\"prenom\";s:7:\"Birahim\";s:3:\"nom\";s:5:\"BABOU\";s:4:\"role\";s:18:\"GMB_ADMINISTRATEUR\";}'),
(2353, 4, 1, 'a:7:{s:9:\"connexion\";b:1;s:4:\"mail\";s:24:\"birahim.babou@uvs.edu.sn\";s:6:\"profil\";s:1:\"2\";s:11:\"utilisateur\";s:1:\"1\";s:6:\"prenom\";s:7:\"Birahim\";s:3:\"nom\";s:5:\"BABOU\";s:4:\"role\";s:18:\"GMB_ADMINISTRATEUR\";}'),
(2354, 4, 1, 'a:7:{s:9:\"connexion\";b:1;s:4:\"mail\";s:24:\"birahim.babou@uvs.edu.sn\";s:6:\"profil\";s:1:\"2\";s:11:\"utilisateur\";s:1:\"1\";s:6:\"prenom\";s:7:\"Birahim\";s:3:\"nom\";s:5:\"BABOU\";s:4:\"role\";s:18:\"GMB_ADMINISTRATEUR\";}'),
(2355, 4, 1, 'a:7:{s:9:\"connexion\";b:1;s:4:\"mail\";s:24:\"birahim.babou@uvs.edu.sn\";s:6:\"profil\";s:1:\"2\";s:11:\"utilisateur\";s:1:\"1\";s:6:\"prenom\";s:7:\"Birahim\";s:3:\"nom\";s:5:\"BABOU\";s:4:\"role\";s:18:\"GMB_ADMINISTRATEUR\";}'),
(2356, 4, 1, 'a:7:{s:9:\"connexion\";b:1;s:4:\"mail\";s:24:\"birahim.babou@uvs.edu.sn\";s:6:\"profil\";s:1:\"2\";s:11:\"utilisateur\";s:1:\"1\";s:6:\"prenom\";s:7:\"Birahim\";s:3:\"nom\";s:5:\"BABOU\";s:4:\"role\";s:18:\"GMB_ADMINISTRATEUR\";}'),
(2357, 4, 1, 'a:7:{s:9:\"connexion\";b:1;s:4:\"mail\";s:24:\"birahim.babou@uvs.edu.sn\";s:6:\"profil\";s:1:\"2\";s:11:\"utilisateur\";s:1:\"1\";s:6:\"prenom\";s:7:\"Birahim\";s:3:\"nom\";s:5:\"BABOU\";s:4:\"role\";s:18:\"GMB_ADMINISTRATEUR\";}'),
(2358, 4, 1, 'a:7:{s:9:\"connexion\";b:1;s:4:\"mail\";s:24:\"birahim.babou@uvs.edu.sn\";s:6:\"profil\";s:1:\"2\";s:11:\"utilisateur\";s:1:\"1\";s:6:\"prenom\";s:7:\"Birahim\";s:3:\"nom\";s:5:\"BABOU\";s:4:\"role\";s:18:\"GMB_ADMINISTRATEUR\";}'),
(2359, 4, 1, 'a:7:{s:9:\"connexion\";b:1;s:4:\"mail\";s:24:\"birahim.babou@uvs.edu.sn\";s:6:\"profil\";s:1:\"2\";s:11:\"utilisateur\";s:1:\"1\";s:6:\"prenom\";s:7:\"Birahim\";s:3:\"nom\";s:5:\"BABOU\";s:4:\"role\";s:18:\"GMB_ADMINISTRATEUR\";}'),
(2360, 4, 1, 'a:7:{s:9:\"connexion\";b:1;s:4:\"mail\";s:24:\"birahim.babou@uvs.edu.sn\";s:6:\"profil\";s:1:\"2\";s:11:\"utilisateur\";s:1:\"1\";s:6:\"prenom\";s:7:\"Birahim\";s:3:\"nom\";s:5:\"BABOU\";s:4:\"role\";s:18:\"GMB_ADMINISTRATEUR\";}'),
(2361, 4, 1, 'a:7:{s:9:\"connexion\";b:1;s:4:\"mail\";s:24:\"birahim.babou@uvs.edu.sn\";s:6:\"profil\";s:1:\"2\";s:11:\"utilisateur\";s:1:\"1\";s:6:\"prenom\";s:7:\"Birahim\";s:3:\"nom\";s:5:\"BABOU\";s:4:\"role\";s:18:\"GMB_ADMINISTRATEUR\";}'),
(2362, 4, 1, 'a:7:{s:9:\"connexion\";b:1;s:4:\"mail\";s:24:\"birahim.babou@uvs.edu.sn\";s:6:\"profil\";s:1:\"2\";s:11:\"utilisateur\";s:1:\"1\";s:6:\"prenom\";s:7:\"Birahim\";s:3:\"nom\";s:5:\"BABOU\";s:4:\"role\";s:18:\"GMB_ADMINISTRATEUR\";}'),
(2363, 4, 1, 'a:7:{s:9:\"connexion\";b:1;s:4:\"mail\";s:24:\"birahim.babou@uvs.edu.sn\";s:6:\"profil\";s:1:\"2\";s:11:\"utilisateur\";s:1:\"1\";s:6:\"prenom\";s:7:\"Birahim\";s:3:\"nom\";s:5:\"BABOU\";s:4:\"role\";s:18:\"GMB_ADMINISTRATEUR\";}'),
(2364, 4, 1, 'a:7:{s:9:\"connexion\";b:1;s:4:\"mail\";s:24:\"birahim.babou@uvs.edu.sn\";s:6:\"profil\";s:1:\"2\";s:11:\"utilisateur\";s:1:\"1\";s:6:\"prenom\";s:7:\"Birahim\";s:3:\"nom\";s:5:\"BABOU\";s:4:\"role\";s:18:\"GMB_ADMINISTRATEUR\";}'),
(2365, 4, 1, 'a:7:{s:9:\"connexion\";b:1;s:4:\"mail\";s:24:\"birahim.babou@uvs.edu.sn\";s:6:\"profil\";s:1:\"2\";s:11:\"utilisateur\";s:1:\"1\";s:6:\"prenom\";s:7:\"Birahim\";s:3:\"nom\";s:5:\"BABOU\";s:4:\"role\";s:18:\"GMB_ADMINISTRATEUR\";}'),
(2366, 4, 1, 'a:7:{s:9:\"connexion\";b:1;s:4:\"mail\";s:24:\"birahim.babou@uvs.edu.sn\";s:6:\"profil\";s:1:\"2\";s:11:\"utilisateur\";s:1:\"1\";s:6:\"prenom\";s:7:\"Birahim\";s:3:\"nom\";s:5:\"BABOU\";s:4:\"role\";s:18:\"GMB_ADMINISTRATEUR\";}'),
(2367, 4, 1, 'a:7:{s:9:\"connexion\";b:1;s:4:\"mail\";s:24:\"birahim.babou@uvs.edu.sn\";s:6:\"profil\";s:1:\"2\";s:11:\"utilisateur\";s:1:\"1\";s:6:\"prenom\";s:7:\"Birahim\";s:3:\"nom\";s:5:\"BABOU\";s:4:\"role\";s:18:\"GMB_ADMINISTRATEUR\";}'),
(2368, 4, 1, 'a:7:{s:9:\"connexion\";b:1;s:4:\"mail\";s:24:\"birahim.babou@uvs.edu.sn\";s:6:\"profil\";s:1:\"2\";s:11:\"utilisateur\";s:1:\"1\";s:6:\"prenom\";s:7:\"Birahim\";s:3:\"nom\";s:5:\"BABOU\";s:4:\"role\";s:18:\"GMB_ADMINISTRATEUR\";}'),
(2369, 4, 1, 'a:7:{s:9:\"connexion\";b:1;s:4:\"mail\";s:24:\"birahim.babou@uvs.edu.sn\";s:6:\"profil\";s:1:\"2\";s:11:\"utilisateur\";s:1:\"1\";s:6:\"prenom\";s:7:\"Birahim\";s:3:\"nom\";s:5:\"BABOU\";s:4:\"role\";s:18:\"GMB_ADMINISTRATEUR\";}'),
(2370, 4, 1, 'a:7:{s:9:\"connexion\";b:1;s:4:\"mail\";s:24:\"birahim.babou@uvs.edu.sn\";s:6:\"profil\";s:1:\"2\";s:11:\"utilisateur\";s:1:\"1\";s:6:\"prenom\";s:7:\"Birahim\";s:3:\"nom\";s:5:\"BABOU\";s:4:\"role\";s:18:\"GMB_ADMINISTRATEUR\";}'),
(2371, 4, 1, 'a:7:{s:9:\"connexion\";b:1;s:4:\"mail\";s:24:\"birahim.babou@uvs.edu.sn\";s:6:\"profil\";s:1:\"2\";s:11:\"utilisateur\";s:1:\"1\";s:6:\"prenom\";s:7:\"Birahim\";s:3:\"nom\";s:5:\"BABOU\";s:4:\"role\";s:18:\"GMB_ADMINISTRATEUR\";}'),
(2372, 4, 1, 'a:7:{s:9:\"connexion\";b:1;s:4:\"mail\";s:24:\"birahim.babou@uvs.edu.sn\";s:6:\"profil\";s:1:\"2\";s:11:\"utilisateur\";s:1:\"1\";s:6:\"prenom\";s:7:\"Birahim\";s:3:\"nom\";s:5:\"BABOU\";s:4:\"role\";s:18:\"GMB_ADMINISTRATEUR\";}'),
(2373, 4, 1, 'a:7:{s:9:\"connexion\";b:1;s:4:\"mail\";s:24:\"birahim.babou@uvs.edu.sn\";s:6:\"profil\";s:1:\"2\";s:11:\"utilisateur\";s:1:\"1\";s:6:\"prenom\";s:7:\"Birahim\";s:3:\"nom\";s:5:\"BABOU\";s:4:\"role\";s:18:\"GMB_ADMINISTRATEUR\";}'),
(2374, 4, 1, 'a:7:{s:9:\"connexion\";b:1;s:4:\"mail\";s:24:\"birahim.babou@uvs.edu.sn\";s:6:\"profil\";s:1:\"2\";s:11:\"utilisateur\";s:1:\"1\";s:6:\"prenom\";s:7:\"Birahim\";s:3:\"nom\";s:5:\"BABOU\";s:4:\"role\";s:18:\"GMB_ADMINISTRATEUR\";}'),
(2375, 4, 1, 'a:7:{s:9:\"connexion\";b:1;s:4:\"mail\";s:24:\"birahim.babou@uvs.edu.sn\";s:6:\"profil\";s:1:\"2\";s:11:\"utilisateur\";s:1:\"1\";s:6:\"prenom\";s:7:\"Birahim\";s:3:\"nom\";s:5:\"BABOU\";s:4:\"role\";s:18:\"GMB_ADMINISTRATEUR\";}'),
(2376, 4, 1, 'a:7:{s:9:\"connexion\";b:1;s:4:\"mail\";s:24:\"birahim.babou@uvs.edu.sn\";s:6:\"profil\";s:1:\"2\";s:11:\"utilisateur\";s:1:\"1\";s:6:\"prenom\";s:7:\"Birahim\";s:3:\"nom\";s:5:\"BABOU\";s:4:\"role\";s:18:\"GMB_ADMINISTRATEUR\";}'),
(2377, 4, 1, 'a:7:{s:9:\"connexion\";b:1;s:4:\"mail\";s:24:\"birahim.babou@uvs.edu.sn\";s:6:\"profil\";s:1:\"2\";s:11:\"utilisateur\";s:1:\"1\";s:6:\"prenom\";s:7:\"Birahim\";s:3:\"nom\";s:5:\"BABOU\";s:4:\"role\";s:18:\"GMB_ADMINISTRATEUR\";}'),
(2378, 4, 1, 'a:7:{s:9:\"connexion\";b:1;s:4:\"mail\";s:24:\"birahim.babou@uvs.edu.sn\";s:6:\"profil\";s:1:\"2\";s:11:\"utilisateur\";s:1:\"1\";s:6:\"prenom\";s:7:\"Birahim\";s:3:\"nom\";s:5:\"BABOU\";s:4:\"role\";s:18:\"GMB_ADMINISTRATEUR\";}'),
(2379, 4, 1, 'a:7:{s:9:\"connexion\";b:1;s:4:\"mail\";s:24:\"birahim.babou@uvs.edu.sn\";s:6:\"profil\";s:1:\"2\";s:11:\"utilisateur\";s:1:\"1\";s:6:\"prenom\";s:7:\"Birahim\";s:3:\"nom\";s:5:\"BABOU\";s:4:\"role\";s:18:\"GMB_ADMINISTRATEUR\";}'),
(2380, 4, 1, 'a:7:{s:9:\"connexion\";b:1;s:4:\"mail\";s:24:\"birahim.babou@uvs.edu.sn\";s:6:\"profil\";s:1:\"2\";s:11:\"utilisateur\";s:1:\"1\";s:6:\"prenom\";s:7:\"Birahim\";s:3:\"nom\";s:5:\"BABOU\";s:4:\"role\";s:18:\"GMB_ADMINISTRATEUR\";}'),
(2381, 4, 1, 'a:7:{s:9:\"connexion\";b:1;s:4:\"mail\";s:24:\"birahim.babou@uvs.edu.sn\";s:6:\"profil\";s:1:\"2\";s:11:\"utilisateur\";s:1:\"1\";s:6:\"prenom\";s:7:\"Birahim\";s:3:\"nom\";s:5:\"BABOU\";s:4:\"role\";s:18:\"GMB_ADMINISTRATEUR\";}'),
(2382, 4, 1, 'a:7:{s:9:\"connexion\";b:1;s:4:\"mail\";s:24:\"birahim.babou@uvs.edu.sn\";s:6:\"profil\";s:1:\"2\";s:11:\"utilisateur\";s:1:\"1\";s:6:\"prenom\";s:7:\"Birahim\";s:3:\"nom\";s:5:\"BABOU\";s:4:\"role\";s:18:\"GMB_ADMINISTRATEUR\";}'),
(2383, 4, 1, 'a:7:{s:9:\"connexion\";b:1;s:4:\"mail\";s:24:\"birahim.babou@uvs.edu.sn\";s:6:\"profil\";s:1:\"2\";s:11:\"utilisateur\";s:1:\"1\";s:6:\"prenom\";s:7:\"Birahim\";s:3:\"nom\";s:5:\"BABOU\";s:4:\"role\";s:18:\"GMB_ADMINISTRATEUR\";}'),
(2384, 4, 1, 'a:7:{s:9:\"connexion\";b:1;s:4:\"mail\";s:24:\"birahim.babou@uvs.edu.sn\";s:6:\"profil\";s:1:\"2\";s:11:\"utilisateur\";s:1:\"1\";s:6:\"prenom\";s:7:\"Birahim\";s:3:\"nom\";s:5:\"BABOU\";s:4:\"role\";s:18:\"GMB_ADMINISTRATEUR\";}'),
(2385, 4, 1, 'a:7:{s:9:\"connexion\";b:1;s:4:\"mail\";s:24:\"birahim.babou@uvs.edu.sn\";s:6:\"profil\";s:1:\"2\";s:11:\"utilisateur\";s:1:\"1\";s:6:\"prenom\";s:7:\"Birahim\";s:3:\"nom\";s:5:\"BABOU\";s:4:\"role\";s:18:\"GMB_ADMINISTRATEUR\";}'),
(2386, 4, 1, 'a:7:{s:9:\"connexion\";b:1;s:4:\"mail\";s:24:\"birahim.babou@uvs.edu.sn\";s:6:\"profil\";s:1:\"2\";s:11:\"utilisateur\";s:1:\"1\";s:6:\"prenom\";s:7:\"Birahim\";s:3:\"nom\";s:5:\"BABOU\";s:4:\"role\";s:18:\"GMB_ADMINISTRATEUR\";}'),
(2387, 4, 1, 'a:7:{s:9:\"connexion\";b:1;s:4:\"mail\";s:24:\"birahim.babou@uvs.edu.sn\";s:6:\"profil\";s:1:\"2\";s:11:\"utilisateur\";s:1:\"1\";s:6:\"prenom\";s:7:\"Birahim\";s:3:\"nom\";s:5:\"BABOU\";s:4:\"role\";s:18:\"GMB_ADMINISTRATEUR\";}'),
(2388, 4, 1, 'a:7:{s:9:\"connexion\";b:1;s:4:\"mail\";s:24:\"birahim.babou@uvs.edu.sn\";s:6:\"profil\";s:1:\"2\";s:11:\"utilisateur\";s:1:\"1\";s:6:\"prenom\";s:7:\"Birahim\";s:3:\"nom\";s:5:\"BABOU\";s:4:\"role\";s:18:\"GMB_ADMINISTRATEUR\";}'),
(2389, 4, 1, 'a:7:{s:9:\"connexion\";b:1;s:4:\"mail\";s:24:\"birahim.babou@uvs.edu.sn\";s:6:\"profil\";s:1:\"2\";s:11:\"utilisateur\";s:1:\"1\";s:6:\"prenom\";s:7:\"Birahim\";s:3:\"nom\";s:5:\"BABOU\";s:4:\"role\";s:18:\"GMB_ADMINISTRATEUR\";}'),
(2390, 4, 1, 'a:7:{s:9:\"connexion\";b:1;s:4:\"mail\";s:24:\"birahim.babou@uvs.edu.sn\";s:6:\"profil\";s:1:\"2\";s:11:\"utilisateur\";s:1:\"1\";s:6:\"prenom\";s:7:\"Birahim\";s:3:\"nom\";s:5:\"BABOU\";s:4:\"role\";s:18:\"GMB_ADMINISTRATEUR\";}'),
(2391, 4, 1, 'a:7:{s:9:\"connexion\";b:1;s:4:\"mail\";s:24:\"birahim.babou@uvs.edu.sn\";s:6:\"profil\";s:1:\"2\";s:11:\"utilisateur\";s:1:\"1\";s:6:\"prenom\";s:7:\"Birahim\";s:3:\"nom\";s:5:\"BABOU\";s:4:\"role\";s:18:\"GMB_ADMINISTRATEUR\";}'),
(2392, 4, 1, 'a:7:{s:9:\"connexion\";b:1;s:4:\"mail\";s:24:\"birahim.babou@uvs.edu.sn\";s:6:\"profil\";s:1:\"2\";s:11:\"utilisateur\";s:1:\"1\";s:6:\"prenom\";s:7:\"Birahim\";s:3:\"nom\";s:5:\"BABOU\";s:4:\"role\";s:18:\"GMB_ADMINISTRATEUR\";}'),
(2393, 4, 1, 'a:7:{s:9:\"connexion\";b:1;s:4:\"mail\";s:24:\"birahim.babou@uvs.edu.sn\";s:6:\"profil\";s:1:\"2\";s:11:\"utilisateur\";s:1:\"1\";s:6:\"prenom\";s:7:\"Birahim\";s:3:\"nom\";s:5:\"BABOU\";s:4:\"role\";s:18:\"GMB_ADMINISTRATEUR\";}'),
(2394, 4, 1, 'a:7:{s:9:\"connexion\";b:1;s:4:\"mail\";s:24:\"birahim.babou@uvs.edu.sn\";s:6:\"profil\";s:1:\"2\";s:11:\"utilisateur\";s:1:\"1\";s:6:\"prenom\";s:7:\"Birahim\";s:3:\"nom\";s:5:\"BABOU\";s:4:\"role\";s:18:\"GMB_ADMINISTRATEUR\";}'),
(2395, 4, 1, 'a:7:{s:9:\"connexion\";b:1;s:4:\"mail\";s:24:\"birahim.babou@uvs.edu.sn\";s:6:\"profil\";s:1:\"2\";s:11:\"utilisateur\";s:1:\"1\";s:6:\"prenom\";s:7:\"Birahim\";s:3:\"nom\";s:5:\"BABOU\";s:4:\"role\";s:18:\"GMB_ADMINISTRATEUR\";}'),
(2396, 4, 1, 'a:7:{s:9:\"connexion\";b:1;s:4:\"mail\";s:24:\"birahim.babou@uvs.edu.sn\";s:6:\"profil\";s:1:\"2\";s:11:\"utilisateur\";s:1:\"1\";s:6:\"prenom\";s:7:\"Birahim\";s:3:\"nom\";s:5:\"BABOU\";s:4:\"role\";s:18:\"GMB_ADMINISTRATEUR\";}'),
(2397, 4, 1, 'a:7:{s:9:\"connexion\";b:1;s:4:\"mail\";s:24:\"birahim.babou@uvs.edu.sn\";s:6:\"profil\";s:1:\"2\";s:11:\"utilisateur\";s:1:\"1\";s:6:\"prenom\";s:7:\"Birahim\";s:3:\"nom\";s:5:\"BABOU\";s:4:\"role\";s:18:\"GMB_ADMINISTRATEUR\";}'),
(2398, 4, 1, 'a:7:{s:9:\"connexion\";b:1;s:4:\"mail\";s:24:\"birahim.babou@uvs.edu.sn\";s:6:\"profil\";s:1:\"2\";s:11:\"utilisateur\";s:1:\"1\";s:6:\"prenom\";s:7:\"Birahim\";s:3:\"nom\";s:5:\"BABOU\";s:4:\"role\";s:18:\"GMB_ADMINISTRATEUR\";}'),
(2399, 4, 1, 'a:7:{s:9:\"connexion\";b:1;s:4:\"mail\";s:24:\"birahim.babou@uvs.edu.sn\";s:6:\"profil\";s:1:\"2\";s:11:\"utilisateur\";s:1:\"1\";s:6:\"prenom\";s:7:\"Birahim\";s:3:\"nom\";s:5:\"BABOU\";s:4:\"role\";s:18:\"GMB_ADMINISTRATEUR\";}'),
(2400, 4, 1, 'a:7:{s:9:\"connexion\";b:1;s:4:\"mail\";s:24:\"birahim.babou@uvs.edu.sn\";s:6:\"profil\";s:1:\"2\";s:11:\"utilisateur\";s:1:\"1\";s:6:\"prenom\";s:7:\"Birahim\";s:3:\"nom\";s:5:\"BABOU\";s:4:\"role\";s:18:\"GMB_ADMINISTRATEUR\";}'),
(2401, 4, 1, 'a:7:{s:9:\"connexion\";b:1;s:4:\"mail\";s:24:\"birahim.babou@uvs.edu.sn\";s:6:\"profil\";s:1:\"2\";s:11:\"utilisateur\";s:1:\"1\";s:6:\"prenom\";s:7:\"Birahim\";s:3:\"nom\";s:5:\"BABOU\";s:4:\"role\";s:18:\"GMB_ADMINISTRATEUR\";}'),
(2402, 4, 1, 'a:7:{s:9:\"connexion\";b:1;s:4:\"mail\";s:24:\"birahim.babou@uvs.edu.sn\";s:6:\"profil\";s:1:\"2\";s:11:\"utilisateur\";s:1:\"1\";s:6:\"prenom\";s:7:\"Birahim\";s:3:\"nom\";s:5:\"BABOU\";s:4:\"role\";s:18:\"GMB_ADMINISTRATEUR\";}'),
(2403, 4, 1, 'a:7:{s:9:\"connexion\";b:1;s:4:\"mail\";s:24:\"birahim.babou@uvs.edu.sn\";s:6:\"profil\";s:1:\"2\";s:11:\"utilisateur\";s:1:\"1\";s:6:\"prenom\";s:7:\"Birahim\";s:3:\"nom\";s:5:\"BABOU\";s:4:\"role\";s:18:\"GMB_ADMINISTRATEUR\";}'),
(2404, 4, 1, 'a:7:{s:9:\"connexion\";b:1;s:4:\"mail\";s:24:\"birahim.babou@uvs.edu.sn\";s:6:\"profil\";s:1:\"2\";s:11:\"utilisateur\";s:1:\"1\";s:6:\"prenom\";s:7:\"Birahim\";s:3:\"nom\";s:5:\"BABOU\";s:4:\"role\";s:18:\"GMB_ADMINISTRATEUR\";}'),
(2405, 4, 1, 'a:7:{s:9:\"connexion\";b:1;s:4:\"mail\";s:24:\"birahim.babou@uvs.edu.sn\";s:6:\"profil\";s:1:\"2\";s:11:\"utilisateur\";s:1:\"1\";s:6:\"prenom\";s:7:\"Birahim\";s:3:\"nom\";s:5:\"BABOU\";s:4:\"role\";s:18:\"GMB_ADMINISTRATEUR\";}'),
(2406, 4, 1, 'a:7:{s:9:\"connexion\";b:1;s:4:\"mail\";s:24:\"birahim.babou@uvs.edu.sn\";s:6:\"profil\";s:1:\"2\";s:11:\"utilisateur\";s:1:\"1\";s:6:\"prenom\";s:7:\"Birahim\";s:3:\"nom\";s:5:\"BABOU\";s:4:\"role\";s:18:\"GMB_ADMINISTRATEUR\";}'),
(2407, 4, 1, 'a:7:{s:9:\"connexion\";b:1;s:4:\"mail\";s:24:\"birahim.babou@uvs.edu.sn\";s:6:\"profil\";s:1:\"2\";s:11:\"utilisateur\";s:1:\"1\";s:6:\"prenom\";s:7:\"Birahim\";s:3:\"nom\";s:5:\"BABOU\";s:4:\"role\";s:18:\"GMB_ADMINISTRATEUR\";}'),
(2408, 4, 1, 'a:7:{s:9:\"connexion\";b:1;s:4:\"mail\";s:24:\"birahim.babou@uvs.edu.sn\";s:6:\"profil\";s:1:\"2\";s:11:\"utilisateur\";s:1:\"1\";s:6:\"prenom\";s:7:\"Birahim\";s:3:\"nom\";s:5:\"BABOU\";s:4:\"role\";s:18:\"GMB_ADMINISTRATEUR\";}'),
(2409, 4, 1, 'a:7:{s:9:\"connexion\";b:1;s:4:\"mail\";s:24:\"birahim.babou@uvs.edu.sn\";s:6:\"profil\";s:1:\"2\";s:11:\"utilisateur\";s:1:\"1\";s:6:\"prenom\";s:7:\"Birahim\";s:3:\"nom\";s:5:\"BABOU\";s:4:\"role\";s:18:\"GMB_ADMINISTRATEUR\";}'),
(2410, 4, 1, 'a:7:{s:9:\"connexion\";b:1;s:4:\"mail\";s:24:\"birahim.babou@uvs.edu.sn\";s:6:\"profil\";s:1:\"2\";s:11:\"utilisateur\";s:1:\"1\";s:6:\"prenom\";s:7:\"Birahim\";s:3:\"nom\";s:5:\"BABOU\";s:4:\"role\";s:18:\"GMB_ADMINISTRATEUR\";}'),
(2411, 4, 1, 'a:7:{s:9:\"connexion\";b:1;s:4:\"mail\";s:24:\"birahim.babou@uvs.edu.sn\";s:6:\"profil\";s:1:\"2\";s:11:\"utilisateur\";s:1:\"1\";s:6:\"prenom\";s:7:\"Birahim\";s:3:\"nom\";s:5:\"BABOU\";s:4:\"role\";s:18:\"GMB_ADMINISTRATEUR\";}'),
(2412, 4, 1, 'a:7:{s:9:\"connexion\";b:1;s:4:\"mail\";s:24:\"birahim.babou@uvs.edu.sn\";s:6:\"profil\";s:1:\"2\";s:11:\"utilisateur\";s:1:\"1\";s:6:\"prenom\";s:7:\"Birahim\";s:3:\"nom\";s:5:\"BABOU\";s:4:\"role\";s:18:\"GMB_ADMINISTRATEUR\";}'),
(2413, 4, 1, 'a:7:{s:9:\"connexion\";b:1;s:4:\"mail\";s:24:\"birahim.babou@uvs.edu.sn\";s:6:\"profil\";s:1:\"2\";s:11:\"utilisateur\";s:1:\"1\";s:6:\"prenom\";s:7:\"Birahim\";s:3:\"nom\";s:5:\"BABOU\";s:4:\"role\";s:18:\"GMB_ADMINISTRATEUR\";}'),
(2414, 4, 1, 'a:7:{s:9:\"connexion\";b:1;s:4:\"mail\";s:24:\"birahim.babou@uvs.edu.sn\";s:6:\"profil\";s:1:\"2\";s:11:\"utilisateur\";s:1:\"1\";s:6:\"prenom\";s:7:\"Birahim\";s:3:\"nom\";s:5:\"BABOU\";s:4:\"role\";s:18:\"GMB_ADMINISTRATEUR\";}'),
(2415, 4, 1, 'a:7:{s:9:\"connexion\";b:1;s:4:\"mail\";s:24:\"birahim.babou@uvs.edu.sn\";s:6:\"profil\";s:1:\"2\";s:11:\"utilisateur\";s:1:\"1\";s:6:\"prenom\";s:7:\"Birahim\";s:3:\"nom\";s:5:\"BABOU\";s:4:\"role\";s:18:\"GMB_ADMINISTRATEUR\";}'),
(2416, 4, 1, 'a:7:{s:9:\"connexion\";b:1;s:4:\"mail\";s:24:\"birahim.babou@uvs.edu.sn\";s:6:\"profil\";s:1:\"2\";s:11:\"utilisateur\";s:1:\"1\";s:6:\"prenom\";s:7:\"Birahim\";s:3:\"nom\";s:5:\"BABOU\";s:4:\"role\";s:18:\"GMB_ADMINISTRATEUR\";}'),
(2417, 4, 1, 'a:7:{s:9:\"connexion\";b:1;s:4:\"mail\";s:24:\"birahim.babou@uvs.edu.sn\";s:6:\"profil\";s:1:\"2\";s:11:\"utilisateur\";s:1:\"1\";s:6:\"prenom\";s:7:\"Birahim\";s:3:\"nom\";s:5:\"BABOU\";s:4:\"role\";s:18:\"GMB_ADMINISTRATEUR\";}'),
(2418, 4, 1, 'a:7:{s:9:\"connexion\";b:1;s:4:\"mail\";s:24:\"birahim.babou@uvs.edu.sn\";s:6:\"profil\";s:1:\"2\";s:11:\"utilisateur\";s:1:\"1\";s:6:\"prenom\";s:7:\"Birahim\";s:3:\"nom\";s:5:\"BABOU\";s:4:\"role\";s:18:\"GMB_ADMINISTRATEUR\";}'),
(2419, 4, 1, 'a:7:{s:9:\"connexion\";b:1;s:4:\"mail\";s:24:\"birahim.babou@uvs.edu.sn\";s:6:\"profil\";s:1:\"2\";s:11:\"utilisateur\";s:1:\"1\";s:6:\"prenom\";s:7:\"Birahim\";s:3:\"nom\";s:5:\"BABOU\";s:4:\"role\";s:18:\"GMB_ADMINISTRATEUR\";}'),
(2420, 4, 1, 'a:7:{s:9:\"connexion\";b:1;s:4:\"mail\";s:24:\"birahim.babou@uvs.edu.sn\";s:6:\"profil\";s:1:\"2\";s:11:\"utilisateur\";s:1:\"1\";s:6:\"prenom\";s:7:\"Birahim\";s:3:\"nom\";s:5:\"BABOU\";s:4:\"role\";s:18:\"GMB_ADMINISTRATEUR\";}'),
(2421, 4, 1, 'a:7:{s:9:\"connexion\";b:1;s:4:\"mail\";s:24:\"birahim.babou@uvs.edu.sn\";s:6:\"profil\";s:1:\"2\";s:11:\"utilisateur\";s:1:\"1\";s:6:\"prenom\";s:7:\"Birahim\";s:3:\"nom\";s:5:\"BABOU\";s:4:\"role\";s:18:\"GMB_ADMINISTRATEUR\";}'),
(2422, 4, 1, 'a:7:{s:9:\"connexion\";b:1;s:4:\"mail\";s:24:\"birahim.babou@uvs.edu.sn\";s:6:\"profil\";s:1:\"2\";s:11:\"utilisateur\";s:1:\"1\";s:6:\"prenom\";s:7:\"Birahim\";s:3:\"nom\";s:5:\"BABOU\";s:4:\"role\";s:18:\"GMB_ADMINISTRATEUR\";}'),
(2423, 4, 1, 'a:7:{s:9:\"connexion\";b:1;s:4:\"mail\";s:24:\"birahim.babou@uvs.edu.sn\";s:6:\"profil\";s:1:\"2\";s:11:\"utilisateur\";s:1:\"1\";s:6:\"prenom\";s:7:\"Birahim\";s:3:\"nom\";s:5:\"BABOU\";s:4:\"role\";s:18:\"GMB_ADMINISTRATEUR\";}'),
(2424, 4, 1, 'a:7:{s:9:\"connexion\";b:1;s:4:\"mail\";s:24:\"birahim.babou@uvs.edu.sn\";s:6:\"profil\";s:1:\"2\";s:11:\"utilisateur\";s:1:\"1\";s:6:\"prenom\";s:7:\"Birahim\";s:3:\"nom\";s:5:\"BABOU\";s:4:\"role\";s:18:\"GMB_ADMINISTRATEUR\";}'),
(2425, 4, 1, 'a:7:{s:9:\"connexion\";b:1;s:4:\"mail\";s:24:\"birahim.babou@uvs.edu.sn\";s:6:\"profil\";s:1:\"2\";s:11:\"utilisateur\";s:1:\"1\";s:6:\"prenom\";s:7:\"Birahim\";s:3:\"nom\";s:5:\"BABOU\";s:4:\"role\";s:18:\"GMB_ADMINISTRATEUR\";}'),
(2426, 4, 1, 'a:7:{s:9:\"connexion\";b:1;s:4:\"mail\";s:24:\"birahim.babou@uvs.edu.sn\";s:6:\"profil\";s:1:\"2\";s:11:\"utilisateur\";s:1:\"1\";s:6:\"prenom\";s:7:\"Birahim\";s:3:\"nom\";s:5:\"BABOU\";s:4:\"role\";s:18:\"GMB_ADMINISTRATEUR\";}'),
(2427, 4, 1, 'a:7:{s:9:\"connexion\";b:1;s:4:\"mail\";s:24:\"birahim.babou@uvs.edu.sn\";s:6:\"profil\";s:1:\"2\";s:11:\"utilisateur\";s:1:\"1\";s:6:\"prenom\";s:7:\"Birahim\";s:3:\"nom\";s:5:\"BABOU\";s:4:\"role\";s:18:\"GMB_ADMINISTRATEUR\";}'),
(2428, 4, 1, 'a:7:{s:9:\"connexion\";b:1;s:4:\"mail\";s:24:\"birahim.babou@uvs.edu.sn\";s:6:\"profil\";s:1:\"2\";s:11:\"utilisateur\";s:1:\"1\";s:6:\"prenom\";s:7:\"Birahim\";s:3:\"nom\";s:5:\"BABOU\";s:4:\"role\";s:18:\"GMB_ADMINISTRATEUR\";}'),
(2429, 4, 1, 'a:7:{s:9:\"connexion\";b:1;s:4:\"mail\";s:24:\"birahim.babou@uvs.edu.sn\";s:6:\"profil\";s:1:\"2\";s:11:\"utilisateur\";s:1:\"1\";s:6:\"prenom\";s:7:\"Birahim\";s:3:\"nom\";s:5:\"BABOU\";s:4:\"role\";s:18:\"GMB_ADMINISTRATEUR\";}'),
(2430, 4, 1, 'a:7:{s:9:\"connexion\";b:1;s:4:\"mail\";s:24:\"birahim.babou@uvs.edu.sn\";s:6:\"profil\";s:1:\"2\";s:11:\"utilisateur\";s:1:\"1\";s:6:\"prenom\";s:7:\"Birahim\";s:3:\"nom\";s:5:\"BABOU\";s:4:\"role\";s:18:\"GMB_ADMINISTRATEUR\";}'),
(2431, 4, 1, 'a:7:{s:9:\"connexion\";b:1;s:4:\"mail\";s:24:\"birahim.babou@uvs.edu.sn\";s:6:\"profil\";s:1:\"2\";s:11:\"utilisateur\";s:1:\"1\";s:6:\"prenom\";s:7:\"Birahim\";s:3:\"nom\";s:5:\"BABOU\";s:4:\"role\";s:18:\"GMB_ADMINISTRATEUR\";}'),
(2432, 4, 1, 'a:7:{s:9:\"connexion\";b:1;s:4:\"mail\";s:24:\"birahim.babou@uvs.edu.sn\";s:6:\"profil\";s:1:\"2\";s:11:\"utilisateur\";s:1:\"1\";s:6:\"prenom\";s:7:\"Birahim\";s:3:\"nom\";s:5:\"BABOU\";s:4:\"role\";s:18:\"GMB_ADMINISTRATEUR\";}'),
(2433, 4, 1, 'a:7:{s:9:\"connexion\";b:1;s:4:\"mail\";s:24:\"birahim.babou@uvs.edu.sn\";s:6:\"profil\";s:1:\"2\";s:11:\"utilisateur\";s:1:\"1\";s:6:\"prenom\";s:7:\"Birahim\";s:3:\"nom\";s:5:\"BABOU\";s:4:\"role\";s:18:\"GMB_ADMINISTRATEUR\";}');
INSERT INTO `ban_hist` (`id`, `type`, `user`, `valeur`) VALUES
(2434, 4, 1, 'a:7:{s:9:\"connexion\";b:1;s:4:\"mail\";s:24:\"birahim.babou@uvs.edu.sn\";s:6:\"profil\";s:1:\"2\";s:11:\"utilisateur\";s:1:\"1\";s:6:\"prenom\";s:7:\"Birahim\";s:3:\"nom\";s:5:\"BABOU\";s:4:\"role\";s:18:\"GMB_ADMINISTRATEUR\";}'),
(2435, 4, 1, 'a:7:{s:9:\"connexion\";b:1;s:4:\"mail\";s:24:\"birahim.babou@uvs.edu.sn\";s:6:\"profil\";s:1:\"2\";s:11:\"utilisateur\";s:1:\"1\";s:6:\"prenom\";s:7:\"Birahim\";s:3:\"nom\";s:5:\"BABOU\";s:4:\"role\";s:18:\"GMB_ADMINISTRATEUR\";}'),
(2436, 4, 1, 'a:7:{s:9:\"connexion\";b:1;s:4:\"mail\";s:24:\"birahim.babou@uvs.edu.sn\";s:6:\"profil\";s:1:\"2\";s:11:\"utilisateur\";s:1:\"1\";s:6:\"prenom\";s:7:\"Birahim\";s:3:\"nom\";s:5:\"BABOU\";s:4:\"role\";s:18:\"GMB_ADMINISTRATEUR\";}'),
(2437, 4, 1, 'a:7:{s:9:\"connexion\";b:1;s:4:\"mail\";s:24:\"birahim.babou@uvs.edu.sn\";s:6:\"profil\";s:1:\"2\";s:11:\"utilisateur\";s:1:\"1\";s:6:\"prenom\";s:7:\"Birahim\";s:3:\"nom\";s:5:\"BABOU\";s:4:\"role\";s:18:\"GMB_ADMINISTRATEUR\";}'),
(2438, 4, 1, 'a:7:{s:9:\"connexion\";b:1;s:4:\"mail\";s:24:\"birahim.babou@uvs.edu.sn\";s:6:\"profil\";s:1:\"2\";s:11:\"utilisateur\";s:1:\"1\";s:6:\"prenom\";s:7:\"Birahim\";s:3:\"nom\";s:5:\"BABOU\";s:4:\"role\";s:18:\"GMB_ADMINISTRATEUR\";}'),
(2439, 4, 1, 'a:7:{s:9:\"connexion\";b:1;s:4:\"mail\";s:24:\"birahim.babou@uvs.edu.sn\";s:6:\"profil\";s:1:\"2\";s:11:\"utilisateur\";s:1:\"1\";s:6:\"prenom\";s:7:\"Birahim\";s:3:\"nom\";s:5:\"BABOU\";s:4:\"role\";s:18:\"GMB_ADMINISTRATEUR\";}'),
(2440, 4, 1, 'a:7:{s:9:\"connexion\";b:1;s:4:\"mail\";s:24:\"birahim.babou@uvs.edu.sn\";s:6:\"profil\";s:1:\"2\";s:11:\"utilisateur\";s:1:\"1\";s:6:\"prenom\";s:7:\"Birahim\";s:3:\"nom\";s:5:\"BABOU\";s:4:\"role\";s:18:\"GMB_ADMINISTRATEUR\";}'),
(2441, 4, 1, 'a:7:{s:9:\"connexion\";b:1;s:4:\"mail\";s:24:\"birahim.babou@uvs.edu.sn\";s:6:\"profil\";s:1:\"2\";s:11:\"utilisateur\";s:1:\"1\";s:6:\"prenom\";s:7:\"Birahim\";s:3:\"nom\";s:5:\"BABOU\";s:4:\"role\";s:18:\"GMB_ADMINISTRATEUR\";}'),
(2442, 4, 1, 'a:7:{s:9:\"connexion\";b:1;s:4:\"mail\";s:24:\"birahim.babou@uvs.edu.sn\";s:6:\"profil\";s:1:\"2\";s:11:\"utilisateur\";s:1:\"1\";s:6:\"prenom\";s:7:\"Birahim\";s:3:\"nom\";s:5:\"BABOU\";s:4:\"role\";s:18:\"GMB_ADMINISTRATEUR\";}'),
(2443, 4, 1, 'a:7:{s:9:\"connexion\";b:1;s:4:\"mail\";s:24:\"birahim.babou@uvs.edu.sn\";s:6:\"profil\";s:1:\"2\";s:11:\"utilisateur\";s:1:\"1\";s:6:\"prenom\";s:7:\"Birahim\";s:3:\"nom\";s:5:\"BABOU\";s:4:\"role\";s:18:\"GMB_ADMINISTRATEUR\";}'),
(2444, 4, 1, 'a:7:{s:9:\"connexion\";b:1;s:4:\"mail\";s:24:\"birahim.babou@uvs.edu.sn\";s:6:\"profil\";s:1:\"2\";s:11:\"utilisateur\";s:1:\"1\";s:6:\"prenom\";s:7:\"Birahim\";s:3:\"nom\";s:5:\"BABOU\";s:4:\"role\";s:18:\"GMB_ADMINISTRATEUR\";}'),
(2445, 4, 1, 'a:7:{s:9:\"connexion\";b:1;s:4:\"mail\";s:24:\"birahim.babou@uvs.edu.sn\";s:6:\"profil\";s:1:\"2\";s:11:\"utilisateur\";s:1:\"1\";s:6:\"prenom\";s:7:\"Birahim\";s:3:\"nom\";s:5:\"BABOU\";s:4:\"role\";s:18:\"GMB_ADMINISTRATEUR\";}'),
(2446, 4, 1, 'a:7:{s:9:\"connexion\";b:1;s:4:\"mail\";s:24:\"birahim.babou@uvs.edu.sn\";s:6:\"profil\";s:1:\"2\";s:11:\"utilisateur\";s:1:\"1\";s:6:\"prenom\";s:7:\"Birahim\";s:3:\"nom\";s:5:\"BABOU\";s:4:\"role\";s:18:\"GMB_ADMINISTRATEUR\";}'),
(2447, 4, 1, 'a:7:{s:9:\"connexion\";b:1;s:4:\"mail\";s:24:\"birahim.babou@uvs.edu.sn\";s:6:\"profil\";s:1:\"2\";s:11:\"utilisateur\";s:1:\"1\";s:6:\"prenom\";s:7:\"Birahim\";s:3:\"nom\";s:5:\"BABOU\";s:4:\"role\";s:18:\"GMB_ADMINISTRATEUR\";}'),
(2448, 4, 1, 'a:7:{s:9:\"connexion\";b:1;s:4:\"mail\";s:24:\"birahim.babou@uvs.edu.sn\";s:6:\"profil\";s:1:\"2\";s:11:\"utilisateur\";s:1:\"1\";s:6:\"prenom\";s:7:\"Birahim\";s:3:\"nom\";s:5:\"BABOU\";s:4:\"role\";s:18:\"GMB_ADMINISTRATEUR\";}'),
(2449, 4, 1, 'a:7:{s:9:\"connexion\";b:1;s:4:\"mail\";s:24:\"birahim.babou@uvs.edu.sn\";s:6:\"profil\";s:1:\"2\";s:11:\"utilisateur\";s:1:\"1\";s:6:\"prenom\";s:7:\"Birahim\";s:3:\"nom\";s:5:\"BABOU\";s:4:\"role\";s:18:\"GMB_ADMINISTRATEUR\";}'),
(2450, 4, 1, 'a:7:{s:9:\"connexion\";b:1;s:4:\"mail\";s:24:\"birahim.babou@uvs.edu.sn\";s:6:\"profil\";s:1:\"2\";s:11:\"utilisateur\";s:1:\"1\";s:6:\"prenom\";s:7:\"Birahim\";s:3:\"nom\";s:5:\"BABOU\";s:4:\"role\";s:18:\"GMB_ADMINISTRATEUR\";}'),
(2451, 4, 1, 'a:7:{s:9:\"connexion\";b:1;s:4:\"mail\";s:24:\"birahim.babou@uvs.edu.sn\";s:6:\"profil\";s:1:\"2\";s:11:\"utilisateur\";s:1:\"1\";s:6:\"prenom\";s:7:\"Birahim\";s:3:\"nom\";s:5:\"BABOU\";s:4:\"role\";s:18:\"GMB_ADMINISTRATEUR\";}'),
(2452, 4, 1, 'a:7:{s:9:\"connexion\";b:1;s:4:\"mail\";s:24:\"birahim.babou@uvs.edu.sn\";s:6:\"profil\";s:1:\"2\";s:11:\"utilisateur\";s:1:\"1\";s:6:\"prenom\";s:7:\"Birahim\";s:3:\"nom\";s:5:\"BABOU\";s:4:\"role\";s:18:\"GMB_ADMINISTRATEUR\";}'),
(2453, 4, 1, 'a:7:{s:9:\"connexion\";b:1;s:4:\"mail\";s:24:\"birahim.babou@uvs.edu.sn\";s:6:\"profil\";s:1:\"2\";s:11:\"utilisateur\";s:1:\"1\";s:6:\"prenom\";s:7:\"Birahim\";s:3:\"nom\";s:5:\"BABOU\";s:4:\"role\";s:18:\"GMB_ADMINISTRATEUR\";}'),
(2454, 4, 1, 'a:7:{s:9:\"connexion\";b:1;s:4:\"mail\";s:24:\"birahim.babou@uvs.edu.sn\";s:6:\"profil\";s:1:\"2\";s:11:\"utilisateur\";s:1:\"1\";s:6:\"prenom\";s:7:\"Birahim\";s:3:\"nom\";s:5:\"BABOU\";s:4:\"role\";s:18:\"GMB_ADMINISTRATEUR\";}'),
(2455, 4, 1, 'a:7:{s:9:\"connexion\";b:1;s:4:\"mail\";s:24:\"birahim.babou@uvs.edu.sn\";s:6:\"profil\";s:1:\"2\";s:11:\"utilisateur\";s:1:\"1\";s:6:\"prenom\";s:7:\"Birahim\";s:3:\"nom\";s:5:\"BABOU\";s:4:\"role\";s:18:\"GMB_ADMINISTRATEUR\";}'),
(2456, 4, 1, 'a:7:{s:9:\"connexion\";b:1;s:4:\"mail\";s:24:\"birahim.babou@uvs.edu.sn\";s:6:\"profil\";s:1:\"2\";s:11:\"utilisateur\";s:1:\"1\";s:6:\"prenom\";s:7:\"Birahim\";s:3:\"nom\";s:5:\"BABOU\";s:4:\"role\";s:18:\"GMB_ADMINISTRATEUR\";}'),
(2457, 4, 1, 'a:7:{s:9:\"connexion\";b:1;s:4:\"mail\";s:24:\"birahim.babou@uvs.edu.sn\";s:6:\"profil\";s:1:\"2\";s:11:\"utilisateur\";s:1:\"1\";s:6:\"prenom\";s:7:\"Birahim\";s:3:\"nom\";s:5:\"BABOU\";s:4:\"role\";s:18:\"GMB_ADMINISTRATEUR\";}'),
(2458, 4, 1, 'a:7:{s:9:\"connexion\";b:1;s:4:\"mail\";s:24:\"birahim.babou@uvs.edu.sn\";s:6:\"profil\";s:1:\"2\";s:11:\"utilisateur\";s:1:\"1\";s:6:\"prenom\";s:7:\"Birahim\";s:3:\"nom\";s:5:\"BABOU\";s:4:\"role\";s:18:\"GMB_ADMINISTRATEUR\";}'),
(2459, 4, 1, 'a:7:{s:9:\"connexion\";b:1;s:4:\"mail\";s:24:\"birahim.babou@uvs.edu.sn\";s:6:\"profil\";s:1:\"2\";s:11:\"utilisateur\";s:1:\"1\";s:6:\"prenom\";s:7:\"Birahim\";s:3:\"nom\";s:5:\"BABOU\";s:4:\"role\";s:18:\"GMB_ADMINISTRATEUR\";}'),
(2460, 4, 1, 'a:7:{s:9:\"connexion\";b:1;s:4:\"mail\";s:24:\"birahim.babou@uvs.edu.sn\";s:6:\"profil\";s:1:\"2\";s:11:\"utilisateur\";s:1:\"1\";s:6:\"prenom\";s:7:\"Birahim\";s:3:\"nom\";s:5:\"BABOU\";s:4:\"role\";s:18:\"GMB_ADMINISTRATEUR\";}'),
(2461, 4, 1, 'a:7:{s:9:\"connexion\";b:1;s:4:\"mail\";s:24:\"birahim.babou@uvs.edu.sn\";s:6:\"profil\";s:1:\"2\";s:11:\"utilisateur\";s:1:\"1\";s:6:\"prenom\";s:7:\"Birahim\";s:3:\"nom\";s:5:\"BABOU\";s:4:\"role\";s:18:\"GMB_ADMINISTRATEUR\";}'),
(2462, 4, 1, 'a:7:{s:9:\"connexion\";b:1;s:4:\"mail\";s:24:\"birahim.babou@uvs.edu.sn\";s:6:\"profil\";s:1:\"2\";s:11:\"utilisateur\";s:1:\"1\";s:6:\"prenom\";s:7:\"Birahim\";s:3:\"nom\";s:5:\"BABOU\";s:4:\"role\";s:18:\"GMB_ADMINISTRATEUR\";}'),
(2463, 4, 1, 'a:7:{s:9:\"connexion\";b:1;s:4:\"mail\";s:24:\"birahim.babou@uvs.edu.sn\";s:6:\"profil\";s:1:\"2\";s:11:\"utilisateur\";s:1:\"1\";s:6:\"prenom\";s:7:\"Birahim\";s:3:\"nom\";s:5:\"BABOU\";s:4:\"role\";s:18:\"GMB_ADMINISTRATEUR\";}'),
(2464, 4, 1, 'a:7:{s:9:\"connexion\";b:1;s:4:\"mail\";s:24:\"birahim.babou@uvs.edu.sn\";s:6:\"profil\";s:1:\"2\";s:11:\"utilisateur\";s:1:\"1\";s:6:\"prenom\";s:7:\"Birahim\";s:3:\"nom\";s:5:\"BABOU\";s:4:\"role\";s:18:\"GMB_ADMINISTRATEUR\";}'),
(2465, 4, 1, 'a:7:{s:9:\"connexion\";b:1;s:4:\"mail\";s:24:\"birahim.babou@uvs.edu.sn\";s:6:\"profil\";s:1:\"2\";s:11:\"utilisateur\";s:1:\"1\";s:6:\"prenom\";s:7:\"Birahim\";s:3:\"nom\";s:5:\"BABOU\";s:4:\"role\";s:18:\"GMB_ADMINISTRATEUR\";}'),
(2466, 4, 1, 'a:7:{s:9:\"connexion\";b:1;s:4:\"mail\";s:24:\"birahim.babou@uvs.edu.sn\";s:6:\"profil\";s:1:\"2\";s:11:\"utilisateur\";s:1:\"1\";s:6:\"prenom\";s:7:\"Birahim\";s:3:\"nom\";s:5:\"BABOU\";s:4:\"role\";s:18:\"GMB_ADMINISTRATEUR\";}'),
(2467, 4, 1, 'a:7:{s:9:\"connexion\";b:1;s:4:\"mail\";s:24:\"birahim.babou@uvs.edu.sn\";s:6:\"profil\";s:1:\"2\";s:11:\"utilisateur\";s:1:\"1\";s:6:\"prenom\";s:7:\"Birahim\";s:3:\"nom\";s:5:\"BABOU\";s:4:\"role\";s:18:\"GMB_ADMINISTRATEUR\";}'),
(2468, 4, 1, 'a:7:{s:9:\"connexion\";b:1;s:4:\"mail\";s:24:\"birahim.babou@uvs.edu.sn\";s:6:\"profil\";s:1:\"2\";s:11:\"utilisateur\";s:1:\"1\";s:6:\"prenom\";s:7:\"Birahim\";s:3:\"nom\";s:5:\"BABOU\";s:4:\"role\";s:18:\"GMB_ADMINISTRATEUR\";}'),
(2469, 4, 1, 'a:7:{s:9:\"connexion\";b:1;s:4:\"mail\";s:24:\"birahim.babou@uvs.edu.sn\";s:6:\"profil\";s:1:\"2\";s:11:\"utilisateur\";s:1:\"1\";s:6:\"prenom\";s:7:\"Birahim\";s:3:\"nom\";s:5:\"BABOU\";s:4:\"role\";s:18:\"GMB_ADMINISTRATEUR\";}'),
(2470, 4, 1, 'a:7:{s:9:\"connexion\";b:1;s:4:\"mail\";s:24:\"birahim.babou@uvs.edu.sn\";s:6:\"profil\";s:1:\"2\";s:11:\"utilisateur\";s:1:\"1\";s:6:\"prenom\";s:7:\"Birahim\";s:3:\"nom\";s:5:\"BABOU\";s:4:\"role\";s:18:\"GMB_ADMINISTRATEUR\";}'),
(2471, 4, 1, 'a:7:{s:9:\"connexion\";b:1;s:4:\"mail\";s:24:\"birahim.babou@uvs.edu.sn\";s:6:\"profil\";s:1:\"2\";s:11:\"utilisateur\";s:1:\"1\";s:6:\"prenom\";s:7:\"Birahim\";s:3:\"nom\";s:5:\"BABOU\";s:4:\"role\";s:18:\"GMB_ADMINISTRATEUR\";}'),
(2472, 4, 1, 'a:7:{s:9:\"connexion\";b:1;s:4:\"mail\";s:24:\"birahim.babou@uvs.edu.sn\";s:6:\"profil\";s:1:\"2\";s:11:\"utilisateur\";s:1:\"1\";s:6:\"prenom\";s:7:\"Birahim\";s:3:\"nom\";s:5:\"BABOU\";s:4:\"role\";s:18:\"GMB_ADMINISTRATEUR\";}'),
(2473, 4, 1, 'a:7:{s:9:\"connexion\";b:1;s:4:\"mail\";s:24:\"birahim.babou@uvs.edu.sn\";s:6:\"profil\";s:1:\"2\";s:11:\"utilisateur\";s:1:\"1\";s:6:\"prenom\";s:7:\"Birahim\";s:3:\"nom\";s:5:\"BABOU\";s:4:\"role\";s:18:\"GMB_ADMINISTRATEUR\";}'),
(2474, 4, 1, 'a:7:{s:9:\"connexion\";b:1;s:4:\"mail\";s:24:\"birahim.babou@uvs.edu.sn\";s:6:\"profil\";s:1:\"2\";s:11:\"utilisateur\";s:1:\"1\";s:6:\"prenom\";s:7:\"Birahim\";s:3:\"nom\";s:5:\"BABOU\";s:4:\"role\";s:18:\"GMB_ADMINISTRATEUR\";}'),
(2475, 4, 1, 'a:7:{s:9:\"connexion\";b:1;s:4:\"mail\";s:24:\"birahim.babou@uvs.edu.sn\";s:6:\"profil\";s:1:\"2\";s:11:\"utilisateur\";s:1:\"1\";s:6:\"prenom\";s:7:\"Birahim\";s:3:\"nom\";s:5:\"BABOU\";s:4:\"role\";s:18:\"GMB_ADMINISTRATEUR\";}'),
(2476, 4, 1, 'a:7:{s:9:\"connexion\";b:1;s:4:\"mail\";s:24:\"birahim.babou@uvs.edu.sn\";s:6:\"profil\";s:1:\"2\";s:11:\"utilisateur\";s:1:\"1\";s:6:\"prenom\";s:7:\"Birahim\";s:3:\"nom\";s:5:\"BABOU\";s:4:\"role\";s:18:\"GMB_ADMINISTRATEUR\";}'),
(2477, 4, 1, 'a:7:{s:9:\"connexion\";b:1;s:4:\"mail\";s:24:\"birahim.babou@uvs.edu.sn\";s:6:\"profil\";s:1:\"2\";s:11:\"utilisateur\";s:1:\"1\";s:6:\"prenom\";s:7:\"Birahim\";s:3:\"nom\";s:5:\"BABOU\";s:4:\"role\";s:18:\"GMB_ADMINISTRATEUR\";}'),
(2478, 4, 1, 'a:7:{s:9:\"connexion\";b:1;s:4:\"mail\";s:24:\"birahim.babou@uvs.edu.sn\";s:6:\"profil\";s:1:\"2\";s:11:\"utilisateur\";s:1:\"1\";s:6:\"prenom\";s:7:\"Birahim\";s:3:\"nom\";s:5:\"BABOU\";s:4:\"role\";s:18:\"GMB_ADMINISTRATEUR\";}'),
(2479, 4, 1, 'a:7:{s:9:\"connexion\";b:1;s:4:\"mail\";s:24:\"birahim.babou@uvs.edu.sn\";s:6:\"profil\";s:1:\"2\";s:11:\"utilisateur\";s:1:\"1\";s:6:\"prenom\";s:7:\"Birahim\";s:3:\"nom\";s:5:\"BABOU\";s:4:\"role\";s:18:\"GMB_ADMINISTRATEUR\";}'),
(2480, 4, 1, 'a:7:{s:9:\"connexion\";b:1;s:4:\"mail\";s:24:\"birahim.babou@uvs.edu.sn\";s:6:\"profil\";s:1:\"2\";s:11:\"utilisateur\";s:1:\"1\";s:6:\"prenom\";s:7:\"Birahim\";s:3:\"nom\";s:5:\"BABOU\";s:4:\"role\";s:18:\"GMB_ADMINISTRATEUR\";}'),
(2481, 4, 1, 'a:7:{s:9:\"connexion\";b:1;s:4:\"mail\";s:24:\"birahim.babou@uvs.edu.sn\";s:6:\"profil\";s:1:\"2\";s:11:\"utilisateur\";s:1:\"1\";s:6:\"prenom\";s:7:\"Birahim\";s:3:\"nom\";s:5:\"BABOU\";s:4:\"role\";s:18:\"GMB_ADMINISTRATEUR\";}'),
(2482, 4, 1, 'a:7:{s:9:\"connexion\";b:1;s:4:\"mail\";s:24:\"birahim.babou@uvs.edu.sn\";s:6:\"profil\";s:1:\"2\";s:11:\"utilisateur\";s:1:\"1\";s:6:\"prenom\";s:7:\"Birahim\";s:3:\"nom\";s:5:\"BABOU\";s:4:\"role\";s:18:\"GMB_ADMINISTRATEUR\";}'),
(2483, 4, 1, 'a:7:{s:9:\"connexion\";b:1;s:4:\"mail\";s:24:\"birahim.babou@uvs.edu.sn\";s:6:\"profil\";s:1:\"2\";s:11:\"utilisateur\";s:1:\"1\";s:6:\"prenom\";s:7:\"Birahim\";s:3:\"nom\";s:5:\"BABOU\";s:4:\"role\";s:18:\"GMB_ADMINISTRATEUR\";}'),
(2484, 4, 1, 'a:7:{s:9:\"connexion\";b:1;s:4:\"mail\";s:24:\"birahim.babou@uvs.edu.sn\";s:6:\"profil\";s:1:\"2\";s:11:\"utilisateur\";s:1:\"1\";s:6:\"prenom\";s:7:\"Birahim\";s:3:\"nom\";s:5:\"BABOU\";s:4:\"role\";s:18:\"GMB_ADMINISTRATEUR\";}'),
(2485, 4, 1, 'a:7:{s:9:\"connexion\";b:1;s:4:\"mail\";s:24:\"birahim.babou@uvs.edu.sn\";s:6:\"profil\";s:1:\"2\";s:11:\"utilisateur\";s:1:\"1\";s:6:\"prenom\";s:7:\"Birahim\";s:3:\"nom\";s:5:\"BABOU\";s:4:\"role\";s:18:\"GMB_ADMINISTRATEUR\";}'),
(2486, 4, 1, 'a:7:{s:9:\"connexion\";b:1;s:4:\"mail\";s:24:\"birahim.babou@uvs.edu.sn\";s:6:\"profil\";s:1:\"2\";s:11:\"utilisateur\";s:1:\"1\";s:6:\"prenom\";s:7:\"Birahim\";s:3:\"nom\";s:5:\"BABOU\";s:4:\"role\";s:18:\"GMB_ADMINISTRATEUR\";}'),
(2487, 4, 1, 'a:7:{s:9:\"connexion\";b:1;s:4:\"mail\";s:24:\"birahim.babou@uvs.edu.sn\";s:6:\"profil\";s:1:\"2\";s:11:\"utilisateur\";s:1:\"1\";s:6:\"prenom\";s:7:\"Birahim\";s:3:\"nom\";s:5:\"BABOU\";s:4:\"role\";s:18:\"GMB_ADMINISTRATEUR\";}'),
(2488, 4, 1, 'a:7:{s:9:\"connexion\";b:1;s:4:\"mail\";s:24:\"birahim.babou@uvs.edu.sn\";s:6:\"profil\";s:1:\"2\";s:11:\"utilisateur\";s:1:\"1\";s:6:\"prenom\";s:7:\"Birahim\";s:3:\"nom\";s:5:\"BABOU\";s:4:\"role\";s:18:\"GMB_ADMINISTRATEUR\";}'),
(2489, 4, 1, 'a:7:{s:9:\"connexion\";b:1;s:4:\"mail\";s:24:\"birahim.babou@uvs.edu.sn\";s:6:\"profil\";s:1:\"2\";s:11:\"utilisateur\";s:1:\"1\";s:6:\"prenom\";s:7:\"Birahim\";s:3:\"nom\";s:5:\"BABOU\";s:4:\"role\";s:18:\"GMB_ADMINISTRATEUR\";}'),
(2490, 4, 1, 'a:7:{s:9:\"connexion\";b:1;s:4:\"mail\";s:24:\"birahim.babou@uvs.edu.sn\";s:6:\"profil\";s:1:\"2\";s:11:\"utilisateur\";s:1:\"1\";s:6:\"prenom\";s:7:\"Birahim\";s:3:\"nom\";s:5:\"BABOU\";s:4:\"role\";s:18:\"GMB_ADMINISTRATEUR\";}'),
(2491, 4, 1, 'a:7:{s:9:\"connexion\";b:1;s:4:\"mail\";s:24:\"birahim.babou@uvs.edu.sn\";s:6:\"profil\";s:1:\"2\";s:11:\"utilisateur\";s:1:\"1\";s:6:\"prenom\";s:7:\"Birahim\";s:3:\"nom\";s:5:\"BABOU\";s:4:\"role\";s:18:\"GMB_ADMINISTRATEUR\";}'),
(2492, 4, 1, 'a:7:{s:9:\"connexion\";b:1;s:4:\"mail\";s:24:\"birahim.babou@uvs.edu.sn\";s:6:\"profil\";s:1:\"2\";s:11:\"utilisateur\";s:1:\"1\";s:6:\"prenom\";s:7:\"Birahim\";s:3:\"nom\";s:5:\"BABOU\";s:4:\"role\";s:18:\"GMB_ADMINISTRATEUR\";}'),
(2493, 4, 1, 'a:7:{s:9:\"connexion\";b:1;s:4:\"mail\";s:24:\"birahim.babou@uvs.edu.sn\";s:6:\"profil\";s:1:\"2\";s:11:\"utilisateur\";s:1:\"1\";s:6:\"prenom\";s:7:\"Birahim\";s:3:\"nom\";s:5:\"BABOU\";s:4:\"role\";s:18:\"GMB_ADMINISTRATEUR\";}'),
(2494, 4, 1, 'a:7:{s:9:\"connexion\";b:1;s:4:\"mail\";s:24:\"birahim.babou@uvs.edu.sn\";s:6:\"profil\";s:1:\"2\";s:11:\"utilisateur\";s:1:\"1\";s:6:\"prenom\";s:7:\"Birahim\";s:3:\"nom\";s:5:\"BABOU\";s:4:\"role\";s:18:\"GMB_ADMINISTRATEUR\";}'),
(2495, 4, 1, 'a:7:{s:9:\"connexion\";b:1;s:4:\"mail\";s:24:\"birahim.babou@uvs.edu.sn\";s:6:\"profil\";s:1:\"2\";s:11:\"utilisateur\";s:1:\"1\";s:6:\"prenom\";s:7:\"Birahim\";s:3:\"nom\";s:5:\"BABOU\";s:4:\"role\";s:18:\"GMB_ADMINISTRATEUR\";}'),
(2496, 4, 1, 'a:7:{s:9:\"connexion\";b:1;s:4:\"mail\";s:24:\"birahim.babou@uvs.edu.sn\";s:6:\"profil\";s:1:\"2\";s:11:\"utilisateur\";s:1:\"1\";s:6:\"prenom\";s:7:\"Birahim\";s:3:\"nom\";s:5:\"BABOU\";s:4:\"role\";s:18:\"GMB_ADMINISTRATEUR\";}'),
(2497, 4, 1, 'a:7:{s:9:\"connexion\";b:1;s:4:\"mail\";s:24:\"birahim.babou@uvs.edu.sn\";s:6:\"profil\";s:1:\"2\";s:11:\"utilisateur\";s:1:\"1\";s:6:\"prenom\";s:7:\"Birahim\";s:3:\"nom\";s:5:\"BABOU\";s:4:\"role\";s:18:\"GMB_ADMINISTRATEUR\";}'),
(2498, 4, 1, 'a:7:{s:9:\"connexion\";b:1;s:4:\"mail\";s:24:\"birahim.babou@uvs.edu.sn\";s:6:\"profil\";s:1:\"2\";s:11:\"utilisateur\";s:1:\"1\";s:6:\"prenom\";s:7:\"Birahim\";s:3:\"nom\";s:5:\"BABOU\";s:4:\"role\";s:18:\"GMB_ADMINISTRATEUR\";}'),
(2499, 4, 1, 'a:7:{s:9:\"connexion\";b:1;s:4:\"mail\";s:24:\"birahim.babou@uvs.edu.sn\";s:6:\"profil\";s:1:\"2\";s:11:\"utilisateur\";s:1:\"1\";s:6:\"prenom\";s:7:\"Birahim\";s:3:\"nom\";s:5:\"BABOU\";s:4:\"role\";s:18:\"GMB_ADMINISTRATEUR\";}'),
(2500, 4, 1, 'a:7:{s:9:\"connexion\";b:1;s:4:\"mail\";s:24:\"birahim.babou@uvs.edu.sn\";s:6:\"profil\";s:1:\"2\";s:11:\"utilisateur\";s:1:\"1\";s:6:\"prenom\";s:7:\"Birahim\";s:3:\"nom\";s:5:\"BABOU\";s:4:\"role\";s:18:\"GMB_ADMINISTRATEUR\";}'),
(2501, 4, 1, 'a:7:{s:9:\"connexion\";b:1;s:4:\"mail\";s:24:\"birahim.babou@uvs.edu.sn\";s:6:\"profil\";s:1:\"2\";s:11:\"utilisateur\";s:1:\"1\";s:6:\"prenom\";s:7:\"Birahim\";s:3:\"nom\";s:5:\"BABOU\";s:4:\"role\";s:18:\"GMB_ADMINISTRATEUR\";}'),
(2502, 4, 1, 'a:7:{s:9:\"connexion\";b:1;s:4:\"mail\";s:24:\"birahim.babou@uvs.edu.sn\";s:6:\"profil\";s:1:\"2\";s:11:\"utilisateur\";s:1:\"1\";s:6:\"prenom\";s:7:\"Birahim\";s:3:\"nom\";s:5:\"BABOU\";s:4:\"role\";s:18:\"GMB_ADMINISTRATEUR\";}'),
(2503, 4, 1, 'a:7:{s:9:\"connexion\";b:1;s:4:\"mail\";s:24:\"birahim.babou@uvs.edu.sn\";s:6:\"profil\";s:1:\"2\";s:11:\"utilisateur\";s:1:\"1\";s:6:\"prenom\";s:7:\"Birahim\";s:3:\"nom\";s:5:\"BABOU\";s:4:\"role\";s:18:\"GMB_ADMINISTRATEUR\";}'),
(2504, 4, 1, 'a:7:{s:9:\"connexion\";b:1;s:4:\"mail\";s:24:\"birahim.babou@uvs.edu.sn\";s:6:\"profil\";s:1:\"2\";s:11:\"utilisateur\";s:1:\"1\";s:6:\"prenom\";s:7:\"Birahim\";s:3:\"nom\";s:5:\"BABOU\";s:4:\"role\";s:18:\"GMB_ADMINISTRATEUR\";}'),
(2505, 4, 1, 'a:7:{s:9:\"connexion\";b:1;s:4:\"mail\";s:24:\"birahim.babou@uvs.edu.sn\";s:6:\"profil\";s:1:\"2\";s:11:\"utilisateur\";s:1:\"1\";s:6:\"prenom\";s:7:\"Birahim\";s:3:\"nom\";s:5:\"BABOU\";s:4:\"role\";s:18:\"GMB_ADMINISTRATEUR\";}'),
(2506, 4, 1, 'a:7:{s:9:\"connexion\";b:1;s:4:\"mail\";s:24:\"birahim.babou@uvs.edu.sn\";s:6:\"profil\";s:1:\"2\";s:11:\"utilisateur\";s:1:\"1\";s:6:\"prenom\";s:7:\"Birahim\";s:3:\"nom\";s:5:\"BABOU\";s:4:\"role\";s:18:\"GMB_ADMINISTRATEUR\";}'),
(2507, 4, 1, 'a:7:{s:9:\"connexion\";b:1;s:4:\"mail\";s:24:\"birahim.babou@uvs.edu.sn\";s:6:\"profil\";s:1:\"2\";s:11:\"utilisateur\";s:1:\"1\";s:6:\"prenom\";s:7:\"Birahim\";s:3:\"nom\";s:5:\"BABOU\";s:4:\"role\";s:18:\"GMB_ADMINISTRATEUR\";}'),
(2508, 4, 1, 'a:7:{s:9:\"connexion\";b:1;s:4:\"mail\";s:24:\"birahim.babou@uvs.edu.sn\";s:6:\"profil\";s:1:\"2\";s:11:\"utilisateur\";s:1:\"1\";s:6:\"prenom\";s:7:\"Birahim\";s:3:\"nom\";s:5:\"BABOU\";s:4:\"role\";s:18:\"GMB_ADMINISTRATEUR\";}'),
(2509, 4, 1, 'a:7:{s:9:\"connexion\";b:1;s:4:\"mail\";s:24:\"birahim.babou@uvs.edu.sn\";s:6:\"profil\";s:1:\"2\";s:11:\"utilisateur\";s:1:\"1\";s:6:\"prenom\";s:7:\"Birahim\";s:3:\"nom\";s:5:\"BABOU\";s:4:\"role\";s:18:\"GMB_ADMINISTRATEUR\";}'),
(2510, 4, 1, 'a:7:{s:9:\"connexion\";b:1;s:4:\"mail\";s:24:\"birahim.babou@uvs.edu.sn\";s:6:\"profil\";s:1:\"2\";s:11:\"utilisateur\";s:1:\"1\";s:6:\"prenom\";s:7:\"Birahim\";s:3:\"nom\";s:5:\"BABOU\";s:4:\"role\";s:18:\"GMB_ADMINISTRATEUR\";}'),
(2511, 4, 1, 'a:7:{s:9:\"connexion\";b:1;s:4:\"mail\";s:24:\"birahim.babou@uvs.edu.sn\";s:6:\"profil\";s:1:\"2\";s:11:\"utilisateur\";s:1:\"1\";s:6:\"prenom\";s:7:\"Birahim\";s:3:\"nom\";s:5:\"BABOU\";s:4:\"role\";s:18:\"GMB_ADMINISTRATEUR\";}'),
(2512, 4, 1, 'a:7:{s:9:\"connexion\";b:1;s:4:\"mail\";s:24:\"birahim.babou@uvs.edu.sn\";s:6:\"profil\";s:1:\"2\";s:11:\"utilisateur\";s:1:\"1\";s:6:\"prenom\";s:7:\"Birahim\";s:3:\"nom\";s:5:\"BABOU\";s:4:\"role\";s:18:\"GMB_ADMINISTRATEUR\";}'),
(2513, 4, 1, 'a:7:{s:9:\"connexion\";b:1;s:4:\"mail\";s:24:\"birahim.babou@uvs.edu.sn\";s:6:\"profil\";s:1:\"2\";s:11:\"utilisateur\";s:1:\"1\";s:6:\"prenom\";s:7:\"Birahim\";s:3:\"nom\";s:5:\"BABOU\";s:4:\"role\";s:18:\"GMB_ADMINISTRATEUR\";}'),
(2514, 4, 1, 'a:7:{s:9:\"connexion\";b:1;s:4:\"mail\";s:24:\"birahim.babou@uvs.edu.sn\";s:6:\"profil\";s:1:\"2\";s:11:\"utilisateur\";s:1:\"1\";s:6:\"prenom\";s:7:\"Birahim\";s:3:\"nom\";s:5:\"BABOU\";s:4:\"role\";s:18:\"GMB_ADMINISTRATEUR\";}'),
(2515, 4, 1, 'a:7:{s:9:\"connexion\";b:1;s:4:\"mail\";s:24:\"birahim.babou@uvs.edu.sn\";s:6:\"profil\";s:1:\"2\";s:11:\"utilisateur\";s:1:\"1\";s:6:\"prenom\";s:7:\"Birahim\";s:3:\"nom\";s:5:\"BABOU\";s:4:\"role\";s:18:\"GMB_ADMINISTRATEUR\";}'),
(2516, 4, 1, 'a:7:{s:9:\"connexion\";b:1;s:4:\"mail\";s:24:\"birahim.babou@uvs.edu.sn\";s:6:\"profil\";s:1:\"2\";s:11:\"utilisateur\";s:1:\"1\";s:6:\"prenom\";s:7:\"Birahim\";s:3:\"nom\";s:5:\"BABOU\";s:4:\"role\";s:18:\"GMB_ADMINISTRATEUR\";}'),
(2517, 4, 1, 'a:7:{s:9:\"connexion\";b:1;s:4:\"mail\";s:24:\"birahim.babou@uvs.edu.sn\";s:6:\"profil\";s:1:\"2\";s:11:\"utilisateur\";s:1:\"1\";s:6:\"prenom\";s:7:\"Birahim\";s:3:\"nom\";s:5:\"BABOU\";s:4:\"role\";s:18:\"GMB_ADMINISTRATEUR\";}'),
(2518, 4, 1, 'a:7:{s:9:\"connexion\";b:1;s:4:\"mail\";s:24:\"birahim.babou@uvs.edu.sn\";s:6:\"profil\";s:1:\"2\";s:11:\"utilisateur\";s:1:\"1\";s:6:\"prenom\";s:7:\"Birahim\";s:3:\"nom\";s:5:\"BABOU\";s:4:\"role\";s:18:\"GMB_ADMINISTRATEUR\";}'),
(2519, 4, 1, 'a:7:{s:9:\"connexion\";b:1;s:4:\"mail\";s:24:\"birahim.babou@uvs.edu.sn\";s:6:\"profil\";s:1:\"2\";s:11:\"utilisateur\";s:1:\"1\";s:6:\"prenom\";s:7:\"Birahim\";s:3:\"nom\";s:5:\"BABOU\";s:4:\"role\";s:18:\"GMB_ADMINISTRATEUR\";}'),
(2520, 4, 1, 'a:7:{s:9:\"connexion\";b:1;s:4:\"mail\";s:24:\"birahim.babou@uvs.edu.sn\";s:6:\"profil\";s:1:\"2\";s:11:\"utilisateur\";s:1:\"1\";s:6:\"prenom\";s:7:\"Birahim\";s:3:\"nom\";s:5:\"BABOU\";s:4:\"role\";s:18:\"GMB_ADMINISTRATEUR\";}'),
(2521, 4, 1, 'a:7:{s:9:\"connexion\";b:1;s:4:\"mail\";s:24:\"birahim.babou@uvs.edu.sn\";s:6:\"profil\";s:1:\"2\";s:11:\"utilisateur\";s:1:\"1\";s:6:\"prenom\";s:7:\"Birahim\";s:3:\"nom\";s:5:\"BABOU\";s:4:\"role\";s:18:\"GMB_ADMINISTRATEUR\";}'),
(2522, 4, 1, 'a:7:{s:9:\"connexion\";b:1;s:4:\"mail\";s:24:\"birahim.babou@uvs.edu.sn\";s:6:\"profil\";s:1:\"2\";s:11:\"utilisateur\";s:1:\"1\";s:6:\"prenom\";s:7:\"Birahim\";s:3:\"nom\";s:5:\"BABOU\";s:4:\"role\";s:18:\"GMB_ADMINISTRATEUR\";}'),
(2523, 4, 1, 'a:7:{s:9:\"connexion\";b:1;s:4:\"mail\";s:24:\"birahim.babou@uvs.edu.sn\";s:6:\"profil\";s:1:\"2\";s:11:\"utilisateur\";s:1:\"1\";s:6:\"prenom\";s:7:\"Birahim\";s:3:\"nom\";s:5:\"BABOU\";s:4:\"role\";s:18:\"GMB_ADMINISTRATEUR\";}'),
(2524, 4, 1, 'a:7:{s:9:\"connexion\";b:1;s:4:\"mail\";s:24:\"birahim.babou@uvs.edu.sn\";s:6:\"profil\";s:1:\"2\";s:11:\"utilisateur\";s:1:\"1\";s:6:\"prenom\";s:7:\"Birahim\";s:3:\"nom\";s:5:\"BABOU\";s:4:\"role\";s:18:\"GMB_ADMINISTRATEUR\";}'),
(2525, 4, 1, 'a:7:{s:9:\"connexion\";b:1;s:4:\"mail\";s:24:\"birahim.babou@uvs.edu.sn\";s:6:\"profil\";s:1:\"2\";s:11:\"utilisateur\";s:1:\"1\";s:6:\"prenom\";s:7:\"Birahim\";s:3:\"nom\";s:5:\"BABOU\";s:4:\"role\";s:18:\"GMB_ADMINISTRATEUR\";}'),
(2526, 4, 1, 'a:7:{s:9:\"connexion\";b:1;s:4:\"mail\";s:24:\"birahim.babou@uvs.edu.sn\";s:6:\"profil\";s:1:\"2\";s:11:\"utilisateur\";s:1:\"1\";s:6:\"prenom\";s:7:\"Birahim\";s:3:\"nom\";s:5:\"BABOU\";s:4:\"role\";s:18:\"GMB_ADMINISTRATEUR\";}'),
(2527, 4, 1, 'a:7:{s:9:\"connexion\";b:1;s:4:\"mail\";s:24:\"birahim.babou@uvs.edu.sn\";s:6:\"profil\";s:1:\"2\";s:11:\"utilisateur\";s:1:\"1\";s:6:\"prenom\";s:7:\"Birahim\";s:3:\"nom\";s:5:\"BABOU\";s:4:\"role\";s:18:\"GMB_ADMINISTRATEUR\";}'),
(2528, 4, 1, 'a:7:{s:9:\"connexion\";b:1;s:4:\"mail\";s:24:\"birahim.babou@uvs.edu.sn\";s:6:\"profil\";s:1:\"2\";s:11:\"utilisateur\";s:1:\"1\";s:6:\"prenom\";s:7:\"Birahim\";s:3:\"nom\";s:5:\"BABOU\";s:4:\"role\";s:18:\"GMB_ADMINISTRATEUR\";}'),
(2529, 4, 1, 'a:7:{s:9:\"connexion\";b:1;s:4:\"mail\";s:24:\"birahim.babou@uvs.edu.sn\";s:6:\"profil\";s:1:\"2\";s:11:\"utilisateur\";s:1:\"1\";s:6:\"prenom\";s:7:\"Birahim\";s:3:\"nom\";s:5:\"BABOU\";s:4:\"role\";s:18:\"GMB_ADMINISTRATEUR\";}'),
(2530, 4, 1, 'a:7:{s:9:\"connexion\";b:1;s:4:\"mail\";s:24:\"birahim.babou@uvs.edu.sn\";s:6:\"profil\";s:1:\"2\";s:11:\"utilisateur\";s:1:\"1\";s:6:\"prenom\";s:7:\"Birahim\";s:3:\"nom\";s:5:\"BABOU\";s:4:\"role\";s:18:\"GMB_ADMINISTRATEUR\";}'),
(2531, 4, 1, 'a:7:{s:9:\"connexion\";b:1;s:4:\"mail\";s:24:\"birahim.babou@uvs.edu.sn\";s:6:\"profil\";s:1:\"2\";s:11:\"utilisateur\";s:1:\"1\";s:6:\"prenom\";s:7:\"Birahim\";s:3:\"nom\";s:5:\"BABOU\";s:4:\"role\";s:18:\"GMB_ADMINISTRATEUR\";}'),
(2532, 4, 1, 'a:7:{s:9:\"connexion\";b:1;s:4:\"mail\";s:24:\"birahim.babou@uvs.edu.sn\";s:6:\"profil\";s:1:\"2\";s:11:\"utilisateur\";s:1:\"1\";s:6:\"prenom\";s:7:\"Birahim\";s:3:\"nom\";s:5:\"BABOU\";s:4:\"role\";s:18:\"GMB_ADMINISTRATEUR\";}'),
(2533, 4, 1, 'a:7:{s:9:\"connexion\";b:1;s:4:\"mail\";s:24:\"birahim.babou@uvs.edu.sn\";s:6:\"profil\";s:1:\"2\";s:11:\"utilisateur\";s:1:\"1\";s:6:\"prenom\";s:7:\"Birahim\";s:3:\"nom\";s:5:\"BABOU\";s:4:\"role\";s:18:\"GMB_ADMINISTRATEUR\";}'),
(2534, 4, 1, 'a:7:{s:9:\"connexion\";b:1;s:4:\"mail\";s:24:\"birahim.babou@uvs.edu.sn\";s:6:\"profil\";s:1:\"2\";s:11:\"utilisateur\";s:1:\"1\";s:6:\"prenom\";s:7:\"Birahim\";s:3:\"nom\";s:5:\"BABOU\";s:4:\"role\";s:18:\"GMB_ADMINISTRATEUR\";}'),
(2535, 4, 1, 'a:7:{s:9:\"connexion\";b:1;s:4:\"mail\";s:24:\"birahim.babou@uvs.edu.sn\";s:6:\"profil\";s:1:\"2\";s:11:\"utilisateur\";s:1:\"1\";s:6:\"prenom\";s:7:\"Birahim\";s:3:\"nom\";s:5:\"BABOU\";s:4:\"role\";s:18:\"GMB_ADMINISTRATEUR\";}'),
(2536, 4, 1, 'a:7:{s:9:\"connexion\";b:1;s:4:\"mail\";s:24:\"birahim.babou@uvs.edu.sn\";s:6:\"profil\";s:1:\"2\";s:11:\"utilisateur\";s:1:\"1\";s:6:\"prenom\";s:7:\"Birahim\";s:3:\"nom\";s:5:\"BABOU\";s:4:\"role\";s:18:\"GMB_ADMINISTRATEUR\";}'),
(2537, 4, 1, 'a:7:{s:9:\"connexion\";b:1;s:4:\"mail\";s:24:\"birahim.babou@uvs.edu.sn\";s:6:\"profil\";s:1:\"2\";s:11:\"utilisateur\";s:1:\"1\";s:6:\"prenom\";s:7:\"Birahim\";s:3:\"nom\";s:5:\"BABOU\";s:4:\"role\";s:18:\"GMB_ADMINISTRATEUR\";}'),
(2538, 4, 1, 'a:7:{s:9:\"connexion\";b:1;s:4:\"mail\";s:24:\"birahim.babou@uvs.edu.sn\";s:6:\"profil\";s:1:\"2\";s:11:\"utilisateur\";s:1:\"1\";s:6:\"prenom\";s:7:\"Birahim\";s:3:\"nom\";s:5:\"BABOU\";s:4:\"role\";s:18:\"GMB_ADMINISTRATEUR\";}'),
(2539, 4, 1, 'a:7:{s:9:\"connexion\";b:1;s:4:\"mail\";s:24:\"birahim.babou@uvs.edu.sn\";s:6:\"profil\";s:1:\"2\";s:11:\"utilisateur\";s:1:\"1\";s:6:\"prenom\";s:7:\"Birahim\";s:3:\"nom\";s:5:\"BABOU\";s:4:\"role\";s:18:\"GMB_ADMINISTRATEUR\";}'),
(2540, 4, 1, 'a:7:{s:9:\"connexion\";b:1;s:4:\"mail\";s:24:\"birahim.babou@uvs.edu.sn\";s:6:\"profil\";s:1:\"2\";s:11:\"utilisateur\";s:1:\"1\";s:6:\"prenom\";s:7:\"Birahim\";s:3:\"nom\";s:5:\"BABOU\";s:4:\"role\";s:18:\"GMB_ADMINISTRATEUR\";}'),
(2541, 4, 1, 'a:7:{s:9:\"connexion\";b:1;s:4:\"mail\";s:24:\"birahim.babou@uvs.edu.sn\";s:6:\"profil\";s:1:\"2\";s:11:\"utilisateur\";s:1:\"1\";s:6:\"prenom\";s:7:\"Birahim\";s:3:\"nom\";s:5:\"BABOU\";s:4:\"role\";s:18:\"GMB_ADMINISTRATEUR\";}'),
(2542, 4, 1, 'a:7:{s:9:\"connexion\";b:1;s:4:\"mail\";s:24:\"birahim.babou@uvs.edu.sn\";s:6:\"profil\";s:1:\"2\";s:11:\"utilisateur\";s:1:\"1\";s:6:\"prenom\";s:7:\"Birahim\";s:3:\"nom\";s:5:\"BABOU\";s:4:\"role\";s:18:\"GMB_ADMINISTRATEUR\";}'),
(2543, 4, 1, 'a:7:{s:9:\"connexion\";b:1;s:4:\"mail\";s:24:\"birahim.babou@uvs.edu.sn\";s:6:\"profil\";s:1:\"2\";s:11:\"utilisateur\";s:1:\"1\";s:6:\"prenom\";s:7:\"Birahim\";s:3:\"nom\";s:5:\"BABOU\";s:4:\"role\";s:18:\"GMB_ADMINISTRATEUR\";}'),
(2544, 4, 1, 'a:7:{s:9:\"connexion\";b:1;s:4:\"mail\";s:24:\"birahim.babou@uvs.edu.sn\";s:6:\"profil\";s:1:\"2\";s:11:\"utilisateur\";s:1:\"1\";s:6:\"prenom\";s:7:\"Birahim\";s:3:\"nom\";s:5:\"BABOU\";s:4:\"role\";s:18:\"GMB_ADMINISTRATEUR\";}'),
(2545, 4, 1, 'a:7:{s:9:\"connexion\";b:1;s:4:\"mail\";s:24:\"birahim.babou@uvs.edu.sn\";s:6:\"profil\";s:1:\"2\";s:11:\"utilisateur\";s:1:\"1\";s:6:\"prenom\";s:7:\"Birahim\";s:3:\"nom\";s:5:\"BABOU\";s:4:\"role\";s:18:\"GMB_ADMINISTRATEUR\";}'),
(2546, 4, 1, 'a:7:{s:9:\"connexion\";b:1;s:4:\"mail\";s:24:\"birahim.babou@uvs.edu.sn\";s:6:\"profil\";s:1:\"2\";s:11:\"utilisateur\";s:1:\"1\";s:6:\"prenom\";s:7:\"Birahim\";s:3:\"nom\";s:5:\"BABOU\";s:4:\"role\";s:18:\"GMB_ADMINISTRATEUR\";}'),
(2547, 4, 1, 'a:7:{s:9:\"connexion\";b:1;s:4:\"mail\";s:24:\"birahim.babou@uvs.edu.sn\";s:6:\"profil\";s:1:\"2\";s:11:\"utilisateur\";s:1:\"1\";s:6:\"prenom\";s:7:\"Birahim\";s:3:\"nom\";s:5:\"BABOU\";s:4:\"role\";s:18:\"GMB_ADMINISTRATEUR\";}'),
(2548, 4, 1, 'a:7:{s:9:\"connexion\";b:1;s:4:\"mail\";s:24:\"birahim.babou@uvs.edu.sn\";s:6:\"profil\";s:1:\"2\";s:11:\"utilisateur\";s:1:\"1\";s:6:\"prenom\";s:7:\"Birahim\";s:3:\"nom\";s:5:\"BABOU\";s:4:\"role\";s:18:\"GMB_ADMINISTRATEUR\";}'),
(2549, 4, 1, 'a:7:{s:9:\"connexion\";b:1;s:4:\"mail\";s:24:\"birahim.babou@uvs.edu.sn\";s:6:\"profil\";s:1:\"2\";s:11:\"utilisateur\";s:1:\"1\";s:6:\"prenom\";s:7:\"Birahim\";s:3:\"nom\";s:5:\"BABOU\";s:4:\"role\";s:18:\"GMB_ADMINISTRATEUR\";}'),
(2550, 4, 1, 'a:7:{s:9:\"connexion\";b:1;s:4:\"mail\";s:24:\"birahim.babou@uvs.edu.sn\";s:6:\"profil\";s:1:\"2\";s:11:\"utilisateur\";s:1:\"1\";s:6:\"prenom\";s:7:\"Birahim\";s:3:\"nom\";s:5:\"BABOU\";s:4:\"role\";s:18:\"GMB_ADMINISTRATEUR\";}'),
(2551, 4, 1, 'a:7:{s:9:\"connexion\";b:1;s:4:\"mail\";s:24:\"birahim.babou@uvs.edu.sn\";s:6:\"profil\";s:1:\"2\";s:11:\"utilisateur\";s:1:\"1\";s:6:\"prenom\";s:7:\"Birahim\";s:3:\"nom\";s:5:\"BABOU\";s:4:\"role\";s:18:\"GMB_ADMINISTRATEUR\";}'),
(2552, 4, 1, 'a:7:{s:9:\"connexion\";b:1;s:4:\"mail\";s:24:\"birahim.babou@uvs.edu.sn\";s:6:\"profil\";s:1:\"2\";s:11:\"utilisateur\";s:1:\"1\";s:6:\"prenom\";s:7:\"Birahim\";s:3:\"nom\";s:5:\"BABOU\";s:4:\"role\";s:18:\"GMB_ADMINISTRATEUR\";}'),
(2553, 4, 1, 'a:7:{s:9:\"connexion\";b:1;s:4:\"mail\";s:24:\"birahim.babou@uvs.edu.sn\";s:6:\"profil\";s:1:\"2\";s:11:\"utilisateur\";s:1:\"1\";s:6:\"prenom\";s:7:\"Birahim\";s:3:\"nom\";s:5:\"BABOU\";s:4:\"role\";s:18:\"GMB_ADMINISTRATEUR\";}'),
(2554, 4, 1, 'a:7:{s:9:\"connexion\";b:1;s:4:\"mail\";s:24:\"birahim.babou@uvs.edu.sn\";s:6:\"profil\";s:1:\"2\";s:11:\"utilisateur\";s:1:\"1\";s:6:\"prenom\";s:7:\"Birahim\";s:3:\"nom\";s:5:\"BABOU\";s:4:\"role\";s:18:\"GMB_ADMINISTRATEUR\";}'),
(2555, 4, 1, 'a:7:{s:9:\"connexion\";b:1;s:4:\"mail\";s:24:\"birahim.babou@uvs.edu.sn\";s:6:\"profil\";s:1:\"2\";s:11:\"utilisateur\";s:1:\"1\";s:6:\"prenom\";s:7:\"Birahim\";s:3:\"nom\";s:5:\"BABOU\";s:4:\"role\";s:18:\"GMB_ADMINISTRATEUR\";}'),
(2556, 4, 1, 'a:7:{s:9:\"connexion\";b:1;s:4:\"mail\";s:24:\"birahim.babou@uvs.edu.sn\";s:6:\"profil\";s:1:\"2\";s:11:\"utilisateur\";s:1:\"1\";s:6:\"prenom\";s:7:\"Birahim\";s:3:\"nom\";s:5:\"BABOU\";s:4:\"role\";s:18:\"GMB_ADMINISTRATEUR\";}'),
(2557, 4, 1, 'a:7:{s:9:\"connexion\";b:1;s:4:\"mail\";s:24:\"birahim.babou@uvs.edu.sn\";s:6:\"profil\";s:1:\"2\";s:11:\"utilisateur\";s:1:\"1\";s:6:\"prenom\";s:7:\"Birahim\";s:3:\"nom\";s:5:\"BABOU\";s:4:\"role\";s:18:\"GMB_ADMINISTRATEUR\";}'),
(2558, 4, 1, 'a:7:{s:9:\"connexion\";b:1;s:4:\"mail\";s:24:\"birahim.babou@uvs.edu.sn\";s:6:\"profil\";s:1:\"2\";s:11:\"utilisateur\";s:1:\"1\";s:6:\"prenom\";s:7:\"Birahim\";s:3:\"nom\";s:5:\"BABOU\";s:4:\"role\";s:18:\"GMB_ADMINISTRATEUR\";}'),
(2559, 4, 1, 'a:7:{s:9:\"connexion\";b:1;s:4:\"mail\";s:24:\"birahim.babou@uvs.edu.sn\";s:6:\"profil\";s:1:\"2\";s:11:\"utilisateur\";s:1:\"1\";s:6:\"prenom\";s:7:\"Birahim\";s:3:\"nom\";s:5:\"BABOU\";s:4:\"role\";s:18:\"GMB_ADMINISTRATEUR\";}'),
(2560, 4, 1, 'a:7:{s:9:\"connexion\";b:1;s:4:\"mail\";s:24:\"birahim.babou@uvs.edu.sn\";s:6:\"profil\";s:1:\"2\";s:11:\"utilisateur\";s:1:\"1\";s:6:\"prenom\";s:7:\"Birahim\";s:3:\"nom\";s:5:\"BABOU\";s:4:\"role\";s:18:\"GMB_ADMINISTRATEUR\";}'),
(2561, 4, 1, 'a:7:{s:9:\"connexion\";b:1;s:4:\"mail\";s:24:\"birahim.babou@uvs.edu.sn\";s:6:\"profil\";s:1:\"2\";s:11:\"utilisateur\";s:1:\"1\";s:6:\"prenom\";s:7:\"Birahim\";s:3:\"nom\";s:5:\"BABOU\";s:4:\"role\";s:18:\"GMB_ADMINISTRATEUR\";}'),
(2562, 4, 1, 'a:7:{s:9:\"connexion\";b:1;s:4:\"mail\";s:24:\"birahim.babou@uvs.edu.sn\";s:6:\"profil\";s:1:\"2\";s:11:\"utilisateur\";s:1:\"1\";s:6:\"prenom\";s:7:\"Birahim\";s:3:\"nom\";s:5:\"BABOU\";s:4:\"role\";s:18:\"GMB_ADMINISTRATEUR\";}'),
(2563, 4, 1, 'a:7:{s:9:\"connexion\";b:1;s:4:\"mail\";s:24:\"birahim.babou@uvs.edu.sn\";s:6:\"profil\";s:1:\"2\";s:11:\"utilisateur\";s:1:\"1\";s:6:\"prenom\";s:7:\"Birahim\";s:3:\"nom\";s:5:\"BABOU\";s:4:\"role\";s:18:\"GMB_ADMINISTRATEUR\";}'),
(2564, 4, 1, 'a:7:{s:9:\"connexion\";b:1;s:4:\"mail\";s:24:\"birahim.babou@uvs.edu.sn\";s:6:\"profil\";s:1:\"2\";s:11:\"utilisateur\";s:1:\"1\";s:6:\"prenom\";s:7:\"Birahim\";s:3:\"nom\";s:5:\"BABOU\";s:4:\"role\";s:18:\"GMB_ADMINISTRATEUR\";}'),
(2565, 4, 1, 'a:7:{s:9:\"connexion\";b:1;s:4:\"mail\";s:24:\"birahim.babou@uvs.edu.sn\";s:6:\"profil\";s:1:\"2\";s:11:\"utilisateur\";s:1:\"1\";s:6:\"prenom\";s:7:\"Birahim\";s:3:\"nom\";s:5:\"BABOU\";s:4:\"role\";s:18:\"GMB_ADMINISTRATEUR\";}'),
(2566, 4, 1, 'a:7:{s:9:\"connexion\";b:1;s:4:\"mail\";s:24:\"birahim.babou@uvs.edu.sn\";s:6:\"profil\";s:1:\"2\";s:11:\"utilisateur\";s:1:\"1\";s:6:\"prenom\";s:7:\"Birahim\";s:3:\"nom\";s:5:\"BABOU\";s:4:\"role\";s:18:\"GMB_ADMINISTRATEUR\";}'),
(2567, 4, 1, 'a:7:{s:9:\"connexion\";b:1;s:4:\"mail\";s:24:\"birahim.babou@uvs.edu.sn\";s:6:\"profil\";s:1:\"2\";s:11:\"utilisateur\";s:1:\"1\";s:6:\"prenom\";s:7:\"Birahim\";s:3:\"nom\";s:5:\"BABOU\";s:4:\"role\";s:18:\"GMB_ADMINISTRATEUR\";}'),
(2568, 4, 1, 'a:7:{s:9:\"connexion\";b:1;s:4:\"mail\";s:24:\"birahim.babou@uvs.edu.sn\";s:6:\"profil\";s:1:\"2\";s:11:\"utilisateur\";s:1:\"1\";s:6:\"prenom\";s:7:\"Birahim\";s:3:\"nom\";s:5:\"BABOU\";s:4:\"role\";s:18:\"GMB_ADMINISTRATEUR\";}'),
(2569, 4, 1, 'a:7:{s:9:\"connexion\";b:1;s:4:\"mail\";s:24:\"birahim.babou@uvs.edu.sn\";s:6:\"profil\";s:1:\"2\";s:11:\"utilisateur\";s:1:\"1\";s:6:\"prenom\";s:7:\"Birahim\";s:3:\"nom\";s:5:\"BABOU\";s:4:\"role\";s:18:\"GMB_ADMINISTRATEUR\";}'),
(2570, 4, 1, 'a:7:{s:9:\"connexion\";b:1;s:4:\"mail\";s:24:\"birahim.babou@uvs.edu.sn\";s:6:\"profil\";s:1:\"2\";s:11:\"utilisateur\";s:1:\"1\";s:6:\"prenom\";s:7:\"Birahim\";s:3:\"nom\";s:5:\"BABOU\";s:4:\"role\";s:18:\"GMB_ADMINISTRATEUR\";}'),
(2571, 4, 1, 'a:7:{s:9:\"connexion\";b:1;s:4:\"mail\";s:24:\"birahim.babou@uvs.edu.sn\";s:6:\"profil\";s:1:\"2\";s:11:\"utilisateur\";s:1:\"1\";s:6:\"prenom\";s:7:\"Birahim\";s:3:\"nom\";s:5:\"BABOU\";s:4:\"role\";s:18:\"GMB_ADMINISTRATEUR\";}'),
(2572, 4, 1, 'a:7:{s:9:\"connexion\";b:1;s:4:\"mail\";s:24:\"birahim.babou@uvs.edu.sn\";s:6:\"profil\";s:1:\"2\";s:11:\"utilisateur\";s:1:\"1\";s:6:\"prenom\";s:7:\"Birahim\";s:3:\"nom\";s:5:\"BABOU\";s:4:\"role\";s:18:\"GMB_ADMINISTRATEUR\";}'),
(2573, 4, 1, 'a:7:{s:9:\"connexion\";b:1;s:4:\"mail\";s:24:\"birahim.babou@uvs.edu.sn\";s:6:\"profil\";s:1:\"2\";s:11:\"utilisateur\";s:1:\"1\";s:6:\"prenom\";s:7:\"Birahim\";s:3:\"nom\";s:5:\"BABOU\";s:4:\"role\";s:18:\"GMB_ADMINISTRATEUR\";}'),
(2574, 4, 1, 'a:7:{s:9:\"connexion\";b:1;s:4:\"mail\";s:24:\"birahim.babou@uvs.edu.sn\";s:6:\"profil\";s:1:\"2\";s:11:\"utilisateur\";s:1:\"1\";s:6:\"prenom\";s:7:\"Birahim\";s:3:\"nom\";s:5:\"BABOU\";s:4:\"role\";s:18:\"GMB_ADMINISTRATEUR\";}'),
(2575, 4, 1, 'a:7:{s:9:\"connexion\";b:1;s:4:\"mail\";s:24:\"birahim.babou@uvs.edu.sn\";s:6:\"profil\";s:1:\"2\";s:11:\"utilisateur\";s:1:\"1\";s:6:\"prenom\";s:7:\"Birahim\";s:3:\"nom\";s:5:\"BABOU\";s:4:\"role\";s:18:\"GMB_ADMINISTRATEUR\";}'),
(2576, 4, 1, 'a:7:{s:9:\"connexion\";b:1;s:4:\"mail\";s:24:\"birahim.babou@uvs.edu.sn\";s:6:\"profil\";s:1:\"2\";s:11:\"utilisateur\";s:1:\"1\";s:6:\"prenom\";s:7:\"Birahim\";s:3:\"nom\";s:5:\"BABOU\";s:4:\"role\";s:18:\"GMB_ADMINISTRATEUR\";}'),
(2577, 4, 1, 'a:7:{s:9:\"connexion\";b:1;s:4:\"mail\";s:24:\"birahim.babou@uvs.edu.sn\";s:6:\"profil\";s:1:\"2\";s:11:\"utilisateur\";s:1:\"1\";s:6:\"prenom\";s:7:\"Birahim\";s:3:\"nom\";s:5:\"BABOU\";s:4:\"role\";s:18:\"GMB_ADMINISTRATEUR\";}'),
(2578, 4, 1, 'a:7:{s:9:\"connexion\";b:1;s:4:\"mail\";s:24:\"birahim.babou@uvs.edu.sn\";s:6:\"profil\";s:1:\"2\";s:11:\"utilisateur\";s:1:\"1\";s:6:\"prenom\";s:7:\"Birahim\";s:3:\"nom\";s:5:\"BABOU\";s:4:\"role\";s:18:\"GMB_ADMINISTRATEUR\";}'),
(2579, 4, 1, 'a:7:{s:9:\"connexion\";b:1;s:4:\"mail\";s:24:\"birahim.babou@uvs.edu.sn\";s:6:\"profil\";s:1:\"2\";s:11:\"utilisateur\";s:1:\"1\";s:6:\"prenom\";s:7:\"Birahim\";s:3:\"nom\";s:5:\"BABOU\";s:4:\"role\";s:18:\"GMB_ADMINISTRATEUR\";}'),
(2580, 4, 1, 'a:7:{s:9:\"connexion\";b:1;s:4:\"mail\";s:24:\"birahim.babou@uvs.edu.sn\";s:6:\"profil\";s:1:\"2\";s:11:\"utilisateur\";s:1:\"1\";s:6:\"prenom\";s:7:\"Birahim\";s:3:\"nom\";s:5:\"BABOU\";s:4:\"role\";s:18:\"GMB_ADMINISTRATEUR\";}'),
(2581, 4, 1, 'a:7:{s:9:\"connexion\";b:1;s:4:\"mail\";s:24:\"birahim.babou@uvs.edu.sn\";s:6:\"profil\";s:1:\"2\";s:11:\"utilisateur\";s:1:\"1\";s:6:\"prenom\";s:7:\"Birahim\";s:3:\"nom\";s:5:\"BABOU\";s:4:\"role\";s:18:\"GMB_ADMINISTRATEUR\";}'),
(2582, 4, 1, 'a:7:{s:9:\"connexion\";b:1;s:4:\"mail\";s:24:\"birahim.babou@uvs.edu.sn\";s:6:\"profil\";s:1:\"2\";s:11:\"utilisateur\";s:1:\"1\";s:6:\"prenom\";s:7:\"Birahim\";s:3:\"nom\";s:5:\"BABOU\";s:4:\"role\";s:18:\"GMB_ADMINISTRATEUR\";}'),
(2583, 4, 1, 'a:7:{s:9:\"connexion\";b:1;s:4:\"mail\";s:24:\"birahim.babou@uvs.edu.sn\";s:6:\"profil\";s:1:\"2\";s:11:\"utilisateur\";s:1:\"1\";s:6:\"prenom\";s:7:\"Birahim\";s:3:\"nom\";s:5:\"BABOU\";s:4:\"role\";s:18:\"GMB_ADMINISTRATEUR\";}'),
(2584, 4, 1, 'a:7:{s:9:\"connexion\";b:1;s:4:\"mail\";s:24:\"birahim.babou@uvs.edu.sn\";s:6:\"profil\";s:1:\"2\";s:11:\"utilisateur\";s:1:\"1\";s:6:\"prenom\";s:7:\"Birahim\";s:3:\"nom\";s:5:\"BABOU\";s:4:\"role\";s:18:\"GMB_ADMINISTRATEUR\";}'),
(2585, 4, 1, 'a:7:{s:9:\"connexion\";b:1;s:4:\"mail\";s:24:\"birahim.babou@uvs.edu.sn\";s:6:\"profil\";s:1:\"2\";s:11:\"utilisateur\";s:1:\"1\";s:6:\"prenom\";s:7:\"Birahim\";s:3:\"nom\";s:5:\"BABOU\";s:4:\"role\";s:18:\"GMB_ADMINISTRATEUR\";}'),
(2586, 4, 1, 'a:7:{s:9:\"connexion\";b:1;s:4:\"mail\";s:24:\"birahim.babou@uvs.edu.sn\";s:6:\"profil\";s:1:\"2\";s:11:\"utilisateur\";s:1:\"1\";s:6:\"prenom\";s:7:\"Birahim\";s:3:\"nom\";s:5:\"BABOU\";s:4:\"role\";s:18:\"GMB_ADMINISTRATEUR\";}'),
(2587, 4, 1, 'a:7:{s:9:\"connexion\";b:1;s:4:\"mail\";s:24:\"birahim.babou@uvs.edu.sn\";s:6:\"profil\";s:1:\"2\";s:11:\"utilisateur\";s:1:\"1\";s:6:\"prenom\";s:7:\"Birahim\";s:3:\"nom\";s:5:\"BABOU\";s:4:\"role\";s:18:\"GMB_ADMINISTRATEUR\";}'),
(2588, 4, 1, 'a:7:{s:9:\"connexion\";b:1;s:4:\"mail\";s:24:\"birahim.babou@uvs.edu.sn\";s:6:\"profil\";s:1:\"2\";s:11:\"utilisateur\";s:1:\"1\";s:6:\"prenom\";s:7:\"Birahim\";s:3:\"nom\";s:5:\"BABOU\";s:4:\"role\";s:18:\"GMB_ADMINISTRATEUR\";}'),
(2589, 4, 1, 'a:7:{s:9:\"connexion\";b:1;s:4:\"mail\";s:24:\"birahim.babou@uvs.edu.sn\";s:6:\"profil\";s:1:\"2\";s:11:\"utilisateur\";s:1:\"1\";s:6:\"prenom\";s:7:\"Birahim\";s:3:\"nom\";s:5:\"BABOU\";s:4:\"role\";s:18:\"GMB_ADMINISTRATEUR\";}'),
(2590, 4, 1, 'a:7:{s:9:\"connexion\";b:1;s:4:\"mail\";s:24:\"birahim.babou@uvs.edu.sn\";s:6:\"profil\";s:1:\"2\";s:11:\"utilisateur\";s:1:\"1\";s:6:\"prenom\";s:7:\"Birahim\";s:3:\"nom\";s:5:\"BABOU\";s:4:\"role\";s:18:\"GMB_ADMINISTRATEUR\";}'),
(2591, 4, 1, 'a:7:{s:9:\"connexion\";b:1;s:4:\"mail\";s:24:\"birahim.babou@uvs.edu.sn\";s:6:\"profil\";s:1:\"2\";s:11:\"utilisateur\";s:1:\"1\";s:6:\"prenom\";s:7:\"Birahim\";s:3:\"nom\";s:5:\"BABOU\";s:4:\"role\";s:18:\"GMB_ADMINISTRATEUR\";}'),
(2592, 4, 1, 'a:7:{s:9:\"connexion\";b:1;s:4:\"mail\";s:24:\"birahim.babou@uvs.edu.sn\";s:6:\"profil\";s:1:\"2\";s:11:\"utilisateur\";s:1:\"1\";s:6:\"prenom\";s:7:\"Birahim\";s:3:\"nom\";s:5:\"BABOU\";s:4:\"role\";s:18:\"GMB_ADMINISTRATEUR\";}'),
(2593, 4, 1, 'a:7:{s:9:\"connexion\";b:1;s:4:\"mail\";s:24:\"birahim.babou@uvs.edu.sn\";s:6:\"profil\";s:1:\"2\";s:11:\"utilisateur\";s:1:\"1\";s:6:\"prenom\";s:7:\"Birahim\";s:3:\"nom\";s:5:\"BABOU\";s:4:\"role\";s:18:\"GMB_ADMINISTRATEUR\";}'),
(2594, 4, 1, 'a:7:{s:9:\"connexion\";b:1;s:4:\"mail\";s:24:\"birahim.babou@uvs.edu.sn\";s:6:\"profil\";s:1:\"2\";s:11:\"utilisateur\";s:1:\"1\";s:6:\"prenom\";s:7:\"Birahim\";s:3:\"nom\";s:5:\"BABOU\";s:4:\"role\";s:18:\"GMB_ADMINISTRATEUR\";}'),
(2595, 4, 1, 'a:7:{s:9:\"connexion\";b:1;s:4:\"mail\";s:24:\"birahim.babou@uvs.edu.sn\";s:6:\"profil\";s:1:\"2\";s:11:\"utilisateur\";s:1:\"1\";s:6:\"prenom\";s:7:\"Birahim\";s:3:\"nom\";s:5:\"BABOU\";s:4:\"role\";s:18:\"GMB_ADMINISTRATEUR\";}'),
(2596, 4, 1, 'a:7:{s:9:\"connexion\";b:1;s:4:\"mail\";s:24:\"birahim.babou@uvs.edu.sn\";s:6:\"profil\";s:1:\"2\";s:11:\"utilisateur\";s:1:\"1\";s:6:\"prenom\";s:7:\"Birahim\";s:3:\"nom\";s:5:\"BABOU\";s:4:\"role\";s:18:\"GMB_ADMINISTRATEUR\";}'),
(2597, 4, 1, 'a:7:{s:9:\"connexion\";b:1;s:4:\"mail\";s:24:\"birahim.babou@uvs.edu.sn\";s:6:\"profil\";s:1:\"2\";s:11:\"utilisateur\";s:1:\"1\";s:6:\"prenom\";s:7:\"Birahim\";s:3:\"nom\";s:5:\"BABOU\";s:4:\"role\";s:18:\"GMB_ADMINISTRATEUR\";}'),
(2598, 4, 1, 'a:7:{s:9:\"connexion\";b:1;s:4:\"mail\";s:24:\"birahim.babou@uvs.edu.sn\";s:6:\"profil\";s:1:\"2\";s:11:\"utilisateur\";s:1:\"1\";s:6:\"prenom\";s:7:\"Birahim\";s:3:\"nom\";s:5:\"BABOU\";s:4:\"role\";s:18:\"GMB_ADMINISTRATEUR\";}'),
(2599, 4, 1, 'a:7:{s:9:\"connexion\";b:1;s:4:\"mail\";s:24:\"birahim.babou@uvs.edu.sn\";s:6:\"profil\";s:1:\"2\";s:11:\"utilisateur\";s:1:\"1\";s:6:\"prenom\";s:7:\"Birahim\";s:3:\"nom\";s:5:\"BABOU\";s:4:\"role\";s:18:\"GMB_ADMINISTRATEUR\";}'),
(2600, 4, 1, 'a:7:{s:9:\"connexion\";b:1;s:4:\"mail\";s:24:\"birahim.babou@uvs.edu.sn\";s:6:\"profil\";s:1:\"2\";s:11:\"utilisateur\";s:1:\"1\";s:6:\"prenom\";s:7:\"Birahim\";s:3:\"nom\";s:5:\"BABOU\";s:4:\"role\";s:18:\"GMB_ADMINISTRATEUR\";}'),
(2601, 4, 1, 'a:7:{s:9:\"connexion\";b:1;s:4:\"mail\";s:24:\"birahim.babou@uvs.edu.sn\";s:6:\"profil\";s:1:\"2\";s:11:\"utilisateur\";s:1:\"1\";s:6:\"prenom\";s:7:\"Birahim\";s:3:\"nom\";s:5:\"BABOU\";s:4:\"role\";s:18:\"GMB_ADMINISTRATEUR\";}'),
(2602, 4, 1, 'a:7:{s:9:\"connexion\";b:1;s:4:\"mail\";s:24:\"birahim.babou@uvs.edu.sn\";s:6:\"profil\";s:1:\"2\";s:11:\"utilisateur\";s:1:\"1\";s:6:\"prenom\";s:7:\"Birahim\";s:3:\"nom\";s:5:\"BABOU\";s:4:\"role\";s:18:\"GMB_ADMINISTRATEUR\";}'),
(2603, 4, 1, 'a:7:{s:9:\"connexion\";b:1;s:4:\"mail\";s:24:\"birahim.babou@uvs.edu.sn\";s:6:\"profil\";s:1:\"2\";s:11:\"utilisateur\";s:1:\"1\";s:6:\"prenom\";s:7:\"Birahim\";s:3:\"nom\";s:5:\"BABOU\";s:4:\"role\";s:18:\"GMB_ADMINISTRATEUR\";}'),
(2604, 4, 1, 'a:7:{s:9:\"connexion\";b:1;s:4:\"mail\";s:24:\"birahim.babou@uvs.edu.sn\";s:6:\"profil\";s:1:\"2\";s:11:\"utilisateur\";s:1:\"1\";s:6:\"prenom\";s:7:\"Birahim\";s:3:\"nom\";s:5:\"BABOU\";s:4:\"role\";s:18:\"GMB_ADMINISTRATEUR\";}'),
(2605, 4, 1, 'a:7:{s:9:\"connexion\";b:1;s:4:\"mail\";s:24:\"birahim.babou@uvs.edu.sn\";s:6:\"profil\";s:1:\"2\";s:11:\"utilisateur\";s:1:\"1\";s:6:\"prenom\";s:7:\"Birahim\";s:3:\"nom\";s:5:\"BABOU\";s:4:\"role\";s:18:\"GMB_ADMINISTRATEUR\";}'),
(2606, 4, 1, 'a:7:{s:9:\"connexion\";b:1;s:4:\"mail\";s:24:\"birahim.babou@uvs.edu.sn\";s:6:\"profil\";s:1:\"2\";s:11:\"utilisateur\";s:1:\"1\";s:6:\"prenom\";s:7:\"Birahim\";s:3:\"nom\";s:5:\"BABOU\";s:4:\"role\";s:18:\"GMB_ADMINISTRATEUR\";}'),
(2607, 4, 1, 'a:7:{s:9:\"connexion\";b:1;s:4:\"mail\";s:24:\"birahim.babou@uvs.edu.sn\";s:6:\"profil\";s:1:\"2\";s:11:\"utilisateur\";s:1:\"1\";s:6:\"prenom\";s:7:\"Birahim\";s:3:\"nom\";s:5:\"BABOU\";s:4:\"role\";s:18:\"GMB_ADMINISTRATEUR\";}'),
(2608, 4, 1, 'a:7:{s:9:\"connexion\";b:1;s:4:\"mail\";s:24:\"birahim.babou@uvs.edu.sn\";s:6:\"profil\";s:1:\"2\";s:11:\"utilisateur\";s:1:\"1\";s:6:\"prenom\";s:7:\"Birahim\";s:3:\"nom\";s:5:\"BABOU\";s:4:\"role\";s:18:\"GMB_ADMINISTRATEUR\";}'),
(2609, 4, 1, 'a:7:{s:9:\"connexion\";b:1;s:4:\"mail\";s:24:\"birahim.babou@uvs.edu.sn\";s:6:\"profil\";s:1:\"2\";s:11:\"utilisateur\";s:1:\"1\";s:6:\"prenom\";s:7:\"Birahim\";s:3:\"nom\";s:5:\"BABOU\";s:4:\"role\";s:18:\"GMB_ADMINISTRATEUR\";}'),
(2610, 4, 1, 'a:7:{s:9:\"connexion\";b:1;s:4:\"mail\";s:24:\"birahim.babou@uvs.edu.sn\";s:6:\"profil\";s:1:\"2\";s:11:\"utilisateur\";s:1:\"1\";s:6:\"prenom\";s:7:\"Birahim\";s:3:\"nom\";s:5:\"BABOU\";s:4:\"role\";s:18:\"GMB_ADMINISTRATEUR\";}'),
(2611, 4, 1, 'a:7:{s:9:\"connexion\";b:1;s:4:\"mail\";s:24:\"birahim.babou@uvs.edu.sn\";s:6:\"profil\";s:1:\"2\";s:11:\"utilisateur\";s:1:\"1\";s:6:\"prenom\";s:7:\"Birahim\";s:3:\"nom\";s:5:\"BABOU\";s:4:\"role\";s:18:\"GMB_ADMINISTRATEUR\";}'),
(2612, 4, 1, 'a:7:{s:9:\"connexion\";b:1;s:4:\"mail\";s:24:\"birahim.babou@uvs.edu.sn\";s:6:\"profil\";s:1:\"2\";s:11:\"utilisateur\";s:1:\"1\";s:6:\"prenom\";s:7:\"Birahim\";s:3:\"nom\";s:5:\"BABOU\";s:4:\"role\";s:18:\"GMB_ADMINISTRATEUR\";}'),
(2613, 4, 1, 'a:7:{s:9:\"connexion\";b:1;s:4:\"mail\";s:24:\"birahim.babou@uvs.edu.sn\";s:6:\"profil\";s:1:\"2\";s:11:\"utilisateur\";s:1:\"1\";s:6:\"prenom\";s:7:\"Birahim\";s:3:\"nom\";s:5:\"BABOU\";s:4:\"role\";s:18:\"GMB_ADMINISTRATEUR\";}'),
(2614, 4, 1, 'a:7:{s:9:\"connexion\";b:1;s:4:\"mail\";s:24:\"birahim.babou@uvs.edu.sn\";s:6:\"profil\";s:1:\"2\";s:11:\"utilisateur\";s:1:\"1\";s:6:\"prenom\";s:7:\"Birahim\";s:3:\"nom\";s:5:\"BABOU\";s:4:\"role\";s:18:\"GMB_ADMINISTRATEUR\";}'),
(2615, 4, 1, 'a:7:{s:9:\"connexion\";b:1;s:4:\"mail\";s:24:\"birahim.babou@uvs.edu.sn\";s:6:\"profil\";s:1:\"2\";s:11:\"utilisateur\";s:1:\"1\";s:6:\"prenom\";s:7:\"Birahim\";s:3:\"nom\";s:5:\"BABOU\";s:4:\"role\";s:18:\"GMB_ADMINISTRATEUR\";}'),
(2616, 4, 1, 'a:7:{s:9:\"connexion\";b:1;s:4:\"mail\";s:24:\"birahim.babou@uvs.edu.sn\";s:6:\"profil\";s:1:\"2\";s:11:\"utilisateur\";s:1:\"1\";s:6:\"prenom\";s:7:\"Birahim\";s:3:\"nom\";s:5:\"BABOU\";s:4:\"role\";s:18:\"GMB_ADMINISTRATEUR\";}'),
(2617, 4, 1, 'a:7:{s:9:\"connexion\";b:1;s:4:\"mail\";s:24:\"birahim.babou@uvs.edu.sn\";s:6:\"profil\";s:1:\"2\";s:11:\"utilisateur\";s:1:\"1\";s:6:\"prenom\";s:7:\"Birahim\";s:3:\"nom\";s:5:\"BABOU\";s:4:\"role\";s:18:\"GMB_ADMINISTRATEUR\";}'),
(2618, 4, 1, 'a:7:{s:9:\"connexion\";b:1;s:4:\"mail\";s:24:\"birahim.babou@uvs.edu.sn\";s:6:\"profil\";s:1:\"2\";s:11:\"utilisateur\";s:1:\"1\";s:6:\"prenom\";s:7:\"Birahim\";s:3:\"nom\";s:5:\"BABOU\";s:4:\"role\";s:18:\"GMB_ADMINISTRATEUR\";}'),
(2619, 4, 1, 'a:7:{s:9:\"connexion\";b:1;s:4:\"mail\";s:24:\"birahim.babou@uvs.edu.sn\";s:6:\"profil\";s:1:\"2\";s:11:\"utilisateur\";s:1:\"1\";s:6:\"prenom\";s:7:\"Birahim\";s:3:\"nom\";s:5:\"BABOU\";s:4:\"role\";s:18:\"GMB_ADMINISTRATEUR\";}'),
(2620, 4, 1, 'a:7:{s:9:\"connexion\";b:1;s:4:\"mail\";s:24:\"birahim.babou@uvs.edu.sn\";s:6:\"profil\";s:1:\"2\";s:11:\"utilisateur\";s:1:\"1\";s:6:\"prenom\";s:7:\"Birahim\";s:3:\"nom\";s:5:\"BABOU\";s:4:\"role\";s:18:\"GMB_ADMINISTRATEUR\";}'),
(2621, 4, 1, 'a:7:{s:9:\"connexion\";b:1;s:4:\"mail\";s:24:\"birahim.babou@uvs.edu.sn\";s:6:\"profil\";s:1:\"2\";s:11:\"utilisateur\";s:1:\"1\";s:6:\"prenom\";s:7:\"Birahim\";s:3:\"nom\";s:5:\"BABOU\";s:4:\"role\";s:18:\"GMB_ADMINISTRATEUR\";}'),
(2622, 4, 1, 'a:7:{s:9:\"connexion\";b:1;s:4:\"mail\";s:24:\"birahim.babou@uvs.edu.sn\";s:6:\"profil\";s:1:\"2\";s:11:\"utilisateur\";s:1:\"1\";s:6:\"prenom\";s:7:\"Birahim\";s:3:\"nom\";s:5:\"BABOU\";s:4:\"role\";s:18:\"GMB_ADMINISTRATEUR\";}'),
(2623, 4, 1, 'a:7:{s:9:\"connexion\";b:1;s:4:\"mail\";s:24:\"birahim.babou@uvs.edu.sn\";s:6:\"profil\";s:1:\"2\";s:11:\"utilisateur\";s:1:\"1\";s:6:\"prenom\";s:7:\"Birahim\";s:3:\"nom\";s:5:\"BABOU\";s:4:\"role\";s:18:\"GMB_ADMINISTRATEUR\";}'),
(2624, 4, 1, 'a:7:{s:9:\"connexion\";b:1;s:4:\"mail\";s:24:\"birahim.babou@uvs.edu.sn\";s:6:\"profil\";s:1:\"2\";s:11:\"utilisateur\";s:1:\"1\";s:6:\"prenom\";s:7:\"Birahim\";s:3:\"nom\";s:5:\"BABOU\";s:4:\"role\";s:18:\"GMB_ADMINISTRATEUR\";}'),
(2625, 4, 1, 'a:7:{s:9:\"connexion\";b:1;s:4:\"mail\";s:24:\"birahim.babou@uvs.edu.sn\";s:6:\"profil\";s:1:\"2\";s:11:\"utilisateur\";s:1:\"1\";s:6:\"prenom\";s:7:\"Birahim\";s:3:\"nom\";s:5:\"BABOU\";s:4:\"role\";s:18:\"GMB_ADMINISTRATEUR\";}'),
(2626, 4, 1, 'a:7:{s:9:\"connexion\";b:1;s:4:\"mail\";s:24:\"birahim.babou@uvs.edu.sn\";s:6:\"profil\";s:1:\"2\";s:11:\"utilisateur\";s:1:\"1\";s:6:\"prenom\";s:7:\"Birahim\";s:3:\"nom\";s:5:\"BABOU\";s:4:\"role\";s:18:\"GMB_ADMINISTRATEUR\";}'),
(2627, 4, 1, 'a:7:{s:9:\"connexion\";b:1;s:4:\"mail\";s:24:\"birahim.babou@uvs.edu.sn\";s:6:\"profil\";s:1:\"2\";s:11:\"utilisateur\";s:1:\"1\";s:6:\"prenom\";s:7:\"Birahim\";s:3:\"nom\";s:5:\"BABOU\";s:4:\"role\";s:18:\"GMB_ADMINISTRATEUR\";}'),
(2628, 4, 1, 'a:7:{s:9:\"connexion\";b:1;s:4:\"mail\";s:24:\"birahim.babou@uvs.edu.sn\";s:6:\"profil\";s:1:\"2\";s:11:\"utilisateur\";s:1:\"1\";s:6:\"prenom\";s:7:\"Birahim\";s:3:\"nom\";s:5:\"BABOU\";s:4:\"role\";s:18:\"GMB_ADMINISTRATEUR\";}'),
(2629, 4, 1, 'a:7:{s:9:\"connexion\";b:1;s:4:\"mail\";s:24:\"birahim.babou@uvs.edu.sn\";s:6:\"profil\";s:1:\"2\";s:11:\"utilisateur\";s:1:\"1\";s:6:\"prenom\";s:7:\"Birahim\";s:3:\"nom\";s:5:\"BABOU\";s:4:\"role\";s:18:\"GMB_ADMINISTRATEUR\";}'),
(2630, 4, 1, 'a:7:{s:9:\"connexion\";b:1;s:4:\"mail\";s:24:\"birahim.babou@uvs.edu.sn\";s:6:\"profil\";s:1:\"2\";s:11:\"utilisateur\";s:1:\"1\";s:6:\"prenom\";s:7:\"Birahim\";s:3:\"nom\";s:5:\"BABOU\";s:4:\"role\";s:18:\"GMB_ADMINISTRATEUR\";}'),
(2631, 4, 1, 'a:7:{s:9:\"connexion\";b:1;s:4:\"mail\";s:24:\"birahim.babou@uvs.edu.sn\";s:6:\"profil\";s:1:\"2\";s:11:\"utilisateur\";s:1:\"1\";s:6:\"prenom\";s:7:\"Birahim\";s:3:\"nom\";s:5:\"BABOU\";s:4:\"role\";s:18:\"GMB_ADMINISTRATEUR\";}'),
(2632, 4, 1, 'a:7:{s:9:\"connexion\";b:1;s:4:\"mail\";s:24:\"birahim.babou@uvs.edu.sn\";s:6:\"profil\";s:1:\"2\";s:11:\"utilisateur\";s:1:\"1\";s:6:\"prenom\";s:7:\"Birahim\";s:3:\"nom\";s:5:\"BABOU\";s:4:\"role\";s:18:\"GMB_ADMINISTRATEUR\";}'),
(2633, 4, 1, 'a:7:{s:9:\"connexion\";b:1;s:4:\"mail\";s:24:\"birahim.babou@uvs.edu.sn\";s:6:\"profil\";s:1:\"2\";s:11:\"utilisateur\";s:1:\"1\";s:6:\"prenom\";s:7:\"Birahim\";s:3:\"nom\";s:5:\"BABOU\";s:4:\"role\";s:18:\"GMB_ADMINISTRATEUR\";}'),
(2634, 4, 1, 'a:7:{s:9:\"connexion\";b:1;s:4:\"mail\";s:24:\"birahim.babou@uvs.edu.sn\";s:6:\"profil\";s:1:\"2\";s:11:\"utilisateur\";s:1:\"1\";s:6:\"prenom\";s:7:\"Birahim\";s:3:\"nom\";s:5:\"BABOU\";s:4:\"role\";s:18:\"GMB_ADMINISTRATEUR\";}'),
(2635, 4, 1, 'a:7:{s:9:\"connexion\";b:1;s:4:\"mail\";s:24:\"birahim.babou@uvs.edu.sn\";s:6:\"profil\";s:1:\"2\";s:11:\"utilisateur\";s:1:\"1\";s:6:\"prenom\";s:7:\"Birahim\";s:3:\"nom\";s:5:\"BABOU\";s:4:\"role\";s:18:\"GMB_ADMINISTRATEUR\";}'),
(2636, 4, 1, 'a:7:{s:9:\"connexion\";b:1;s:4:\"mail\";s:24:\"birahim.babou@uvs.edu.sn\";s:6:\"profil\";s:1:\"2\";s:11:\"utilisateur\";s:1:\"1\";s:6:\"prenom\";s:7:\"Birahim\";s:3:\"nom\";s:5:\"BABOU\";s:4:\"role\";s:18:\"GMB_ADMINISTRATEUR\";}');
INSERT INTO `ban_hist` (`id`, `type`, `user`, `valeur`) VALUES
(2637, 4, 1, 'a:7:{s:9:\"connexion\";b:1;s:4:\"mail\";s:24:\"birahim.babou@uvs.edu.sn\";s:6:\"profil\";s:1:\"2\";s:11:\"utilisateur\";s:1:\"1\";s:6:\"prenom\";s:7:\"Birahim\";s:3:\"nom\";s:5:\"BABOU\";s:4:\"role\";s:18:\"GMB_ADMINISTRATEUR\";}'),
(2638, 4, 1, 'a:7:{s:9:\"connexion\";b:1;s:4:\"mail\";s:24:\"birahim.babou@uvs.edu.sn\";s:6:\"profil\";s:1:\"2\";s:11:\"utilisateur\";s:1:\"1\";s:6:\"prenom\";s:7:\"Birahim\";s:3:\"nom\";s:5:\"BABOU\";s:4:\"role\";s:18:\"GMB_ADMINISTRATEUR\";}'),
(2639, 4, 1, 'a:7:{s:9:\"connexion\";b:1;s:4:\"mail\";s:24:\"birahim.babou@uvs.edu.sn\";s:6:\"profil\";s:1:\"2\";s:11:\"utilisateur\";s:1:\"1\";s:6:\"prenom\";s:7:\"Birahim\";s:3:\"nom\";s:5:\"BABOU\";s:4:\"role\";s:18:\"GMB_ADMINISTRATEUR\";}'),
(2640, 4, 1, 'a:7:{s:9:\"connexion\";b:1;s:4:\"mail\";s:24:\"birahim.babou@uvs.edu.sn\";s:6:\"profil\";s:1:\"2\";s:11:\"utilisateur\";s:1:\"1\";s:6:\"prenom\";s:7:\"Birahim\";s:3:\"nom\";s:5:\"BABOU\";s:4:\"role\";s:18:\"GMB_ADMINISTRATEUR\";}'),
(2641, 4, 1, 'a:7:{s:9:\"connexion\";b:1;s:4:\"mail\";s:24:\"birahim.babou@uvs.edu.sn\";s:6:\"profil\";s:1:\"2\";s:11:\"utilisateur\";s:1:\"1\";s:6:\"prenom\";s:7:\"Birahim\";s:3:\"nom\";s:5:\"BABOU\";s:4:\"role\";s:18:\"GMB_ADMINISTRATEUR\";}'),
(2642, 4, 1, 'a:7:{s:9:\"connexion\";b:1;s:4:\"mail\";s:24:\"birahim.babou@uvs.edu.sn\";s:6:\"profil\";s:1:\"2\";s:11:\"utilisateur\";s:1:\"1\";s:6:\"prenom\";s:7:\"Birahim\";s:3:\"nom\";s:5:\"BABOU\";s:4:\"role\";s:18:\"GMB_ADMINISTRATEUR\";}'),
(2643, 4, 1, 'a:7:{s:9:\"connexion\";b:1;s:4:\"mail\";s:24:\"birahim.babou@uvs.edu.sn\";s:6:\"profil\";s:1:\"2\";s:11:\"utilisateur\";s:1:\"1\";s:6:\"prenom\";s:7:\"Birahim\";s:3:\"nom\";s:5:\"BABOU\";s:4:\"role\";s:18:\"GMB_ADMINISTRATEUR\";}'),
(2644, 4, 1, 'a:7:{s:9:\"connexion\";b:1;s:4:\"mail\";s:24:\"birahim.babou@uvs.edu.sn\";s:6:\"profil\";s:1:\"2\";s:11:\"utilisateur\";s:1:\"1\";s:6:\"prenom\";s:7:\"Birahim\";s:3:\"nom\";s:5:\"BABOU\";s:4:\"role\";s:18:\"GMB_ADMINISTRATEUR\";}'),
(2645, 4, 1, 'a:7:{s:9:\"connexion\";b:1;s:4:\"mail\";s:24:\"birahim.babou@uvs.edu.sn\";s:6:\"profil\";s:1:\"2\";s:11:\"utilisateur\";s:1:\"1\";s:6:\"prenom\";s:7:\"Birahim\";s:3:\"nom\";s:5:\"BABOU\";s:4:\"role\";s:18:\"GMB_ADMINISTRATEUR\";}'),
(2646, 4, 1, 'a:7:{s:9:\"connexion\";b:1;s:4:\"mail\";s:24:\"birahim.babou@uvs.edu.sn\";s:6:\"profil\";s:1:\"2\";s:11:\"utilisateur\";s:1:\"1\";s:6:\"prenom\";s:7:\"Birahim\";s:3:\"nom\";s:5:\"BABOU\";s:4:\"role\";s:18:\"GMB_ADMINISTRATEUR\";}'),
(2647, 4, 1, 'a:7:{s:9:\"connexion\";b:1;s:4:\"mail\";s:24:\"birahim.babou@uvs.edu.sn\";s:6:\"profil\";s:1:\"2\";s:11:\"utilisateur\";s:1:\"1\";s:6:\"prenom\";s:7:\"Birahim\";s:3:\"nom\";s:5:\"BABOU\";s:4:\"role\";s:18:\"GMB_ADMINISTRATEUR\";}'),
(2648, 4, 1, 'a:7:{s:9:\"connexion\";b:1;s:4:\"mail\";s:24:\"birahim.babou@uvs.edu.sn\";s:6:\"profil\";s:1:\"2\";s:11:\"utilisateur\";s:1:\"1\";s:6:\"prenom\";s:7:\"Birahim\";s:3:\"nom\";s:5:\"BABOU\";s:4:\"role\";s:18:\"GMB_ADMINISTRATEUR\";}'),
(2649, 4, 1, 'a:7:{s:9:\"connexion\";b:1;s:4:\"mail\";s:24:\"birahim.babou@uvs.edu.sn\";s:6:\"profil\";s:1:\"2\";s:11:\"utilisateur\";s:1:\"1\";s:6:\"prenom\";s:7:\"Birahim\";s:3:\"nom\";s:5:\"BABOU\";s:4:\"role\";s:18:\"GMB_ADMINISTRATEUR\";}'),
(2650, 4, 1, 'a:7:{s:9:\"connexion\";b:1;s:4:\"mail\";s:24:\"birahim.babou@uvs.edu.sn\";s:6:\"profil\";s:1:\"2\";s:11:\"utilisateur\";s:1:\"1\";s:6:\"prenom\";s:7:\"Birahim\";s:3:\"nom\";s:5:\"BABOU\";s:4:\"role\";s:18:\"GMB_ADMINISTRATEUR\";}'),
(2651, 4, 1, 'a:7:{s:9:\"connexion\";b:1;s:4:\"mail\";s:24:\"birahim.babou@uvs.edu.sn\";s:6:\"profil\";s:1:\"2\";s:11:\"utilisateur\";s:1:\"1\";s:6:\"prenom\";s:7:\"Birahim\";s:3:\"nom\";s:5:\"BABOU\";s:4:\"role\";s:18:\"GMB_ADMINISTRATEUR\";}'),
(2652, 4, 1, 'a:7:{s:9:\"connexion\";b:1;s:4:\"mail\";s:24:\"birahim.babou@uvs.edu.sn\";s:6:\"profil\";s:1:\"2\";s:11:\"utilisateur\";s:1:\"1\";s:6:\"prenom\";s:7:\"Birahim\";s:3:\"nom\";s:5:\"BABOU\";s:4:\"role\";s:18:\"GMB_ADMINISTRATEUR\";}'),
(2653, 4, 1, 'a:7:{s:9:\"connexion\";b:1;s:4:\"mail\";s:24:\"birahim.babou@uvs.edu.sn\";s:6:\"profil\";s:1:\"2\";s:11:\"utilisateur\";s:1:\"1\";s:6:\"prenom\";s:7:\"Birahim\";s:3:\"nom\";s:5:\"BABOU\";s:4:\"role\";s:18:\"GMB_ADMINISTRATEUR\";}'),
(2654, 4, 1, 'a:7:{s:9:\"connexion\";b:1;s:4:\"mail\";s:24:\"birahim.babou@uvs.edu.sn\";s:6:\"profil\";s:1:\"2\";s:11:\"utilisateur\";s:1:\"1\";s:6:\"prenom\";s:7:\"Birahim\";s:3:\"nom\";s:5:\"BABOU\";s:4:\"role\";s:18:\"GMB_ADMINISTRATEUR\";}'),
(2655, 4, 1, 'a:7:{s:9:\"connexion\";b:1;s:4:\"mail\";s:24:\"birahim.babou@uvs.edu.sn\";s:6:\"profil\";s:1:\"2\";s:11:\"utilisateur\";s:1:\"1\";s:6:\"prenom\";s:7:\"Birahim\";s:3:\"nom\";s:5:\"BABOU\";s:4:\"role\";s:18:\"GMB_ADMINISTRATEUR\";}'),
(2656, 4, 1, 'a:7:{s:9:\"connexion\";b:1;s:4:\"mail\";s:24:\"birahim.babou@uvs.edu.sn\";s:6:\"profil\";s:1:\"2\";s:11:\"utilisateur\";s:1:\"1\";s:6:\"prenom\";s:7:\"Birahim\";s:3:\"nom\";s:5:\"BABOU\";s:4:\"role\";s:18:\"GMB_ADMINISTRATEUR\";}'),
(2657, 4, 1, 'a:7:{s:9:\"connexion\";b:1;s:4:\"mail\";s:24:\"birahim.babou@uvs.edu.sn\";s:6:\"profil\";s:1:\"2\";s:11:\"utilisateur\";s:1:\"1\";s:6:\"prenom\";s:7:\"Birahim\";s:3:\"nom\";s:5:\"BABOU\";s:4:\"role\";s:18:\"GMB_ADMINISTRATEUR\";}'),
(2658, 4, 1, 'a:7:{s:9:\"connexion\";b:1;s:4:\"mail\";s:24:\"birahim.babou@uvs.edu.sn\";s:6:\"profil\";s:1:\"2\";s:11:\"utilisateur\";s:1:\"1\";s:6:\"prenom\";s:7:\"Birahim\";s:3:\"nom\";s:5:\"BABOU\";s:4:\"role\";s:18:\"GMB_ADMINISTRATEUR\";}'),
(2659, 4, 1, 'a:7:{s:9:\"connexion\";b:1;s:4:\"mail\";s:24:\"birahim.babou@uvs.edu.sn\";s:6:\"profil\";s:1:\"2\";s:11:\"utilisateur\";s:1:\"1\";s:6:\"prenom\";s:7:\"Birahim\";s:3:\"nom\";s:5:\"BABOU\";s:4:\"role\";s:18:\"GMB_ADMINISTRATEUR\";}'),
(2660, 4, 1, 'a:7:{s:9:\"connexion\";b:1;s:4:\"mail\";s:24:\"birahim.babou@uvs.edu.sn\";s:6:\"profil\";s:1:\"2\";s:11:\"utilisateur\";s:1:\"1\";s:6:\"prenom\";s:7:\"Birahim\";s:3:\"nom\";s:5:\"BABOU\";s:4:\"role\";s:18:\"GMB_ADMINISTRATEUR\";}'),
(2661, 4, 1, 'a:7:{s:9:\"connexion\";b:1;s:4:\"mail\";s:24:\"birahim.babou@uvs.edu.sn\";s:6:\"profil\";s:1:\"2\";s:11:\"utilisateur\";s:1:\"1\";s:6:\"prenom\";s:7:\"Birahim\";s:3:\"nom\";s:5:\"BABOU\";s:4:\"role\";s:18:\"GMB_ADMINISTRATEUR\";}'),
(2662, 4, 1, 'a:7:{s:9:\"connexion\";b:1;s:4:\"mail\";s:24:\"birahim.babou@uvs.edu.sn\";s:6:\"profil\";s:1:\"2\";s:11:\"utilisateur\";s:1:\"1\";s:6:\"prenom\";s:7:\"Birahim\";s:3:\"nom\";s:5:\"BABOU\";s:4:\"role\";s:18:\"GMB_ADMINISTRATEUR\";}'),
(2663, 4, 1, 'a:7:{s:9:\"connexion\";b:1;s:4:\"mail\";s:24:\"birahim.babou@uvs.edu.sn\";s:6:\"profil\";s:1:\"2\";s:11:\"utilisateur\";s:1:\"1\";s:6:\"prenom\";s:7:\"Birahim\";s:3:\"nom\";s:5:\"BABOU\";s:4:\"role\";s:18:\"GMB_ADMINISTRATEUR\";}'),
(2664, 4, 1, 'a:7:{s:9:\"connexion\";b:1;s:4:\"mail\";s:24:\"birahim.babou@uvs.edu.sn\";s:6:\"profil\";s:1:\"2\";s:11:\"utilisateur\";s:1:\"1\";s:6:\"prenom\";s:7:\"Birahim\";s:3:\"nom\";s:5:\"BABOU\";s:4:\"role\";s:18:\"GMB_ADMINISTRATEUR\";}'),
(2665, 4, 1, 'a:7:{s:9:\"connexion\";b:1;s:4:\"mail\";s:24:\"birahim.babou@uvs.edu.sn\";s:6:\"profil\";s:1:\"2\";s:11:\"utilisateur\";s:1:\"1\";s:6:\"prenom\";s:7:\"Birahim\";s:3:\"nom\";s:5:\"BABOU\";s:4:\"role\";s:18:\"GMB_ADMINISTRATEUR\";}'),
(2666, 4, 1, 'a:7:{s:9:\"connexion\";b:1;s:4:\"mail\";s:24:\"birahim.babou@uvs.edu.sn\";s:6:\"profil\";s:1:\"2\";s:11:\"utilisateur\";s:1:\"1\";s:6:\"prenom\";s:7:\"Birahim\";s:3:\"nom\";s:5:\"BABOU\";s:4:\"role\";s:18:\"GMB_ADMINISTRATEUR\";}'),
(2667, 4, 1, 'a:7:{s:9:\"connexion\";b:1;s:4:\"mail\";s:24:\"birahim.babou@uvs.edu.sn\";s:6:\"profil\";s:1:\"2\";s:11:\"utilisateur\";s:1:\"1\";s:6:\"prenom\";s:7:\"Birahim\";s:3:\"nom\";s:5:\"BABOU\";s:4:\"role\";s:18:\"GMB_ADMINISTRATEUR\";}'),
(2668, 4, 1, 'a:7:{s:9:\"connexion\";b:1;s:4:\"mail\";s:24:\"birahim.babou@uvs.edu.sn\";s:6:\"profil\";s:1:\"2\";s:11:\"utilisateur\";s:1:\"1\";s:6:\"prenom\";s:7:\"Birahim\";s:3:\"nom\";s:5:\"BABOU\";s:4:\"role\";s:18:\"GMB_ADMINISTRATEUR\";}'),
(2669, 4, 1, 'a:7:{s:9:\"connexion\";b:1;s:4:\"mail\";s:24:\"birahim.babou@uvs.edu.sn\";s:6:\"profil\";s:1:\"2\";s:11:\"utilisateur\";s:1:\"1\";s:6:\"prenom\";s:7:\"Birahim\";s:3:\"nom\";s:5:\"BABOU\";s:4:\"role\";s:18:\"GMB_ADMINISTRATEUR\";}'),
(2670, 4, 1, 'a:7:{s:9:\"connexion\";b:1;s:4:\"mail\";s:24:\"birahim.babou@uvs.edu.sn\";s:6:\"profil\";s:1:\"2\";s:11:\"utilisateur\";s:1:\"1\";s:6:\"prenom\";s:7:\"Birahim\";s:3:\"nom\";s:5:\"BABOU\";s:4:\"role\";s:18:\"GMB_ADMINISTRATEUR\";}'),
(2671, 4, 1, 'a:7:{s:9:\"connexion\";b:1;s:4:\"mail\";s:24:\"birahim.babou@uvs.edu.sn\";s:6:\"profil\";s:1:\"2\";s:11:\"utilisateur\";s:1:\"1\";s:6:\"prenom\";s:7:\"Birahim\";s:3:\"nom\";s:5:\"BABOU\";s:4:\"role\";s:18:\"GMB_ADMINISTRATEUR\";}'),
(2672, 4, 1, 'a:7:{s:9:\"connexion\";b:1;s:4:\"mail\";s:24:\"birahim.babou@uvs.edu.sn\";s:6:\"profil\";s:1:\"2\";s:11:\"utilisateur\";s:1:\"1\";s:6:\"prenom\";s:7:\"Birahim\";s:3:\"nom\";s:5:\"BABOU\";s:4:\"role\";s:18:\"GMB_ADMINISTRATEUR\";}'),
(2673, 4, 1, 'a:7:{s:9:\"connexion\";b:1;s:4:\"mail\";s:24:\"birahim.babou@uvs.edu.sn\";s:6:\"profil\";s:1:\"2\";s:11:\"utilisateur\";s:1:\"1\";s:6:\"prenom\";s:7:\"Birahim\";s:3:\"nom\";s:5:\"BABOU\";s:4:\"role\";s:18:\"GMB_ADMINISTRATEUR\";}'),
(2674, 4, 1, 'a:7:{s:9:\"connexion\";b:1;s:4:\"mail\";s:24:\"birahim.babou@uvs.edu.sn\";s:6:\"profil\";s:1:\"2\";s:11:\"utilisateur\";s:1:\"1\";s:6:\"prenom\";s:7:\"Birahim\";s:3:\"nom\";s:5:\"BABOU\";s:4:\"role\";s:18:\"GMB_ADMINISTRATEUR\";}'),
(2675, 4, 1, 'a:7:{s:9:\"connexion\";b:1;s:4:\"mail\";s:24:\"birahim.babou@uvs.edu.sn\";s:6:\"profil\";s:1:\"2\";s:11:\"utilisateur\";s:1:\"1\";s:6:\"prenom\";s:7:\"Birahim\";s:3:\"nom\";s:5:\"BABOU\";s:4:\"role\";s:18:\"GMB_ADMINISTRATEUR\";}'),
(2676, 4, 1, 'a:7:{s:9:\"connexion\";b:1;s:4:\"mail\";s:24:\"birahim.babou@uvs.edu.sn\";s:6:\"profil\";s:1:\"2\";s:11:\"utilisateur\";s:1:\"1\";s:6:\"prenom\";s:7:\"Birahim\";s:3:\"nom\";s:5:\"BABOU\";s:4:\"role\";s:18:\"GMB_ADMINISTRATEUR\";}'),
(2677, 4, 1, 'a:7:{s:9:\"connexion\";b:1;s:4:\"mail\";s:24:\"birahim.babou@uvs.edu.sn\";s:6:\"profil\";s:1:\"2\";s:11:\"utilisateur\";s:1:\"1\";s:6:\"prenom\";s:7:\"Birahim\";s:3:\"nom\";s:5:\"BABOU\";s:4:\"role\";s:18:\"GMB_ADMINISTRATEUR\";}'),
(2678, 4, 1, 'a:7:{s:9:\"connexion\";b:1;s:4:\"mail\";s:24:\"birahim.babou@uvs.edu.sn\";s:6:\"profil\";s:1:\"2\";s:11:\"utilisateur\";s:1:\"1\";s:6:\"prenom\";s:7:\"Birahim\";s:3:\"nom\";s:5:\"BABOU\";s:4:\"role\";s:18:\"GMB_ADMINISTRATEUR\";}'),
(2679, 4, 1, 'a:7:{s:9:\"connexion\";b:1;s:4:\"mail\";s:24:\"birahim.babou@uvs.edu.sn\";s:6:\"profil\";s:1:\"2\";s:11:\"utilisateur\";s:1:\"1\";s:6:\"prenom\";s:7:\"Birahim\";s:3:\"nom\";s:5:\"BABOU\";s:4:\"role\";s:18:\"GMB_ADMINISTRATEUR\";}'),
(2680, 4, 1, 'a:7:{s:9:\"connexion\";b:1;s:4:\"mail\";s:24:\"birahim.babou@uvs.edu.sn\";s:6:\"profil\";s:1:\"2\";s:11:\"utilisateur\";s:1:\"1\";s:6:\"prenom\";s:7:\"Birahim\";s:3:\"nom\";s:5:\"BABOU\";s:4:\"role\";s:18:\"GMB_ADMINISTRATEUR\";}'),
(2681, 4, 1, 'a:7:{s:9:\"connexion\";b:1;s:4:\"mail\";s:24:\"birahim.babou@uvs.edu.sn\";s:6:\"profil\";s:1:\"2\";s:11:\"utilisateur\";s:1:\"1\";s:6:\"prenom\";s:7:\"Birahim\";s:3:\"nom\";s:5:\"BABOU\";s:4:\"role\";s:18:\"GMB_ADMINISTRATEUR\";}'),
(2682, 4, 1, 'a:7:{s:9:\"connexion\";b:1;s:4:\"mail\";s:24:\"birahim.babou@uvs.edu.sn\";s:6:\"profil\";s:1:\"2\";s:11:\"utilisateur\";s:1:\"1\";s:6:\"prenom\";s:7:\"Birahim\";s:3:\"nom\";s:5:\"BABOU\";s:4:\"role\";s:18:\"GMB_ADMINISTRATEUR\";}'),
(2683, 4, 1, 'a:7:{s:9:\"connexion\";b:1;s:4:\"mail\";s:24:\"birahim.babou@uvs.edu.sn\";s:6:\"profil\";s:1:\"2\";s:11:\"utilisateur\";s:1:\"1\";s:6:\"prenom\";s:7:\"Birahim\";s:3:\"nom\";s:5:\"BABOU\";s:4:\"role\";s:18:\"GMB_ADMINISTRATEUR\";}'),
(2684, 4, 1, 'a:7:{s:9:\"connexion\";b:1;s:4:\"mail\";s:24:\"birahim.babou@uvs.edu.sn\";s:6:\"profil\";s:1:\"2\";s:11:\"utilisateur\";s:1:\"1\";s:6:\"prenom\";s:7:\"Birahim\";s:3:\"nom\";s:5:\"BABOU\";s:4:\"role\";s:18:\"GMB_ADMINISTRATEUR\";}'),
(2685, 4, 1, 'a:7:{s:9:\"connexion\";b:1;s:4:\"mail\";s:24:\"birahim.babou@uvs.edu.sn\";s:6:\"profil\";s:1:\"2\";s:11:\"utilisateur\";s:1:\"1\";s:6:\"prenom\";s:7:\"Birahim\";s:3:\"nom\";s:5:\"BABOU\";s:4:\"role\";s:18:\"GMB_ADMINISTRATEUR\";}'),
(2686, 4, 1, 'a:7:{s:9:\"connexion\";b:1;s:4:\"mail\";s:24:\"birahim.babou@uvs.edu.sn\";s:6:\"profil\";s:1:\"2\";s:11:\"utilisateur\";s:1:\"1\";s:6:\"prenom\";s:7:\"Birahim\";s:3:\"nom\";s:5:\"BABOU\";s:4:\"role\";s:18:\"GMB_ADMINISTRATEUR\";}'),
(2687, 4, 1, 'a:7:{s:9:\"connexion\";b:1;s:4:\"mail\";s:24:\"birahim.babou@uvs.edu.sn\";s:6:\"profil\";s:1:\"2\";s:11:\"utilisateur\";s:1:\"1\";s:6:\"prenom\";s:7:\"Birahim\";s:3:\"nom\";s:5:\"BABOU\";s:4:\"role\";s:18:\"GMB_ADMINISTRATEUR\";}'),
(2688, 4, 1, 'a:7:{s:9:\"connexion\";b:1;s:4:\"mail\";s:24:\"birahim.babou@uvs.edu.sn\";s:6:\"profil\";s:1:\"2\";s:11:\"utilisateur\";s:1:\"1\";s:6:\"prenom\";s:7:\"Birahim\";s:3:\"nom\";s:5:\"BABOU\";s:4:\"role\";s:18:\"GMB_ADMINISTRATEUR\";}'),
(2689, 4, 1, 'a:7:{s:9:\"connexion\";b:1;s:4:\"mail\";s:24:\"birahim.babou@uvs.edu.sn\";s:6:\"profil\";s:1:\"2\";s:11:\"utilisateur\";s:1:\"1\";s:6:\"prenom\";s:7:\"Birahim\";s:3:\"nom\";s:5:\"BABOU\";s:4:\"role\";s:18:\"GMB_ADMINISTRATEUR\";}'),
(2690, 4, 1, 'a:7:{s:9:\"connexion\";b:1;s:4:\"mail\";s:24:\"birahim.babou@uvs.edu.sn\";s:6:\"profil\";s:1:\"2\";s:11:\"utilisateur\";s:1:\"1\";s:6:\"prenom\";s:7:\"Birahim\";s:3:\"nom\";s:5:\"BABOU\";s:4:\"role\";s:18:\"GMB_ADMINISTRATEUR\";}'),
(2691, 4, 1, 'a:7:{s:9:\"connexion\";b:1;s:4:\"mail\";s:24:\"birahim.babou@uvs.edu.sn\";s:6:\"profil\";s:1:\"2\";s:11:\"utilisateur\";s:1:\"1\";s:6:\"prenom\";s:7:\"Birahim\";s:3:\"nom\";s:5:\"BABOU\";s:4:\"role\";s:18:\"GMB_ADMINISTRATEUR\";}'),
(2692, 4, 1, 'a:7:{s:9:\"connexion\";b:1;s:4:\"mail\";s:24:\"birahim.babou@uvs.edu.sn\";s:6:\"profil\";s:1:\"2\";s:11:\"utilisateur\";s:1:\"1\";s:6:\"prenom\";s:7:\"Birahim\";s:3:\"nom\";s:5:\"BABOU\";s:4:\"role\";s:18:\"GMB_ADMINISTRATEUR\";}'),
(2693, 4, 1, 'a:7:{s:9:\"connexion\";b:1;s:4:\"mail\";s:24:\"birahim.babou@uvs.edu.sn\";s:6:\"profil\";s:1:\"2\";s:11:\"utilisateur\";s:1:\"1\";s:6:\"prenom\";s:7:\"Birahim\";s:3:\"nom\";s:5:\"BABOU\";s:4:\"role\";s:18:\"GMB_ADMINISTRATEUR\";}'),
(2694, 4, 1, 'a:7:{s:9:\"connexion\";b:1;s:4:\"mail\";s:24:\"birahim.babou@uvs.edu.sn\";s:6:\"profil\";s:1:\"2\";s:11:\"utilisateur\";s:1:\"1\";s:6:\"prenom\";s:7:\"Birahim\";s:3:\"nom\";s:5:\"BABOU\";s:4:\"role\";s:18:\"GMB_ADMINISTRATEUR\";}'),
(2695, 4, 1, 'a:7:{s:9:\"connexion\";b:1;s:4:\"mail\";s:24:\"birahim.babou@uvs.edu.sn\";s:6:\"profil\";s:1:\"2\";s:11:\"utilisateur\";s:1:\"1\";s:6:\"prenom\";s:7:\"Birahim\";s:3:\"nom\";s:5:\"BABOU\";s:4:\"role\";s:18:\"GMB_ADMINISTRATEUR\";}'),
(2696, 4, 1, 'a:7:{s:9:\"connexion\";b:1;s:4:\"mail\";s:24:\"birahim.babou@uvs.edu.sn\";s:6:\"profil\";s:1:\"2\";s:11:\"utilisateur\";s:1:\"1\";s:6:\"prenom\";s:7:\"Birahim\";s:3:\"nom\";s:5:\"BABOU\";s:4:\"role\";s:18:\"GMB_ADMINISTRATEUR\";}'),
(2697, 4, 1, 'a:7:{s:9:\"connexion\";b:1;s:4:\"mail\";s:24:\"birahim.babou@uvs.edu.sn\";s:6:\"profil\";s:1:\"2\";s:11:\"utilisateur\";s:1:\"1\";s:6:\"prenom\";s:7:\"Birahim\";s:3:\"nom\";s:5:\"BABOU\";s:4:\"role\";s:18:\"GMB_ADMINISTRATEUR\";}'),
(2698, 4, 1, 'a:7:{s:9:\"connexion\";b:1;s:4:\"mail\";s:24:\"birahim.babou@uvs.edu.sn\";s:6:\"profil\";s:1:\"2\";s:11:\"utilisateur\";s:1:\"1\";s:6:\"prenom\";s:7:\"Birahim\";s:3:\"nom\";s:5:\"BABOU\";s:4:\"role\";s:18:\"GMB_ADMINISTRATEUR\";}'),
(2699, 4, 1, 'a:7:{s:9:\"connexion\";b:1;s:4:\"mail\";s:24:\"birahim.babou@uvs.edu.sn\";s:6:\"profil\";s:1:\"2\";s:11:\"utilisateur\";s:1:\"1\";s:6:\"prenom\";s:7:\"Birahim\";s:3:\"nom\";s:5:\"BABOU\";s:4:\"role\";s:18:\"GMB_ADMINISTRATEUR\";}'),
(2700, 4, 1, 'a:7:{s:9:\"connexion\";b:1;s:4:\"mail\";s:24:\"birahim.babou@uvs.edu.sn\";s:6:\"profil\";s:1:\"2\";s:11:\"utilisateur\";s:1:\"1\";s:6:\"prenom\";s:7:\"Birahim\";s:3:\"nom\";s:5:\"BABOU\";s:4:\"role\";s:18:\"GMB_ADMINISTRATEUR\";}'),
(2701, 4, 1, 'a:7:{s:9:\"connexion\";b:1;s:4:\"mail\";s:24:\"birahim.babou@uvs.edu.sn\";s:6:\"profil\";s:1:\"2\";s:11:\"utilisateur\";s:1:\"1\";s:6:\"prenom\";s:7:\"Birahim\";s:3:\"nom\";s:5:\"BABOU\";s:4:\"role\";s:18:\"GMB_ADMINISTRATEUR\";}'),
(2702, 4, 1, 'a:7:{s:9:\"connexion\";b:1;s:4:\"mail\";s:24:\"birahim.babou@uvs.edu.sn\";s:6:\"profil\";s:1:\"2\";s:11:\"utilisateur\";s:1:\"1\";s:6:\"prenom\";s:7:\"Birahim\";s:3:\"nom\";s:5:\"BABOU\";s:4:\"role\";s:18:\"GMB_ADMINISTRATEUR\";}'),
(2703, 4, 1, 'a:7:{s:9:\"connexion\";b:1;s:4:\"mail\";s:24:\"birahim.babou@uvs.edu.sn\";s:6:\"profil\";s:1:\"2\";s:11:\"utilisateur\";s:1:\"1\";s:6:\"prenom\";s:7:\"Birahim\";s:3:\"nom\";s:5:\"BABOU\";s:4:\"role\";s:18:\"GMB_ADMINISTRATEUR\";}'),
(2704, 4, 1, 'a:7:{s:9:\"connexion\";b:1;s:4:\"mail\";s:24:\"birahim.babou@uvs.edu.sn\";s:6:\"profil\";s:1:\"2\";s:11:\"utilisateur\";s:1:\"1\";s:6:\"prenom\";s:7:\"Birahim\";s:3:\"nom\";s:5:\"BABOU\";s:4:\"role\";s:18:\"GMB_ADMINISTRATEUR\";}'),
(2705, 4, 1, 'a:7:{s:9:\"connexion\";b:1;s:4:\"mail\";s:24:\"birahim.babou@uvs.edu.sn\";s:6:\"profil\";s:1:\"2\";s:11:\"utilisateur\";s:1:\"1\";s:6:\"prenom\";s:7:\"Birahim\";s:3:\"nom\";s:5:\"BABOU\";s:4:\"role\";s:18:\"GMB_ADMINISTRATEUR\";}'),
(2706, 4, 1, 'a:7:{s:9:\"connexion\";b:1;s:4:\"mail\";s:24:\"birahim.babou@uvs.edu.sn\";s:6:\"profil\";s:1:\"2\";s:11:\"utilisateur\";s:1:\"1\";s:6:\"prenom\";s:7:\"Birahim\";s:3:\"nom\";s:5:\"BABOU\";s:4:\"role\";s:18:\"GMB_ADMINISTRATEUR\";}'),
(2707, 4, 1, 'a:7:{s:9:\"connexion\";b:1;s:4:\"mail\";s:24:\"birahim.babou@uvs.edu.sn\";s:6:\"profil\";s:1:\"2\";s:11:\"utilisateur\";s:1:\"1\";s:6:\"prenom\";s:7:\"Birahim\";s:3:\"nom\";s:5:\"BABOU\";s:4:\"role\";s:18:\"GMB_ADMINISTRATEUR\";}'),
(2708, 4, 1, 'a:7:{s:9:\"connexion\";b:1;s:4:\"mail\";s:24:\"birahim.babou@uvs.edu.sn\";s:6:\"profil\";s:1:\"2\";s:11:\"utilisateur\";s:1:\"1\";s:6:\"prenom\";s:7:\"Birahim\";s:3:\"nom\";s:5:\"BABOU\";s:4:\"role\";s:18:\"GMB_ADMINISTRATEUR\";}'),
(2709, 4, 1, 'a:7:{s:9:\"connexion\";b:1;s:4:\"mail\";s:24:\"birahim.babou@uvs.edu.sn\";s:6:\"profil\";s:1:\"2\";s:11:\"utilisateur\";s:1:\"1\";s:6:\"prenom\";s:7:\"Birahim\";s:3:\"nom\";s:5:\"BABOU\";s:4:\"role\";s:18:\"GMB_ADMINISTRATEUR\";}'),
(2710, 4, 1, 'a:7:{s:9:\"connexion\";b:1;s:4:\"mail\";s:24:\"birahim.babou@uvs.edu.sn\";s:6:\"profil\";s:1:\"2\";s:11:\"utilisateur\";s:1:\"1\";s:6:\"prenom\";s:7:\"Birahim\";s:3:\"nom\";s:5:\"BABOU\";s:4:\"role\";s:18:\"GMB_ADMINISTRATEUR\";}'),
(2711, 4, 1, 'a:7:{s:9:\"connexion\";b:1;s:4:\"mail\";s:24:\"birahim.babou@uvs.edu.sn\";s:6:\"profil\";s:1:\"2\";s:11:\"utilisateur\";s:1:\"1\";s:6:\"prenom\";s:7:\"Birahim\";s:3:\"nom\";s:5:\"BABOU\";s:4:\"role\";s:18:\"GMB_ADMINISTRATEUR\";}'),
(2712, 4, 1, 'a:7:{s:9:\"connexion\";b:1;s:4:\"mail\";s:24:\"birahim.babou@uvs.edu.sn\";s:6:\"profil\";s:1:\"2\";s:11:\"utilisateur\";s:1:\"1\";s:6:\"prenom\";s:7:\"Birahim\";s:3:\"nom\";s:5:\"BABOU\";s:4:\"role\";s:18:\"GMB_ADMINISTRATEUR\";}'),
(2713, 4, 1, 'a:7:{s:9:\"connexion\";b:1;s:4:\"mail\";s:24:\"birahim.babou@uvs.edu.sn\";s:6:\"profil\";s:1:\"2\";s:11:\"utilisateur\";s:1:\"1\";s:6:\"prenom\";s:7:\"Birahim\";s:3:\"nom\";s:5:\"BABOU\";s:4:\"role\";s:18:\"GMB_ADMINISTRATEUR\";}'),
(2714, 4, 1, 'a:7:{s:9:\"connexion\";b:1;s:4:\"mail\";s:24:\"birahim.babou@uvs.edu.sn\";s:6:\"profil\";s:1:\"2\";s:11:\"utilisateur\";s:1:\"1\";s:6:\"prenom\";s:7:\"Birahim\";s:3:\"nom\";s:5:\"BABOU\";s:4:\"role\";s:18:\"GMB_ADMINISTRATEUR\";}'),
(2715, 4, 1, 'a:7:{s:9:\"connexion\";b:1;s:4:\"mail\";s:24:\"birahim.babou@uvs.edu.sn\";s:6:\"profil\";s:1:\"2\";s:11:\"utilisateur\";s:1:\"1\";s:6:\"prenom\";s:7:\"Birahim\";s:3:\"nom\";s:5:\"BABOU\";s:4:\"role\";s:18:\"GMB_ADMINISTRATEUR\";}'),
(2716, 4, 1, 'a:7:{s:9:\"connexion\";b:1;s:4:\"mail\";s:24:\"birahim.babou@uvs.edu.sn\";s:6:\"profil\";s:1:\"2\";s:11:\"utilisateur\";s:1:\"1\";s:6:\"prenom\";s:7:\"Birahim\";s:3:\"nom\";s:5:\"BABOU\";s:4:\"role\";s:18:\"GMB_ADMINISTRATEUR\";}'),
(2717, 4, 1, 'a:7:{s:9:\"connexion\";b:1;s:4:\"mail\";s:24:\"birahim.babou@uvs.edu.sn\";s:6:\"profil\";s:1:\"2\";s:11:\"utilisateur\";s:1:\"1\";s:6:\"prenom\";s:7:\"Birahim\";s:3:\"nom\";s:5:\"BABOU\";s:4:\"role\";s:18:\"GMB_ADMINISTRATEUR\";}'),
(2718, 4, 1, 'a:7:{s:9:\"connexion\";b:1;s:4:\"mail\";s:24:\"birahim.babou@uvs.edu.sn\";s:6:\"profil\";s:1:\"2\";s:11:\"utilisateur\";s:1:\"1\";s:6:\"prenom\";s:7:\"Birahim\";s:3:\"nom\";s:5:\"BABOU\";s:4:\"role\";s:18:\"GMB_ADMINISTRATEUR\";}'),
(2719, 4, 1, 'a:7:{s:9:\"connexion\";b:1;s:4:\"mail\";s:24:\"birahim.babou@uvs.edu.sn\";s:6:\"profil\";s:1:\"2\";s:11:\"utilisateur\";s:1:\"1\";s:6:\"prenom\";s:7:\"Birahim\";s:3:\"nom\";s:5:\"BABOU\";s:4:\"role\";s:18:\"GMB_ADMINISTRATEUR\";}'),
(2720, 4, 1, 'a:7:{s:9:\"connexion\";b:1;s:4:\"mail\";s:24:\"birahim.babou@uvs.edu.sn\";s:6:\"profil\";s:1:\"2\";s:11:\"utilisateur\";s:1:\"1\";s:6:\"prenom\";s:7:\"Birahim\";s:3:\"nom\";s:5:\"BABOU\";s:4:\"role\";s:18:\"GMB_ADMINISTRATEUR\";}'),
(2721, 4, 1, 'a:7:{s:9:\"connexion\";b:1;s:4:\"mail\";s:24:\"birahim.babou@uvs.edu.sn\";s:6:\"profil\";s:1:\"2\";s:11:\"utilisateur\";s:1:\"1\";s:6:\"prenom\";s:7:\"Birahim\";s:3:\"nom\";s:5:\"BABOU\";s:4:\"role\";s:18:\"GMB_ADMINISTRATEUR\";}'),
(2722, 4, 1, 'a:7:{s:9:\"connexion\";b:1;s:4:\"mail\";s:24:\"birahim.babou@uvs.edu.sn\";s:6:\"profil\";s:1:\"2\";s:11:\"utilisateur\";s:1:\"1\";s:6:\"prenom\";s:7:\"Birahim\";s:3:\"nom\";s:5:\"BABOU\";s:4:\"role\";s:18:\"GMB_ADMINISTRATEUR\";}'),
(2723, 4, 1, 'a:7:{s:9:\"connexion\";b:1;s:4:\"mail\";s:24:\"birahim.babou@uvs.edu.sn\";s:6:\"profil\";s:1:\"2\";s:11:\"utilisateur\";s:1:\"1\";s:6:\"prenom\";s:7:\"Birahim\";s:3:\"nom\";s:5:\"BABOU\";s:4:\"role\";s:18:\"GMB_ADMINISTRATEUR\";}'),
(2724, 4, 1, 'a:7:{s:9:\"connexion\";b:1;s:4:\"mail\";s:24:\"birahim.babou@uvs.edu.sn\";s:6:\"profil\";s:1:\"2\";s:11:\"utilisateur\";s:1:\"1\";s:6:\"prenom\";s:7:\"Birahim\";s:3:\"nom\";s:5:\"BABOU\";s:4:\"role\";s:18:\"GMB_ADMINISTRATEUR\";}'),
(2725, 4, 1, 'a:7:{s:9:\"connexion\";b:1;s:4:\"mail\";s:24:\"birahim.babou@uvs.edu.sn\";s:6:\"profil\";s:1:\"2\";s:11:\"utilisateur\";s:1:\"1\";s:6:\"prenom\";s:7:\"Birahim\";s:3:\"nom\";s:5:\"BABOU\";s:4:\"role\";s:18:\"GMB_ADMINISTRATEUR\";}'),
(2726, 4, 1, 'a:7:{s:9:\"connexion\";b:1;s:4:\"mail\";s:24:\"birahim.babou@uvs.edu.sn\";s:6:\"profil\";s:1:\"2\";s:11:\"utilisateur\";s:1:\"1\";s:6:\"prenom\";s:7:\"Birahim\";s:3:\"nom\";s:5:\"BABOU\";s:4:\"role\";s:18:\"GMB_ADMINISTRATEUR\";}'),
(2727, 4, 1, 'a:7:{s:9:\"connexion\";b:1;s:4:\"mail\";s:24:\"birahim.babou@uvs.edu.sn\";s:6:\"profil\";s:1:\"2\";s:11:\"utilisateur\";s:1:\"1\";s:6:\"prenom\";s:7:\"Birahim\";s:3:\"nom\";s:5:\"BABOU\";s:4:\"role\";s:18:\"GMB_ADMINISTRATEUR\";}'),
(2728, 4, 1, 'a:7:{s:9:\"connexion\";b:1;s:4:\"mail\";s:24:\"birahim.babou@uvs.edu.sn\";s:6:\"profil\";s:1:\"2\";s:11:\"utilisateur\";s:1:\"1\";s:6:\"prenom\";s:7:\"Birahim\";s:3:\"nom\";s:5:\"BABOU\";s:4:\"role\";s:18:\"GMB_ADMINISTRATEUR\";}'),
(2729, 4, 1, 'a:7:{s:9:\"connexion\";b:1;s:4:\"mail\";s:24:\"birahim.babou@uvs.edu.sn\";s:6:\"profil\";s:1:\"2\";s:11:\"utilisateur\";s:1:\"1\";s:6:\"prenom\";s:7:\"Birahim\";s:3:\"nom\";s:5:\"BABOU\";s:4:\"role\";s:18:\"GMB_ADMINISTRATEUR\";}'),
(2730, 4, 1, 'a:7:{s:9:\"connexion\";b:1;s:4:\"mail\";s:24:\"birahim.babou@uvs.edu.sn\";s:6:\"profil\";s:1:\"2\";s:11:\"utilisateur\";s:1:\"1\";s:6:\"prenom\";s:7:\"Birahim\";s:3:\"nom\";s:5:\"BABOU\";s:4:\"role\";s:18:\"GMB_ADMINISTRATEUR\";}'),
(2731, 4, 1, 'a:7:{s:9:\"connexion\";b:1;s:4:\"mail\";s:24:\"birahim.babou@uvs.edu.sn\";s:6:\"profil\";s:1:\"2\";s:11:\"utilisateur\";s:1:\"1\";s:6:\"prenom\";s:7:\"Birahim\";s:3:\"nom\";s:5:\"BABOU\";s:4:\"role\";s:18:\"GMB_ADMINISTRATEUR\";}'),
(2732, 4, 1, 'a:7:{s:9:\"connexion\";b:1;s:4:\"mail\";s:24:\"birahim.babou@uvs.edu.sn\";s:6:\"profil\";s:1:\"2\";s:11:\"utilisateur\";s:1:\"1\";s:6:\"prenom\";s:7:\"Birahim\";s:3:\"nom\";s:5:\"BABOU\";s:4:\"role\";s:18:\"GMB_ADMINISTRATEUR\";}'),
(2733, 4, 1, 'a:7:{s:9:\"connexion\";b:1;s:4:\"mail\";s:24:\"birahim.babou@uvs.edu.sn\";s:6:\"profil\";s:1:\"2\";s:11:\"utilisateur\";s:1:\"1\";s:6:\"prenom\";s:7:\"Birahim\";s:3:\"nom\";s:5:\"BABOU\";s:4:\"role\";s:18:\"GMB_ADMINISTRATEUR\";}'),
(2734, 4, 1, 'a:7:{s:9:\"connexion\";b:1;s:4:\"mail\";s:24:\"birahim.babou@uvs.edu.sn\";s:6:\"profil\";s:1:\"2\";s:11:\"utilisateur\";s:1:\"1\";s:6:\"prenom\";s:7:\"Birahim\";s:3:\"nom\";s:5:\"BABOU\";s:4:\"role\";s:18:\"GMB_ADMINISTRATEUR\";}'),
(2735, 4, 1, 'a:7:{s:9:\"connexion\";b:1;s:4:\"mail\";s:24:\"birahim.babou@uvs.edu.sn\";s:6:\"profil\";s:1:\"2\";s:11:\"utilisateur\";s:1:\"1\";s:6:\"prenom\";s:7:\"Birahim\";s:3:\"nom\";s:5:\"BABOU\";s:4:\"role\";s:18:\"GMB_ADMINISTRATEUR\";}'),
(2736, 4, 1, 'a:7:{s:9:\"connexion\";b:1;s:4:\"mail\";s:24:\"birahim.babou@uvs.edu.sn\";s:6:\"profil\";s:1:\"2\";s:11:\"utilisateur\";s:1:\"1\";s:6:\"prenom\";s:7:\"Birahim\";s:3:\"nom\";s:5:\"BABOU\";s:4:\"role\";s:18:\"GMB_ADMINISTRATEUR\";}'),
(2737, 4, 1, 'a:7:{s:9:\"connexion\";b:1;s:4:\"mail\";s:24:\"birahim.babou@uvs.edu.sn\";s:6:\"profil\";s:1:\"2\";s:11:\"utilisateur\";s:1:\"1\";s:6:\"prenom\";s:7:\"Birahim\";s:3:\"nom\";s:5:\"BABOU\";s:4:\"role\";s:18:\"GMB_ADMINISTRATEUR\";}'),
(2738, 4, 1, 'a:7:{s:9:\"connexion\";b:1;s:4:\"mail\";s:24:\"birahim.babou@uvs.edu.sn\";s:6:\"profil\";s:1:\"2\";s:11:\"utilisateur\";s:1:\"1\";s:6:\"prenom\";s:7:\"Birahim\";s:3:\"nom\";s:5:\"BABOU\";s:4:\"role\";s:18:\"GMB_ADMINISTRATEUR\";}'),
(2739, 4, 1, 'a:7:{s:9:\"connexion\";b:1;s:4:\"mail\";s:24:\"birahim.babou@uvs.edu.sn\";s:6:\"profil\";s:1:\"2\";s:11:\"utilisateur\";s:1:\"1\";s:6:\"prenom\";s:7:\"Birahim\";s:3:\"nom\";s:5:\"BABOU\";s:4:\"role\";s:18:\"GMB_ADMINISTRATEUR\";}'),
(2740, 4, 1, 'a:7:{s:9:\"connexion\";b:1;s:4:\"mail\";s:24:\"birahim.babou@uvs.edu.sn\";s:6:\"profil\";s:1:\"2\";s:11:\"utilisateur\";s:1:\"1\";s:6:\"prenom\";s:7:\"Birahim\";s:3:\"nom\";s:5:\"BABOU\";s:4:\"role\";s:18:\"GMB_ADMINISTRATEUR\";}'),
(2741, 4, 1, 'a:7:{s:9:\"connexion\";b:1;s:4:\"mail\";s:24:\"birahim.babou@uvs.edu.sn\";s:6:\"profil\";s:1:\"2\";s:11:\"utilisateur\";s:1:\"1\";s:6:\"prenom\";s:7:\"Birahim\";s:3:\"nom\";s:5:\"BABOU\";s:4:\"role\";s:18:\"GMB_ADMINISTRATEUR\";}'),
(2742, 4, 1, 'a:7:{s:9:\"connexion\";b:1;s:4:\"mail\";s:24:\"birahim.babou@uvs.edu.sn\";s:6:\"profil\";s:1:\"2\";s:11:\"utilisateur\";s:1:\"1\";s:6:\"prenom\";s:7:\"Birahim\";s:3:\"nom\";s:5:\"BABOU\";s:4:\"role\";s:18:\"GMB_ADMINISTRATEUR\";}'),
(2743, 4, 1, 'a:7:{s:9:\"connexion\";b:1;s:4:\"mail\";s:24:\"birahim.babou@uvs.edu.sn\";s:6:\"profil\";s:1:\"2\";s:11:\"utilisateur\";s:1:\"1\";s:6:\"prenom\";s:7:\"Birahim\";s:3:\"nom\";s:5:\"BABOU\";s:4:\"role\";s:18:\"GMB_ADMINISTRATEUR\";}'),
(2744, 4, 1, 'a:7:{s:9:\"connexion\";b:1;s:4:\"mail\";s:24:\"birahim.babou@uvs.edu.sn\";s:6:\"profil\";s:1:\"2\";s:11:\"utilisateur\";s:1:\"1\";s:6:\"prenom\";s:7:\"Birahim\";s:3:\"nom\";s:5:\"BABOU\";s:4:\"role\";s:18:\"GMB_ADMINISTRATEUR\";}'),
(2745, 4, 1, 'a:7:{s:9:\"connexion\";b:1;s:4:\"mail\";s:24:\"birahim.babou@uvs.edu.sn\";s:6:\"profil\";s:1:\"2\";s:11:\"utilisateur\";s:1:\"1\";s:6:\"prenom\";s:7:\"Birahim\";s:3:\"nom\";s:5:\"BABOU\";s:4:\"role\";s:18:\"GMB_ADMINISTRATEUR\";}'),
(2746, 4, 1, 'a:7:{s:9:\"connexion\";b:1;s:4:\"mail\";s:24:\"birahim.babou@uvs.edu.sn\";s:6:\"profil\";s:1:\"2\";s:11:\"utilisateur\";s:1:\"1\";s:6:\"prenom\";s:7:\"Birahim\";s:3:\"nom\";s:5:\"BABOU\";s:4:\"role\";s:18:\"GMB_ADMINISTRATEUR\";}'),
(2747, 4, 1, 'a:7:{s:9:\"connexion\";b:1;s:4:\"mail\";s:24:\"birahim.babou@uvs.edu.sn\";s:6:\"profil\";s:1:\"2\";s:11:\"utilisateur\";s:1:\"1\";s:6:\"prenom\";s:7:\"Birahim\";s:3:\"nom\";s:5:\"BABOU\";s:4:\"role\";s:18:\"GMB_ADMINISTRATEUR\";}'),
(2748, 4, 1, 'a:7:{s:9:\"connexion\";b:1;s:4:\"mail\";s:24:\"birahim.babou@uvs.edu.sn\";s:6:\"profil\";s:1:\"2\";s:11:\"utilisateur\";s:1:\"1\";s:6:\"prenom\";s:7:\"Birahim\";s:3:\"nom\";s:5:\"BABOU\";s:4:\"role\";s:18:\"GMB_ADMINISTRATEUR\";}'),
(2749, 4, 1, 'a:7:{s:9:\"connexion\";b:1;s:4:\"mail\";s:24:\"birahim.babou@uvs.edu.sn\";s:6:\"profil\";s:1:\"2\";s:11:\"utilisateur\";s:1:\"1\";s:6:\"prenom\";s:7:\"Birahim\";s:3:\"nom\";s:5:\"BABOU\";s:4:\"role\";s:18:\"GMB_ADMINISTRATEUR\";}'),
(2750, 4, 1, 'a:7:{s:9:\"connexion\";b:1;s:4:\"mail\";s:24:\"birahim.babou@uvs.edu.sn\";s:6:\"profil\";s:1:\"2\";s:11:\"utilisateur\";s:1:\"1\";s:6:\"prenom\";s:7:\"Birahim\";s:3:\"nom\";s:5:\"BABOU\";s:4:\"role\";s:18:\"GMB_ADMINISTRATEUR\";}'),
(2751, 4, 1, 'a:7:{s:9:\"connexion\";b:1;s:4:\"mail\";s:24:\"birahim.babou@uvs.edu.sn\";s:6:\"profil\";s:1:\"2\";s:11:\"utilisateur\";s:1:\"1\";s:6:\"prenom\";s:7:\"Birahim\";s:3:\"nom\";s:5:\"BABOU\";s:4:\"role\";s:18:\"GMB_ADMINISTRATEUR\";}'),
(2752, 4, 1, 'a:7:{s:9:\"connexion\";b:1;s:4:\"mail\";s:24:\"birahim.babou@uvs.edu.sn\";s:6:\"profil\";s:1:\"2\";s:11:\"utilisateur\";s:1:\"1\";s:6:\"prenom\";s:7:\"Birahim\";s:3:\"nom\";s:5:\"BABOU\";s:4:\"role\";s:18:\"GMB_ADMINISTRATEUR\";}'),
(2753, 4, 1, 'a:7:{s:9:\"connexion\";b:1;s:4:\"mail\";s:24:\"birahim.babou@uvs.edu.sn\";s:6:\"profil\";s:1:\"2\";s:11:\"utilisateur\";s:1:\"1\";s:6:\"prenom\";s:7:\"Birahim\";s:3:\"nom\";s:5:\"BABOU\";s:4:\"role\";s:18:\"GMB_ADMINISTRATEUR\";}'),
(2754, 4, 1, 'a:7:{s:9:\"connexion\";b:1;s:4:\"mail\";s:24:\"birahim.babou@uvs.edu.sn\";s:6:\"profil\";s:1:\"2\";s:11:\"utilisateur\";s:1:\"1\";s:6:\"prenom\";s:7:\"Birahim\";s:3:\"nom\";s:5:\"BABOU\";s:4:\"role\";s:18:\"GMB_ADMINISTRATEUR\";}'),
(2755, 4, 1, 'a:7:{s:9:\"connexion\";b:1;s:4:\"mail\";s:24:\"birahim.babou@uvs.edu.sn\";s:6:\"profil\";s:1:\"2\";s:11:\"utilisateur\";s:1:\"1\";s:6:\"prenom\";s:7:\"Birahim\";s:3:\"nom\";s:5:\"BABOU\";s:4:\"role\";s:18:\"GMB_ADMINISTRATEUR\";}'),
(2756, 4, 1, 'a:7:{s:9:\"connexion\";b:1;s:4:\"mail\";s:24:\"birahim.babou@uvs.edu.sn\";s:6:\"profil\";s:1:\"2\";s:11:\"utilisateur\";s:1:\"1\";s:6:\"prenom\";s:7:\"Birahim\";s:3:\"nom\";s:5:\"BABOU\";s:4:\"role\";s:18:\"GMB_ADMINISTRATEUR\";}'),
(2757, 4, 1, 'a:7:{s:9:\"connexion\";b:1;s:4:\"mail\";s:24:\"birahim.babou@uvs.edu.sn\";s:6:\"profil\";s:1:\"2\";s:11:\"utilisateur\";s:1:\"1\";s:6:\"prenom\";s:7:\"Birahim\";s:3:\"nom\";s:5:\"BABOU\";s:4:\"role\";s:18:\"GMB_ADMINISTRATEUR\";}'),
(2758, 4, 1, 'a:7:{s:9:\"connexion\";b:1;s:4:\"mail\";s:24:\"birahim.babou@uvs.edu.sn\";s:6:\"profil\";s:1:\"2\";s:11:\"utilisateur\";s:1:\"1\";s:6:\"prenom\";s:7:\"Birahim\";s:3:\"nom\";s:5:\"BABOU\";s:4:\"role\";s:18:\"GMB_ADMINISTRATEUR\";}'),
(2759, 4, 1, 'a:7:{s:9:\"connexion\";b:1;s:4:\"mail\";s:24:\"birahim.babou@uvs.edu.sn\";s:6:\"profil\";s:1:\"2\";s:11:\"utilisateur\";s:1:\"1\";s:6:\"prenom\";s:7:\"Birahim\";s:3:\"nom\";s:5:\"BABOU\";s:4:\"role\";s:18:\"GMB_ADMINISTRATEUR\";}'),
(2760, 4, 1, 'a:7:{s:9:\"connexion\";b:1;s:4:\"mail\";s:24:\"birahim.babou@uvs.edu.sn\";s:6:\"profil\";s:1:\"2\";s:11:\"utilisateur\";s:1:\"1\";s:6:\"prenom\";s:7:\"Birahim\";s:3:\"nom\";s:5:\"BABOU\";s:4:\"role\";s:18:\"GMB_ADMINISTRATEUR\";}'),
(2761, 4, 1, 'a:7:{s:9:\"connexion\";b:1;s:4:\"mail\";s:24:\"birahim.babou@uvs.edu.sn\";s:6:\"profil\";s:1:\"2\";s:11:\"utilisateur\";s:1:\"1\";s:6:\"prenom\";s:7:\"Birahim\";s:3:\"nom\";s:5:\"BABOU\";s:4:\"role\";s:18:\"GMB_ADMINISTRATEUR\";}'),
(2762, 4, 1, 'a:7:{s:9:\"connexion\";b:1;s:4:\"mail\";s:24:\"birahim.babou@uvs.edu.sn\";s:6:\"profil\";s:1:\"2\";s:11:\"utilisateur\";s:1:\"1\";s:6:\"prenom\";s:7:\"Birahim\";s:3:\"nom\";s:5:\"BABOU\";s:4:\"role\";s:18:\"GMB_ADMINISTRATEUR\";}'),
(2763, 4, 1, 'a:7:{s:9:\"connexion\";b:1;s:4:\"mail\";s:24:\"birahim.babou@uvs.edu.sn\";s:6:\"profil\";s:1:\"2\";s:11:\"utilisateur\";s:1:\"1\";s:6:\"prenom\";s:7:\"Birahim\";s:3:\"nom\";s:5:\"BABOU\";s:4:\"role\";s:18:\"GMB_ADMINISTRATEUR\";}'),
(2764, 4, 1, 'a:7:{s:9:\"connexion\";b:1;s:4:\"mail\";s:24:\"birahim.babou@uvs.edu.sn\";s:6:\"profil\";s:1:\"2\";s:11:\"utilisateur\";s:1:\"1\";s:6:\"prenom\";s:7:\"Birahim\";s:3:\"nom\";s:5:\"BABOU\";s:4:\"role\";s:18:\"GMB_ADMINISTRATEUR\";}'),
(2765, 4, 1, 'a:7:{s:9:\"connexion\";b:1;s:4:\"mail\";s:24:\"birahim.babou@uvs.edu.sn\";s:6:\"profil\";s:1:\"2\";s:11:\"utilisateur\";s:1:\"1\";s:6:\"prenom\";s:7:\"Birahim\";s:3:\"nom\";s:5:\"BABOU\";s:4:\"role\";s:18:\"GMB_ADMINISTRATEUR\";}'),
(2766, 4, 1, 'a:7:{s:9:\"connexion\";b:1;s:4:\"mail\";s:24:\"birahim.babou@uvs.edu.sn\";s:6:\"profil\";s:1:\"2\";s:11:\"utilisateur\";s:1:\"1\";s:6:\"prenom\";s:7:\"Birahim\";s:3:\"nom\";s:5:\"BABOU\";s:4:\"role\";s:18:\"GMB_ADMINISTRATEUR\";}'),
(2767, 4, 1, 'a:7:{s:9:\"connexion\";b:1;s:4:\"mail\";s:24:\"birahim.babou@uvs.edu.sn\";s:6:\"profil\";s:1:\"2\";s:11:\"utilisateur\";s:1:\"1\";s:6:\"prenom\";s:7:\"Birahim\";s:3:\"nom\";s:5:\"BABOU\";s:4:\"role\";s:18:\"GMB_ADMINISTRATEUR\";}'),
(2768, 4, 1, 'a:7:{s:9:\"connexion\";b:1;s:4:\"mail\";s:24:\"birahim.babou@uvs.edu.sn\";s:6:\"profil\";s:1:\"2\";s:11:\"utilisateur\";s:1:\"1\";s:6:\"prenom\";s:7:\"Birahim\";s:3:\"nom\";s:5:\"BABOU\";s:4:\"role\";s:18:\"GMB_ADMINISTRATEUR\";}'),
(2769, 4, 1, 'a:7:{s:9:\"connexion\";b:1;s:4:\"mail\";s:24:\"birahim.babou@uvs.edu.sn\";s:6:\"profil\";s:1:\"2\";s:11:\"utilisateur\";s:1:\"1\";s:6:\"prenom\";s:7:\"Birahim\";s:3:\"nom\";s:5:\"BABOU\";s:4:\"role\";s:18:\"GMB_ADMINISTRATEUR\";}'),
(2770, 4, 1, 'a:7:{s:9:\"connexion\";b:1;s:4:\"mail\";s:24:\"birahim.babou@uvs.edu.sn\";s:6:\"profil\";s:1:\"2\";s:11:\"utilisateur\";s:1:\"1\";s:6:\"prenom\";s:7:\"Birahim\";s:3:\"nom\";s:5:\"BABOU\";s:4:\"role\";s:18:\"GMB_ADMINISTRATEUR\";}'),
(2771, 4, 1, 'a:7:{s:9:\"connexion\";b:1;s:4:\"mail\";s:24:\"birahim.babou@uvs.edu.sn\";s:6:\"profil\";s:1:\"2\";s:11:\"utilisateur\";s:1:\"1\";s:6:\"prenom\";s:7:\"Birahim\";s:3:\"nom\";s:5:\"BABOU\";s:4:\"role\";s:18:\"GMB_ADMINISTRATEUR\";}'),
(2772, 4, 1, 'a:7:{s:9:\"connexion\";b:1;s:4:\"mail\";s:24:\"birahim.babou@uvs.edu.sn\";s:6:\"profil\";s:1:\"2\";s:11:\"utilisateur\";s:1:\"1\";s:6:\"prenom\";s:7:\"Birahim\";s:3:\"nom\";s:5:\"BABOU\";s:4:\"role\";s:18:\"GMB_ADMINISTRATEUR\";}'),
(2773, 4, 1, 'a:7:{s:9:\"connexion\";b:1;s:4:\"mail\";s:24:\"birahim.babou@uvs.edu.sn\";s:6:\"profil\";s:1:\"2\";s:11:\"utilisateur\";s:1:\"1\";s:6:\"prenom\";s:7:\"Birahim\";s:3:\"nom\";s:5:\"BABOU\";s:4:\"role\";s:18:\"GMB_ADMINISTRATEUR\";}'),
(2774, 4, 1, 'a:7:{s:9:\"connexion\";b:1;s:4:\"mail\";s:24:\"birahim.babou@uvs.edu.sn\";s:6:\"profil\";s:1:\"2\";s:11:\"utilisateur\";s:1:\"1\";s:6:\"prenom\";s:7:\"Birahim\";s:3:\"nom\";s:5:\"BABOU\";s:4:\"role\";s:18:\"GMB_ADMINISTRATEUR\";}'),
(2775, 4, 1, 'a:7:{s:9:\"connexion\";b:1;s:4:\"mail\";s:24:\"birahim.babou@uvs.edu.sn\";s:6:\"profil\";s:1:\"2\";s:11:\"utilisateur\";s:1:\"1\";s:6:\"prenom\";s:7:\"Birahim\";s:3:\"nom\";s:5:\"BABOU\";s:4:\"role\";s:18:\"GMB_ADMINISTRATEUR\";}'),
(2776, 4, 1, 'a:7:{s:9:\"connexion\";b:1;s:4:\"mail\";s:24:\"birahim.babou@uvs.edu.sn\";s:6:\"profil\";s:1:\"2\";s:11:\"utilisateur\";s:1:\"1\";s:6:\"prenom\";s:7:\"Birahim\";s:3:\"nom\";s:5:\"BABOU\";s:4:\"role\";s:18:\"GMB_ADMINISTRATEUR\";}'),
(2777, 4, 1, 'a:7:{s:9:\"connexion\";b:1;s:4:\"mail\";s:24:\"birahim.babou@uvs.edu.sn\";s:6:\"profil\";s:1:\"2\";s:11:\"utilisateur\";s:1:\"1\";s:6:\"prenom\";s:7:\"Birahim\";s:3:\"nom\";s:5:\"BABOU\";s:4:\"role\";s:18:\"GMB_ADMINISTRATEUR\";}'),
(2778, 4, 1, 'a:7:{s:9:\"connexion\";b:1;s:4:\"mail\";s:24:\"birahim.babou@uvs.edu.sn\";s:6:\"profil\";s:1:\"2\";s:11:\"utilisateur\";s:1:\"1\";s:6:\"prenom\";s:7:\"Birahim\";s:3:\"nom\";s:5:\"BABOU\";s:4:\"role\";s:18:\"GMB_ADMINISTRATEUR\";}'),
(2779, 4, 1, 'a:7:{s:9:\"connexion\";b:1;s:4:\"mail\";s:24:\"birahim.babou@uvs.edu.sn\";s:6:\"profil\";s:1:\"2\";s:11:\"utilisateur\";s:1:\"1\";s:6:\"prenom\";s:7:\"Birahim\";s:3:\"nom\";s:5:\"BABOU\";s:4:\"role\";s:18:\"GMB_ADMINISTRATEUR\";}'),
(2780, 4, 1, 'a:7:{s:9:\"connexion\";b:1;s:4:\"mail\";s:24:\"birahim.babou@uvs.edu.sn\";s:6:\"profil\";s:1:\"2\";s:11:\"utilisateur\";s:1:\"1\";s:6:\"prenom\";s:7:\"Birahim\";s:3:\"nom\";s:5:\"BABOU\";s:4:\"role\";s:18:\"GMB_ADMINISTRATEUR\";}'),
(2781, 4, 1, 'a:7:{s:9:\"connexion\";b:1;s:4:\"mail\";s:24:\"birahim.babou@uvs.edu.sn\";s:6:\"profil\";s:1:\"2\";s:11:\"utilisateur\";s:1:\"1\";s:6:\"prenom\";s:7:\"Birahim\";s:3:\"nom\";s:5:\"BABOU\";s:4:\"role\";s:18:\"GMB_ADMINISTRATEUR\";}'),
(2782, 4, 1, 'a:7:{s:9:\"connexion\";b:1;s:4:\"mail\";s:24:\"birahim.babou@uvs.edu.sn\";s:6:\"profil\";s:1:\"2\";s:11:\"utilisateur\";s:1:\"1\";s:6:\"prenom\";s:7:\"Birahim\";s:3:\"nom\";s:5:\"BABOU\";s:4:\"role\";s:18:\"GMB_ADMINISTRATEUR\";}'),
(2783, 4, 1, 'a:7:{s:9:\"connexion\";b:1;s:4:\"mail\";s:24:\"birahim.babou@uvs.edu.sn\";s:6:\"profil\";s:1:\"2\";s:11:\"utilisateur\";s:1:\"1\";s:6:\"prenom\";s:7:\"Birahim\";s:3:\"nom\";s:5:\"BABOU\";s:4:\"role\";s:18:\"GMB_ADMINISTRATEUR\";}'),
(2784, 4, 1, 'a:7:{s:9:\"connexion\";b:1;s:4:\"mail\";s:24:\"birahim.babou@uvs.edu.sn\";s:6:\"profil\";s:1:\"2\";s:11:\"utilisateur\";s:1:\"1\";s:6:\"prenom\";s:7:\"Birahim\";s:3:\"nom\";s:5:\"BABOU\";s:4:\"role\";s:18:\"GMB_ADMINISTRATEUR\";}'),
(2785, 4, 1, 'a:7:{s:9:\"connexion\";b:1;s:4:\"mail\";s:24:\"birahim.babou@uvs.edu.sn\";s:6:\"profil\";s:1:\"2\";s:11:\"utilisateur\";s:1:\"1\";s:6:\"prenom\";s:7:\"Birahim\";s:3:\"nom\";s:5:\"BABOU\";s:4:\"role\";s:18:\"GMB_ADMINISTRATEUR\";}'),
(2786, 4, 1, 'a:7:{s:9:\"connexion\";b:1;s:4:\"mail\";s:24:\"birahim.babou@uvs.edu.sn\";s:6:\"profil\";s:1:\"2\";s:11:\"utilisateur\";s:1:\"1\";s:6:\"prenom\";s:7:\"Birahim\";s:3:\"nom\";s:5:\"BABOU\";s:4:\"role\";s:18:\"GMB_ADMINISTRATEUR\";}'),
(2787, 4, 1, 'a:7:{s:9:\"connexion\";b:1;s:4:\"mail\";s:24:\"birahim.babou@uvs.edu.sn\";s:6:\"profil\";s:1:\"2\";s:11:\"utilisateur\";s:1:\"1\";s:6:\"prenom\";s:7:\"Birahim\";s:3:\"nom\";s:5:\"BABOU\";s:4:\"role\";s:18:\"GMB_ADMINISTRATEUR\";}'),
(2788, 4, 1, 'a:7:{s:9:\"connexion\";b:1;s:4:\"mail\";s:24:\"birahim.babou@uvs.edu.sn\";s:6:\"profil\";s:1:\"2\";s:11:\"utilisateur\";s:1:\"1\";s:6:\"prenom\";s:7:\"Birahim\";s:3:\"nom\";s:5:\"BABOU\";s:4:\"role\";s:18:\"GMB_ADMINISTRATEUR\";}'),
(2789, 4, 1, 'a:7:{s:9:\"connexion\";b:1;s:4:\"mail\";s:24:\"birahim.babou@uvs.edu.sn\";s:6:\"profil\";s:1:\"2\";s:11:\"utilisateur\";s:1:\"1\";s:6:\"prenom\";s:7:\"Birahim\";s:3:\"nom\";s:5:\"BABOU\";s:4:\"role\";s:18:\"GMB_ADMINISTRATEUR\";}'),
(2790, 4, 1, 'a:7:{s:9:\"connexion\";b:1;s:4:\"mail\";s:24:\"birahim.babou@uvs.edu.sn\";s:6:\"profil\";s:1:\"2\";s:11:\"utilisateur\";s:1:\"1\";s:6:\"prenom\";s:7:\"Birahim\";s:3:\"nom\";s:5:\"BABOU\";s:4:\"role\";s:18:\"GMB_ADMINISTRATEUR\";}'),
(2791, 4, 1, 'a:7:{s:9:\"connexion\";b:1;s:4:\"mail\";s:24:\"birahim.babou@uvs.edu.sn\";s:6:\"profil\";s:1:\"2\";s:11:\"utilisateur\";s:1:\"1\";s:6:\"prenom\";s:7:\"Birahim\";s:3:\"nom\";s:5:\"BABOU\";s:4:\"role\";s:18:\"GMB_ADMINISTRATEUR\";}'),
(2792, 4, 1, 'a:7:{s:9:\"connexion\";b:1;s:4:\"mail\";s:24:\"birahim.babou@uvs.edu.sn\";s:6:\"profil\";s:1:\"2\";s:11:\"utilisateur\";s:1:\"1\";s:6:\"prenom\";s:7:\"Birahim\";s:3:\"nom\";s:5:\"BABOU\";s:4:\"role\";s:18:\"GMB_ADMINISTRATEUR\";}'),
(2793, 4, 1, 'a:7:{s:9:\"connexion\";b:1;s:4:\"mail\";s:24:\"birahim.babou@uvs.edu.sn\";s:6:\"profil\";s:1:\"2\";s:11:\"utilisateur\";s:1:\"1\";s:6:\"prenom\";s:7:\"Birahim\";s:3:\"nom\";s:5:\"BABOU\";s:4:\"role\";s:18:\"GMB_ADMINISTRATEUR\";}'),
(2794, 4, 1, 'a:7:{s:9:\"connexion\";b:1;s:4:\"mail\";s:24:\"birahim.babou@uvs.edu.sn\";s:6:\"profil\";s:1:\"2\";s:11:\"utilisateur\";s:1:\"1\";s:6:\"prenom\";s:7:\"Birahim\";s:3:\"nom\";s:5:\"BABOU\";s:4:\"role\";s:18:\"GMB_ADMINISTRATEUR\";}'),
(2795, 4, 1, 'a:7:{s:9:\"connexion\";b:1;s:4:\"mail\";s:24:\"birahim.babou@uvs.edu.sn\";s:6:\"profil\";s:1:\"2\";s:11:\"utilisateur\";s:1:\"1\";s:6:\"prenom\";s:7:\"Birahim\";s:3:\"nom\";s:5:\"BABOU\";s:4:\"role\";s:18:\"GMB_ADMINISTRATEUR\";}'),
(2796, 4, 1, 'a:7:{s:9:\"connexion\";b:1;s:4:\"mail\";s:24:\"birahim.babou@uvs.edu.sn\";s:6:\"profil\";s:1:\"2\";s:11:\"utilisateur\";s:1:\"1\";s:6:\"prenom\";s:7:\"Birahim\";s:3:\"nom\";s:5:\"BABOU\";s:4:\"role\";s:18:\"GMB_ADMINISTRATEUR\";}'),
(2797, 4, 1, 'a:7:{s:9:\"connexion\";b:1;s:4:\"mail\";s:24:\"birahim.babou@uvs.edu.sn\";s:6:\"profil\";s:1:\"2\";s:11:\"utilisateur\";s:1:\"1\";s:6:\"prenom\";s:7:\"Birahim\";s:3:\"nom\";s:5:\"BABOU\";s:4:\"role\";s:18:\"GMB_ADMINISTRATEUR\";}'),
(2798, 4, 1, 'a:7:{s:9:\"connexion\";b:1;s:4:\"mail\";s:24:\"birahim.babou@uvs.edu.sn\";s:6:\"profil\";s:1:\"2\";s:11:\"utilisateur\";s:1:\"1\";s:6:\"prenom\";s:7:\"Birahim\";s:3:\"nom\";s:5:\"BABOU\";s:4:\"role\";s:18:\"GMB_ADMINISTRATEUR\";}'),
(2799, 4, 1, 'a:7:{s:9:\"connexion\";b:1;s:4:\"mail\";s:24:\"birahim.babou@uvs.edu.sn\";s:6:\"profil\";s:1:\"2\";s:11:\"utilisateur\";s:1:\"1\";s:6:\"prenom\";s:7:\"Birahim\";s:3:\"nom\";s:5:\"BABOU\";s:4:\"role\";s:18:\"GMB_ADMINISTRATEUR\";}'),
(2800, 4, 1, 'a:7:{s:9:\"connexion\";b:1;s:4:\"mail\";s:24:\"birahim.babou@uvs.edu.sn\";s:6:\"profil\";s:1:\"2\";s:11:\"utilisateur\";s:1:\"1\";s:6:\"prenom\";s:7:\"Birahim\";s:3:\"nom\";s:5:\"BABOU\";s:4:\"role\";s:18:\"GMB_ADMINISTRATEUR\";}'),
(2801, 4, 1, 'a:7:{s:9:\"connexion\";b:1;s:4:\"mail\";s:24:\"birahim.babou@uvs.edu.sn\";s:6:\"profil\";s:1:\"2\";s:11:\"utilisateur\";s:1:\"1\";s:6:\"prenom\";s:7:\"Birahim\";s:3:\"nom\";s:5:\"BABOU\";s:4:\"role\";s:18:\"GMB_ADMINISTRATEUR\";}'),
(2802, 4, 1, 'a:7:{s:9:\"connexion\";b:1;s:4:\"mail\";s:24:\"birahim.babou@uvs.edu.sn\";s:6:\"profil\";s:1:\"2\";s:11:\"utilisateur\";s:1:\"1\";s:6:\"prenom\";s:7:\"Birahim\";s:3:\"nom\";s:5:\"BABOU\";s:4:\"role\";s:18:\"GMB_ADMINISTRATEUR\";}'),
(2803, 4, 1, 'a:7:{s:9:\"connexion\";b:1;s:4:\"mail\";s:24:\"birahim.babou@uvs.edu.sn\";s:6:\"profil\";s:1:\"2\";s:11:\"utilisateur\";s:1:\"1\";s:6:\"prenom\";s:7:\"Birahim\";s:3:\"nom\";s:5:\"BABOU\";s:4:\"role\";s:18:\"GMB_ADMINISTRATEUR\";}'),
(2804, 4, 1, 'a:7:{s:9:\"connexion\";b:1;s:4:\"mail\";s:24:\"birahim.babou@uvs.edu.sn\";s:6:\"profil\";s:1:\"2\";s:11:\"utilisateur\";s:1:\"1\";s:6:\"prenom\";s:7:\"Birahim\";s:3:\"nom\";s:5:\"BABOU\";s:4:\"role\";s:18:\"GMB_ADMINISTRATEUR\";}'),
(2805, 4, 1, 'a:7:{s:9:\"connexion\";b:1;s:4:\"mail\";s:24:\"birahim.babou@uvs.edu.sn\";s:6:\"profil\";s:1:\"2\";s:11:\"utilisateur\";s:1:\"1\";s:6:\"prenom\";s:7:\"Birahim\";s:3:\"nom\";s:5:\"BABOU\";s:4:\"role\";s:18:\"GMB_ADMINISTRATEUR\";}'),
(2806, 4, 1, 'a:7:{s:9:\"connexion\";b:1;s:4:\"mail\";s:24:\"birahim.babou@uvs.edu.sn\";s:6:\"profil\";s:1:\"2\";s:11:\"utilisateur\";s:1:\"1\";s:6:\"prenom\";s:7:\"Birahim\";s:3:\"nom\";s:5:\"BABOU\";s:4:\"role\";s:18:\"GMB_ADMINISTRATEUR\";}'),
(2807, 4, 1, 'a:7:{s:9:\"connexion\";b:1;s:4:\"mail\";s:24:\"birahim.babou@uvs.edu.sn\";s:6:\"profil\";s:1:\"2\";s:11:\"utilisateur\";s:1:\"1\";s:6:\"prenom\";s:7:\"Birahim\";s:3:\"nom\";s:5:\"BABOU\";s:4:\"role\";s:18:\"GMB_ADMINISTRATEUR\";}'),
(2808, 4, 1, 'a:7:{s:9:\"connexion\";b:1;s:4:\"mail\";s:24:\"birahim.babou@uvs.edu.sn\";s:6:\"profil\";s:1:\"2\";s:11:\"utilisateur\";s:1:\"1\";s:6:\"prenom\";s:7:\"Birahim\";s:3:\"nom\";s:5:\"BABOU\";s:4:\"role\";s:18:\"GMB_ADMINISTRATEUR\";}'),
(2809, 4, 1, 'a:7:{s:9:\"connexion\";b:1;s:4:\"mail\";s:24:\"birahim.babou@uvs.edu.sn\";s:6:\"profil\";s:1:\"2\";s:11:\"utilisateur\";s:1:\"1\";s:6:\"prenom\";s:7:\"Birahim\";s:3:\"nom\";s:5:\"BABOU\";s:4:\"role\";s:18:\"GMB_ADMINISTRATEUR\";}'),
(2810, 4, 1, 'a:7:{s:9:\"connexion\";b:1;s:4:\"mail\";s:24:\"birahim.babou@uvs.edu.sn\";s:6:\"profil\";s:1:\"2\";s:11:\"utilisateur\";s:1:\"1\";s:6:\"prenom\";s:7:\"Birahim\";s:3:\"nom\";s:5:\"BABOU\";s:4:\"role\";s:18:\"GMB_ADMINISTRATEUR\";}'),
(2811, 4, 1, 'a:7:{s:9:\"connexion\";b:1;s:4:\"mail\";s:24:\"birahim.babou@uvs.edu.sn\";s:6:\"profil\";s:1:\"2\";s:11:\"utilisateur\";s:1:\"1\";s:6:\"prenom\";s:7:\"Birahim\";s:3:\"nom\";s:5:\"BABOU\";s:4:\"role\";s:18:\"GMB_ADMINISTRATEUR\";}'),
(2812, 4, 1, 'a:7:{s:9:\"connexion\";b:1;s:4:\"mail\";s:24:\"birahim.babou@uvs.edu.sn\";s:6:\"profil\";s:1:\"2\";s:11:\"utilisateur\";s:1:\"1\";s:6:\"prenom\";s:7:\"Birahim\";s:3:\"nom\";s:5:\"BABOU\";s:4:\"role\";s:18:\"GMB_ADMINISTRATEUR\";}'),
(2813, 4, 1, 'a:7:{s:9:\"connexion\";b:1;s:4:\"mail\";s:24:\"birahim.babou@uvs.edu.sn\";s:6:\"profil\";s:1:\"2\";s:11:\"utilisateur\";s:1:\"1\";s:6:\"prenom\";s:7:\"Birahim\";s:3:\"nom\";s:5:\"BABOU\";s:4:\"role\";s:18:\"GMB_ADMINISTRATEUR\";}'),
(2814, 4, 1, 'a:7:{s:9:\"connexion\";b:1;s:4:\"mail\";s:24:\"birahim.babou@uvs.edu.sn\";s:6:\"profil\";s:1:\"2\";s:11:\"utilisateur\";s:1:\"1\";s:6:\"prenom\";s:7:\"Birahim\";s:3:\"nom\";s:5:\"BABOU\";s:4:\"role\";s:18:\"GMB_ADMINISTRATEUR\";}'),
(2815, 4, 1, 'a:7:{s:9:\"connexion\";b:1;s:4:\"mail\";s:24:\"birahim.babou@uvs.edu.sn\";s:6:\"profil\";s:1:\"2\";s:11:\"utilisateur\";s:1:\"1\";s:6:\"prenom\";s:7:\"Birahim\";s:3:\"nom\";s:5:\"BABOU\";s:4:\"role\";s:18:\"GMB_ADMINISTRATEUR\";}'),
(2816, 4, 1, 'a:7:{s:9:\"connexion\";b:1;s:4:\"mail\";s:24:\"birahim.babou@uvs.edu.sn\";s:6:\"profil\";s:1:\"2\";s:11:\"utilisateur\";s:1:\"1\";s:6:\"prenom\";s:7:\"Birahim\";s:3:\"nom\";s:5:\"BABOU\";s:4:\"role\";s:18:\"GMB_ADMINISTRATEUR\";}'),
(2817, 4, 1, 'a:7:{s:9:\"connexion\";b:1;s:4:\"mail\";s:24:\"birahim.babou@uvs.edu.sn\";s:6:\"profil\";s:1:\"2\";s:11:\"utilisateur\";s:1:\"1\";s:6:\"prenom\";s:7:\"Birahim\";s:3:\"nom\";s:5:\"BABOU\";s:4:\"role\";s:18:\"GMB_ADMINISTRATEUR\";}'),
(2818, 4, 1, 'a:7:{s:9:\"connexion\";b:1;s:4:\"mail\";s:24:\"birahim.babou@uvs.edu.sn\";s:6:\"profil\";s:1:\"2\";s:11:\"utilisateur\";s:1:\"1\";s:6:\"prenom\";s:7:\"Birahim\";s:3:\"nom\";s:5:\"BABOU\";s:4:\"role\";s:18:\"GMB_ADMINISTRATEUR\";}'),
(2819, 4, 1, 'a:7:{s:9:\"connexion\";b:1;s:4:\"mail\";s:24:\"birahim.babou@uvs.edu.sn\";s:6:\"profil\";s:1:\"2\";s:11:\"utilisateur\";s:1:\"1\";s:6:\"prenom\";s:7:\"Birahim\";s:3:\"nom\";s:5:\"BABOU\";s:4:\"role\";s:18:\"GMB_ADMINISTRATEUR\";}'),
(2820, 4, 1, 'a:7:{s:9:\"connexion\";b:1;s:4:\"mail\";s:24:\"birahim.babou@uvs.edu.sn\";s:6:\"profil\";s:1:\"2\";s:11:\"utilisateur\";s:1:\"1\";s:6:\"prenom\";s:7:\"Birahim\";s:3:\"nom\";s:5:\"BABOU\";s:4:\"role\";s:18:\"GMB_ADMINISTRATEUR\";}'),
(2821, 4, 1, 'a:7:{s:9:\"connexion\";b:1;s:4:\"mail\";s:24:\"birahim.babou@uvs.edu.sn\";s:6:\"profil\";s:1:\"2\";s:11:\"utilisateur\";s:1:\"1\";s:6:\"prenom\";s:7:\"Birahim\";s:3:\"nom\";s:5:\"BABOU\";s:4:\"role\";s:18:\"GMB_ADMINISTRATEUR\";}'),
(2822, 4, 1, 'a:7:{s:9:\"connexion\";b:1;s:4:\"mail\";s:24:\"birahim.babou@uvs.edu.sn\";s:6:\"profil\";s:1:\"2\";s:11:\"utilisateur\";s:1:\"1\";s:6:\"prenom\";s:7:\"Birahim\";s:3:\"nom\";s:5:\"BABOU\";s:4:\"role\";s:18:\"GMB_ADMINISTRATEUR\";}'),
(2823, 4, 1, 'a:7:{s:9:\"connexion\";b:1;s:4:\"mail\";s:24:\"birahim.babou@uvs.edu.sn\";s:6:\"profil\";s:1:\"2\";s:11:\"utilisateur\";s:1:\"1\";s:6:\"prenom\";s:7:\"Birahim\";s:3:\"nom\";s:5:\"BABOU\";s:4:\"role\";s:18:\"GMB_ADMINISTRATEUR\";}'),
(2824, 4, 1, 'a:7:{s:9:\"connexion\";b:1;s:4:\"mail\";s:24:\"birahim.babou@uvs.edu.sn\";s:6:\"profil\";s:1:\"2\";s:11:\"utilisateur\";s:1:\"1\";s:6:\"prenom\";s:7:\"Birahim\";s:3:\"nom\";s:5:\"BABOU\";s:4:\"role\";s:18:\"GMB_ADMINISTRATEUR\";}'),
(2825, 4, 1, 'a:7:{s:9:\"connexion\";b:1;s:4:\"mail\";s:24:\"birahim.babou@uvs.edu.sn\";s:6:\"profil\";s:1:\"2\";s:11:\"utilisateur\";s:1:\"1\";s:6:\"prenom\";s:7:\"Birahim\";s:3:\"nom\";s:5:\"BABOU\";s:4:\"role\";s:18:\"GMB_ADMINISTRATEUR\";}'),
(2826, 4, 1, 'a:7:{s:9:\"connexion\";b:1;s:4:\"mail\";s:24:\"birahim.babou@uvs.edu.sn\";s:6:\"profil\";s:1:\"2\";s:11:\"utilisateur\";s:1:\"1\";s:6:\"prenom\";s:7:\"Birahim\";s:3:\"nom\";s:5:\"BABOU\";s:4:\"role\";s:18:\"GMB_ADMINISTRATEUR\";}'),
(2827, 4, 1, 'a:7:{s:9:\"connexion\";b:1;s:4:\"mail\";s:24:\"birahim.babou@uvs.edu.sn\";s:6:\"profil\";s:1:\"2\";s:11:\"utilisateur\";s:1:\"1\";s:6:\"prenom\";s:7:\"Birahim\";s:3:\"nom\";s:5:\"BABOU\";s:4:\"role\";s:18:\"GMB_ADMINISTRATEUR\";}'),
(2828, 4, 1, 'a:7:{s:9:\"connexion\";b:1;s:4:\"mail\";s:24:\"birahim.babou@uvs.edu.sn\";s:6:\"profil\";s:1:\"2\";s:11:\"utilisateur\";s:1:\"1\";s:6:\"prenom\";s:7:\"Birahim\";s:3:\"nom\";s:5:\"BABOU\";s:4:\"role\";s:18:\"GMB_ADMINISTRATEUR\";}'),
(2829, 4, 1, 'a:7:{s:9:\"connexion\";b:1;s:4:\"mail\";s:24:\"birahim.babou@uvs.edu.sn\";s:6:\"profil\";s:1:\"2\";s:11:\"utilisateur\";s:1:\"1\";s:6:\"prenom\";s:7:\"Birahim\";s:3:\"nom\";s:5:\"BABOU\";s:4:\"role\";s:18:\"GMB_ADMINISTRATEUR\";}'),
(2830, 4, 1, 'a:7:{s:9:\"connexion\";b:1;s:4:\"mail\";s:24:\"birahim.babou@uvs.edu.sn\";s:6:\"profil\";s:1:\"2\";s:11:\"utilisateur\";s:1:\"1\";s:6:\"prenom\";s:7:\"Birahim\";s:3:\"nom\";s:5:\"BABOU\";s:4:\"role\";s:18:\"GMB_ADMINISTRATEUR\";}'),
(2831, 4, 1, 'a:7:{s:9:\"connexion\";b:1;s:4:\"mail\";s:24:\"birahim.babou@uvs.edu.sn\";s:6:\"profil\";s:1:\"2\";s:11:\"utilisateur\";s:1:\"1\";s:6:\"prenom\";s:7:\"Birahim\";s:3:\"nom\";s:5:\"BABOU\";s:4:\"role\";s:18:\"GMB_ADMINISTRATEUR\";}'),
(2832, 4, 1, 'a:7:{s:9:\"connexion\";b:1;s:4:\"mail\";s:24:\"birahim.babou@uvs.edu.sn\";s:6:\"profil\";s:1:\"2\";s:11:\"utilisateur\";s:1:\"1\";s:6:\"prenom\";s:7:\"Birahim\";s:3:\"nom\";s:5:\"BABOU\";s:4:\"role\";s:18:\"GMB_ADMINISTRATEUR\";}'),
(2833, 4, 1, 'a:7:{s:9:\"connexion\";b:1;s:4:\"mail\";s:24:\"birahim.babou@uvs.edu.sn\";s:6:\"profil\";s:1:\"2\";s:11:\"utilisateur\";s:1:\"1\";s:6:\"prenom\";s:7:\"Birahim\";s:3:\"nom\";s:5:\"BABOU\";s:4:\"role\";s:18:\"GMB_ADMINISTRATEUR\";}'),
(2834, 4, 1, 'a:7:{s:9:\"connexion\";b:1;s:4:\"mail\";s:24:\"birahim.babou@uvs.edu.sn\";s:6:\"profil\";s:1:\"2\";s:11:\"utilisateur\";s:1:\"1\";s:6:\"prenom\";s:7:\"Birahim\";s:3:\"nom\";s:5:\"BABOU\";s:4:\"role\";s:18:\"GMB_ADMINISTRATEUR\";}'),
(2835, 4, 1, 'a:7:{s:9:\"connexion\";b:1;s:4:\"mail\";s:24:\"birahim.babou@uvs.edu.sn\";s:6:\"profil\";s:1:\"2\";s:11:\"utilisateur\";s:1:\"1\";s:6:\"prenom\";s:7:\"Birahim\";s:3:\"nom\";s:5:\"BABOU\";s:4:\"role\";s:18:\"GMB_ADMINISTRATEUR\";}'),
(2836, 4, 1, 'a:7:{s:9:\"connexion\";b:1;s:4:\"mail\";s:24:\"birahim.babou@uvs.edu.sn\";s:6:\"profil\";s:1:\"2\";s:11:\"utilisateur\";s:1:\"1\";s:6:\"prenom\";s:7:\"Birahim\";s:3:\"nom\";s:5:\"BABOU\";s:4:\"role\";s:18:\"GMB_ADMINISTRATEUR\";}'),
(2837, 4, 1, 'a:7:{s:9:\"connexion\";b:1;s:4:\"mail\";s:24:\"birahim.babou@uvs.edu.sn\";s:6:\"profil\";s:1:\"2\";s:11:\"utilisateur\";s:1:\"1\";s:6:\"prenom\";s:7:\"Birahim\";s:3:\"nom\";s:5:\"BABOU\";s:4:\"role\";s:18:\"GMB_ADMINISTRATEUR\";}'),
(2838, 4, 1, 'a:7:{s:9:\"connexion\";b:1;s:4:\"mail\";s:24:\"birahim.babou@uvs.edu.sn\";s:6:\"profil\";s:1:\"2\";s:11:\"utilisateur\";s:1:\"1\";s:6:\"prenom\";s:7:\"Birahim\";s:3:\"nom\";s:5:\"BABOU\";s:4:\"role\";s:18:\"GMB_ADMINISTRATEUR\";}'),
(2839, 4, 1, 'a:7:{s:9:\"connexion\";b:1;s:4:\"mail\";s:24:\"birahim.babou@uvs.edu.sn\";s:6:\"profil\";s:1:\"2\";s:11:\"utilisateur\";s:1:\"1\";s:6:\"prenom\";s:7:\"Birahim\";s:3:\"nom\";s:5:\"BABOU\";s:4:\"role\";s:18:\"GMB_ADMINISTRATEUR\";}');
INSERT INTO `ban_hist` (`id`, `type`, `user`, `valeur`) VALUES
(2840, 4, 1, 'a:7:{s:9:\"connexion\";b:1;s:4:\"mail\";s:24:\"birahim.babou@uvs.edu.sn\";s:6:\"profil\";s:1:\"2\";s:11:\"utilisateur\";s:1:\"1\";s:6:\"prenom\";s:7:\"Birahim\";s:3:\"nom\";s:5:\"BABOU\";s:4:\"role\";s:18:\"GMB_ADMINISTRATEUR\";}'),
(2841, 4, 1, 'a:7:{s:9:\"connexion\";b:1;s:4:\"mail\";s:24:\"birahim.babou@uvs.edu.sn\";s:6:\"profil\";s:1:\"2\";s:11:\"utilisateur\";s:1:\"1\";s:6:\"prenom\";s:7:\"Birahim\";s:3:\"nom\";s:5:\"BABOU\";s:4:\"role\";s:18:\"GMB_ADMINISTRATEUR\";}'),
(2842, 4, 1, 'a:7:{s:9:\"connexion\";b:1;s:4:\"mail\";s:24:\"birahim.babou@uvs.edu.sn\";s:6:\"profil\";s:1:\"2\";s:11:\"utilisateur\";s:1:\"1\";s:6:\"prenom\";s:7:\"Birahim\";s:3:\"nom\";s:5:\"BABOU\";s:4:\"role\";s:18:\"GMB_ADMINISTRATEUR\";}'),
(2843, 4, 1, 'a:7:{s:9:\"connexion\";b:1;s:4:\"mail\";s:24:\"birahim.babou@uvs.edu.sn\";s:6:\"profil\";s:1:\"2\";s:11:\"utilisateur\";s:1:\"1\";s:6:\"prenom\";s:7:\"Birahim\";s:3:\"nom\";s:5:\"BABOU\";s:4:\"role\";s:18:\"GMB_ADMINISTRATEUR\";}'),
(2844, 4, 1, 'a:7:{s:9:\"connexion\";b:1;s:4:\"mail\";s:24:\"birahim.babou@uvs.edu.sn\";s:6:\"profil\";s:1:\"2\";s:11:\"utilisateur\";s:1:\"1\";s:6:\"prenom\";s:7:\"Birahim\";s:3:\"nom\";s:5:\"BABOU\";s:4:\"role\";s:18:\"GMB_ADMINISTRATEUR\";}'),
(2845, 4, 1, 'a:7:{s:9:\"connexion\";b:1;s:4:\"mail\";s:24:\"birahim.babou@uvs.edu.sn\";s:6:\"profil\";s:1:\"2\";s:11:\"utilisateur\";s:1:\"1\";s:6:\"prenom\";s:7:\"Birahim\";s:3:\"nom\";s:5:\"BABOU\";s:4:\"role\";s:18:\"GMB_ADMINISTRATEUR\";}'),
(2846, 4, 1, 'a:7:{s:9:\"connexion\";b:1;s:4:\"mail\";s:24:\"birahim.babou@uvs.edu.sn\";s:6:\"profil\";s:1:\"2\";s:11:\"utilisateur\";s:1:\"1\";s:6:\"prenom\";s:7:\"Birahim\";s:3:\"nom\";s:5:\"BABOU\";s:4:\"role\";s:18:\"GMB_ADMINISTRATEUR\";}'),
(2847, 4, 1, 'a:7:{s:9:\"connexion\";b:1;s:4:\"mail\";s:24:\"birahim.babou@uvs.edu.sn\";s:6:\"profil\";s:1:\"2\";s:11:\"utilisateur\";s:1:\"1\";s:6:\"prenom\";s:7:\"Birahim\";s:3:\"nom\";s:5:\"BABOU\";s:4:\"role\";s:18:\"GMB_ADMINISTRATEUR\";}'),
(2848, 4, 1, 'a:7:{s:9:\"connexion\";b:1;s:4:\"mail\";s:24:\"birahim.babou@uvs.edu.sn\";s:6:\"profil\";s:1:\"2\";s:11:\"utilisateur\";s:1:\"1\";s:6:\"prenom\";s:7:\"Birahim\";s:3:\"nom\";s:5:\"BABOU\";s:4:\"role\";s:18:\"GMB_ADMINISTRATEUR\";}'),
(2849, 4, 1, 'a:7:{s:9:\"connexion\";b:1;s:4:\"mail\";s:24:\"birahim.babou@uvs.edu.sn\";s:6:\"profil\";s:1:\"2\";s:11:\"utilisateur\";s:1:\"1\";s:6:\"prenom\";s:7:\"Birahim\";s:3:\"nom\";s:5:\"BABOU\";s:4:\"role\";s:18:\"GMB_ADMINISTRATEUR\";}'),
(2850, 4, 1, 'a:7:{s:9:\"connexion\";b:1;s:4:\"mail\";s:24:\"birahim.babou@uvs.edu.sn\";s:6:\"profil\";s:1:\"2\";s:11:\"utilisateur\";s:1:\"1\";s:6:\"prenom\";s:7:\"Birahim\";s:3:\"nom\";s:5:\"BABOU\";s:4:\"role\";s:18:\"GMB_ADMINISTRATEUR\";}'),
(2851, 4, 1, 'a:7:{s:9:\"connexion\";b:1;s:4:\"mail\";s:24:\"birahim.babou@uvs.edu.sn\";s:6:\"profil\";s:1:\"2\";s:11:\"utilisateur\";s:1:\"1\";s:6:\"prenom\";s:7:\"Birahim\";s:3:\"nom\";s:5:\"BABOU\";s:4:\"role\";s:18:\"GMB_ADMINISTRATEUR\";}'),
(2852, 4, 1, 'a:7:{s:9:\"connexion\";b:1;s:4:\"mail\";s:24:\"birahim.babou@uvs.edu.sn\";s:6:\"profil\";s:1:\"2\";s:11:\"utilisateur\";s:1:\"1\";s:6:\"prenom\";s:7:\"Birahim\";s:3:\"nom\";s:5:\"BABOU\";s:4:\"role\";s:18:\"GMB_ADMINISTRATEUR\";}'),
(2853, 4, 1, 'a:7:{s:9:\"connexion\";b:1;s:4:\"mail\";s:24:\"birahim.babou@uvs.edu.sn\";s:6:\"profil\";s:1:\"2\";s:11:\"utilisateur\";s:1:\"1\";s:6:\"prenom\";s:7:\"Birahim\";s:3:\"nom\";s:5:\"BABOU\";s:4:\"role\";s:18:\"GMB_ADMINISTRATEUR\";}'),
(2854, 4, 1, 'a:7:{s:9:\"connexion\";b:1;s:4:\"mail\";s:24:\"birahim.babou@uvs.edu.sn\";s:6:\"profil\";s:1:\"2\";s:11:\"utilisateur\";s:1:\"1\";s:6:\"prenom\";s:7:\"Birahim\";s:3:\"nom\";s:5:\"BABOU\";s:4:\"role\";s:18:\"GMB_ADMINISTRATEUR\";}'),
(2855, 4, 1, 'a:7:{s:9:\"connexion\";b:1;s:4:\"mail\";s:24:\"birahim.babou@uvs.edu.sn\";s:6:\"profil\";s:1:\"2\";s:11:\"utilisateur\";s:1:\"1\";s:6:\"prenom\";s:7:\"Birahim\";s:3:\"nom\";s:5:\"BABOU\";s:4:\"role\";s:18:\"GMB_ADMINISTRATEUR\";}'),
(2856, 4, 1, 'a:7:{s:9:\"connexion\";b:1;s:4:\"mail\";s:24:\"birahim.babou@uvs.edu.sn\";s:6:\"profil\";s:1:\"2\";s:11:\"utilisateur\";s:1:\"1\";s:6:\"prenom\";s:7:\"Birahim\";s:3:\"nom\";s:5:\"BABOU\";s:4:\"role\";s:18:\"GMB_ADMINISTRATEUR\";}'),
(2857, 4, 1, 'a:7:{s:9:\"connexion\";b:1;s:4:\"mail\";s:24:\"birahim.babou@uvs.edu.sn\";s:6:\"profil\";s:1:\"2\";s:11:\"utilisateur\";s:1:\"1\";s:6:\"prenom\";s:7:\"Birahim\";s:3:\"nom\";s:5:\"BABOU\";s:4:\"role\";s:18:\"GMB_ADMINISTRATEUR\";}'),
(2858, 4, 1, 'a:7:{s:9:\"connexion\";b:1;s:4:\"mail\";s:24:\"birahim.babou@uvs.edu.sn\";s:6:\"profil\";s:1:\"2\";s:11:\"utilisateur\";s:1:\"1\";s:6:\"prenom\";s:7:\"Birahim\";s:3:\"nom\";s:5:\"BABOU\";s:4:\"role\";s:18:\"GMB_ADMINISTRATEUR\";}'),
(2859, 4, 1, 'a:7:{s:9:\"connexion\";b:1;s:4:\"mail\";s:24:\"birahim.babou@uvs.edu.sn\";s:6:\"profil\";s:1:\"2\";s:11:\"utilisateur\";s:1:\"1\";s:6:\"prenom\";s:7:\"Birahim\";s:3:\"nom\";s:5:\"BABOU\";s:4:\"role\";s:18:\"GMB_ADMINISTRATEUR\";}'),
(2860, 4, 1, 'a:7:{s:9:\"connexion\";b:1;s:4:\"mail\";s:24:\"birahim.babou@uvs.edu.sn\";s:6:\"profil\";s:1:\"2\";s:11:\"utilisateur\";s:1:\"1\";s:6:\"prenom\";s:7:\"Birahim\";s:3:\"nom\";s:5:\"BABOU\";s:4:\"role\";s:18:\"GMB_ADMINISTRATEUR\";}'),
(2861, 4, 1, 'a:7:{s:9:\"connexion\";b:1;s:4:\"mail\";s:24:\"birahim.babou@uvs.edu.sn\";s:6:\"profil\";s:1:\"2\";s:11:\"utilisateur\";s:1:\"1\";s:6:\"prenom\";s:7:\"Birahim\";s:3:\"nom\";s:5:\"BABOU\";s:4:\"role\";s:18:\"GMB_ADMINISTRATEUR\";}'),
(2862, 4, 1, 'a:7:{s:9:\"connexion\";b:1;s:4:\"mail\";s:24:\"birahim.babou@uvs.edu.sn\";s:6:\"profil\";s:1:\"2\";s:11:\"utilisateur\";s:1:\"1\";s:6:\"prenom\";s:7:\"Birahim\";s:3:\"nom\";s:5:\"BABOU\";s:4:\"role\";s:18:\"GMB_ADMINISTRATEUR\";}'),
(2863, 4, 1, 'a:7:{s:9:\"connexion\";b:1;s:4:\"mail\";s:24:\"birahim.babou@uvs.edu.sn\";s:6:\"profil\";s:1:\"2\";s:11:\"utilisateur\";s:1:\"1\";s:6:\"prenom\";s:7:\"Birahim\";s:3:\"nom\";s:5:\"BABOU\";s:4:\"role\";s:18:\"GMB_ADMINISTRATEUR\";}'),
(2864, 4, 1, 'a:7:{s:9:\"connexion\";b:1;s:4:\"mail\";s:24:\"birahim.babou@uvs.edu.sn\";s:6:\"profil\";s:1:\"2\";s:11:\"utilisateur\";s:1:\"1\";s:6:\"prenom\";s:7:\"Birahim\";s:3:\"nom\";s:5:\"BABOU\";s:4:\"role\";s:18:\"GMB_ADMINISTRATEUR\";}'),
(2865, 4, 1, 'a:7:{s:9:\"connexion\";b:1;s:4:\"mail\";s:24:\"birahim.babou@uvs.edu.sn\";s:6:\"profil\";s:1:\"2\";s:11:\"utilisateur\";s:1:\"1\";s:6:\"prenom\";s:7:\"Birahim\";s:3:\"nom\";s:5:\"BABOU\";s:4:\"role\";s:18:\"GMB_ADMINISTRATEUR\";}'),
(2866, 4, 1, 'a:7:{s:9:\"connexion\";b:1;s:4:\"mail\";s:24:\"birahim.babou@uvs.edu.sn\";s:6:\"profil\";s:1:\"2\";s:11:\"utilisateur\";s:1:\"1\";s:6:\"prenom\";s:7:\"Birahim\";s:3:\"nom\";s:5:\"BABOU\";s:4:\"role\";s:18:\"GMB_ADMINISTRATEUR\";}'),
(2867, 4, 1, 'a:7:{s:9:\"connexion\";b:1;s:4:\"mail\";s:24:\"birahim.babou@uvs.edu.sn\";s:6:\"profil\";s:1:\"2\";s:11:\"utilisateur\";s:1:\"1\";s:6:\"prenom\";s:7:\"Birahim\";s:3:\"nom\";s:5:\"BABOU\";s:4:\"role\";s:18:\"GMB_ADMINISTRATEUR\";}'),
(2868, 4, 1, 'a:7:{s:9:\"connexion\";b:1;s:4:\"mail\";s:24:\"birahim.babou@uvs.edu.sn\";s:6:\"profil\";s:1:\"2\";s:11:\"utilisateur\";s:1:\"1\";s:6:\"prenom\";s:7:\"Birahim\";s:3:\"nom\";s:5:\"BABOU\";s:4:\"role\";s:18:\"GMB_ADMINISTRATEUR\";}'),
(2869, 4, 1, 'a:7:{s:9:\"connexion\";b:1;s:4:\"mail\";s:24:\"birahim.babou@uvs.edu.sn\";s:6:\"profil\";s:1:\"2\";s:11:\"utilisateur\";s:1:\"1\";s:6:\"prenom\";s:7:\"Birahim\";s:3:\"nom\";s:5:\"BABOU\";s:4:\"role\";s:18:\"GMB_ADMINISTRATEUR\";}'),
(2870, 4, 1, 'a:7:{s:9:\"connexion\";b:1;s:4:\"mail\";s:24:\"birahim.babou@uvs.edu.sn\";s:6:\"profil\";s:1:\"2\";s:11:\"utilisateur\";s:1:\"1\";s:6:\"prenom\";s:7:\"Birahim\";s:3:\"nom\";s:5:\"BABOU\";s:4:\"role\";s:18:\"GMB_ADMINISTRATEUR\";}'),
(2871, 4, 1, 'a:7:{s:9:\"connexion\";b:1;s:4:\"mail\";s:24:\"birahim.babou@uvs.edu.sn\";s:6:\"profil\";s:1:\"2\";s:11:\"utilisateur\";s:1:\"1\";s:6:\"prenom\";s:7:\"Birahim\";s:3:\"nom\";s:5:\"BABOU\";s:4:\"role\";s:18:\"GMB_ADMINISTRATEUR\";}'),
(2872, 4, 1, 'a:7:{s:9:\"connexion\";b:1;s:4:\"mail\";s:24:\"birahim.babou@uvs.edu.sn\";s:6:\"profil\";s:1:\"2\";s:11:\"utilisateur\";s:1:\"1\";s:6:\"prenom\";s:7:\"Birahim\";s:3:\"nom\";s:5:\"BABOU\";s:4:\"role\";s:18:\"GMB_ADMINISTRATEUR\";}'),
(2873, 4, 1, 'a:7:{s:9:\"connexion\";b:1;s:4:\"mail\";s:24:\"birahim.babou@uvs.edu.sn\";s:6:\"profil\";s:1:\"2\";s:11:\"utilisateur\";s:1:\"1\";s:6:\"prenom\";s:7:\"Birahim\";s:3:\"nom\";s:5:\"BABOU\";s:4:\"role\";s:18:\"GMB_ADMINISTRATEUR\";}'),
(2874, 4, 1, 'a:7:{s:9:\"connexion\";b:1;s:4:\"mail\";s:24:\"birahim.babou@uvs.edu.sn\";s:6:\"profil\";s:1:\"2\";s:11:\"utilisateur\";s:1:\"1\";s:6:\"prenom\";s:7:\"Birahim\";s:3:\"nom\";s:5:\"BABOU\";s:4:\"role\";s:18:\"GMB_ADMINISTRATEUR\";}'),
(2875, 4, 1, 'a:7:{s:9:\"connexion\";b:1;s:4:\"mail\";s:24:\"birahim.babou@uvs.edu.sn\";s:6:\"profil\";s:1:\"2\";s:11:\"utilisateur\";s:1:\"1\";s:6:\"prenom\";s:7:\"Birahim\";s:3:\"nom\";s:5:\"BABOU\";s:4:\"role\";s:18:\"GMB_ADMINISTRATEUR\";}'),
(2876, 4, 1, 'a:7:{s:9:\"connexion\";b:1;s:4:\"mail\";s:24:\"birahim.babou@uvs.edu.sn\";s:6:\"profil\";s:1:\"2\";s:11:\"utilisateur\";s:1:\"1\";s:6:\"prenom\";s:7:\"Birahim\";s:3:\"nom\";s:5:\"BABOU\";s:4:\"role\";s:18:\"GMB_ADMINISTRATEUR\";}'),
(2877, 4, 1, 'a:7:{s:9:\"connexion\";b:1;s:4:\"mail\";s:24:\"birahim.babou@uvs.edu.sn\";s:6:\"profil\";s:1:\"2\";s:11:\"utilisateur\";s:1:\"1\";s:6:\"prenom\";s:7:\"Birahim\";s:3:\"nom\";s:5:\"BABOU\";s:4:\"role\";s:18:\"GMB_ADMINISTRATEUR\";}'),
(2878, 4, 1, 'a:7:{s:9:\"connexion\";b:1;s:4:\"mail\";s:24:\"birahim.babou@uvs.edu.sn\";s:6:\"profil\";s:1:\"2\";s:11:\"utilisateur\";s:1:\"1\";s:6:\"prenom\";s:7:\"Birahim\";s:3:\"nom\";s:5:\"BABOU\";s:4:\"role\";s:18:\"GMB_ADMINISTRATEUR\";}'),
(2879, 4, 1, 'a:7:{s:9:\"connexion\";b:1;s:4:\"mail\";s:24:\"birahim.babou@uvs.edu.sn\";s:6:\"profil\";s:1:\"2\";s:11:\"utilisateur\";s:1:\"1\";s:6:\"prenom\";s:7:\"Birahim\";s:3:\"nom\";s:5:\"BABOU\";s:4:\"role\";s:18:\"GMB_ADMINISTRATEUR\";}'),
(2880, 4, 1, 'a:7:{s:9:\"connexion\";b:1;s:4:\"mail\";s:24:\"birahim.babou@uvs.edu.sn\";s:6:\"profil\";s:1:\"2\";s:11:\"utilisateur\";s:1:\"1\";s:6:\"prenom\";s:7:\"Birahim\";s:3:\"nom\";s:5:\"BABOU\";s:4:\"role\";s:18:\"GMB_ADMINISTRATEUR\";}'),
(2881, 4, 1, 'a:7:{s:9:\"connexion\";b:1;s:4:\"mail\";s:24:\"birahim.babou@uvs.edu.sn\";s:6:\"profil\";s:1:\"2\";s:11:\"utilisateur\";s:1:\"1\";s:6:\"prenom\";s:7:\"Birahim\";s:3:\"nom\";s:5:\"BABOU\";s:4:\"role\";s:18:\"GMB_ADMINISTRATEUR\";}'),
(2882, 4, 1, 'a:7:{s:9:\"connexion\";b:1;s:4:\"mail\";s:24:\"birahim.babou@uvs.edu.sn\";s:6:\"profil\";s:1:\"2\";s:11:\"utilisateur\";s:1:\"1\";s:6:\"prenom\";s:7:\"Birahim\";s:3:\"nom\";s:5:\"BABOU\";s:4:\"role\";s:18:\"GMB_ADMINISTRATEUR\";}'),
(2883, 4, 1, 'a:7:{s:9:\"connexion\";b:1;s:4:\"mail\";s:24:\"birahim.babou@uvs.edu.sn\";s:6:\"profil\";s:1:\"2\";s:11:\"utilisateur\";s:1:\"1\";s:6:\"prenom\";s:7:\"Birahim\";s:3:\"nom\";s:5:\"BABOU\";s:4:\"role\";s:18:\"GMB_ADMINISTRATEUR\";}'),
(2884, 4, 1, 'a:7:{s:9:\"connexion\";b:1;s:4:\"mail\";s:24:\"birahim.babou@uvs.edu.sn\";s:6:\"profil\";s:1:\"2\";s:11:\"utilisateur\";s:1:\"1\";s:6:\"prenom\";s:7:\"Birahim\";s:3:\"nom\";s:5:\"BABOU\";s:4:\"role\";s:18:\"GMB_ADMINISTRATEUR\";}'),
(2885, 4, 1, 'a:7:{s:9:\"connexion\";b:1;s:4:\"mail\";s:24:\"birahim.babou@uvs.edu.sn\";s:6:\"profil\";s:1:\"2\";s:11:\"utilisateur\";s:1:\"1\";s:6:\"prenom\";s:7:\"Birahim\";s:3:\"nom\";s:5:\"BABOU\";s:4:\"role\";s:18:\"GMB_ADMINISTRATEUR\";}'),
(2886, 4, 1, 'a:7:{s:9:\"connexion\";b:1;s:4:\"mail\";s:24:\"birahim.babou@uvs.edu.sn\";s:6:\"profil\";s:1:\"2\";s:11:\"utilisateur\";s:1:\"1\";s:6:\"prenom\";s:7:\"Birahim\";s:3:\"nom\";s:5:\"BABOU\";s:4:\"role\";s:18:\"GMB_ADMINISTRATEUR\";}'),
(2887, 4, 1, 'a:7:{s:9:\"connexion\";b:1;s:4:\"mail\";s:24:\"birahim.babou@uvs.edu.sn\";s:6:\"profil\";s:1:\"2\";s:11:\"utilisateur\";s:1:\"1\";s:6:\"prenom\";s:7:\"Birahim\";s:3:\"nom\";s:5:\"BABOU\";s:4:\"role\";s:18:\"GMB_ADMINISTRATEUR\";}'),
(2888, 4, 1, 'a:7:{s:9:\"connexion\";b:1;s:4:\"mail\";s:24:\"birahim.babou@uvs.edu.sn\";s:6:\"profil\";s:1:\"2\";s:11:\"utilisateur\";s:1:\"1\";s:6:\"prenom\";s:7:\"Birahim\";s:3:\"nom\";s:5:\"BABOU\";s:4:\"role\";s:18:\"GMB_ADMINISTRATEUR\";}'),
(2889, 4, 1, 'a:7:{s:9:\"connexion\";b:1;s:4:\"mail\";s:24:\"birahim.babou@uvs.edu.sn\";s:6:\"profil\";s:1:\"2\";s:11:\"utilisateur\";s:1:\"1\";s:6:\"prenom\";s:7:\"Birahim\";s:3:\"nom\";s:5:\"BABOU\";s:4:\"role\";s:18:\"GMB_ADMINISTRATEUR\";}'),
(2890, 4, 1, 'a:7:{s:9:\"connexion\";b:1;s:4:\"mail\";s:24:\"birahim.babou@uvs.edu.sn\";s:6:\"profil\";s:1:\"2\";s:11:\"utilisateur\";s:1:\"1\";s:6:\"prenom\";s:7:\"Birahim\";s:3:\"nom\";s:5:\"BABOU\";s:4:\"role\";s:18:\"GMB_ADMINISTRATEUR\";}'),
(2891, 4, 1, 'a:7:{s:9:\"connexion\";b:1;s:4:\"mail\";s:24:\"birahim.babou@uvs.edu.sn\";s:6:\"profil\";s:1:\"2\";s:11:\"utilisateur\";s:1:\"1\";s:6:\"prenom\";s:7:\"Birahim\";s:3:\"nom\";s:5:\"BABOU\";s:4:\"role\";s:18:\"GMB_ADMINISTRATEUR\";}'),
(2892, 4, 1, 'a:7:{s:9:\"connexion\";b:1;s:4:\"mail\";s:24:\"birahim.babou@uvs.edu.sn\";s:6:\"profil\";s:1:\"2\";s:11:\"utilisateur\";s:1:\"1\";s:6:\"prenom\";s:7:\"Birahim\";s:3:\"nom\";s:5:\"BABOU\";s:4:\"role\";s:18:\"GMB_ADMINISTRATEUR\";}'),
(2893, 4, 1, 'a:7:{s:9:\"connexion\";b:1;s:4:\"mail\";s:24:\"birahim.babou@uvs.edu.sn\";s:6:\"profil\";s:1:\"2\";s:11:\"utilisateur\";s:1:\"1\";s:6:\"prenom\";s:7:\"Birahim\";s:3:\"nom\";s:5:\"BABOU\";s:4:\"role\";s:18:\"GMB_ADMINISTRATEUR\";}'),
(2894, 4, 1, 'a:7:{s:9:\"connexion\";b:1;s:4:\"mail\";s:24:\"birahim.babou@uvs.edu.sn\";s:6:\"profil\";s:1:\"2\";s:11:\"utilisateur\";s:1:\"1\";s:6:\"prenom\";s:7:\"Birahim\";s:3:\"nom\";s:5:\"BABOU\";s:4:\"role\";s:18:\"GMB_ADMINISTRATEUR\";}'),
(2895, 4, 1, 'a:7:{s:9:\"connexion\";b:1;s:4:\"mail\";s:24:\"birahim.babou@uvs.edu.sn\";s:6:\"profil\";s:1:\"2\";s:11:\"utilisateur\";s:1:\"1\";s:6:\"prenom\";s:7:\"Birahim\";s:3:\"nom\";s:5:\"BABOU\";s:4:\"role\";s:18:\"GMB_ADMINISTRATEUR\";}'),
(2896, 4, 1, 'a:7:{s:9:\"connexion\";b:1;s:4:\"mail\";s:24:\"birahim.babou@uvs.edu.sn\";s:6:\"profil\";s:1:\"2\";s:11:\"utilisateur\";s:1:\"1\";s:6:\"prenom\";s:7:\"Birahim\";s:3:\"nom\";s:5:\"BABOU\";s:4:\"role\";s:18:\"GMB_ADMINISTRATEUR\";}'),
(2897, 4, 1, 'a:7:{s:9:\"connexion\";b:1;s:4:\"mail\";s:24:\"birahim.babou@uvs.edu.sn\";s:6:\"profil\";s:1:\"2\";s:11:\"utilisateur\";s:1:\"1\";s:6:\"prenom\";s:7:\"Birahim\";s:3:\"nom\";s:5:\"BABOU\";s:4:\"role\";s:18:\"GMB_ADMINISTRATEUR\";}'),
(2898, 4, 1, 'a:7:{s:9:\"connexion\";b:1;s:4:\"mail\";s:24:\"birahim.babou@uvs.edu.sn\";s:6:\"profil\";s:1:\"2\";s:11:\"utilisateur\";s:1:\"1\";s:6:\"prenom\";s:7:\"Birahim\";s:3:\"nom\";s:5:\"BABOU\";s:4:\"role\";s:18:\"GMB_ADMINISTRATEUR\";}'),
(2899, 4, 1, 'a:7:{s:9:\"connexion\";b:1;s:4:\"mail\";s:24:\"birahim.babou@uvs.edu.sn\";s:6:\"profil\";s:1:\"2\";s:11:\"utilisateur\";s:1:\"1\";s:6:\"prenom\";s:7:\"Birahim\";s:3:\"nom\";s:5:\"BABOU\";s:4:\"role\";s:18:\"GMB_ADMINISTRATEUR\";}'),
(2900, 4, 1, 'a:7:{s:9:\"connexion\";b:1;s:4:\"mail\";s:24:\"birahim.babou@uvs.edu.sn\";s:6:\"profil\";s:1:\"2\";s:11:\"utilisateur\";s:1:\"1\";s:6:\"prenom\";s:7:\"Birahim\";s:3:\"nom\";s:5:\"BABOU\";s:4:\"role\";s:18:\"GMB_ADMINISTRATEUR\";}'),
(2901, 4, 1, 'a:7:{s:9:\"connexion\";b:1;s:4:\"mail\";s:24:\"birahim.babou@uvs.edu.sn\";s:6:\"profil\";s:1:\"2\";s:11:\"utilisateur\";s:1:\"1\";s:6:\"prenom\";s:7:\"Birahim\";s:3:\"nom\";s:5:\"BABOU\";s:4:\"role\";s:18:\"GMB_ADMINISTRATEUR\";}'),
(2902, 4, 1, 'a:7:{s:9:\"connexion\";b:1;s:4:\"mail\";s:24:\"birahim.babou@uvs.edu.sn\";s:6:\"profil\";s:1:\"2\";s:11:\"utilisateur\";s:1:\"1\";s:6:\"prenom\";s:7:\"Birahim\";s:3:\"nom\";s:5:\"BABOU\";s:4:\"role\";s:18:\"GMB_ADMINISTRATEUR\";}'),
(2903, 4, 1, 'a:7:{s:9:\"connexion\";b:1;s:4:\"mail\";s:24:\"birahim.babou@uvs.edu.sn\";s:6:\"profil\";s:1:\"2\";s:11:\"utilisateur\";s:1:\"1\";s:6:\"prenom\";s:7:\"Birahim\";s:3:\"nom\";s:5:\"BABOU\";s:4:\"role\";s:18:\"GMB_ADMINISTRATEUR\";}'),
(2904, 4, 1, 'a:7:{s:9:\"connexion\";b:1;s:4:\"mail\";s:24:\"birahim.babou@uvs.edu.sn\";s:6:\"profil\";s:1:\"2\";s:11:\"utilisateur\";s:1:\"1\";s:6:\"prenom\";s:7:\"Birahim\";s:3:\"nom\";s:5:\"BABOU\";s:4:\"role\";s:18:\"GMB_ADMINISTRATEUR\";}'),
(2905, 4, 1, 'a:7:{s:9:\"connexion\";b:1;s:4:\"mail\";s:24:\"birahim.babou@uvs.edu.sn\";s:6:\"profil\";s:1:\"2\";s:11:\"utilisateur\";s:1:\"1\";s:6:\"prenom\";s:7:\"Birahim\";s:3:\"nom\";s:5:\"BABOU\";s:4:\"role\";s:18:\"GMB_ADMINISTRATEUR\";}'),
(2906, 4, 1, 'a:7:{s:9:\"connexion\";b:1;s:4:\"mail\";s:24:\"birahim.babou@uvs.edu.sn\";s:6:\"profil\";s:1:\"2\";s:11:\"utilisateur\";s:1:\"1\";s:6:\"prenom\";s:7:\"Birahim\";s:3:\"nom\";s:5:\"BABOU\";s:4:\"role\";s:18:\"GMB_ADMINISTRATEUR\";}'),
(2907, 4, 1, 'a:7:{s:9:\"connexion\";b:1;s:4:\"mail\";s:24:\"birahim.babou@uvs.edu.sn\";s:6:\"profil\";s:1:\"2\";s:11:\"utilisateur\";s:1:\"1\";s:6:\"prenom\";s:7:\"Birahim\";s:3:\"nom\";s:5:\"BABOU\";s:4:\"role\";s:18:\"GMB_ADMINISTRATEUR\";}'),
(2908, 4, 1, 'a:7:{s:9:\"connexion\";b:1;s:4:\"mail\";s:24:\"birahim.babou@uvs.edu.sn\";s:6:\"profil\";s:1:\"2\";s:11:\"utilisateur\";s:1:\"1\";s:6:\"prenom\";s:7:\"Birahim\";s:3:\"nom\";s:5:\"BABOU\";s:4:\"role\";s:18:\"GMB_ADMINISTRATEUR\";}'),
(2909, 4, 1, 'a:7:{s:9:\"connexion\";b:1;s:4:\"mail\";s:24:\"birahim.babou@uvs.edu.sn\";s:6:\"profil\";s:1:\"2\";s:11:\"utilisateur\";s:1:\"1\";s:6:\"prenom\";s:7:\"Birahim\";s:3:\"nom\";s:5:\"BABOU\";s:4:\"role\";s:18:\"GMB_ADMINISTRATEUR\";}'),
(2910, 4, 1, 'a:7:{s:9:\"connexion\";b:1;s:4:\"mail\";s:24:\"birahim.babou@uvs.edu.sn\";s:6:\"profil\";s:1:\"2\";s:11:\"utilisateur\";s:1:\"1\";s:6:\"prenom\";s:7:\"Birahim\";s:3:\"nom\";s:5:\"BABOU\";s:4:\"role\";s:18:\"GMB_ADMINISTRATEUR\";}'),
(2911, 4, 1, 'a:7:{s:9:\"connexion\";b:1;s:4:\"mail\";s:24:\"birahim.babou@uvs.edu.sn\";s:6:\"profil\";s:1:\"2\";s:11:\"utilisateur\";s:1:\"1\";s:6:\"prenom\";s:7:\"Birahim\";s:3:\"nom\";s:5:\"BABOU\";s:4:\"role\";s:18:\"GMB_ADMINISTRATEUR\";}'),
(2912, 4, 1, 'a:7:{s:9:\"connexion\";b:1;s:4:\"mail\";s:24:\"birahim.babou@uvs.edu.sn\";s:6:\"profil\";s:1:\"2\";s:11:\"utilisateur\";s:1:\"1\";s:6:\"prenom\";s:7:\"Birahim\";s:3:\"nom\";s:5:\"BABOU\";s:4:\"role\";s:18:\"GMB_ADMINISTRATEUR\";}'),
(2913, 4, 1, 'a:7:{s:9:\"connexion\";b:1;s:4:\"mail\";s:24:\"birahim.babou@uvs.edu.sn\";s:6:\"profil\";s:1:\"2\";s:11:\"utilisateur\";s:1:\"1\";s:6:\"prenom\";s:7:\"Birahim\";s:3:\"nom\";s:5:\"BABOU\";s:4:\"role\";s:18:\"GMB_ADMINISTRATEUR\";}'),
(2914, 4, 1, 'a:7:{s:9:\"connexion\";b:1;s:4:\"mail\";s:24:\"birahim.babou@uvs.edu.sn\";s:6:\"profil\";s:1:\"2\";s:11:\"utilisateur\";s:1:\"1\";s:6:\"prenom\";s:7:\"Birahim\";s:3:\"nom\";s:5:\"BABOU\";s:4:\"role\";s:18:\"GMB_ADMINISTRATEUR\";}'),
(2915, 4, 1, 'a:7:{s:9:\"connexion\";b:1;s:4:\"mail\";s:24:\"birahim.babou@uvs.edu.sn\";s:6:\"profil\";s:1:\"2\";s:11:\"utilisateur\";s:1:\"1\";s:6:\"prenom\";s:7:\"Birahim\";s:3:\"nom\";s:5:\"BABOU\";s:4:\"role\";s:18:\"GMB_ADMINISTRATEUR\";}'),
(2916, 4, 1, 'a:7:{s:9:\"connexion\";b:1;s:4:\"mail\";s:24:\"birahim.babou@uvs.edu.sn\";s:6:\"profil\";s:1:\"2\";s:11:\"utilisateur\";s:1:\"1\";s:6:\"prenom\";s:7:\"Birahim\";s:3:\"nom\";s:5:\"BABOU\";s:4:\"role\";s:18:\"GMB_ADMINISTRATEUR\";}'),
(2917, 4, 1, 'a:7:{s:9:\"connexion\";b:1;s:4:\"mail\";s:24:\"birahim.babou@uvs.edu.sn\";s:6:\"profil\";s:1:\"2\";s:11:\"utilisateur\";s:1:\"1\";s:6:\"prenom\";s:7:\"Birahim\";s:3:\"nom\";s:5:\"BABOU\";s:4:\"role\";s:18:\"GMB_ADMINISTRATEUR\";}'),
(2918, 4, 1, 'a:7:{s:9:\"connexion\";b:1;s:4:\"mail\";s:24:\"birahim.babou@uvs.edu.sn\";s:6:\"profil\";s:1:\"2\";s:11:\"utilisateur\";s:1:\"1\";s:6:\"prenom\";s:7:\"Birahim\";s:3:\"nom\";s:5:\"BABOU\";s:4:\"role\";s:18:\"GMB_ADMINISTRATEUR\";}'),
(2919, 4, 1, 'a:7:{s:9:\"connexion\";b:1;s:4:\"mail\";s:24:\"birahim.babou@uvs.edu.sn\";s:6:\"profil\";s:1:\"2\";s:11:\"utilisateur\";s:1:\"1\";s:6:\"prenom\";s:7:\"Birahim\";s:3:\"nom\";s:5:\"BABOU\";s:4:\"role\";s:18:\"GMB_ADMINISTRATEUR\";}'),
(2920, 4, 1, 'a:7:{s:9:\"connexion\";b:1;s:4:\"mail\";s:24:\"birahim.babou@uvs.edu.sn\";s:6:\"profil\";s:1:\"2\";s:11:\"utilisateur\";s:1:\"1\";s:6:\"prenom\";s:7:\"Birahim\";s:3:\"nom\";s:5:\"BABOU\";s:4:\"role\";s:18:\"GMB_ADMINISTRATEUR\";}'),
(2921, 4, 1, 'a:7:{s:9:\"connexion\";b:1;s:4:\"mail\";s:24:\"birahim.babou@uvs.edu.sn\";s:6:\"profil\";s:1:\"2\";s:11:\"utilisateur\";s:1:\"1\";s:6:\"prenom\";s:7:\"Birahim\";s:3:\"nom\";s:5:\"BABOU\";s:4:\"role\";s:18:\"GMB_ADMINISTRATEUR\";}'),
(2922, 4, 1, 'a:7:{s:9:\"connexion\";b:1;s:4:\"mail\";s:24:\"birahim.babou@uvs.edu.sn\";s:6:\"profil\";s:1:\"2\";s:11:\"utilisateur\";s:1:\"1\";s:6:\"prenom\";s:7:\"Birahim\";s:3:\"nom\";s:5:\"BABOU\";s:4:\"role\";s:18:\"GMB_ADMINISTRATEUR\";}'),
(2923, 4, 1, 'a:7:{s:9:\"connexion\";b:1;s:4:\"mail\";s:24:\"birahim.babou@uvs.edu.sn\";s:6:\"profil\";s:1:\"2\";s:11:\"utilisateur\";s:1:\"1\";s:6:\"prenom\";s:7:\"Birahim\";s:3:\"nom\";s:5:\"BABOU\";s:4:\"role\";s:18:\"GMB_ADMINISTRATEUR\";}'),
(2924, 4, 1, 'a:7:{s:9:\"connexion\";b:1;s:4:\"mail\";s:24:\"birahim.babou@uvs.edu.sn\";s:6:\"profil\";s:1:\"2\";s:11:\"utilisateur\";s:1:\"1\";s:6:\"prenom\";s:7:\"Birahim\";s:3:\"nom\";s:5:\"BABOU\";s:4:\"role\";s:18:\"GMB_ADMINISTRATEUR\";}'),
(2925, 4, 1, 'a:7:{s:9:\"connexion\";b:1;s:4:\"mail\";s:24:\"birahim.babou@uvs.edu.sn\";s:6:\"profil\";s:1:\"2\";s:11:\"utilisateur\";s:1:\"1\";s:6:\"prenom\";s:7:\"Birahim\";s:3:\"nom\";s:5:\"BABOU\";s:4:\"role\";s:18:\"GMB_ADMINISTRATEUR\";}'),
(2926, 4, 1, 'a:7:{s:9:\"connexion\";b:1;s:4:\"mail\";s:24:\"birahim.babou@uvs.edu.sn\";s:6:\"profil\";s:1:\"2\";s:11:\"utilisateur\";s:1:\"1\";s:6:\"prenom\";s:7:\"Birahim\";s:3:\"nom\";s:5:\"BABOU\";s:4:\"role\";s:18:\"GMB_ADMINISTRATEUR\";}'),
(2927, 4, 1, 'a:7:{s:9:\"connexion\";b:1;s:4:\"mail\";s:24:\"birahim.babou@uvs.edu.sn\";s:6:\"profil\";s:1:\"2\";s:11:\"utilisateur\";s:1:\"1\";s:6:\"prenom\";s:7:\"Birahim\";s:3:\"nom\";s:5:\"BABOU\";s:4:\"role\";s:18:\"GMB_ADMINISTRATEUR\";}'),
(2928, 4, 1, 'a:7:{s:9:\"connexion\";b:1;s:4:\"mail\";s:24:\"birahim.babou@uvs.edu.sn\";s:6:\"profil\";s:1:\"2\";s:11:\"utilisateur\";s:1:\"1\";s:6:\"prenom\";s:7:\"Birahim\";s:3:\"nom\";s:5:\"BABOU\";s:4:\"role\";s:18:\"GMB_ADMINISTRATEUR\";}'),
(2929, 4, 1, 'a:7:{s:9:\"connexion\";b:1;s:4:\"mail\";s:24:\"birahim.babou@uvs.edu.sn\";s:6:\"profil\";s:1:\"2\";s:11:\"utilisateur\";s:1:\"1\";s:6:\"prenom\";s:7:\"Birahim\";s:3:\"nom\";s:5:\"BABOU\";s:4:\"role\";s:18:\"GMB_ADMINISTRATEUR\";}'),
(2930, 4, 1, 'a:7:{s:9:\"connexion\";b:1;s:4:\"mail\";s:24:\"birahim.babou@uvs.edu.sn\";s:6:\"profil\";s:1:\"2\";s:11:\"utilisateur\";s:1:\"1\";s:6:\"prenom\";s:7:\"Birahim\";s:3:\"nom\";s:5:\"BABOU\";s:4:\"role\";s:18:\"GMB_ADMINISTRATEUR\";}'),
(2931, 4, 1, 'a:7:{s:9:\"connexion\";b:1;s:4:\"mail\";s:24:\"birahim.babou@uvs.edu.sn\";s:6:\"profil\";s:1:\"2\";s:11:\"utilisateur\";s:1:\"1\";s:6:\"prenom\";s:7:\"Birahim\";s:3:\"nom\";s:5:\"BABOU\";s:4:\"role\";s:18:\"GMB_ADMINISTRATEUR\";}'),
(2932, 4, 1, 'a:7:{s:9:\"connexion\";b:1;s:4:\"mail\";s:24:\"birahim.babou@uvs.edu.sn\";s:6:\"profil\";s:1:\"2\";s:11:\"utilisateur\";s:1:\"1\";s:6:\"prenom\";s:7:\"Birahim\";s:3:\"nom\";s:5:\"BABOU\";s:4:\"role\";s:18:\"GMB_ADMINISTRATEUR\";}'),
(2933, 4, 1, 'a:7:{s:9:\"connexion\";b:1;s:4:\"mail\";s:24:\"birahim.babou@uvs.edu.sn\";s:6:\"profil\";s:1:\"2\";s:11:\"utilisateur\";s:1:\"1\";s:6:\"prenom\";s:7:\"Birahim\";s:3:\"nom\";s:5:\"BABOU\";s:4:\"role\";s:18:\"GMB_ADMINISTRATEUR\";}'),
(2934, 4, 1, 'a:7:{s:9:\"connexion\";b:1;s:4:\"mail\";s:24:\"birahim.babou@uvs.edu.sn\";s:6:\"profil\";s:1:\"2\";s:11:\"utilisateur\";s:1:\"1\";s:6:\"prenom\";s:7:\"Birahim\";s:3:\"nom\";s:5:\"BABOU\";s:4:\"role\";s:18:\"GMB_ADMINISTRATEUR\";}'),
(2935, 4, 1, 'a:7:{s:9:\"connexion\";b:1;s:4:\"mail\";s:24:\"birahim.babou@uvs.edu.sn\";s:6:\"profil\";s:1:\"2\";s:11:\"utilisateur\";s:1:\"1\";s:6:\"prenom\";s:7:\"Birahim\";s:3:\"nom\";s:5:\"BABOU\";s:4:\"role\";s:18:\"GMB_ADMINISTRATEUR\";}'),
(2936, 4, 1, 'a:7:{s:9:\"connexion\";b:1;s:4:\"mail\";s:24:\"birahim.babou@uvs.edu.sn\";s:6:\"profil\";s:1:\"2\";s:11:\"utilisateur\";s:1:\"1\";s:6:\"prenom\";s:7:\"Birahim\";s:3:\"nom\";s:5:\"BABOU\";s:4:\"role\";s:18:\"GMB_ADMINISTRATEUR\";}'),
(2937, 4, 1, 'a:7:{s:9:\"connexion\";b:1;s:4:\"mail\";s:24:\"birahim.babou@uvs.edu.sn\";s:6:\"profil\";s:1:\"2\";s:11:\"utilisateur\";s:1:\"1\";s:6:\"prenom\";s:7:\"Birahim\";s:3:\"nom\";s:5:\"BABOU\";s:4:\"role\";s:18:\"GMB_ADMINISTRATEUR\";}'),
(2938, 4, 1, 'a:7:{s:9:\"connexion\";b:1;s:4:\"mail\";s:24:\"birahim.babou@uvs.edu.sn\";s:6:\"profil\";s:1:\"2\";s:11:\"utilisateur\";s:1:\"1\";s:6:\"prenom\";s:7:\"Birahim\";s:3:\"nom\";s:5:\"BABOU\";s:4:\"role\";s:18:\"GMB_ADMINISTRATEUR\";}'),
(2939, 4, 1, 'a:7:{s:9:\"connexion\";b:1;s:4:\"mail\";s:24:\"birahim.babou@uvs.edu.sn\";s:6:\"profil\";s:1:\"2\";s:11:\"utilisateur\";s:1:\"1\";s:6:\"prenom\";s:7:\"Birahim\";s:3:\"nom\";s:5:\"BABOU\";s:4:\"role\";s:18:\"GMB_ADMINISTRATEUR\";}'),
(2940, 4, 1, 'a:7:{s:9:\"connexion\";b:1;s:4:\"mail\";s:24:\"birahim.babou@uvs.edu.sn\";s:6:\"profil\";s:1:\"2\";s:11:\"utilisateur\";s:1:\"1\";s:6:\"prenom\";s:7:\"Birahim\";s:3:\"nom\";s:5:\"BABOU\";s:4:\"role\";s:18:\"GMB_ADMINISTRATEUR\";}'),
(2941, 4, 1, 'a:7:{s:9:\"connexion\";b:1;s:4:\"mail\";s:24:\"birahim.babou@uvs.edu.sn\";s:6:\"profil\";s:1:\"2\";s:11:\"utilisateur\";s:1:\"1\";s:6:\"prenom\";s:7:\"Birahim\";s:3:\"nom\";s:5:\"BABOU\";s:4:\"role\";s:18:\"GMB_ADMINISTRATEUR\";}'),
(2942, 4, 1, 'a:7:{s:9:\"connexion\";b:1;s:4:\"mail\";s:24:\"birahim.babou@uvs.edu.sn\";s:6:\"profil\";s:1:\"2\";s:11:\"utilisateur\";s:1:\"1\";s:6:\"prenom\";s:7:\"Birahim\";s:3:\"nom\";s:5:\"BABOU\";s:4:\"role\";s:18:\"GMB_ADMINISTRATEUR\";}'),
(2943, 4, 1, 'a:7:{s:9:\"connexion\";b:1;s:4:\"mail\";s:24:\"birahim.babou@uvs.edu.sn\";s:6:\"profil\";s:1:\"2\";s:11:\"utilisateur\";s:1:\"1\";s:6:\"prenom\";s:7:\"Birahim\";s:3:\"nom\";s:5:\"BABOU\";s:4:\"role\";s:18:\"GMB_ADMINISTRATEUR\";}'),
(2944, 4, 1, 'a:7:{s:9:\"connexion\";b:1;s:4:\"mail\";s:24:\"birahim.babou@uvs.edu.sn\";s:6:\"profil\";s:1:\"2\";s:11:\"utilisateur\";s:1:\"1\";s:6:\"prenom\";s:7:\"Birahim\";s:3:\"nom\";s:5:\"BABOU\";s:4:\"role\";s:18:\"GMB_ADMINISTRATEUR\";}'),
(2945, 4, 1, 'a:7:{s:9:\"connexion\";b:1;s:4:\"mail\";s:24:\"birahim.babou@uvs.edu.sn\";s:6:\"profil\";s:1:\"2\";s:11:\"utilisateur\";s:1:\"1\";s:6:\"prenom\";s:7:\"Birahim\";s:3:\"nom\";s:5:\"BABOU\";s:4:\"role\";s:18:\"GMB_ADMINISTRATEUR\";}'),
(2946, 4, 1, 'a:7:{s:9:\"connexion\";b:1;s:4:\"mail\";s:24:\"birahim.babou@uvs.edu.sn\";s:6:\"profil\";s:1:\"2\";s:11:\"utilisateur\";s:1:\"1\";s:6:\"prenom\";s:7:\"Birahim\";s:3:\"nom\";s:5:\"BABOU\";s:4:\"role\";s:18:\"GMB_ADMINISTRATEUR\";}'),
(2947, 4, 1, 'a:7:{s:9:\"connexion\";b:1;s:4:\"mail\";s:24:\"birahim.babou@uvs.edu.sn\";s:6:\"profil\";s:1:\"2\";s:11:\"utilisateur\";s:1:\"1\";s:6:\"prenom\";s:7:\"Birahim\";s:3:\"nom\";s:5:\"BABOU\";s:4:\"role\";s:18:\"GMB_ADMINISTRATEUR\";}'),
(2948, 4, 1, 'a:7:{s:9:\"connexion\";b:1;s:4:\"mail\";s:24:\"birahim.babou@uvs.edu.sn\";s:6:\"profil\";s:1:\"2\";s:11:\"utilisateur\";s:1:\"1\";s:6:\"prenom\";s:7:\"Birahim\";s:3:\"nom\";s:5:\"BABOU\";s:4:\"role\";s:18:\"GMB_ADMINISTRATEUR\";}'),
(2949, 4, 1, 'a:7:{s:9:\"connexion\";b:1;s:4:\"mail\";s:24:\"birahim.babou@uvs.edu.sn\";s:6:\"profil\";s:1:\"2\";s:11:\"utilisateur\";s:1:\"1\";s:6:\"prenom\";s:7:\"Birahim\";s:3:\"nom\";s:5:\"BABOU\";s:4:\"role\";s:18:\"GMB_ADMINISTRATEUR\";}'),
(2950, 4, 1, 'a:7:{s:9:\"connexion\";b:1;s:4:\"mail\";s:24:\"birahim.babou@uvs.edu.sn\";s:6:\"profil\";s:1:\"2\";s:11:\"utilisateur\";s:1:\"1\";s:6:\"prenom\";s:7:\"Birahim\";s:3:\"nom\";s:5:\"BABOU\";s:4:\"role\";s:18:\"GMB_ADMINISTRATEUR\";}'),
(2951, 4, 1, 'a:7:{s:9:\"connexion\";b:1;s:4:\"mail\";s:24:\"birahim.babou@uvs.edu.sn\";s:6:\"profil\";s:1:\"2\";s:11:\"utilisateur\";s:1:\"1\";s:6:\"prenom\";s:7:\"Birahim\";s:3:\"nom\";s:5:\"BABOU\";s:4:\"role\";s:18:\"GMB_ADMINISTRATEUR\";}'),
(2952, 4, 1, 'a:7:{s:9:\"connexion\";b:1;s:4:\"mail\";s:24:\"birahim.babou@uvs.edu.sn\";s:6:\"profil\";s:1:\"2\";s:11:\"utilisateur\";s:1:\"1\";s:6:\"prenom\";s:7:\"Birahim\";s:3:\"nom\";s:5:\"BABOU\";s:4:\"role\";s:18:\"GMB_ADMINISTRATEUR\";}'),
(2953, 4, 1, 'a:7:{s:9:\"connexion\";b:1;s:4:\"mail\";s:24:\"birahim.babou@uvs.edu.sn\";s:6:\"profil\";s:1:\"2\";s:11:\"utilisateur\";s:1:\"1\";s:6:\"prenom\";s:7:\"Birahim\";s:3:\"nom\";s:5:\"BABOU\";s:4:\"role\";s:18:\"GMB_ADMINISTRATEUR\";}'),
(2954, 4, 1, 'a:7:{s:9:\"connexion\";b:1;s:4:\"mail\";s:24:\"birahim.babou@uvs.edu.sn\";s:6:\"profil\";s:1:\"2\";s:11:\"utilisateur\";s:1:\"1\";s:6:\"prenom\";s:7:\"Birahim\";s:3:\"nom\";s:5:\"BABOU\";s:4:\"role\";s:18:\"GMB_ADMINISTRATEUR\";}'),
(2955, 4, 1, 'a:7:{s:9:\"connexion\";b:1;s:4:\"mail\";s:24:\"birahim.babou@uvs.edu.sn\";s:6:\"profil\";s:1:\"2\";s:11:\"utilisateur\";s:1:\"1\";s:6:\"prenom\";s:7:\"Birahim\";s:3:\"nom\";s:5:\"BABOU\";s:4:\"role\";s:18:\"GMB_ADMINISTRATEUR\";}'),
(2956, 4, 1, 'a:7:{s:9:\"connexion\";b:1;s:4:\"mail\";s:24:\"birahim.babou@uvs.edu.sn\";s:6:\"profil\";s:1:\"2\";s:11:\"utilisateur\";s:1:\"1\";s:6:\"prenom\";s:7:\"Birahim\";s:3:\"nom\";s:5:\"BABOU\";s:4:\"role\";s:18:\"GMB_ADMINISTRATEUR\";}'),
(2957, 4, 1, 'a:7:{s:9:\"connexion\";b:1;s:4:\"mail\";s:24:\"birahim.babou@uvs.edu.sn\";s:6:\"profil\";s:1:\"2\";s:11:\"utilisateur\";s:1:\"1\";s:6:\"prenom\";s:7:\"Birahim\";s:3:\"nom\";s:5:\"BABOU\";s:4:\"role\";s:18:\"GMB_ADMINISTRATEUR\";}'),
(2958, 4, 1, 'a:7:{s:9:\"connexion\";b:1;s:4:\"mail\";s:24:\"birahim.babou@uvs.edu.sn\";s:6:\"profil\";s:1:\"2\";s:11:\"utilisateur\";s:1:\"1\";s:6:\"prenom\";s:7:\"Birahim\";s:3:\"nom\";s:5:\"BABOU\";s:4:\"role\";s:18:\"GMB_ADMINISTRATEUR\";}'),
(2959, 4, 1, 'a:7:{s:9:\"connexion\";b:1;s:4:\"mail\";s:24:\"birahim.babou@uvs.edu.sn\";s:6:\"profil\";s:1:\"2\";s:11:\"utilisateur\";s:1:\"1\";s:6:\"prenom\";s:7:\"Birahim\";s:3:\"nom\";s:5:\"BABOU\";s:4:\"role\";s:18:\"GMB_ADMINISTRATEUR\";}'),
(2960, 4, 1, 'a:7:{s:9:\"connexion\";b:1;s:4:\"mail\";s:24:\"birahim.babou@uvs.edu.sn\";s:6:\"profil\";s:1:\"2\";s:11:\"utilisateur\";s:1:\"1\";s:6:\"prenom\";s:7:\"Birahim\";s:3:\"nom\";s:5:\"BABOU\";s:4:\"role\";s:18:\"GMB_ADMINISTRATEUR\";}'),
(2961, 4, 1, 'a:7:{s:9:\"connexion\";b:1;s:4:\"mail\";s:24:\"birahim.babou@uvs.edu.sn\";s:6:\"profil\";s:1:\"2\";s:11:\"utilisateur\";s:1:\"1\";s:6:\"prenom\";s:7:\"Birahim\";s:3:\"nom\";s:5:\"BABOU\";s:4:\"role\";s:18:\"GMB_ADMINISTRATEUR\";}'),
(2962, 4, 1, 'a:7:{s:9:\"connexion\";b:1;s:4:\"mail\";s:24:\"birahim.babou@uvs.edu.sn\";s:6:\"profil\";s:1:\"2\";s:11:\"utilisateur\";s:1:\"1\";s:6:\"prenom\";s:7:\"Birahim\";s:3:\"nom\";s:5:\"BABOU\";s:4:\"role\";s:18:\"GMB_ADMINISTRATEUR\";}'),
(2963, 4, 1, 'a:7:{s:9:\"connexion\";b:1;s:4:\"mail\";s:24:\"birahim.babou@uvs.edu.sn\";s:6:\"profil\";s:1:\"2\";s:11:\"utilisateur\";s:1:\"1\";s:6:\"prenom\";s:7:\"Birahim\";s:3:\"nom\";s:5:\"BABOU\";s:4:\"role\";s:18:\"GMB_ADMINISTRATEUR\";}'),
(2964, 4, 1, 'a:7:{s:9:\"connexion\";b:1;s:4:\"mail\";s:24:\"birahim.babou@uvs.edu.sn\";s:6:\"profil\";s:1:\"2\";s:11:\"utilisateur\";s:1:\"1\";s:6:\"prenom\";s:7:\"Birahim\";s:3:\"nom\";s:5:\"BABOU\";s:4:\"role\";s:18:\"GMB_ADMINISTRATEUR\";}'),
(2965, 4, 1, 'a:7:{s:9:\"connexion\";b:1;s:4:\"mail\";s:24:\"birahim.babou@uvs.edu.sn\";s:6:\"profil\";s:1:\"2\";s:11:\"utilisateur\";s:1:\"1\";s:6:\"prenom\";s:7:\"Birahim\";s:3:\"nom\";s:5:\"BABOU\";s:4:\"role\";s:18:\"GMB_ADMINISTRATEUR\";}'),
(2966, 4, 1, 'a:7:{s:9:\"connexion\";b:1;s:4:\"mail\";s:24:\"birahim.babou@uvs.edu.sn\";s:6:\"profil\";s:1:\"2\";s:11:\"utilisateur\";s:1:\"1\";s:6:\"prenom\";s:7:\"Birahim\";s:3:\"nom\";s:5:\"BABOU\";s:4:\"role\";s:18:\"GMB_ADMINISTRATEUR\";}'),
(2967, 4, 1, 'a:7:{s:9:\"connexion\";b:1;s:4:\"mail\";s:24:\"birahim.babou@uvs.edu.sn\";s:6:\"profil\";s:1:\"2\";s:11:\"utilisateur\";s:1:\"1\";s:6:\"prenom\";s:7:\"Birahim\";s:3:\"nom\";s:5:\"BABOU\";s:4:\"role\";s:18:\"GMB_ADMINISTRATEUR\";}'),
(2968, 4, 1, 'a:7:{s:9:\"connexion\";b:1;s:4:\"mail\";s:24:\"birahim.babou@uvs.edu.sn\";s:6:\"profil\";s:1:\"2\";s:11:\"utilisateur\";s:1:\"1\";s:6:\"prenom\";s:7:\"Birahim\";s:3:\"nom\";s:5:\"BABOU\";s:4:\"role\";s:18:\"GMB_ADMINISTRATEUR\";}'),
(2969, 4, 1, 'a:7:{s:9:\"connexion\";b:1;s:4:\"mail\";s:24:\"birahim.babou@uvs.edu.sn\";s:6:\"profil\";s:1:\"2\";s:11:\"utilisateur\";s:1:\"1\";s:6:\"prenom\";s:7:\"Birahim\";s:3:\"nom\";s:5:\"BABOU\";s:4:\"role\";s:18:\"GMB_ADMINISTRATEUR\";}'),
(2970, 4, 1, 'a:7:{s:9:\"connexion\";b:1;s:4:\"mail\";s:24:\"birahim.babou@uvs.edu.sn\";s:6:\"profil\";s:1:\"2\";s:11:\"utilisateur\";s:1:\"1\";s:6:\"prenom\";s:7:\"Birahim\";s:3:\"nom\";s:5:\"BABOU\";s:4:\"role\";s:18:\"GMB_ADMINISTRATEUR\";}');

-- --------------------------------------------------------

--
-- Structure de la table `ban_profil`
--

CREATE TABLE `ban_profil` (
  `id` int NOT NULL,
  `code` varchar(50) NOT NULL,
  `designation` text NOT NULL,
  `role` varchar(50) NOT NULL,
  `actif` tinyint(1) NOT NULL DEFAULT '1'
) ENGINE=InnoDB DEFAULT CHARSET=latin1;

--
-- Déchargement des données de la table `ban_profil`
--

INSERT INTO `ban_profil` (`id`, `code`, `designation`, `role`, `actif`) VALUES
(1, 'GMB_SUPER_ADMINISTRATEUR', 'Super Administrateur', 'GMB_SUPER_ADMINISTRATEUR', 1),
(2, 'GMB_SUPER_ADMINISTRATEUR', 'Administrateur', 'GMB_ADMINISTRATEUR', 1),
(3, 'GMB_ENSEIGNANT', 'ENSEIGNANT', 'GMB_ENSEIGNANT', 1);

-- --------------------------------------------------------

--
-- Structure de la table `ban_question`
--

CREATE TABLE `ban_question` (
  `id` int NOT NULL,
  `type` int NOT NULL,
  `libelle` text CHARACTER SET utf8 COLLATE utf8_unicode_ci NOT NULL,
  `reponse` int DEFAULT NULL
) ENGINE=InnoDB DEFAULT CHARSET=utf8 COLLATE=utf8_unicode_ci;

--
-- Déchargement des données de la table `ban_question`
--

INSERT INTO `ban_question` (`id`, `type`, `libelle`, `reponse`) VALUES
(10, 1, 'lib', 130),
(11, 1, 'lib', NULL),
(12, 1, 'lib', NULL),
(13, 1, 'lib', 12),
(14, 1, 'lib', 15),
(15, 1, 'lib', 18),
(16, 1, 'question', 21),
(17, 1, 'quesrtion', 24),
(18, 1, 'question1', 27),
(19, 1, 'donner', 30),
(20, 1, 'définir uvs', 33),
(21, 1, 'lib', 36),
(22, 1, 'lib', 41),
(23, 1, 'lib', 46);

-- --------------------------------------------------------

--
-- Structure de la table `ban_reponse`
--

CREATE TABLE `ban_reponse` (
  `id` int NOT NULL,
  `libelle` text CHARACTER SET utf8 COLLATE utf8_unicode_ci NOT NULL,
  `question` int DEFAULT NULL
) ENGINE=InnoDB DEFAULT CHARSET=utf8 COLLATE=utf8_unicode_ci;

--
-- Déchargement des données de la table `ban_reponse`
--

INSERT INTO `ban_reponse` (`id`, `libelle`, `question`) VALUES
(4, 'R1', 11),
(5, 'R4', 11),
(6, 'lib', 11),
(7, 'R1', 12),
(8, 'R4', 12),
(9, 'lib', 12),
(10, 'R1', 13),
(11, 'R4', 13),
(12, 'lib', 13),
(13, 'R1', 14),
(14, 'R4', 14),
(15, 'lib', 14),
(16, 'R1', 15),
(17, 'R4', 15),
(18, 'lib', 15),
(19, 'reponse3', 16),
(20, 'reponse2', 16),
(21, 'reponse', 16),
(22, 'R2PO2', 17),
(23, 'repo7', 17),
(24, 'répo1', 17),
(25, 'réponse5', 18),
(26, 'reponse6', 18),
(27, 'reponse4', 18),
(28, 'R1', 19),
(29, 'R2', 19),
(30, 'R3', 19),
(31, 'R2', 20),
(32, 'R5', 20),
(33, 'r', 20),
(34, 'R3', 21),
(35, 'R4', 21),
(36, 'R', 21),
(37, 'R4', 22),
(38, 'R4', 22),
(39, 'R1', 22),
(40, '', 22),
(41, 'testera', 22),
(42, 'R4', 23),
(43, 'R4', 23),
(44, 'R1', 23),
(45, '', 23),
(46, 'uuu', 23),
(126, 'okk', 10),
(127, ' tt', 10),
(128, ' okk', 10),
(129, '', 10),
(130, 'TEST', 10);

-- --------------------------------------------------------

--
-- Structure de la table `ban_sujet`
--

CREATE TABLE `ban_sujet` (
  `id` int NOT NULL,
  `maquette_ue_ec` int NOT NULL,
  `niveau` int DEFAULT NULL,
  `type` int NOT NULL,
  `grille` int DEFAULT NULL,
  `session` int NOT NULL
) ENGINE=InnoDB DEFAULT CHARSET=utf8 COLLATE=utf8_unicode_ci;

--
-- Déchargement des données de la table `ban_sujet`
--

INSERT INTO `ban_sujet` (`id`, `maquette_ue_ec`, `niveau`, `type`, `grille`, `session`) VALUES
(1, 572, NULL, 1, NULL, 1),
(2, 572, NULL, 1, NULL, 1),
(3, 240, NULL, 1, NULL, 1),
(4, 1, NULL, 2, NULL, 1),
(5, 2018, NULL, 1, NULL, 1),
(6, 2023, NULL, 2, NULL, 1);

-- --------------------------------------------------------

--
-- Structure de la table `ban_sujet_exercice`
--

CREATE TABLE `ban_sujet_exercice` (
  `id` int NOT NULL,
  `niveau` int DEFAULT NULL,
  `sujet` int NOT NULL
) ENGINE=InnoDB DEFAULT CHARSET=utf8 COLLATE=utf8_unicode_ci;

--
-- Déchargement des données de la table `ban_sujet_exercice`
--

INSERT INTO `ban_sujet_exercice` (`id`, `niveau`, `sujet`) VALUES
(1, NULL, 1),
(2, NULL, 1),
(3, NULL, 1),
(4, NULL, 4),
(5, NULL, 4),
(6, NULL, 1),
(7, NULL, 1),
(8, NULL, 4);

-- --------------------------------------------------------

--
-- Structure de la table `ban_type_hist`
--

CREATE TABLE `ban_type_hist` (
  `id` int NOT NULL,
  `libelle` text NOT NULL
) ENGINE=InnoDB DEFAULT CHARSET=latin1;

--
-- Déchargement des données de la table `ban_type_hist`
--

INSERT INTO `ban_type_hist` (`id`, `libelle`) VALUES
(1, 'Ajout'),
(2, 'Modification'),
(3, 'Suppression');

-- --------------------------------------------------------

--
-- Structure de la table `ban_type_question`
--

CREATE TABLE `ban_type_question` (
  `id` int NOT NULL,
  `libelle` varchar(100) CHARACTER SET utf8 COLLATE utf8_unicode_ci NOT NULL,
  `description` text CHARACTER SET utf8 COLLATE utf8_unicode_ci NOT NULL
) ENGINE=InnoDB DEFAULT CHARSET=utf8 COLLATE=utf8_unicode_ci;

--
-- Déchargement des données de la table `ban_type_question`
--

INSERT INTO `ban_type_question` (`id`, `libelle`, `description`) VALUES
(1, 'QCM', 'Question à Choix Multiple'),
(2, 'QRM', 'Question à Réponse Multiple'),
(3, 'QO', 'Question Ouverte');

-- --------------------------------------------------------

--
-- Structure de la table `ban_type_sujet`
--

CREATE TABLE `ban_type_sujet` (
  `id` int NOT NULL,
  `libelle` varchar(100) CHARACTER SET utf8 COLLATE utf8_unicode_ci NOT NULL
) ENGINE=InnoDB DEFAULT CHARSET=utf8 COLLATE=utf8_unicode_ci;

--
-- Déchargement des données de la table `ban_type_sujet`
--

INSERT INTO `ban_type_sujet` (`id`, `libelle`) VALUES
(1, 'En présentiel'),
(2, 'En ligne');

-- --------------------------------------------------------

--
-- Structure de la table `ban_uprofil`
--

CREATE TABLE `ban_uprofil` (
  `id` int NOT NULL,
  `user` int NOT NULL,
  `profil` int NOT NULL,
  `pole` int DEFAULT NULL
) ENGINE=InnoDB DEFAULT CHARSET=latin1;

--
-- Déchargement des données de la table `ban_uprofil`
--

INSERT INTO `ban_uprofil` (`id`, `user`, `profil`, `pole`) VALUES
(1, 1, 2, NULL);

-- --------------------------------------------------------

--
-- Structure de la table `_ban_exercice`
--

CREATE TABLE `_ban_exercice` (
  `id` int NOT NULL,
  `niveau` int DEFAULT NULL,
  `nb_question` int DEFAULT NULL
) ENGINE=InnoDB DEFAULT CHARSET=utf8 COLLATE=utf8_unicode_ci;

--
-- Index pour les tables déchargées
--

--
-- Index pour la table `ban_exercice_question`
--
ALTER TABLE `ban_exercice_question`
  ADD PRIMARY KEY (`id`,`question`),
  ADD KEY `fk_question_ajouter` (`question`);

--
-- Index pour la table `ban_grille_critere`
--
ALTER TABLE `ban_grille_critere`
  ADD PRIMARY KEY (`id`);

--
-- Index pour la table `ban_grille_evaluation`
--
ALTER TABLE `ban_grille_evaluation`
  ADD PRIMARY KEY (`id`),
  ADD UNIQUE KEY `unicite` (`niveau`,`critere_evaluation`,`bareme_evaluation`,`pole`),
  ADD KEY `fk_eval_grille` (`critere_evaluation`);

--
-- Index pour la table `ban_hist`
--
ALTER TABLE `ban_hist`
  ADD PRIMARY KEY (`id`);

--
-- Index pour la table `ban_profil`
--
ALTER TABLE `ban_profil`
  ADD PRIMARY KEY (`id`);

--
-- Index pour la table `ban_question`
--
ALTER TABLE `ban_question`
  ADD PRIMARY KEY (`id`),
  ADD KEY `fk_question_type` (`type`);

--
-- Index pour la table `ban_reponse`
--
ALTER TABLE `ban_reponse`
  ADD PRIMARY KEY (`id`);

--
-- Index pour la table `ban_sujet`
--
ALTER TABLE `ban_sujet`
  ADD PRIMARY KEY (`id`);

--
-- Index pour la table `ban_sujet_exercice`
--
ALTER TABLE `ban_sujet_exercice`
  ADD PRIMARY KEY (`id`);

--
-- Index pour la table `ban_type_hist`
--
ALTER TABLE `ban_type_hist`
  ADD PRIMARY KEY (`id`);

--
-- Index pour la table `ban_type_question`
--
ALTER TABLE `ban_type_question`
  ADD PRIMARY KEY (`id`);

--
-- Index pour la table `ban_type_sujet`
--
ALTER TABLE `ban_type_sujet`
  ADD PRIMARY KEY (`id`);

--
-- Index pour la table `ban_uprofil`
--
ALTER TABLE `ban_uprofil`
  ADD PRIMARY KEY (`id`);

--
-- Index pour la table `_ban_exercice`
--
ALTER TABLE `_ban_exercice`
  ADD PRIMARY KEY (`id`),
  ADD KEY `fk_exercice_eval` (`niveau`);

--
-- AUTO_INCREMENT pour les tables déchargées
--

--
-- AUTO_INCREMENT pour la table `ban_grille_critere`
--
ALTER TABLE `ban_grille_critere`
  MODIFY `id` int NOT NULL AUTO_INCREMENT, AUTO_INCREMENT=7;

--
-- AUTO_INCREMENT pour la table `ban_grille_evaluation`
--
ALTER TABLE `ban_grille_evaluation`
  MODIFY `id` int NOT NULL AUTO_INCREMENT;

--
-- AUTO_INCREMENT pour la table `ban_hist`
--
ALTER TABLE `ban_hist`
  MODIFY `id` int NOT NULL AUTO_INCREMENT, AUTO_INCREMENT=2971;

--
-- AUTO_INCREMENT pour la table `ban_profil`
--
ALTER TABLE `ban_profil`
  MODIFY `id` int NOT NULL AUTO_INCREMENT, AUTO_INCREMENT=4;

--
-- AUTO_INCREMENT pour la table `ban_question`
--
ALTER TABLE `ban_question`
  MODIFY `id` int NOT NULL AUTO_INCREMENT, AUTO_INCREMENT=24;

--
-- AUTO_INCREMENT pour la table `ban_reponse`
--
ALTER TABLE `ban_reponse`
  MODIFY `id` int NOT NULL AUTO_INCREMENT, AUTO_INCREMENT=131;

--
-- AUTO_INCREMENT pour la table `ban_sujet`
--
ALTER TABLE `ban_sujet`
  MODIFY `id` int NOT NULL AUTO_INCREMENT, AUTO_INCREMENT=7;

--
-- AUTO_INCREMENT pour la table `ban_sujet_exercice`
--
ALTER TABLE `ban_sujet_exercice`
  MODIFY `id` int NOT NULL AUTO_INCREMENT, AUTO_INCREMENT=9;

--
-- AUTO_INCREMENT pour la table `ban_type_hist`
--
ALTER TABLE `ban_type_hist`
  MODIFY `id` int NOT NULL AUTO_INCREMENT, AUTO_INCREMENT=4;

--
-- AUTO_INCREMENT pour la table `ban_type_question`
--
ALTER TABLE `ban_type_question`
  MODIFY `id` int NOT NULL AUTO_INCREMENT, AUTO_INCREMENT=4;

--
-- AUTO_INCREMENT pour la table `ban_type_sujet`
--
ALTER TABLE `ban_type_sujet`
  MODIFY `id` int NOT NULL AUTO_INCREMENT, AUTO_INCREMENT=3;

--
-- AUTO_INCREMENT pour la table `ban_uprofil`
--
ALTER TABLE `ban_uprofil`
  MODIFY `id` int NOT NULL AUTO_INCREMENT, AUTO_INCREMENT=2;

--
-- AUTO_INCREMENT pour la table `_ban_exercice`
--
ALTER TABLE `_ban_exercice`
  MODIFY `id` int NOT NULL AUTO_INCREMENT;

--
-- Contraintes pour les tables déchargées
--

--
-- Contraintes pour la table `ban_exercice_question`
--
ALTER TABLE `ban_exercice_question`
  ADD CONSTRAINT `fk_exercice_ajouter` FOREIGN KEY (`id`) REFERENCES `_ban_exercice` (`id`),
  ADD CONSTRAINT `fk_question_ajouter` FOREIGN KEY (`question`) REFERENCES `ban_question` (`id`);

--
-- Contraintes pour la table `ban_grille_evaluation`
--
ALTER TABLE `ban_grille_evaluation`
  ADD CONSTRAINT `fk_eval_grille` FOREIGN KEY (`critere_evaluation`) REFERENCES `ban_grille_critere` (`id`);

--
-- Contraintes pour la table `ban_question`
--
ALTER TABLE `ban_question`
  ADD CONSTRAINT `type_question_fk` FOREIGN KEY (`type`) REFERENCES `ban_type_question` (`id`);

--
-- Contraintes pour la table `_ban_exercice`
--
ALTER TABLE `_ban_exercice`
  ADD CONSTRAINT `fk_exercice_eval` FOREIGN KEY (`niveau`) REFERENCES `ban_grille_critere` (`id`);
--
-- Base de données : `uvs_cursus`
--
CREATE DATABASE IF NOT EXISTS `uvs_cursus` DEFAULT CHARACTER SET utf8mb4 COLLATE utf8mb4_0900_ai_ci;
USE `uvs_cursus`;

-- --------------------------------------------------------

--
-- Structure de la table `ent_users`
--

CREATE TABLE `ent_users` (
  `id` int NOT NULL,
  `date` timestamp NOT NULL DEFAULT CURRENT_TIMESTAMP ON UPDATE CURRENT_TIMESTAMP,
  `matricule` varchar(50) DEFAULT NULL,
  `cniPasseport` text,
  `prenom` varchar(100) NOT NULL,
  `genre` varchar(1) DEFAULT NULL,
  `nom` varchar(50) NOT NULL,
  `mail` varchar(100) NOT NULL,
  `mail_perso` varchar(100) DEFAULT NULL,
  `tel` varchar(50) DEFAULT NULL,
  `adresse` text,
  `eno` int DEFAULT NULL,
  `pole` int DEFAULT NULL,
  `filiere` int DEFAULT NULL,
  `login` varchar(50) DEFAULT NULL,
  `mdp` varchar(250) DEFAULT NULL,
  `fonction` varchar(100) DEFAULT NULL,
  `actif` int NOT NULL DEFAULT '0' COMMENT '1: Actif, 0: non actif',
  `chgpwd` int NOT NULL DEFAULT '0' COMMENT '0: Mot de passe non modifié, 1: déjà modifié',
  `tocken` text,
  `ldap` int NOT NULL DEFAULT '0' COMMENT '0: Pas encore ajoué sur l''annuaire LDAP, 1: déjà ajouté',
  `ldap2` int NOT NULL DEFAULT '0',
  `dateNaiss` date DEFAULT NULL,
  `lieuNaiss` text,
  `pays_residence` int DEFAULT NULL,
  `img` text
) ENGINE=InnoDB DEFAULT CHARSET=latin1;

--
-- Déchargement des données de la table `ent_users`
--

INSERT INTO `ent_users` (`id`, `matricule`, `cniPasseport`, `prenom`, `genre`, `nom`, `mail`, `mail_perso`, `tel`, `adresse`, `eno`, `pole`, `filiere`, `login`, `mdp`, `fonction`, `actif`, `chgpwd`, `tocken`, `ldap`, `ldap2`, `dateNaiss`, `lieuNaiss`, `pays_residence`, `img`) VALUES
(1, '100017/A', NULL, 'Birahim', NULL, 'BABOU', 'birahim.babou@uvs.edu.sn', NULL, '772357546', 'UVS', NULL, NULL, NULL, 'admin', NULL, 'Administrateur', 1, 0, '4eb0b768ea2e54d8a5934ee84703bc9ea701e354', 1, 1, NULL, NULL, NULL, NULL),
(2, NULL, NULL, 'Maty', NULL, 'SENE', 'maty1.sene@uvs.edu.sn', NULL, '777156815', NULL, NULL, NULL, NULL, NULL, NULL, NULL, 0, 0, NULL, 0, 0, NULL, NULL, NULL, NULL);

-- --------------------------------------------------------

--
-- Structure de la table `gen_ec`
--

CREATE TABLE `gen_ec` (
  `id` int NOT NULL,
  `code` varchar(45) DEFAULT NULL,
  `designation` text,
  `ue` int DEFAULT NULL,
  `actif` int DEFAULT '0'
) ENGINE=InnoDB DEFAULT CHARSET=latin1;

--
-- Déchargement des données de la table `gen_ec`
--

INSERT INTO `gen_ec` (`id`, `code`, `designation`, `ue`, `actif`) VALUES
(1, 'ANG1111', 'Compréhension et Expression Orale', 1, 0),
(2, 'ANG1112', 'Compréhension et Expression Ecrite', 1, 0),
(11, 'ANG1121', 'Grammaire anglaise', 2, 0),
(12, 'ANG1122', 'Linguistique générale', 2, 0),
(14, 'UVS-ANG/DPER', 'Développement personnel', 3, 0),
(16, 'ANG1211', 'Civilisation africaine', 4, 0),
(17, 'ANG1212', 'Civilisation américaine', 4, 0),
(18, 'ANG1213', 'Civilisation britannique', 4, 0),
(19, 'ANG1221', 'Version   TD', 6, 0),
(20, 'ANG1222', 'Thème   TD', 6, 0),
(21, 'MAI1131', 'Algorithmes et programmation I', 7, 0),
(22, 'MAI1132', 'Représentation de l\'information et architecture des machines informatiques', 7, 0),
(23, 'MAI1111', 'Analyse 1', 8, 0),
(24, 'MAI1112', 'Algèbre 1', 8, 0),
(25, 'MAI1121', 'Probabilité', 9, 0),
(26, 'MAI1122', 'Statistiques', 9, 0),
(27, 'UVS-SOCIO/LSH', 'Leadership', 38, 0),
(31, 'MAI1211', 'Analyse 2', 11, 0),
(32, 'MAI1212', 'Algèbre 2', 11, 0),
(33, 'MAI1221', 'Calcul numérique', 12, 0),
(34, 'MAI1222', 'Statistiques (application)', 12, 0),
(35, 'MAI1231', 'Algorithmique et Programmation 2', 13, 0),
(37, 'MAI1241', 'Réseaux locaux', 15, 0),
(38, 'MAI1242', 'Technologie des ordinateurs', 15, 0),
(42, 'SOCIO1111', 'Introduction à la sociologie générale', 34, 0),
(43, 'SOCIO1122', 'Méthodes et Techniques de recherches quantitatives I (obligatoire)', 35, 0),
(44, 'SOCIO1121', 'Méthodes et Techniques de recherches qualitatives', 35, 0),
(45, 'SOCIO1131', 'Introduction à la démographie', 36, 0),
(46, 'SOCIO1132', 'Statistique Descriptive', 36, 0),
(50, 'UVS-SOCIO/DPER', 'Développement personnel', 38, 0),
(51, 'UVS-SOCIO/INFO', 'Initiation à l\'informatique et à l\'environnement numérique de travail (ENT)', 38, 0),
(52, 'SOCIO1211', 'Instruments d\'enquêtes', 39, 0),
(53, 'SOCIO1212', 'Techniques de recherche documentaire 1', 39, 0),
(54, 'SOCIO1213', ' Investissement social', 39, 0),
(55, 'SOCIO1221', 'Introduction à la psychologie générale', 40, 0),
(56, 'SOCIO1222', ' Théories de la psychologie sociale', 40, 0),
(57, 'SOCIO1231', 'Initiation a l\'analyse démographique', 41, 0),
(58, 'SOCIO1232', ' Logiciel de traitement de données quantitatives', 41, 0),
(59, 'SOCIO1241', ' Esprit critique / Sensemaking', 42, 0),
(60, 'SOCIO1242', ' Techniques de résolution de problèmes et/ou de prises de décision ', 42, 0),
(61, 'SJP1112', 'Droit Constitutionnel et institutions politiques I', 29, 0),
(62, 'SJP1113', 'Introduction à la Science Politique', 29, 0),
(63, 'SJP1121', 'Méthodologie Juridique', 30, 0),
(64, 'SJP1122', 'Institutions judiciaires', 30, 0),
(65, 'SJP1123', 'Introduction Historique au droit et aux Institutions I', 30, 0),
(66, 'SJP1131', 'Leadership', 31, 0),
(67, 'SJP1132', 'Développement personnel', 31, 0),
(68, 'SJP1134', 'Informatique', 31, 0),
(69, 'SJP1111', 'Droit civil I : Introduction au droit', 29, 0),
(70, 'SJP1211', 'Droit constitutionnel et Institutions politiques II', 32, 0),
(71, 'SJP1212', 'Droit civil II : Droit des personnes et de la famille', 32, 0),
(72, 'SJP1213', 'Introduction à la philosophie politique', 32, 0),
(73, 'SJP1221', 'Introduction Historique au droit et aux Institutions II', 33, 0),
(74, 'SJP1222', 'Institutions internationales', 33, 0),
(75, 'SJP1223', 'Sociologie générale', 33, 0),
(76, 'SJP1224', 'Systèmes politiques comparés', 33, 0),
(77, 'SJP1225', 'Introduction aux grands systèmes juridiques ', 33, 0),
(78, 'SEG1111', 'Comptabilité Générale I (Opérations  courantes)', 22, 0),
(79, 'SEG1112', 'Économie d\'entreprise I (l\'entreprise  et  son environnement)', 22, 0),
(80, 'SEG1121', 'Microéconomie I (Théorie  du consommateur)', 23, 0),
(81, 'SEG1122', 'Analyse économique I', 23, 0),
(82, 'SEG1131', 'Mathématiques I (Analyse)', 24, 0),
(83, 'SEG1132', 'Statistiques I (Statistique descriptive)', 24, 0),
(95, 'SJP1133', 'Techniques d\'expression et de communication', 31, 0),
(97, 'UVS-SOCIO/TEC', 'Techniques d\'expression et de communication', 38, 0),
(98, 'SOCIO1112', ' Introduction à l\'anthropologie générale', 34, 0),
(100, 'UVS-SOCIO/ANG', ' Anglais ', 38, 0),
(101, 'MAI1133', 'Environnements Unix, Windows', 7, 0),
(102, 'AES1111', 'Droit constitutionnel et des institutions 1', 43, 0),
(103, 'AES1112', 'Introduction au Droit ', 43, 0),
(104, 'AES1113', ' Methodologie juridique', 43, 0),
(105, 'AES1121', 'Introduction à la macroéconomique', 117, 0),
(106, 'AES1122', 'Sociologie générale', 117, 0),
(107, 'AES1123', 'Histoire politique, économique et sociale', 117, 0),
(108, 'AES1131', 'Introduction au management', 45, 0),
(109, 'AES1132', 'Histoire des Entreprises au Sénégal', 45, 0),
(110, 'AES1133', 'Mise à niveau en mathématique', 45, 0),
(111, 'MIC1111', 'Théories de l\'information et de la communication I', 46, 0),
(112, 'MIC1112', 'Esthétique et expression artistique I', 46, 0),
(113, 'MIC1131', 'Concepts Géneraux des Réseaux', 47, 0),
(115, 'MIC1132', 'Systèmes d\'exploitation I ', 47, 0),
(116, 'MIC1121', 'Culture Web', 48, 0),
(117, 'MIC1122', 'Production audiovisuelle  I', 48, 0),
(118, 'MIC1123', 'Intégration web I', 48, 0),
(120, 'MIC1133', 'Infographie', 47, 0),
(126, 'ANG2311', 'Compréhension Orale', 49, 0),
(127, 'ANG2312', 'Compréhension écrite', 49, 0),
(130, 'ANG2321', 'Thème 3', 51, 0),
(131, 'ANG2322', 'Version 3', 51, 0),
(132, 'ANG2323', 'Rédaction Académique', 51, 0),
(133, 'ANG2331', 'Littérature Française', 52, 0),
(134, 'ANG2332', 'Techniques de l\'Expression Française', 52, 0),
(135, 'ANG2341', 'Grammaire 3', 53, 0),
(136, 'ANG2342', 'Linguistique 3', 53, 0),
(140, 'ANG2411', 'Compréhension écrite 4', 55, 0),
(141, 'ANG2412', 'Compréhension orale 4', 55, 0),
(142, 'ANG2421', 'Rédaction 4', 56, 0),
(143, 'ANG2422', 'Version 4', 56, 0),
(144, 'ANG2423', 'Thème 4', 56, 0),
(145, 'ANG2431', 'Grammaire 4', 57, 0),
(147, 'ANG2432', 'Linguistique 4', 57, 0),
(148, 'ANG2441', 'Littérature africaine d\'expression française 4', 58, 0),
(149, 'ANG2442', 'Technique de l\'expression française 4', 58, 0),
(150, 'ANG2451', 'Littérature britannique 4', 59, 0),
(151, 'ANG2452', 'Littérature américaine 4', 59, 0),
(152, 'ANG2453', 'Littérature africaine 4', 59, 0),
(175, 'MAI2311', 'Analyse III', 60, 0),
(176, 'MAI2312', 'Algèbre III', 60, 0),
(177, 'MAI2321', 'Probabilités', 61, 0),
(178, 'MAI2322', 'Statistiques', 61, 0),
(179, 'MAI2332', 'Réseaux et Systèmes (introduction aux réseaux, configuration d\'interfaces, partage de ressources, ?)', 62, 0),
(180, 'MAI2411', 'Analyse IV (+Variables complexes)', 63, 0),
(181, 'MAI2412', 'Algebre IV', 63, 0),
(182, 'MAI2413', 'Géométrie', 63, 0),
(183, 'MAI2421', 'Programmation en Langage C', 64, 0),
(184, 'MAI2422', 'Réseaux locaux', 64, 0),
(185, 'MAI2431', 'Modelisation des Systèmes d\'information (UML)', 65, 0),
(186, 'MAI2432', 'Base de données', 65, 0),
(187, 'MAI2441', 'Analyse de Données', 89, 0),
(188, 'MAI2442', 'Analyse Numérique', 89, 0),
(189, 'MAI2443', 'Recherche Opérationnelle', 89, 0),
(190, 'MAI2444', 'Modélisation stochastique', 89, 0),
(193, 'MAI2331', 'Systèmes d\'Exploitation 2 (commandes systèmes Linux, processus, ..; Equivalence Windows)', 62, 0),
(195, 'SEG2311', 'Comptabilité de gestion 3 (techniques de calculs des  couts et des marges)', 66, 0),
(196, 'SEG2312', 'Comptabilité des salaires', 66, 0),
(198, 'SEG2313', 'Pratiques de Gestion des Ressources Humaines', 66, 0),
(199, 'SEG2321', 'Economie monétaire', 67, 0),
(200, 'SEG2322', 'Comptabilité nationale', 67, 0),
(202, 'SEG2331', 'Mathématiques III (Calcul différentiel)', 68, 0),
(203, 'SEG2332', 'Statistique III : Estimation et test', 68, 0),
(204, 'SEG2333', 'Informatique : applications paie, compta analytique, etc.', 68, 0),
(206, 'SEG2411', 'Marketing', 69, 0),
(207, 'SEG2412', 'Comptabilité de gestion 4 (méthodes : avancées  ABC, couts cibles)', 69, 0),
(208, 'SEG2421', 'Macroéconomie', 70, 0),
(209, 'SEG2422', 'Histoire de la pensée et des faits économiques (histoire économique de l?Afrique)', 70, 0),
(210, 'SEG2431', 'Droit commercial et des sociétés', 71, 0),
(211, 'SEG2432', 'Psychosociologie des organisations ', 71, 0),
(212, 'SEG2441', 'Technique de communication', 72, 0),
(213, 'SEG2442', 'Création  d\'entreprise', 72, 0),
(214, 'SJP2311', 'Droit des obligations  ', 83, 0),
(215, 'SJP2312', 'Droit administratif  ', 83, 0),
(216, 'SJP2313', 'Sociologie politique', 83, 0),
(217, 'SJP2321', 'Histoire des idées politiques', 84, 0),
(218, 'SJP2322', 'Droit des biens', 84, 0),
(219, 'SJP2323', 'Droit communautaire institutionnel', 84, 0),
(220, 'SJP2331', 'Introduction à la fiscalité', 85, 0),
(221, 'SJP2332', 'Institutions administratives', 85, 0),
(222, 'SJP2333', 'Système politique sénégalais', 85, 0),
(223, 'SJP2412', 'Finances publiques', 86, 0),
(224, 'SJP2411', 'Droit pénal et Procédure pénale', 86, 0),
(225, 'SJP2413', 'Anthropologie politique', 86, 0),
(226, 'SJP2421', 'Relations internationales ', 87, 0),
(227, 'SJP2422', 'Communication écrite et orale', 87, 0),
(228, 'SJP2431', 'Introduction à la fiscalité', 88, 0),
(229, 'SJP2432', 'Droit foncier', 88, 0),
(230, 'SJP2433', 'Histoire des idées politiques', 88, 0),
(231, 'SOCIO2311', 'Sociologie générale', 73, 0),
(232, 'SOCIO2312', 'Sociologie africaine', 73, 0),
(233, 'SOCIO2321', 'Méthodologie du Travail Universitaire', 74, 0),
(234, 'SOCIO2322', 'Terrains et Pratiques  de l\'enquête sociologique', 74, 0),
(235, 'SOCIO2331', 'Histoire du Sénégal', 75, 0),
(237, 'SOCIO2332', 'Construction des Etats Africains', 75, 0),
(238, 'SOCIO2341', 'Sociologie du droit', 76, 0),
(239, 'SOCIO2342', 'Sociologie du développement', 76, 0),
(240, 'SOCIO2351', 'Sociologie de l\'éducation ', 77, 0),
(241, 'SOCIO2352', 'Sociologie de la Famille', 77, 0),
(242, 'SOCIO2411', 'Anthropologie générale', 78, 0),
(243, 'SOCIO2412', 'Anthropologie africaine ', 78, 0),
(244, 'SOCIO2421', 'Usage de la Statistique en sociologie', 79, 0),
(245, 'SOCIO2422', 'Logiciels de traitement de données (Sphinx, Excel, Spss)', 79, 0),
(246, 'SOCIO2431', 'Langues nationales', 80, 0),
(247, 'SOCIO2441', 'Sociologie des religions', 81, 0),
(248, 'SOCIO2442', 'Sociologie politique', 81, 0),
(249, 'SOCIO2451', 'Sociologie économique ', 82, 0),
(251, 'SOCIO2452', 'Sociologie des organisations', 82, 0),
(253, 'LAES2311', 'Droit administratif 1', 96, 0),
(254, 'LAES2312', 'Droit des obligations 1', 96, 0),
(255, 'LAES2313', 'Introduction historique au droit et aux institutions', 96, 0),
(256, 'LAES2321', 'Problèmes économiques contemporains', 97, 0),
(257, 'LAES2322', 'Macroéconomie', 97, 0),
(258, 'LAES2323', 'Sociologie du travail', 97, 0),
(259, 'LAES2331', 'Comptabilite générale 2', 98, 0),
(260, 'LAES2332', 'Comptabilite de gestion', 98, 0),
(261, 'LAES2333', 'Mathématiques et statistiques pour les sciences sociales 2', 98, 0),
(262, 'LAES2341', 'Informatique (C2I)', 99, 0),
(263, 'UVS-AES/LSH', 'Leadership', 44, 0),
(264, 'UVS-AES/DPER', 'Développement personnel', 44, 0),
(265, 'SJ1111', 'Droit constitutionnel', 100, 0),
(266, 'SJ1112', 'Institutions Internationales', 100, 0),
(267, 'SJ1121', 'Introduction générale  à l\'Etude du Droit', 101, 0),
(268, 'SJ1122', 'Droit des Personnes', 101, 0),
(269, 'SJ1131', 'Introduction à la Science politique', 102, 0),
(270, 'SJ1132', 'Histoire des idées politiques', 102, 0),
(271, 'SJ1141', 'Méthodologie', 104, 0),
(272, 'SJ1143', 'Histoire du droit public', 104, 0),
(282, 'UVS-SJ/INFO', 'Initiation à l\'informatique et à l\'environnement numérique de travail (ENT) ', 106, 0),
(283, 'UVS-SJ/DPER', 'Développement personnel ', 106, 0),
(284, 'UVS-SJ/LSH', 'Leadership ', 106, 0),
(285, 'UVS-SJ/ANG', 'Anglais', 106, 0),
(286, 'UVS-SJ/TEC', 'Techniques d\'expression et de communication ', 106, 0),
(287, 'UVS-SPO/TEC', 'Techniques d\'expression et de communication', 112, 0),
(288, 'UVS-SPO/DPER', 'Développement personnel ', 112, 0),
(289, 'UVS-SPO/LSH', 'Leadership', 112, 0),
(290, 'UVS-SPO/INFO', 'Initiation à l\'informatique et à l\'environnement numérique de travail (ENT)', 112, 0),
(291, 'UVS-SPO/ANG', 'Anglais', 112, 0),
(293, 'SPO1111', 'Introduction à la science  politique 1', 107, 0),
(294, 'SPO1112', 'Histoire des idées politiques 1', 107, 0),
(295, 'SPO1121', 'Droit constitutionnel institutions politiques ', 108, 0),
(296, 'SPO1122', 'Institutions internationales', 108, 0),
(297, 'SPO1131', 'Introduction à l\'étude du droit', 109, 0),
(298, 'SPO1132', 'Droit des personnes ', 109, 0),
(299, 'SPO1141', 'Analyse politique', 111, 0),
(300, 'SPO1142', 'Culture de la réflexion scientifique', 111, 0),
(301, 'UVS-SEG/TEC', 'Techniques d\'expression et de communication', 113, 0),
(302, 'UVS-SEG/LSH', 'Leadership', 113, 0),
(303, 'UVS-SEG/DPER', 'Développement personnel', 113, 0),
(304, 'UVS-SEG/INFO', 'Initiation à l\'informatique et à l\'environnement numérique de travail (ENT)', 113, 0),
(305, 'UVS-SEG/ANG', 'Anglais', 113, 0),
(307, 'UVS-AES/INFO', 'Initiation à l\'informatique et à l\'environnement numérique de travail (ENT)', 44, 0),
(308, 'UVS-AES/ANG', 'Anglais', 44, 0),
(309, 'UVS-AES/TEC', 'Techniques d\'expression et de communication', 44, 0),
(310, 'CD1111', 'Introduction générale à la communication et à la Sociologie de la communication', 118, 0),
(311, 'CD1112', 'Principes de l\'expression écrite et orale', 118, 0),
(312, 'CD1121', 'Fondamentaux de Communication digitale', 119, 0),
(313, 'CD1123', 'Législation dans le domaine du digital (sécurisation des données)', 119, 0),
(314, 'CD1131', 'Sémiologie appliquée à l?image', 120, 0),
(315, 'CD1132', 'Graphisme  (design, création, infographie, etc)', 120, 0),
(323, 'UVS-ANG/TEC', 'Techniques d\'expression et de communication', 3, 0),
(324, 'UVS-ANG/LSH', 'Leadership ', 3, 0),
(325, 'UVS-ANG/INFO', 'Informatique (Initiation à l\'informatique, prise en main de l\'ENT, bureautique)', 3, 0),
(327, 'UVS-CD/TEC', 'Techniques d\'expression et de communication', 122, 0),
(329, 'UVS-CD/LSH', 'Leadership', 122, 0),
(330, 'CD1142', 'Développement personnel', 122, 0),
(331, 'UVS-CD/INFO', 'Initiation à l\'informatique et à l\'environnement numérique de travail (ENT)', 122, 0),
(332, 'CD1141', 'Anglais', 122, 0),
(334, 'MAI1141', 'Câblage réseaux (VDI)', 123, 0),
(335, 'MAI1142', 'Introduction aux réseaux', 123, 0),
(336, 'MAI1143', 'Maintenance informatique', 123, 0),
(337, 'AGN1111', 'Histoire des Arts', 124, 0),
(338, 'AGN1112', 'Esthétique', 124, 0),
(339, 'AGN1113', 'Les règles de compositions', 124, 0),
(340, 'AGN1121', 'Représentation de l?image', 125, 0),
(341, 'AGN1122', 'Signes, symboles et icones', 125, 0),
(342, 'AGN1131', 'La caméra', 126, 0),
(343, 'AGN1132', 'Appareil photo', 126, 0),
(344, 'AGN1133', 'Techniques de dessin 1', 126, 0),
(345, 'AGN1141', 'Traitement d\'image 1', 127, 0),
(346, 'AGN1142', 'Dessin Assisté par Ordinateur 1', 127, 0),
(349, 'UVS-MAI/TEC', 'Techniques d\'expression et de communication', 10, 0),
(351, 'UVS-MAI/LSH', 'Leadership', 10, 0),
(352, 'UVS-AGN/LSH', 'Leadership', 128, 0),
(353, 'UVS-AGN/TEC', 'Techniques d\'expression et de communication', 128, 0),
(354, 'UVS-MAI/DPER', 'Développement personnel ', 10, 0),
(355, 'UVS-MAI/ANG', 'Anglais', 10, 0),
(356, 'UVS-AGN/DPER', 'Développement personnel', 128, 0),
(357, 'UVS-AGN/INFO', 'Initiation à l\'informatique et à l\'environnement numérique de travail (ENT)', 128, 0),
(358, 'UVS-AGN/ANG', 'Anglais', 128, 0),
(359, 'UVS-MAI/INFO', ' Initiation à l\'informatique et à l\'environnement numérique de travail (ENT)', 10, 0),
(360, 'CD1122', 'Enjeux de la communication digitale, Médias sociaux et culture  digitale', 119, 0),
(361, 'UVS-MIC/INFO', 'Initiation à l\'informatique et à l\'environnement numérique de travail (ENT)', 129, 0),
(362, 'UVS-MIC/ANG', 'Anglais', 129, 0),
(363, 'UVS-MIC/LSH', 'Leadership', 129, 0),
(364, 'UVS-MIC/DPER', 'Développement personnel ', 129, 0),
(366, 'IDA1111', 'Initiation à l\'algorithmique', 130, 0),
(367, 'IDA1112', 'Initiation à la programmation', 130, 0),
(368, 'IDA1121', 'Introduction aux langages HTML/CSS', 131, 0),
(369, 'IDA1122', 'Introduction au langage JavaScript', 131, 0),
(370, 'IDA1131', 'Introduction au web', 132, 0),
(371, 'IDA1132', 'Introduction aux Réseaux', 132, 0),
(372, 'IDA1141', 'Initiation au développement mobile', 133, 0),
(374, 'UVS-IDA/TEC', 'Techniques d\'expression et de communication', 134, 0),
(375, 'UVS-IDA/LSH', 'Leadership', 134, 0),
(376, 'UVS-IDA/DPER', 'Développement personnel', 134, 0),
(377, 'UVS-IDA/INFO', 'Initiation à l\'informatique et à l\'environnement numérique de travail (ENT)', 134, 0),
(379, 'UVS-IDA/ANG', 'Anglais', 134, 0),
(380, 'IDA1142', 'introduction aux réseaux', 133, 0),
(389, 'MIL4111', 'Algorithmes avancés', 145, 0),
(390, 'MIL4112', 'Programmation fonctionnelle', 145, 0),
(391, 'MIL4113', 'Fondements du logiciel', 145, 0),
(392, 'MIL4121', 'Base de données avancée', 146, 0),
(393, 'MIL4122', 'Intelligence artificielle', 146, 0),
(394, 'MIL4131', 'Design Thinking', 147, 0),
(396, 'MIL4132', 'UX', 147, 0),
(397, 'MIL4141', 'Medias sociaux', 149, 0),
(399, 'MIL4142', 'Anglais', 149, 0),
(400, 'MIL4143', 'Projet opérationnel', 149, 0),
(439, 'MRIV4111', 'COO', 163, 0),
(440, 'MRIV4112', 'POO', 163, 0),
(442, 'MRIV4121', 'Radiocommunication', 164, 0),
(443, 'MRIV4122', 'Architecture des resaux cables', 164, 0),
(444, 'MRIV4131', 'Systemes et technologies de stoquage', 165, 0),
(445, 'MRIV4132', 'Concepts de base de virtualisation et cloud', 165, 0),
(446, 'MRIV4141', 'Administration  linux avancée', 166, 0),
(447, 'MRIV4142', 'Administration Windows avancee', 166, 0),
(448, 'MRIV4151', 'Anglais technique', 167, 0),
(449, 'MRIV4152', 'Techniques d\'expression', 167, 0),
(451, 'MRIV4153', 'Sociologie des TIC', 167, 0),
(452, 'MMCS4111', 'Approximation et intégration numérique  des fonctions', 168, 0),
(453, 'MMCS4112', 'Equations diffenrentielles et algorithme sur les matricielles', 168, 0),
(455, 'MMCS4122', 'introduction à la simulation numérique', 170, 0),
(456, 'MMCS4131', 'Mécanique des milieux continus', 172, 0),
(457, 'MMCS4141', 'Equation différentielle et phénomènes de transport', 173, 0),
(458, 'MMCS4151', 'Modélisation d\'un phénomène', 174, 0),
(459, 'MMCS4152', 'Simulation  et validation des résultats', 174, 0),
(461, 'UVS-MMCS/ANG-4161', 'Anglais', 175, 0),
(463, 'MDPR4111', 'Instruments de paiement et de crédit ', 176, 0),
(464, 'MDPR4112', 'Droit des entreprises en difficulte', 176, 0),
(465, 'MDPR4121', 'Techniques contractuelles', 177, 0),
(466, 'MDPR4122', 'Droit international prive', 177, 0),
(467, 'MDPR4131', 'Droit de la régulation', 178, 0),
(468, 'MDPR4132', 'contentieux économique', 178, 0),
(469, 'UVS-MDPR/HDO4141', 'Histoire du droit des obligations', 179, 0),
(471, 'UVS-MDPR/PhD4142', 'Philosophie du droit', 179, 0),
(472, 'MFC4111', 'Stratégie', 180, 0),
(473, 'MFC4112', 'Contrôle de gestion 1', 180, 0),
(474, 'MFC4113', 'Recherche Opérationnelle', 180, 0),
(475, 'MFC4121', 'Comptabilité de groupe (fusion, scission, consolidation)', 181, 0),
(476, 'MFC4122', 'Gestion Trésorerie (Gestion actif - Passif)', 181, 0),
(477, 'MFC4123', 'Comptabilité approfondie', 181, 0),
(478, 'MFC4131', 'Relation Banque Entreprises', 182, 0),
(479, 'MFC4132', 'Droit des Affaires', 182, 0),
(480, 'MFC4133', 'Systéme d\'Information', 182, 0),
(481, 'UVS/MFC4141', 'Anglais', 183, 0),
(484, 'MACG4111', 'Stratégie', 184, 0),
(485, 'MACG4112', 'Systéme d\'Information', 184, 0),
(486, 'MACG4113', 'Procédures et organisation comptable', 184, 0),
(487, 'MACG4121', 'Introduction à l\'audit et au contrôle (Introduction à l\'audit, au contrôle, au métier d\'auditeur et de contrôleur)', 185, 0),
(488, 'MACG4122', 'Contrôle de gestion 1', 185, 0),
(489, 'MACG4123', 'Evaluation des Entreprises', 185, 0),
(490, 'UVS/MACG4131', 'Anglais ', 186, 0),
(491, 'UVS/MACG4132', 'Medias Sociaux', 186, 0),
(506, 'MDPU4111', 'Droit Public Economique 1', 194, 0),
(507, 'MDPU4112', 'Droit International Economique 1', 194, 0),
(508, 'MDPU4121', 'Droit International Humanitaire', 195, 0),
(509, 'MDPU4122', 'Régionalisme Africain', 195, 0),
(510, 'MDPU4131', 'Science et Technique fiscales', 196, 0),
(511, 'MDPU4132', 'Droit des Marchés Publics', 196, 0),
(513, 'UVS-MDPU/ANG', 'Anglais', 197, 0),
(514, 'AES1211', 'Droit constitutionnel et des institutions 2', 198, 0),
(515, 'AES1212', 'Droit civil', 198, 0),
(516, 'AES1213', 'Institutions Judiciaires', 198, 0),
(517, 'AES1221', 'MIcroéconomie 1', 199, 0),
(518, 'AES1222', 'Sociologie des organisations', 199, 0),
(519, 'AES1231', 'Comptabilité générale 1', 200, 0),
(520, 'AES1232', 'Politique générale d\'entreprise', 200, 0),
(521, 'AES1233', 'Mathématiques et statistiques pour les sciences sociales 1', 200, 0),
(524, 'AES1242', 'Langue vivante', 201, 0),
(526, 'SEG1211', 'Comptabilité Générale II (travaux d\'inventaire)', 91, 0),
(527, 'SEG1212', 'Économie d\'entreprise II (organisation de la production - logistique)', 91, 0),
(528, 'SEG1221', 'Microéconomie II (théorie du producteur)', 92, 0),
(529, 'SEG1222', 'Analyse économique II', 92, 0),
(530, 'SEG1231', 'Mathématiques II (Algèbre )', 93, 0),
(531, 'SEG1232', 'Statistiques II (Probabilités)', 93, 0),
(532, 'SEG1233', 'Comptabilité informatisée', 93, 0),
(533, 'SEG1241', 'Anglais ', 216, 0),
(536, 'SJ1211', 'Droit constitutionnel et Institutions Politiques 2', 217, 0),
(537, 'SJ1212', 'Système politique sénégalais', 217, 0),
(538, 'SJ1221', 'Droit de la famille  ', 218, 0),
(539, 'SJ1222', 'Introduction au droit privé communautaire', 218, 0),
(540, 'SJ1231', 'Systèmes juridiques comparés ', 219, 0),
(541, 'SJ1232', 'Grands problèmes économiques contemporains', 219, 0),
(542, 'SJ1241', 'Anglais', 220, 0),
(544, 'SJ1242', 'Recherche documentaire', 220, 0),
(545, 'SPO1211', 'Introduction à la Science politique 2', 221, 0),
(546, 'SPO1212', 'Histoire des idées politiques 2', 221, 0),
(547, 'SPO1221', 'Droit constitutionnel et institutions politiques 2', 222, 0),
(548, 'SPO1222', 'Système politique sénégalais', 222, 0),
(549, 'SPO1231', 'Introduction à l\'économie politique', 223, 0),
(550, 'SPO1232', 'Sociologie générale', 223, 0),
(551, 'SPO1241', 'Techniques de rédaction de textes produits par l\'Administration', 224, 0),
(552, 'SPO1242', 'Arts et politique', 224, 0),
(553, 'SPO1243', 'Anglais', 224, 0),
(557, 'ANG1223', 'Rédaction académique', 6, 0),
(561, 'MAI1223', 'Equations Différentielles ordinaires 1', 12, 0),
(562, 'MAI1251', 'Anglais', 232, 0),
(572, 'MAI1291', 'Administration Linux', 237, 0),
(573, 'MAI1292', 'Administration Windows', 237, 0),
(574, 'IDA1211', 'Algorithmique ', 238, 0),
(575, 'IDA1212', 'Introduction au Langage C', 238, 0),
(576, 'IDA1221', 'Introduction au langage XML', 240, 0),
(577, 'IDA1222', 'JavaScript 2', 240, 0),
(578, 'IDA1231', 'HTML 5', 239, 0),
(579, 'IDA1232', 'CSS 3', 239, 0),
(580, 'IDA1241', 'Introduction au jeu vidéo', 241, 0),
(581, 'IDA1242', 'Initiation au tratement d\'images', 241, 0),
(582, 'IDA1251', 'Aspects éthiques et légaux', 242, 0),
(583, 'IDA1252', 'Langues nationales et TIC', 242, 0),
(584, 'IDA1253', 'Anglais', 242, 0),
(585, 'CD1211', 'Traitement d\'image1 (photoshop)', 243, 0),
(586, 'CD1212', 'Composition de l\'image', 243, 0),
(587, 'CD1221', 'Langage Web1 (HTML)', 244, 0),
(588, 'CD1222', 'Technologie Web 1 (environement numerique, hebergement, architecture)', 244, 0),
(589, 'CD1231', 'Sociologie et Dynamique des organisations', 245, 0),
(590, 'CD1232', 'Droit et environement Numerique 2(donnees personnelles)', 245, 0),
(592, 'CD1241', 'Anglais', 246, 0),
(593, 'CD1242', 'Entreprenariat', 246, 0),
(595, 'MIC1211', 'Environnement Juridique Economique et Mercatique des Organisations', 247, 0),
(596, 'MIC1212', 'Marketing', 247, 0),
(598, 'MIC1221', 'service sur Reseaux S2', 248, 0),
(599, 'MIC1222', 'Infographie S2', 248, 0),
(600, 'MIC1223', 'Base de données S2', 248, 0),
(601, 'MIC1224', 'Integration Web', 248, 0),
(602, 'MIC1231', 'Anglais', 249, 0),
(603, 'MIC1232', 'Culture Web Recherche Documentaire', 249, 0),
(604, 'MIC1233', 'Communication expression écrite et orale', 249, 0),
(606, 'MIC1241', 'Ecriture pour les media Numeriques', 250, 0),
(610, 'AGN1211', 'Cultures Expressives Africaines', 252, 0),
(612, 'AGN1212', 'museologie', 252, 0),
(615, 'AGN1221', 'Les instruments de son', 253, 0),
(616, 'AGN1222', 'Realisation Audiovisuelle Numerique 1', 253, 0),
(617, 'AGN1223', 'Les bases de la lumière', 253, 0),
(618, 'AGN1224', 'Les valeurs de plan', 253, 0),
(619, 'AGN1231', 'Techniques de dessin 2', 254, 0),
(620, 'AGN1232', 'Traitement d\'image 2', 254, 0),
(621, 'AGN1233', 'Dessin assisté par ordinateur 2', 254, 0),
(623, 'AGN1241', 'Adobe Premiere PRO', 256, 0),
(624, 'AGN1242', 'Symbolique des formes', 256, 0),
(625, 'AGN1262', 'Anglais', 258, 0),
(626, 'AGN1252', 'Modélisation 3D 1', 257, 0),
(627, 'SOCIO1251', 'Religion et modernité', 114, 0),
(628, 'SOCIO1252', ' Sociologie des religions', 114, 0),
(629, 'SOCIO1261', ' Sociologie des organisations', 259, 0),
(630, 'SOCIO1262', ' Sociologie du travail', 259, 0),
(631, 'SOCIO1271', ' Dynamiques territoriales et développement local', 260, 0),
(632, 'SOCIO1272', ' Sociologie du développement', 260, 0),
(633, 'MIC2311', 'Anglais', 263, 0),
(634, 'MIC2312', 'Théories de l\'information et de la communication', 263, 0),
(635, 'MIC2313', 'Approches de la communication et théories des médias', 263, 0),
(636, 'MIC2321', 'Esthétique et expression artistique', 264, 0),
(637, 'MIC2322', 'Ecritures pour les médias numériques', 264, 0),
(638, 'MIC2323', 'Expression écrite et orale', 264, 0),
(639, 'MIC2324', 'Gestion de projet', 264, 0),
(640, 'MIC2325', 'Droit Administratif  des Biens', 264, 0),
(641, 'MIC2331', 'Services sur réseaux', 265, 0),
(642, 'MIC2332', 'Programmation Objet  et Evénementielle', 265, 0),
(643, 'MIC2333', 'Développement web', 265, 0),
(644, 'MIC2341', 'Infographie  (Illustrator)', 266, 0),
(645, 'MIC2342', 'Production audiovisuelle', 266, 0),
(646, 'MIC2411', 'Communication expression écrite et orale', 267, 0),
(647, 'MIC2412', 'Analyse et théorie des médias', 267, 0),
(648, 'MIC2421', 'Esthétique et expression artistique', 269, 0),
(649, 'MIC2422', 'Droit', 269, 0),
(650, 'MIC2423', 'Gestion de la relation client', 269, 0),
(651, 'MIC2424', 'Economie et gestion', 269, 0),
(652, 'MIC2425', 'Marketing', 269, 0),
(653, 'MIC2431', 'Infrastructure des réseaux', 270, 0),
(654, 'MIC2432', 'Programmation objet et événementielle', 270, 0),
(655, 'MIC2441', 'Infographie', 271, 0),
(656, 'MIC2442', 'Production audiovisuelle', 271, 0),
(657, 'MIC2453', 'Gestion de la relation client (CRM)', 272, 0),
(658, 'SOCIO3511', 'Sociologie au Sénégal', 273, 0),
(659, 'SOCIO3512', 'Histoire africaine contemporaine', 273, 0),
(660, 'SOCIO3521', 'Traitement et analyse de données quantitatives', 274, 0),
(661, 'SOCIO3522', 'Traitement et analyse de données qualitatives', 274, 0),
(662, 'SOCIO3531', 'Informatique', 275, 0),
(663, 'SOCIO3532', 'Anglais professionnel', 275, 0),
(664, 'SOCIO3541', 'Sociologie de la communication', 276, 0),
(665, 'SOCIO3542', 'Sociologie du sport', 276, 0),
(666, 'SOCIO3551', 'Sociologie et développement local', 277, 0),
(667, 'SOCIO3552', 'Sociologie et politiques sociales', 277, 0),
(668, 'ANG3511', 'Thème 5', 278, 0),
(669, 'ANG3512', 'Version 5', 278, 0),
(670, 'ANG3513', 'Rédaction académique 5', 278, 0),
(671, 'ANG3521', 'Grammaire 5', 279, 0),
(673, 'ANG3522', 'Sémantique et pragmatique', 279, 0),
(674, 'ANG3531', 'Compréhension orale 5', 280, 0),
(675, 'ANG3532', 'Compréhension écrite 5', 280, 0),
(676, 'SEG3511/BMA', 'Economie informelle et Micro finance', 281, 0),
(677, 'SEG3512/BMA', 'Techniques monétaires et bancaires', 281, 0),
(678, 'SEG3521/BMA', 'Procédures et mise en place de crédit', 282, 0),
(679, 'SEG3522/BMA', 'Gestion de portefeuille, des risques et ALM', 282, 0),
(680, 'SEG3523/BMA', 'Comptabilité bancaire', 282, 0),
(681, 'SEG3531/BMA', 'Gestion de projets et Business Modèle', 283, 0),
(682, 'SEG3532/BMA', 'Analyse financière', 283, 0),
(683, 'SEG3533/BMA', 'Gestion de la clientèle', 283, 0),
(684, 'SEG3541/BMA', 'Réglementation du secteur financier dans l\'UEMOA', 284, 0),
(685, 'SEG3542/BMA', 'Droit bancaire et des assurances', 284, 0),
(686, 'SEG3551/BMA', 'Progiciel et SI (ODOO)', 285, 0),
(687, 'SEG3611/BMA', 'Calcul actuariel', 286, 0),
(688, 'SEG3612/BMA', 'Bases et techniques des assurances', 286, 0),
(689, 'SEG3613/BMA', 'Comptabilité CIMA', 286, 0),
(690, 'SEG3621/BMA', 'Gestion  budgétaire', 287, 0),
(691, 'SEG3622/BMA', 'Marketing des produits financiers  (banque - micro assurance) ', 287, 0),
(692, 'SEG3623/BMA', 'Gestion des risques opérationnels', 287, 0),
(693, 'SEG3631/BMA', 'Systèmes d\'information et de gestion', 288, 0),
(694, 'SEG3632/BMA', 'Contrôle et audit interne dans les entreprises du secteur financier', 288, 0),
(695, 'SEG3633/BMA', 'Réglementation et fiscalité des produits et services du secteur financier', 288, 0),
(696, 'SEG3641/BMA', 'Comportement commercial', 289, 0),
(697, 'SEG3642/BMA', 'Comportement et psychologie sociale', 289, 0),
(698, 'SEG3651/BMA', 'Anglais', 290, 0),
(699, 'SEG3652/BMA', 'Stage en entreprise / projet de création d?organisation', 290, 0),
(700, 'SEG3511/FC', 'Analyse financière', 292, 0),
(701, 'SEG3512/FC', 'Marché et produits financiers', 292, 0),
(702, 'SEG3513/FC', 'Décisions financières', 292, 0),
(703, 'SEG3521/FC', 'Gestion budgétaire', 293, 0),
(704, 'SEG3522/FC', 'Comptabilité approfondie', 293, 0),
(705, 'SEG3531/FC', 'Droit du travail', 294, 0),
(706, 'SEG3532/FC', 'Droit commercial et des sociétés', 294, 0),
(707, 'SEG3533/FC', 'Droit fiscal et pratiques fiscales de l?entreprise 1', 294, 0),
(708, 'SEG3541/FC', 'Progiciel et SI', 295, 0),
(709, 'SEG3542/FC', 'Communication en entreprise', 295, 0),
(710, 'SEG3611/FC', 'Organisation et pratiques comptables', 296, 0),
(711, 'SEG3612/FC', 'Gestion de trésorerie', 296, 0),
(712, 'SEG3613/FC', 'Contrôle budgétaire', 296, 0),
(713, 'SEG3621/FC', 'Théorie des organisations', 297, 0),
(714, 'SEG622/FC', 'Administration, procédures et fonctionnement des organisations', 297, 0),
(715, 'SEG3631/FC', 'Organisation juridictionnelle et contentieux', 298, 0),
(716, 'SEG3632/FC', 'Procédures collectives', 298, 0),
(717, 'SEG3633/FC', 'Marchés publics', 298, 0),
(718, 'SEG3641/FC', 'Anglais', 299, 0),
(719, 'SEG3642/FC', 'Stage en entreprise / projet de création d?organisation', 299, 0),
(726, 'SJ1223', 'Institutions judiciaires', 218, 0),
(730, 'MIC1225', 'Numerisation des signaux audio-video, compression et stockage', 248, 0),
(731, 'MIC1226', 'Production audiovisuelle', 248, 0),
(732, 'AGN1251', 'Animation 2D 1', 257, 0),
(733, 'SCE4111', 'Stratégies pédagogiques et technologies numériques dans l?éducation', 150, 0),
(735, 'SCE4112', 'Pratiques pédagogiques innovantes et tendances actuelles', 150, 0),
(736, 'SCE4121', 'Le système éducatif sénégalais', 151, 0),
(737, 'SCE4122', 'Critères et indicateurs de qualité d?une politique éducative (Sénégalais)', 151, 0),
(738, 'SCE4131', 'Présentation, analyse et limites des principaux modèles d\'enseignement', 152, 0),
(739, 'SCE4132', 'L?intervention pédagogique : concepts de base, méthodes et instruments', 152, 0),
(740, 'SCE4141', 'Recherche en Éducation : bases théoriques et méthodologiques', 153, 0),
(741, 'SCE4142', 'Analyse de données (qualitatives, quantitatives et mixtes)', 153, 0),
(742, 'ANG4111', 'Méthodologie de la recherche', 307, 0),
(743, 'ANG4112', 'Outils d\'approche critiques', 307, 0),
(744, 'ANG4152', 'Méthodologie de la Recherche linguistique', 191, 0),
(745, 'ANG4121', 'Version', 308, 0),
(746, 'ANG4122', 'Thème', 308, 0),
(747, 'ANG4131', 'Littérature britannique', 309, 0),
(748, 'ANG4132', 'Littérature américaine', 309, 0),
(749, 'ANG4141', 'Civilisation britannique', 310, 0),
(750, 'ANG4142', 'Civilisation américaine', 310, 0),
(751, 'ANG4151', 'Standardisation des langues', 191, 0),
(752, 'ANG4161', 'Orthographe des langues africaines', 192, 0),
(753, 'CAP1111', 'Introduction à l\'étude du droit', 311, 0),
(754, 'CAP1112', 'Introduction à la philosophie du droit', 311, 0),
(755, 'CAP1121', 'Droit des personnes', 312, 0),
(756, 'CAP1122', 'Droit des biens', 312, 0),
(757, 'CAP1131', 'Les fondements du droit constitutionnel 1', 313, 0),
(758, 'CAP1132', 'Institutions politiques', 313, 0),
(759, 'CAP1141', 'Methodologie juridique 1', 314, 0),
(760, 'CAP1142', 'Techniques d\'expression et de communication', 314, 0),
(761, 'CAP1143', 'initiation à l\'informatique et à l\'ENT', 314, 0),
(762, 'UVS-MDPU/PM', 'Politique migratoire', 197, 0),
(763, 'UVS/MFC4142', 'Medias Sociaux', 183, 0),
(764, 'UVS/MFC4143', 'Informatique', 183, 0),
(765, 'UVS/MACG4133', 'Informatique', 186, 0),
(766, 'MRIV4113', 'Systèmes répartis', 163, 0),
(767, 'AES2311', 'Droit administratif 1', 96, 0),
(768, 'AES2312', 'Droit des obligations 1', 96, 0),
(769, 'AES2313', 'Histoire des Institutions Politiques et Administratives', 96, 0),
(770, 'AES2321', 'Problèmes économiques contemporains', 97, 0),
(771, 'AES2322', 'Macroéconomie', 97, 0),
(772, 'AES2323', 'Sociologie du travail', 97, 0),
(773, 'AES2331', 'Comptabilite générale 2', 98, 0),
(774, 'AES2332', 'Comptabilite de gestion', 98, 0),
(775, 'AES2333', 'Mathématiques et statistiques pour les sciences sociales 2', 98, 0),
(776, 'AES2341', 'Informatique (C2I)', 99, 0),
(777, 'AES2342', 'langue vivante', 99, 0),
(778, 'AES2343', 'Recherche documentaire', 99, 0),
(787, 'SEG2341', 'Anglais', 322, 0),
(788, 'SJ2311', 'Droit administratif 1', 323, 0),
(789, 'SJ2312', 'Finances publiques 1', 323, 0),
(790, 'SJ2321', 'Droit des contrats', 324, 0),
(791, 'SJ2322', 'Droit  Pénal général', 324, 0),
(792, 'SJ2331', 'Droit des biens', 325, 0),
(793, 'SJ2332', 'Droit foncier', 325, 0),
(794, 'SJ2341', 'Anglais', 326, 0),
(795, 'SJ2342', 'Sociologie générale', 326, 0),
(796, 'SJ2343', 'Communication orale', 326, 0),
(798, 'SPO2311', 'Régimes politiques 1', 327, 0),
(799, 'SPO2312', 'Sociologie et anthropologie Politique 1', 327, 0),
(800, 'SPO2321', 'Droit administratif 1', 328, 0),
(801, 'SPO2322', 'Finances publiques 1', 328, 0),
(802, 'SPO2331', 'Relations internationales 1 (théories)', 329, 0),
(803, 'SPO2332', 'Relations économiques internationales', 329, 0),
(804, 'SPO2341', 'Histoire des institutions  politiques de l?Afrique de l?ouest (Moyen-âge/1945)', 330, 0),
(805, 'SPO2342', 'Droits fondamentaux  et libertés publiques', 330, 0),
(813, 'ANG2333', 'Grammaire Française', 52, 0),
(852, 'MMCS4121', 'Programmation scientifique', 170, 0),
(853, 'AES2412', 'Droit des obligations 2', 352, 0),
(854, 'AES2411', 'Droit administratif 2', 352, 0),
(856, 'AES2413', 'Finances publiques', 352, 0),
(857, 'AES2421', 'Économie monetaire et bancaire', 354, 0),
(858, 'SPO2411', 'Régimes politiques2', 358, 0),
(859, 'AES2422', 'Marchés et concurrence', 354, 0),
(860, 'SPO2412', 'Socio-anthropologie Politique 2', 358, 0),
(861, 'SPO2421', 'Droit administratif 2: Droit de la responsabilité administrative', 359, 0),
(862, 'SPO2422', 'Finances publiques 2: comptabilité  publique', 359, 0),
(863, 'AES2423', 'Economie Politique', 354, 0),
(864, 'SPO2431', 'Relations internationales2 (pratiques)', 360, 0),
(865, 'SPO2432', 'Relations économiques africaines', 360, 0),
(866, 'AES2431', 'Gestion prévisionnelle', 355, 0),
(867, 'AES2432', 'Méthodologie d\'enquete', 355, 0),
(868, 'SPO2441', 'Histoire des institutions politiques de l?Afrique de l?ouest 20e et 21 siècle', 364, 0),
(869, 'SPO2442', 'Culture de la réflexion scientifique (logique philosophie de la science politique)', 364, 0),
(870, 'SPO2443', 'Anglais', 364, 0),
(871, 'SJ2411', 'Droit administratif 2', 363, 0),
(872, 'AES2433', 'Théories des organisations', 355, 0),
(873, 'SJ2412', 'Finances publiques 2', 363, 0),
(874, 'AES2441', 'Anglais', 357, 0),
(875, 'AES2442', 'Informatique: Excel Avancé', 357, 0),
(876, 'AES2443', 'Méthodologie de projet professionnel et personnel', 357, 0),
(877, 'SJ2421', 'Responsabilité civile', 365, 0),
(879, 'SJ2422', 'Procédure pénale', 365, 0),
(880, 'SJ2431', 'Institutions administratives ', 366, 0),
(881, 'SJ2432', 'Histoire politique et administrative ', 366, 0),
(882, 'SJ2442', 'Anglais ', 367, 0),
(883, 'SJ2441', 'Latin', 367, 0),
(884, 'SJ3511', 'Droit commercial général', 368, 0),
(885, 'SJ3512', 'Droit des suretés', 368, 0),
(886, 'SJ3521', 'Relations individuelles du travail ', 371, 0),
(887, 'SJ3522', ' Protection sociale', 371, 0),
(888, 'SJ3531', 'Procédure civile ', 373, 0),
(889, 'SJ3532', 'Voies d?exécution  ', 373, 0),
(890, 'SPO3511', 'Philosophie politique', 369, 0),
(891, 'SPO3512', 'Politique comparée1', 369, 0),
(892, 'SJ3541', 'Anglais', 375, 0),
(893, 'SPO3513', 'Communication politique', 369, 0),
(894, 'SJ3542', 'Informatique (système et Réseau)', 375, 0),
(895, 'SPO3521', 'Droits des marchés publics ', 370, 0),
(896, 'SPO3522', 'Sciences et techniques Administratives', 370, 0),
(897, 'SPO3523', ' Droit de la décentralisation et du développement local durable ', 370, 0),
(898, 'SPO3531', 'Institutions et Droit  communautaires', 372, 0),
(899, 'SPO3532', ' Régionalisme Africain', 372, 0),
(900, 'SPO3533', 'Globalisation et Mondialisation', 372, 0),
(901, 'SPO3541', 'Culture de la réflexion scientifique (logique?', 374, 0),
(902, 'SPO3542', 'Techniques de documentation', 374, 0),
(903, 'SJ3543', 'Découverte des grands auteurs du Droit ', 375, 0),
(904, 'AGT3511', 'Evolution de la décentraliation territoriale', 376, 0),
(905, 'AGT3512', 'Droit administratif des biens', 376, 0),
(906, 'AGT3513', 'Finances publiques', 376, 0),
(907, 'AGT3521', 'Politique territoriale et développement local', 377, 0),
(908, 'AGT3522', 'Sociologie politique', 377, 0),
(909, 'AGT3531', 'Administration générale des collectivités locales', 378, 0),
(910, 'AGT3532', 'Gestion budgétaire des collectivités locales', 378, 0),
(911, 'AGT3533', 'Marchés publics', 378, 0),
(912, 'AGT3541', 'Gestion des ressources humaines', 379, 0),
(913, 'AGT3542', 'Econoimie sociale', 379, 0),
(914, 'GRH3511', 'Droit des affaires (droit de l\'entreprise)', 380, 0),
(915, 'GRH3512', 'Droit social 1', 380, 0),
(916, 'GRH3513', 'Fiscalité des personnes physiques', 380, 0),
(917, 'GRH3521', 'Sociologie du travail, des organisations et de l\'emploi', 381, 0),
(918, 'GRH3522', 'Analyse du marché du travail et politique de l?emploi', 381, 0),
(919, 'GRH3531', 'Management des Ressources humaines', 382, 0),
(920, 'GRH3532', 'Management des relations professionnelles', 382, 0),
(921, 'GRH3533', 'Gestion du Recrutement et de la formation (GPEC)', 382, 0),
(922, 'GRH3534', 'Gestion financière', 382, 0),
(923, 'GRH3541', 'Langue vivante', 383, 0),
(924, 'GRH3542', 'Informatique:gestion de la paie', 383, 0),
(925, 'SPO3611', 'Philosophie politique 2', 391, 0),
(926, 'SPO3612', 'Systèmes Politiques comparés', 391, 0),
(927, 'SJ3611', 'Droit des sociétés', 388, 0),
(928, 'SPO3613', 'Sociologie électorale', 391, 0),
(929, 'SJ3612', 'Droit spécial des contrats', 389, 0),
(930, 'SPO3621', 'Sociologie de l?Action publique', 393, 0),
(931, 'ESS3511', 'Théories de l\'économie Sociale et Solidaire', 384, 0),
(932, 'ESS3512', 'Politique publique', 384, 0),
(933, 'SJ363', 'Droit bancaire', 390, 0),
(934, 'ESS3513', 'Socio-économie', 384, 0),
(935, 'SPO3622', 'Politiques publiques locales ', 393, 0),
(936, 'ESS3521', 'Management des structures de l?ESS', 385, 0),
(937, 'SPO3623', 'Expressions et participations politiques en Afrique', 393, 0),
(938, 'ESS3522', 'Spécificités comptables du secteur de l?ESS', 385, 0),
(939, 'SPO3631', 'Gouvernance mondiale', 394, 0),
(940, 'ESS3523', 'Techniques de levées de fonds (fundrising)', 385, 0),
(941, 'SJ3621', ' Relations collectives', 389, 0),
(942, 'ESS3531', 'Innovation sociale et projets participatifs', 386, 0),
(943, 'ESS3532', 'Entrepreneuriat social', 386, 0),
(944, 'SJ3622', 'Droit de la sécurité sociale', 389, 0),
(945, 'ESS3533', 'Business plan', 386, 0),
(946, 'ESS3534', 'Anglais professionnel', 386, 0),
(947, 'SJ3631', 'MARD ', 390, 0),
(948, 'SPO3632', 'Régulation du contexte économique international', 394, 0),
(949, 'ESS3541', 'Cadre juridique de l?ESS', 387, 0),
(950, 'ESS3542', 'Droit social', 387, 0),
(951, 'SJ3632', 'Droit pénal des affaires ', 390, 0),
(952, 'SPO3633', 'Régionalisme Africain', 394, 0),
(953, 'SPO3641', 'Genres et vulnérabilités', 396, 0),
(954, 'SJ3641', 'Anglais', 392, 0),
(955, 'SPO3642', 'Anglais', 396, 0),
(956, 'SPO3643', '(politique)', 396, 0),
(957, 'SJ3642', 'Comptabilité', 392, 0),
(958, 'SPO3644', 'Méthodes et Techniques des Sciences Sociales', 396, 0),
(959, 'SJ3643', 'Fiscalité', 392, 0),
(960, 'SPO3645', 'Projet professionnel (Stage obligatoire)', 396, 0),
(961, 'SJ3651', 'Droit International Privé', 395, 0),
(962, 'SJ3652', 'Droit du commerce international  ', 395, 0),
(963, 'AGT3611', 'Droit public des affaires', 397, 0),
(964, 'AGT3612', 'Droit des collectivités locales', 397, 0),
(965, 'SOCIO3611', ' Sociologie et interprétation du social', 412, 0),
(966, 'AGT3613', 'Finances locales', 397, 0),
(967, 'AGT3621', 'Cooperation décentralisée', 398, 0),
(968, 'SOCIO3612', 'Etudes et recherche', 412, 0),
(969, 'AGT3622', 'Geographie et gouvernance des territoires', 398, 0),
(970, 'SOCIO3613', 'Rédaction scientifique', 412, 0),
(971, 'AGT3623', 'Amenagement du territoire', 398, 0),
(972, 'AGT3631', 'Stage', 399, 0),
(973, 'AGT3632', 'Rapport de stage', 399, 0),
(974, 'AGT3633', 'Preparation aux concours', 399, 0),
(975, 'SOCIO3621', 'Anglais', 414, 0),
(976, 'GRH3611', 'Droit pénal des affaires', 400, 0),
(977, 'SOCIO3622', 'Etude de projet', 414, 0),
(978, 'GRH3612', 'Droit social 2', 400, 0),
(979, 'GRH3613', 'Contentieux social', 400, 0),
(980, 'SOCIO3631', 'Séminaire de recherche', 416, 0),
(981, 'GRH3621', 'Gestions des risques', 401, 0),
(982, 'GRH3622', 'Gestion de la remuneration et de la paie', 401, 0),
(983, 'GRH3631', 'Suivi du dossier personnel', 402, 0),
(984, 'SOCIO3632', 'Rédaction du rapport', 416, 0),
(985, 'GRH3632', 'Stage', 402, 0),
(986, 'GRH3633', 'Rapport de stage', 402, 0),
(987, 'IDA2311', 'Algorithme et structures de données', 415, 0),
(988, 'IDA2312', 'Programmation en Langage C', 415, 0),
(989, 'ESS361', 'Economie de la Sante', 403, 0),
(990, 'IDA2321', 'Modélisation de bases de données relationnelles', 417, 0),
(991, 'ESS3612', 'Economie de l?education', 403, 0),
(992, 'IDA2322', 'Langage SQL', 417, 0),
(993, 'ESS3613', 'Economie de l?environnement', 403, 0),
(994, 'ESS3621', 'Marketing applique au social', 404, 0),
(995, 'ESS3622', 'Management de proximité et conduite du changement', 404, 0),
(996, 'IDA2331', 'Langage PHP  ', 418, 0),
(997, 'ESS3623', 'Plaidoyer- Lobbying', 404, 0),
(998, 'IDA2332', 'Framework  JavaScript coté serveur', 418, 0),
(999, 'ESS3624', 'Pilotage de projet', 404, 0),
(1000, 'ESS3631', 'Stage / Projet de création d\'entreprise sociale / Projet Tutore', 405, 0),
(1001, 'IDA2341', 'Frameworks HTML CSS javaScript ', 419, 0),
(1002, 'ESS3632', 'Rapport de stage', 405, 0),
(1003, 'IDA2342', 'Manipulation de données XML', 419, 0),
(1004, 'IDA2351', 'Méthodologie de recherches documentaires', 420, 0),
(1005, 'IDA2352', 'Comptabilité', 420, 0),
(1006, 'IDA2353', 'Anglais ', 420, 0),
(1007, 'SCE1111', 'Apprentissage et enseignement: théorie et pratique', 421, 0),
(1008, 'SCE1112', 'Modèle d\'enseignement: théorie et pratique', 421, 0),
(1009, 'SCE1113', 'Gestion et organisation de la classe', 421, 0),
(1010, 'SCE1114', 'Organisation du système scolaire du Sénégal', 421, 0),
(1011, 'SCE1115', 'Les philosophies contemporaines de l\'acte éducatif', 421, 0),
(1012, 'SCE1121', 'Bilan, évaluation et modes d?interventions spécifiques', 422, 0),
(1014, 'SCE1122', 'Leadership et gestion de classe en adaptation scolaire', 422, 0),
(1015, 'SCE1123', 'Projets éducatifs et collaboration avec les familles', 422, 0),
(1016, 'SCE1124', 'Évolution des pratiques d?enseignement en adaptation scolaire', 422, 0),
(1018, 'SCE1125', 'Interventions spécialisées et situations de handicap', 422, 0),
(1020, 'CD2311', 'Introduction à la publicité', 423, 0),
(1021, 'CD2312', 'Stratégie créative', 423, 0),
(1022, 'CD2313', 'communication corporate', 423, 0),
(1023, 'CD2321', 'Introduction marketing / webmarketing', 424, 0),
(1024, 'CD2322', 'Inteligence des donnees marketting', 424, 0),
(1025, 'CD2323', 'Communication et E-CRM', 424, 0),
(1026, 'CD2324', 'E-commerce', 424, 0),
(1027, 'CD2331', 'Strategie de Communication', 425, 0),
(1028, 'CD2332', 'Plan de Communication Digitale', 425, 0),
(1029, 'CD2333', 'Evaluation de la strategie de Communication', 425, 0),
(1030, 'CD2341', 'Photo', 426, 0),
(1033, 'MIC3511', 'Initiation aux arts graphiques', 438, 0),
(1034, 'MIC3512', 'TIC pour l\'animation et la gestion des communautés (SMO Social Media Optimization)', 438, 0),
(1035, 'MIC3521', 'Fiscalité des entreprises ', 439, 0),
(1036, 'MIC3522', ' Entrepreneuriat social', 439, 0),
(1037, 'MIC3523', 'Droit  des contrats', 439, 0),
(1038, 'MIC3531', 'Logiciels de gestion de contenus et webmastering  éditorial', 440, 0),
(1039, 'MIC3532', 'Architecture des Systèmes VOIP /TOIP', 440, 0),
(1040, 'MIC3533', 'Technologie FOAD/production de contenu', 440, 0),
(1041, 'MIC3541', 'Infographie Modélisation 3D', 442, 0),
(1042, 'MIC3542', 'Production audiovisuelle, diffuser une oeuvre audiovisuelle', 442, 0),
(1043, 'MIC3551', 'Anglais professionnel', 443, 0),
(1044, 'MIC3552', 'Relations presse et gestion de l\'événementiel', 443, 0),
(1045, 'MIC3553', 'Gestion de la relation client (CRM)', 443, 0),
(1047, 'MIC3611', 'Animation 2D', 444, 0),
(1048, 'MIC3612', 'Animation graphique pour le Web', 444, 0),
(1049, 'MIC3613', 'creation publicitaire', 444, 0),
(1050, 'MIC3621', 'Business Plan - Marketing (étude de cas)', 445, 0),
(1051, 'MIC3622', 'Gestion de projet & organisation de la production', 445, 0),
(1052, 'MIC3631', 'Infographie, la charte graphique', 446, 0),
(1053, 'MIC3632', ' Poduction audiovisuelle, technique  d\'intégration multimédia', 446, 0),
(1054, 'MIC3633', 'impression 3D', 446, 0),
(1055, 'MIC3641', 'Méthodologie de rédaction de rapport de stage', 447, 0),
(1056, 'MIC3642', 'Veille & intelligence économique', 447, 0),
(1057, 'MIC3643', 'Technologie FOAD et tutorat', 447, 0),
(1058, 'MIC3644', 'Stage professionnel/Soutenance', 447, 0),
(1059, 'CD2342', 'Traitement d?images 2(Photoshop)', 426, 0),
(1060, 'CD2343', 'Dessins vectoriels (Illustrator)', 426, 0),
(1061, 'CD2411', 'Traitement d\'images 3', 427, 0),
(1062, 'CD2412', 'Design Editorial', 427, 0),
(1063, 'CD2413', 'Animation 2D', 427, 0),
(1064, 'CD2414', 'Prise en main de la camera', 427, 0),
(1065, 'CD2421', 'Langage Web 2(CSS)', 428, 0),
(1066, 'CD2422', 'EC3 : Référencement et visibilite online', 428, 0),
(1067, 'CD2431', 'Introduction au management', 429, 0),
(1068, 'CD2432', 'Elaboration et gestion de projets', 429, 0),
(1069, 'CD2441', 'Anglais', 430, 0),
(1070, 'CD2442', 'Techniques d\'expression', 430, 0),
(1072, 'AGN2311', 'Perception visuelle', 448, 0),
(1073, 'AGN2312', 'Création visuelle 1', 448, 0),
(1074, 'AGN2321', 'Regie TV numerique', 449, 0),
(1075, 'AGN2322', 'Sonorisation et synchronisation', 449, 0),
(1076, 'AGN2331', 'Techniques de dessin 3', 450, 0),
(1077, 'AGN2332', 'Programmation créative 1', 450, 0),
(1078, 'AGN2333', 'Design éditorial 1', 450, 0),
(1079, 'AGN2341', 'Modélisation 3D 2', 451, 0),
(1080, 'AGN2342', 'Animation 2D 2', 451, 0),
(1081, 'AGN2343', 'Techniques de rendu', 451, 0),
(1082, 'AGN2351', 'Théorie et esthétique du montage 1', 451, 0),
(1083, 'AGN2352', 'Logiciels de montage', 452, 0),
(1084, 'AGN2361', 'culture numerique', 453, 0),
(1085, 'AGN2362', 'Anglais ', 453, 0),
(1087, 'CD3511', 'Les Valeurs de Plan', 454, 0),
(1088, 'CD3512', 'Logiciel de Montage (post-production)', 454, 0),
(1089, 'CD3521', 'Community Management', 455, 0),
(1090, 'CD3522', 'Pilotage et suivi campagne digitale ', 455, 0),
(1091, 'CD3531', 'CMS (Drupal, Joomla, Wordpress)', 456, 0),
(1092, 'CD3532', 'Ergonomie ?Design thinking Ux', 456, 0),
(1093, 'CD3541', 'Anglais ', 457, 0),
(1094, 'CD3542', 'Choix EC ', 457, 0),
(1095, 'CD3611', 'Image et E-reputation', 470, 0),
(1096, 'CD3612', 'Pub online : formats et pratiques', 470, 0),
(1098, 'CD3613', 'Social media management', 470, 0),
(1099, 'CD3614', 'Blog et live-blogging', 470, 0),
(1100, 'CD3621', 'Veille technologique', 471, 0),
(1102, 'CD3622', 'Industries Creatives Numeriques', 471, 0),
(1103, 'CD3623', 'Veille et intelligence economique', 471, 0),
(1104, 'CD3631', 'Anglais', 472, 0),
(1105, 'AGN2411', 'Typographie', 464, 0),
(1106, 'CD3632', 'Stage/Projet tutoré', 472, 0),
(1107, 'AGN2412', 'Creation Visuelle 2', 464, 0),
(1108, 'AGN2413', 'Design éditorial 2', 464, 0),
(1110, 'AGN2421', 'Modélisation 3D 3', 465, 0),
(1111, 'AGN2422', 'Programmation créative 2', 465, 0),
(1112, 'AGN2423', 'Animation 3D 1', 465, 0),
(1113, 'AGN2431', 'Le scenario (+Théorie du récit)', 466, 0),
(1114, 'AGN2432', 'Production Audiovisuelle', 466, 0),
(1115, 'AGN2441', 'After Effects', 467, 0),
(1116, 'AGN2442', 'Étalonnage ', 467, 0),
(1117, 'AGN2443', 'Mixage et mastering', 467, 0),
(1119, 'AGN2451', 'Veille des innovations technologiques', 469, 0),
(1121, 'AGN2452', 'Droit de l?image (Propriété intellectuelle, droits d?auteur et droits voisins)', 469, 0),
(1122, 'AGN2453', 'Anglais ', 469, 0),
(1123, 'LIL1111', 'Analyse I', 474, 0),
(1124, 'LIL1112', 'Algèbre I', 474, 0),
(1125, 'LIL1121', 'Probabilités', 475, 0),
(1126, 'LIL1122', 'Statistiques', 475, 0),
(1127, 'LIL1123', 'Modélisation 1', 475, 0),
(1128, 'LIL1131', 'Algorithmique et Programmation I', 476, 0),
(1129, 'LIL1132', 'Architechture des ordinateurs', 476, 0),
(1130, 'LIL1133', 'Systeme d\'exploitation', 476, 0),
(1131, 'LIL1141', 'Câblage réseaux (vdi)', 477, 0),
(1132, 'CD1233', 'Culture d?entreprise', 245, 0),
(1133, 'LIL1142', 'Introduction aux réseaux', 477, 0),
(1134, 'LIL1143', 'Maintenance informatique', 477, 0),
(1135, 'LIL1151', 'Technique d?expression et de communication', 478, 0),
(1136, 'LIL1152', 'Leadership', 478, 0),
(1137, 'LIL1153', 'Développement personnel', 478, 0),
(1138, 'AGN3511', 'Sites et Monuments historiques', 479, 0),
(1139, 'CD1243', 'Esprit critique', 246, 0),
(1140, 'LIL1154', 'Initiation à l?informatique', 478, 0),
(1141, 'AGN3512', 'site urbain', 479, 0),
(1142, 'LIL1155', 'Anglais', 478, 0),
(1143, 'AGN3521', 'Branding', 480, 0),
(1144, 'AGN3522', 'Création publicitaire', 480, 0),
(1145, 'AGN3531', 'Introduction 3D printing', 481, 0),
(1146, 'AGN3532', 'Introduction a AUTODESK', 481, 0),
(1147, 'AGN3541', 'Modélisation 3D 3', 482, 0),
(1148, 'AGN3542', 'Animation 3D 2 (mapping motion design, réalité augmentée)', 482, 0),
(1149, 'AGN3551', 'Design Thinking', 483, 0),
(1150, 'AGN3552', 'Ergonomie - UX (User eXperience)', 483, 0),
(1151, 'AGN3561', 'Theorie et esthetique du montage 2', 484, 0),
(1152, 'AGN3562', 'colorimetrie', 484, 0),
(1153, 'AGN3571', 'Conduite de projets multimédia', 485, 0),
(1154, 'AGN3572', 'Projet opérationnel', 485, 0),
(1155, 'AGN3573', 'Anglais ', 485, 0),
(1156, 'AGN3611', 'Industries culturelles et créatives', 489, 0),
(1157, 'AGN3612', 'Entreprise et entrepreneuriat', 489, 0),
(1158, 'AGN3621', 'Conception et validation du projet d\'?uvre d\'art', 490, 0),
(1159, 'AGN3622', 'Réalisation et présentation d?une ?uvre d?art', 490, 0),
(1160, 'AGN3631', 'Préparation au stage', 491, 0),
(1161, 'AGN3632', 'Stage professionnel', 491, 0),
(1162, 'AGN3633', 'Anglais ', 491, 0),
(1163, 'lil1211', 'Analyse 2', 486, 0),
(1164, 'lil1212', 'Algèbre 2', 486, 0),
(1166, 'LIL1221', 'Calcul numérique', 487, 0),
(1167, 'LIL1222', 'Statistiques (application)', 487, 0),
(1168, 'LIL1223', 'Equations Différentielles ordinaires 1', 487, 0),
(1169, 'LIL1231', 'Algorithmique et Programmation 2', 488, 0),
(1171, 'LIL1232', 'Architecture des ordinateurs  ', 488, 0),
(1172, 'LIL1241', 'Réseaux locaux  ', 493, 0);
INSERT INTO `gen_ec` (`id`, `code`, `designation`, `ue`, `actif`) VALUES
(1173, 'LIL1242', 'Technologie des ordinateurs', 493, 0),
(1174, 'LIL1251', 'Anglais', 494, 0),
(1175, 'LIL1252', 'Choix EC 1', 494, 0),
(1176, 'LIL1261', 'Techniques de  collecte de données', 495, 0),
(1177, 'LIL1262', 'Logiciels stat (R et SPSS)', 495, 0),
(1178, 'LIL1263', 'Analyse de Données Statistiques', 495, 0),
(1179, 'LIL1271', 'Méthodes des différences finies', 496, 0),
(1180, 'LMA1111', 'Analyse I', 499, 0),
(1181, 'LIL1272', 'Pratique d?un logiciel de simulation', 496, 0),
(1182, 'LIL1281', 'Formation psychopédagogique et professionnelle', 497, 0),
(1183, 'LMA1112', 'Algèbre I', 499, 0),
(1184, 'LIL1282', 'Législation scolaire (déontologie)', 497, 0),
(1185, 'LIL1283', 'Outils d\'élaboration de contenus pédagogiques (Latex, etc..)', 497, 0),
(1186, 'LMA1121', 'Probabilités', 500, 0),
(1188, 'LIL1291', 'Administration Linux', 498, 0),
(1189, 'LIL1292', 'Administration Windows', 498, 0),
(1190, 'LMA1122', 'Statistiques', 500, 0),
(1192, 'LMA1123', 'Modélisation 1', 500, 0),
(1194, 'LMA1131', 'Algorithmique et Programmation I', 501, 0),
(1195, 'LMA1132', 'Architechture des ordinateurs', 501, 0),
(1196, 'LMA1133', 'Systeme d\'exploitation', 501, 0),
(1197, 'LMA1141', 'Câblage réseaux (vdi)', 503, 0),
(1198, 'LMA1142', 'Introduction aux réseaux', 503, 0),
(1199, 'LMA1143', 'Maintenance informatique', 503, 0),
(1200, 'LMA1151', 'Technique d?expression et de communication ', 504, 0),
(1201, 'LMA1152', 'Leadership', 504, 0),
(1202, 'LMA1153', 'Développement personnel', 504, 0),
(1203, 'LMA1154', 'Initiation à l?informatique', 504, 0),
(1204, 'LMA1155', 'Anglais', 504, 0),
(1205, 'LMA1211', 'Analyse 2', 508, 0),
(1206, 'LMA1212', 'Algèbre 2', 508, 0),
(1207, 'LMA1221', 'Calcul numérique', 509, 0),
(1208, 'LMA1222', 'Statistiques (application)', 509, 0),
(1209, 'LMA1223', 'Equations Différentielles ordinaires 1', 509, 0),
(1210, 'LMA1231', 'Algorithmique et Programmation 2', 510, 0),
(1211, 'LMA1232', 'Architecture des ordinateurs', 510, 0),
(1212, 'LMA1241', 'Réseaux locaux', 511, 0),
(1213, 'LMA1242', 'Technologie des ordinateurs', 511, 0),
(1214, 'LMA1251', 'Anglais', 512, 0),
(1215, 'LMA1261', 'Techniques de  collecte de données', 518, 0),
(1216, 'LMA1262', 'Logiciels stat (R et SPSS)', 518, 0),
(1217, 'LMA1263', 'Analyse de Données Statistiques', 518, 0),
(1218, 'LMA1271', 'Méthodes des différences finies', 515, 0),
(1219, 'LMA1272', 'Pratique d?un logiciel de simulation', 515, 0),
(1220, 'LMA1281', 'Formation psychopédagogique et professionnelle', 519, 0),
(1221, 'LMA1282', 'Législation scolaire (déontologie)', 519, 0),
(1222, 'LMA1283', 'Outils d\'élaboration de contenus pédagogiques (Latex, etc..)', 519, 0),
(1223, 'LMA1291', 'Administration Linux', 523, 0),
(1224, 'LMA1292', 'Administration Windows', 523, 0),
(1225, 'LMA2311', 'Analyse 3', 524, 0),
(1226, 'LMA2312', 'Algèbre 3', 524, 0),
(1227, 'LMA2321', 'Lois de variables aleatoires', 525, 0),
(1228, 'LMA2322', 'Simulations Stochastiques', 525, 0),
(1229, 'LMA2331', 'Algorithme et programmation 3', 526, 0),
(1230, 'LMA2332', 'Introduction aux  Systèmes  d?information', 526, 0),
(1231, 'LMA2333', ' Architecture TCP IP', 526, 0),
(1232, 'LMA2341', 'Approche orientée Objet', 527, 0),
(1233, 'LMA2342', 'POO', 527, 0),
(1234, 'LMA2351', 'Sport', 528, 0),
(1235, 'LMA2352', 'Anglais', 528, 0),
(1236, 'LMA2411', 'Analyse 4', 529, 0),
(1237, 'LMA2412', 'Algèbre 4', 529, 0),
(1238, 'LMA2421', 'Programmation concurrentielle et réseaux', 530, 0),
(1239, 'LMA2422', 'Algorithme avancé et Complexité', 530, 0),
(1240, 'LMA2423', 'Système d?exploitation', 530, 0),
(1241, 'LMA2431', 'Variables complexes', 531, 0),
(1242, 'LMA2432', 'Systèmes dynamiques', 531, 0),
(1243, 'LMA2441', 'Anglais', 532, 0),
(1244, 'LMA2442', 'Service à la communauté', 532, 0),
(1245, 'LMA2451', 'Modélisation des Systèmes d\'information (UML)', 536, 0),
(1246, 'LMA2452', 'Bases de données', 536, 0),
(1247, 'LMA2461', 'Modélisation 2', 534, 0),
(1248, 'LMA2462', 'Résolution Numérique des EDOs', 534, 0),
(1249, 'LMA2471', 'Estimation Ponctuelle', 535, 0),
(1250, 'LMA2472', 'Logiciels Statistiques (Epi info, Stata)', 535, 0),
(1251, 'LMA3511', 'Théorie des groupes', 538, 0),
(1252, 'LMA3512', 'Géometrie', 538, 0),
(1253, 'LMA3521', 'Calcul Numerique Matriciel', 539, 0),
(1254, 'LMA3522', 'Introduction à la résolution des EDP', 539, 0),
(1255, 'LMA3523', 'Méthode des Eléments finis', 539, 0),
(1256, 'LMA3531', 'Optimisation Lineaire', 540, 0),
(1257, 'LMA3532', 'Optimisation Non Lineaire', 540, 0),
(1258, 'LMA3541', 'Topologie générale', 541, 0),
(1259, 'LMA3551', 'Mesure et intégration', 542, 0),
(1260, 'LMA3611', 'Calcul différentiel', 543, 0),
(1261, 'LMA3612', 'Anneaux et corps', 543, 0),
(1262, 'LMA3621', 'Théorie des files d?attente', 544, 0),
(1263, 'LMA3622', 'Intégration probabiliste', 544, 0),
(1264, 'LMA3631', 'Outils mathématiques pour le signal', 545, 0),
(1265, 'LMA3632', 'Traitement du signal et de l?image', 545, 0),
(1266, 'LMA3641', 'Outils informatiques pour les mathématiques (sagemaths, maxima)', 546, 0),
(1267, 'LMA3642', 'Introduction au calcul parallele', 546, 0),
(1268, 'LMA3651', 'Stage / Projet / Mémoire', 547, 0),
(1269, 'LANUM1111', 'Modélisation', 548, 0),
(1270, 'LANUM1112', 'Calcul scientifique', 548, 0),
(1271, 'LANUM1121', 'Algèbre 1', 549, 0),
(1272, 'LANUM1122', 'Analyse 1', 549, 0),
(1273, 'LANUM1131', 'Algorithmique et programmation 1', 550, 0),
(1274, 'LIL2311', 'Analyse 3', 505, 0),
(1275, 'LANUM1132', 'Architecture des ordinateurs', 550, 0),
(1276, 'LIL2312', 'Algébre 3', 505, 0),
(1277, 'LANUM1141', 'Histoire de l\'Afrique 1', 551, 0),
(1278, 'LIL2321', 'Algorithmique et structures de données', 506, 0),
(1279, 'LIL2322', 'Initiation aux bases de données relationnelles', 506, 0),
(1280, 'LANUM1142', 'Anglais', 551, 0),
(1281, 'LIL2331', 'Analyse et conception orientée objet', 507, 0),
(1282, 'LIL2332', 'Introduction aux  Systèmes  d?information', 507, 0),
(1283, 'LIL2341', 'Architecture TCP/IP', 514, 0),
(1284, 'LIL2342', 'Administration systèmes', 514, 0),
(1285, 'LANUM1143', 'Communication 1', 551, 0),
(1286, 'LIL2351', 'Sport ou Recherche doc ou Techniques exp', 522, 0),
(1287, 'LANUM1144', 'Bureautique', 551, 0),
(1288, 'LIL2352', 'Anglais', 522, 0),
(1289, 'LANUM1211', 'Calcul nuéerique 1   ', 552, 0),
(1290, 'LANUM1212', 'Calcul numérique 2', 552, 0),
(1291, 'LANUM1221', 'Algèbre 2', 553, 0),
(1292, 'LANUM1222', 'Analyse 2', 553, 0),
(1293, 'LANUM1231', 'Algorithmique et programmation 2', 554, 0),
(1294, 'LANUM1232', 'Language C', 554, 0),
(1295, 'LIL2411', 'Web design', 556, 0),
(1296, 'LSYR1111', 'Analyse I', 562, 0),
(1298, 'LANUM1241', 'Histoire de l\'Afrique 2', 555, 0),
(1299, 'LSYR1112', 'Algèbre I', 562, 0),
(1300, 'LIL2412', 'Développement web client', 556, 0),
(1301, 'LSYR1121', 'Probabilités', 563, 0),
(1302, 'LSYR1122', 'Statistiques', 563, 0),
(1303, 'LANUM1242', 'Anglais 2', 555, 0),
(1304, 'LIL2413', 'Programmation web évènementielle', 556, 0),
(1305, 'LSYR1131', 'Algorithmique et Programmation', 564, 0),
(1306, 'LIL2421', 'Modélisation des Systèmes d\'information (UML)', 557, 0),
(1307, 'LANUM1243', 'Communication 2', 555, 0),
(1308, 'LSYR1132', 'Architechture des ordinateurs', 564, 0),
(1309, 'LSYR1133', 'Systeme d\'exploitation', 564, 0),
(1310, 'LIL2422', 'Base de données', 557, 0),
(1311, 'LANUM1244', 'Bureautique 2', 555, 0),
(1312, 'LSYR1141', 'Câblage réseaux (vdi)', 565, 0),
(1313, 'LIL2431', 'Anglais', 558, 0),
(1314, 'LSYR1142', 'Introduction aux réseaux', 565, 0),
(1315, 'LIL2432', 'PPP/Service à la communauté', 558, 0),
(1316, 'LSYR1143', 'Maintenance informatique', 565, 0),
(1317, 'LSYR1151', 'Technique d?expression et de communication', 566, 0),
(1318, 'LSYR1152', 'Leadership', 566, 0),
(1320, 'LSYR1153', 'Développement personnel', 566, 0),
(1321, 'LSYR1154', 'Initiation à l?informatique', 566, 0),
(1322, 'LIL2441', 'Analyse de Données', 559, 0),
(1323, 'LSYR1155', 'Anglais', 566, 0),
(1324, 'LIL2442', 'Recherche opérationnelle', 559, 0),
(1325, 'LIL2451', 'Système d?exploitation', 560, 0),
(1326, 'LIL2452', 'Introduction au génie logiciel', 560, 0),
(1327, 'LIL2461', 'Programmation orientée objet 1', 561, 0),
(1328, 'LIL2462', 'Programmation web serveur 1', 561, 0),
(1330, 'LANUM2311', 'EDO', 567, 0),
(1331, 'LANUM2312', 'EDP', 567, 0),
(1332, 'LANUM2313', 'Équations Intégro-différentielles', 567, 0),
(1333, 'LANUM2321', 'Probabilités', 568, 0),
(1334, 'LANUM2322', 'Analyse 3', 568, 0),
(1335, 'LANUM2331', 'Programmation objet', 569, 0),
(1336, 'LANUM2332', 'Système d\'information et bases de donnees', 569, 0),
(1337, 'LIL3511', 'Approche native', 574, 0),
(1340, 'LSYR1211', 'Analyse 2', 571, 0),
(1341, 'LIL3512', 'Approche hybride', 574, 0),
(1342, 'LIL3521', 'Cloud Computing(DevOps)', 577, 0),
(1343, 'LIL3522', 'Qualité et métrique logiciel', 577, 0),
(1344, 'LIL3531', 'Programmation web serveur 2', 579, 0),
(1345, 'LIL3532', 'Développement web avancé 1', 579, 0),
(1346, 'LIL3541', 'Cryptographie', 581, 0),
(1347, 'LIL3542', 'Sécurité  des applications', 581, 0),
(1348, 'LIL3551', 'Administration de bases de données', 583, 0),
(1349, 'LIL3552', 'Data Analytics', 583, 0),
(1350, 'LIL3561', 'Anglais', 585, 0),
(1351, 'LIL3562', 'Gestion de projets informatiques', 585, 0),
(1352, 'LANUM2341', 'Histoire de l\'Afrique 3', 570, 0),
(1353, 'LANUM2342', 'Anglais 3', 570, 0),
(1354, 'LANUM2343', 'Communication 3', 570, 0),
(1355, 'LANUM2344', 'Bureautique 3', 570, 0),
(1356, 'LIL3611', 'XML et Services Web', 586, 0),
(1358, 'LIL3612', 'Programmation web avancé 2 (Java EE(JSF, Spring Boot, JHIPSTER) ou .Net))', 586, 0),
(1359, 'LIL3621', 'Langage automate et compilation', 587, 0),
(1360, 'LIL3631', 'Programmation logique', 587, 0),
(1361, 'LIL3632', 'Stage / Projet / Mémoire', 588, 0),
(1363, 'LANUM2411', 'Différences finis', 589, 0),
(1364, 'LANUM2412', 'Eléments finis', 589, 0),
(1365, 'LANUM2413', 'Volumes finis', 589, 0),
(1366, 'LANUM2421', 'statistique', 590, 0),
(1367, 'LANUM2422', 'Analyse 4', 590, 0),
(1368, 'LANUM2431', 'Physique générale', 591, 0),
(1369, 'LSYR2311', 'Analyse 3', 593, 0),
(1370, 'LSYR2312', 'Algèbre 3', 593, 0),
(1371, 'LANUM2432', 'Mécanique quantique', 591, 0),
(1372, 'LSYR2321', 'Algorithmique et structures de données', 594, 0),
(1373, 'LANUM2441', 'Histoire des mathématiques', 592, 0),
(1374, 'LSYR2322', 'Initiation aux bases de données relationnelles', 594, 0),
(1375, 'LSYR2331', 'Analyse et conception orientée objet', 595, 0),
(1376, 'LANUM2442', 'Anglais 4', 592, 0),
(1377, 'LSYR2332', 'Introduction aux  Systèmes d?information', 595, 0),
(1378, 'LANUM2443', 'Civisme et citoyennneté', 592, 0),
(1379, 'LSYR2341', 'Architecture TCP/IP', 596, 0),
(1380, 'LANUM2444', 'Bureautique 4', 592, 0),
(1381, 'LSYR2342', 'Administration systèmes', 596, 0),
(1383, 'LSYR2351', 'Sport ou Recherche documentaire ou Techniques d\'expression', 597, 0),
(1384, 'LSYR2352', 'Anglais', 597, 0),
(1385, 'LSYR1212', 'Algèbre 2', 571, 0),
(1386, 'LSYR1221', 'Calcul numérique', 572, 0),
(1387, 'LSYR1222', 'Statistiques (application)', 572, 0),
(1388, 'LSYR1223', 'Equations Différentielles et applications', 572, 0),
(1389, 'LSYR1231', 'Algorithmique et Programmation 2', 573, 0),
(1390, 'LSYR1232', 'Architecture des ordinateurs', 573, 0),
(1391, 'LSYR1241', 'Réseaux locaux', 575, 0),
(1392, 'LSYR1242', 'Technologie des ordinateurs', 575, 0),
(1393, 'LSYR1251', 'Anglais', 576, 0),
(1394, 'LSYR1252', 'Choix EC 1', 576, 0),
(1395, 'LSYR1261', 'Techniques de  collecte de données', 578, 0),
(1396, 'LSYR1262', ' Logiciels stat (R et SPSS)', 578, 0),
(1397, 'LSYR1263', 'Analyse de Données Statistiques(Abou Sene)', 578, 0),
(1398, 'LSYR1271', 'Modélisation conduisant aux EDO', 580, 0),
(1399, 'LSYR1272', 'Méthodes numérique de résolution', 580, 0),
(1400, 'LSYR1273', 'Pratique d?un logiciel de simulation', 580, 0),
(1401, 'LSYR1281', 'Formation psychopédagogique et professionnelle', 582, 0),
(1402, 'LANUM3511', 'Introduction à la théorie du contrôle', 598, 0),
(1403, 'LSYR1282', 'Législation scolaire (déontologie)', 582, 0),
(1404, 'LSYR1283', 'Outils d\'élaboration de contenus pédagogiques (Latex, etc..)', 582, 0),
(1405, 'LANUM3512', 'Optimisation', 598, 0),
(1406, 'LSYR1291', 'Administration Linux', 584, 0),
(1407, 'LSYR1292', 'Administration Windows', 584, 0),
(1408, 'LANUM3513', 'Recherche Opérationnelle', 598, 0),
(1409, 'LSYR2411', 'Analyse de Données', 600, 0),
(1410, 'LSYR2412', 'Recherche opérationnelle', 600, 0),
(1411, 'LANUM3521', 'Analyse 5', 599, 0),
(1412, 'LSYR2421', 'Programmation orientée objet 1', 602, 0),
(1413, 'LSYR2422', 'Environnement de développement mobile', 602, 0),
(1414, 'LSYR2423', 'Système d\'exploitation', 602, 0),
(1416, 'LANUM3522', 'Analyse 6', 599, 0),
(1417, 'LSYR2431', 'Développement web client', 603, 0),
(1418, 'LSYR2432', 'Développement web dynamique', 603, 0),
(1419, 'LSYR2441', 'Réseaux locaux d\'entreprise', 605, 0),
(1420, 'LANUM3531', 'Calcul parallele', 601, 0),
(1421, 'LSYR2442', 'Administration des services réseaux', 605, 0),
(1422, 'LANUM3532', 'Développement web', 601, 0),
(1423, 'LSYR2451', 'Anglais', 606, 0),
(1424, 'LSYR2452', 'PPP/Service à la communauté', 606, 0),
(1425, 'LANUM3541', 'Anglais 5', 604, 0),
(1426, 'LANUM3542', 'Intoduction a l\'économie ', 604, 0),
(1427, 'LANUM3543', 'Gestion des entreprises', 604, 0),
(1428, 'LANUN3621', 'Modèles biomathématiques', 608, 0),
(1429, 'LANUN3622', 'Mouvement des foules et trafic automobile', 608, 0),
(1430, 'LANUN3631', 'Mécanique des milieux continus', 609, 0),
(1431, 'LANUN3632', 'Modélisation en physique', 609, 0),
(1432, 'LSYR3511', 'Introduction aux systèmes embarqués', 611, 0),
(1433, 'LSYR3512', 'Cloud computing', 611, 0),
(1434, 'LANUN3641', 'Physique des ondes et techniques de diversité', 610, 0),
(1435, 'LSYR3521', 'Développement mobile', 612, 0),
(1436, 'LANUN3642', 'Réseaux de diffusion', 610, 0),
(1437, 'LSYR3522', 'Programmation orientée objet 2', 612, 0),
(1438, 'LSYR3531', 'Cryptographie', 615, 0),
(1439, 'LSYR3532', 'Sécurité des réseaux d\'entreprises', 615, 0),
(1440, 'LSYR3541', 'Routage Internet', 616, 0),
(1441, 'LSYR3542', 'Technologies des réseaux sans fil', 616, 0),
(1442, 'LSYR3551', 'Anglais', 617, 0),
(1443, 'LSYR3552', 'Gestion de projets informatiques', 617, 0),
(1444, 'LANUM3611', 'Modélisation en économie', 607, 0),
(1445, 'LANUM3612', 'Modélisation financière', 607, 0),
(1447, 'LSYR3611', 'Technologies VoIP', 618, 0),
(1448, 'LSYR3612', 'Services à valeur ajoutée', 618, 0),
(1449, 'LSYR3621', 'Réseaux d?opérateurs', 619, 0),
(1450, 'LSYR3622', 'Architecture des réseaux mobiles', 619, 0),
(1451, 'LSYR3631', 'Stage / Projet / Mémoire', 620, 0),
(1452, 'LANUM3651', 'cf programme licence robotique', 621, 0),
(1453, 'LANUM3652', 'cf programme licence robotique', 621, 0),
(1454, 'LANUM3653', 'cf programme licence robotique', 621, 0),
(1455, 'MAP4111', 'Science et Techniques Administratives 1', 623, 0),
(1456, 'MAP4112', 'Droit Public Economique 1', 623, 0),
(1457, 'MAP4121', 'Droit des Marchés Publics et des délégations de services publics ', 624, 0),
(1458, 'MAP4122', 'Sciences et Techniques Fiscales', 624, 0),
(1459, 'MAP4131', 'Droit de l?Environnement et du développement durable', 625, 0),
(1460, 'MAP4132', ' Droit de l?Urbanisme et de l?Aménagement du Territoire', 625, 0),
(1461, 'MAP4141', 'Anthropologie politique et sociale', 626, 0),
(1462, 'MAP4142', 'Anglais', 626, 0),
(1463, 'MACG4211', 'Audit de la qualité', 627, 0),
(1464, 'MACG4212', 'Audit des projets', 627, 0),
(1465, 'MACG4213', 'Droit d\'Enregistrement - Fiscalité directe et indirecte', 627, 0),
(1466, 'MACG4221', 'Méthodologie de Recherche', 628, 0),
(1467, 'MACG4222', 'Recherche Opérationnelle ', 628, 0),
(1468, 'MACG4223', 'Droit des Affaires ', 628, 0),
(1469, 'MACG4224', 'Techniques d\'Expression et de Communication', 628, 0),
(1470, 'MACG4231', 'Anglais ', 629, 0),
(1471, 'MACG4232', 'Choix 1 dans panier EC transversaux', 629, 0),
(1472, 'MAP4211', 'Science et Techniques Administratives 2', 630, 0),
(1473, 'MACG4233', 'Choix 2 dans panier EC transversaux', 629, 0),
(1474, 'MAP4212', 'Droit Public Economique 2', 630, 0),
(1475, 'MAP4221', 'Contentieux Administratif', 631, 0),
(1476, 'MAP4222', 'Justice Pénale Internationale', 631, 0),
(1477, 'MAP4231', 'Analyse des Politiques Publiques', 632, 0),
(1478, 'MAP4232', 'Histoire des Idées Politiques', 632, 0),
(1479, 'MAP4241', 'Anglais', 633, 0),
(1480, 'MAP4242', 'Technique de rédaction administrative', 633, 0),
(1481, 'MAP4243', 'Philosophie du Droit', 633, 0),
(1482, 'MACG5311', 'Contrôle de Gestion II', 634, 0),
(1483, 'MACG5312', 'Comptabilité Approfondie', 634, 0),
(1484, 'MACG5313', 'Comptabilité internationale ', 634, 0),
(1485, 'MACG5321', 'Audit & diagnostic Financier', 635, 0),
(1486, 'MAP4311', 'Droit  Constitutionnel Approfondi', 639, 0),
(1487, 'MACG5322', 'Audit Opérationnel', 635, 0),
(1488, 'MAP4312', 'Droit Administratif Approfondi', 639, 0),
(1489, 'MAP4321', 'Finances Publiques Approfondies', 640, 0),
(1490, 'MACG5323', 'Audit social', 635, 0),
(1491, 'MAP4322', 'Politique Budgétaire Communautaire', 640, 0),
(1492, 'MAP4331', 'Contentieux Constitutionnel', 641, 0),
(1493, 'MAP4332', 'Contentieux Administratif', 641, 0),
(1494, 'MACG5331', 'Audit & Contrôle fiscal', 636, 0),
(1495, 'MAP4341', 'Partenariats Public Privé', 642, 0),
(1496, 'MAP4342', 'Anglais', 642, 0),
(1497, 'MACG5332', 'Audit Informatique', 636, 0),
(1499, 'MACG5341', 'Passation de Marchés', 637, 0),
(1500, 'MACG5342', 'Les organes d\'assistance (APIX, ANPEJ, 3FPT, etc.)', 637, 0),
(1501, 'MACG5343', 'Les organes de contrôle  (IGE, OFNAC, Cour des comptes, Assemblée, ARMP, DCMP, etc.)', 637, 0),
(1502, 'MACG5351', 'Anglais ', 638, 0),
(1503, 'MACG5352', 'Choix 1 dans panier EC transversaux', 638, 0),
(1504, 'MACG5353', 'Choix 2 dans panier EC transversaux', 638, 0),
(1505, 'MAP5411', 'Immersion', 643, 0),
(1506, 'MAP5412', 'Rapport', 643, 0),
(1507, 'MAP5421', 'Rédaction', 644, 0),
(1508, 'MAP5422', 'Soutenance', 644, 0),
(1509, 'MACG5411', 'Méthodologie', 645, 0),
(1510, 'MACG5412', 'Mémoire de fin de cycle', 645, 0),
(1511, 'MEGT4111', 'Economie des choix publics ', 647, 0),
(1512, 'MEGT4112', 'Economie des territoires / Economie des espaces ruraux', 647, 0),
(1513, 'MEGT4113', 'Economie du Développement', 647, 0),
(1514, 'MEGT4114', 'Politique économique ', 647, 0),
(1515, 'MEGT4121', 'Développement économique local', 648, 0),
(1516, 'MEGT4122', 'Aménagement et organisation des territoires ', 648, 0),
(1517, 'MEGT4123', 'Stratégies économiques de développement des territoires et financement du développement local', 648, 0),
(1518, 'MDIP4111', 'Théorie Générale des Relations Internationales 1', 653, 0),
(1520, 'MDIP4112', 'Droit International Economique 1', 653, 0),
(1521, 'MDIP4121', 'Droit International Humanitaire', 653, 0),
(1522, 'MDIP4122', 'Justice Pénale Internationale', 654, 0),
(1523, 'MEGT4131', 'Finances publiques', 649, 0),
(1524, 'MDIP4131', 'Régionalisme Africain', 655, 0),
(1525, 'MDIP4132', 'Droit des ONG', 655, 0),
(1526, 'MEGT4132', 'Décentralisation ', 649, 0),
(1527, 'MDIP4141', 'Politique migratoire', 656, 0),
(1528, 'MDIP4142', 'Anglais', 656, 0),
(1531, 'MEGT4133', 'Droit des collectivités territoriales', 649, 0),
(1532, 'MEGT4141', 'Econométrie (données de panel, modèles VAR, ARCH, etc.)', 651, 0),
(1533, 'MEGT4142', 'Econométrie des données qualitatives', 651, 0),
(1534, 'MEGT4151', 'Anglais ', 652, 0),
(1536, 'MEGT4152', 'Histoire (politique, économique, sociale, etc.) du Sénégal ', 652, 0),
(1537, 'MEGT4153', 'Choix panier EC', 652, 0),
(1539, 'MDIP4211', 'Théorie Générale des Relations Internationales 2', 658, 0),
(1540, 'MDIP4212', 'Droit International Economique 2', 658, 0),
(1541, 'MDIP4221', ' Droit International de l?Environnement', 659, 0),
(1542, 'MDIP4222', 'Droit International des Droits de l?Homme', 659, 0),
(1543, 'MDIP4231', ' Histoire des Relations Internationales', 660, 0),
(1544, 'MDIP4232', ' Histoire des Idées Politiques 2', 660, 0),
(1545, 'MDIP4241', 'Anglais', 661, 0),
(1546, 'MDIP4242', 'Technique de rédaction administrative', 661, 0),
(1547, 'MDIP4243', 'Droit des Négociations Internationales', 661, 0),
(1548, 'MEGT4211', 'Méthodologie d\'aide à la politique publique', 662, 0),
(1549, 'MEGT4212', 'Méthodes de gouvernance participatives et inclusives / Démocratie et citoyenneté locales', 662, 0),
(1550, 'MEGT4213', 'Evaluation des politiques publiques', 662, 0),
(1551, 'MEGT4214', 'Territorialisation des politiques publiques (concept, outils, études de cas)', 662, 0),
(1552, 'MEGT4221', 'Méthodes et outils de planification (stratégitique, opérationnelle, locale)', 663, 0),
(1553, 'MEGT4222', 'Gestion financière et budgétaire des collectivités locales', 663, 0),
(1554, 'MDIP5311', 'Droit international approfondi', 666, 0),
(1555, 'MEGT4223', 'Méthodes innovantes de financement (PPP, Fundraising, financements verts, etc.)', 663, 0),
(1556, 'MDIP5312', 'Droit de la responsabilité internationale', 666, 0),
(1557, 'MDIP5321', 'Droit des organisations internationales', 667, 0),
(1558, 'MDIP5322', 'Droit international de la mer', 667, 0),
(1560, 'MDIP5331', 'Droit international de la merContentieux Communautaire', 668, 0),
(1561, 'MDIP5332', 'Différends et contentieux internationaux', 668, 0),
(1562, 'MEGT4224', 'Gestion des infrastructures et des équipements communaux (maitrise d\'ouvrage délégué, etc.)', 663, 0),
(1563, 'MDIP5341', 'Droit de la sécurité internationale', 669, 0),
(1564, 'MDIP5342', 'Anglais', 669, 0),
(1566, 'MEGT4231', 'Econométrie spatiale', 664, 0),
(1568, 'MEGT4232', 'Etude d\'impact (projets d\'aménagements, investissements structurants, etc.)', 664, 0),
(1569, 'MEGT4233', 'Sondages et pratiques des enquêtes', 664, 0),
(1570, 'MEGT4241', 'Fiscalité locale / Finances publiques locales', 665, 0),
(1571, 'MEGT4242', 'Règlementation des marchés publics', 665, 0),
(1572, 'MEGT4243', 'Fonction publique locale / Gestion locale des ressources humaines', 665, 0),
(1573, 'MDIP5411', 'Immersion', 670, 0),
(1574, 'MDIP5412', 'Rapport', 670, 0),
(1575, 'MDIP5421', 'Rédaction', 671, 0),
(1576, 'MDIP5422', 'Soutenance', 671, 0),
(1577, 'MEG4251', 'Anglais ', 672, 0),
(1578, 'MEG4252', 'Choix panier EC ', 672, 0),
(1579, 'MEG4253', 'Choix panier EC', 672, 0),
(1580, 'MAP5311', 'Droit Constitutionnel Approfondi', 650, 0),
(1581, 'MAP5312', 'Droit Administratif Approfondi', 650, 0),
(1582, 'MAP5321', 'Finances Publiques Approfondies', 676, 0),
(1583, 'MAP5322', 'Politique Budgétaire Communautaire', 676, 0),
(1584, 'MAP5331', 'Contentieux Constitutionnel', 678, 0),
(1585, 'MAP5332', 'Contentieux Administratif', 678, 0),
(1586, 'MAP5341', 'Partenariats Public Privé', 679, 0),
(1587, 'MAP5342', 'Anglais', 679, 0),
(1588, 'MEGT5311', 'Analyse économique des inégalités ', 673, 0),
(1589, 'MEGT5312', 'Economies des ressources naturelles et de l\'environnement', 673, 0),
(1590, 'MEGT5313', 'Migration et développement', 673, 0),
(1591, 'MEGT5314', 'Planification économique / Politiques économiques ', 673, 0),
(1592, 'MEGT5321', 'Systèmes territoriaux de production et d\'innovation (systèmes de production, pôles de competitivité, clusters, etc.)', 674, 0),
(1593, 'MEGT5322', 'Intelligence économique / Prospective et veille terrritoriales', 674, 0),
(1594, 'MEGT5323', 'Marketing territorial', 674, 0),
(1595, 'MEGT5324', 'Coopération intercommunale / Coopération décentralisée ', 674, 0),
(1596, 'MEGT5331', 'Communication, plaidoyer et relations publiques', 675, 0),
(1597, 'MEGT5332', 'Systèmes d\'informations géographiques (SIG)', 675, 0),
(1598, 'MEGT5333', 'Communication locale & marketing social', 675, 0),
(1599, 'MEGT5334', 'Gestion de projets (méthodes, outils informatiques, etc.)', 675, 0),
(1600, 'MEGT5341', 'Anglais ', 677, 0),
(1601, 'MEGT5342', 'Choix panier EC ', 677, 0),
(1602, 'MEGT5343', 'Choix panier EC ', 677, 0),
(1603, 'MEGT5411', 'Méthodologie', 680, 0),
(1604, 'MEGT5412', 'Mémoire de fin de cycle', 680, 0),
(1605, 'UVS-CD/DPer', 'Développement personnel', NULL, 0),
(1606, 'UVS-CD/ANG', 'Anglais', NULL, 0),
(1607, 'socio2432', 'Anglais', NULL, 0),
(1608, 'DIL1111', 'Introduction au droit', NULL, 0),
(1609, 'DIL1112', 'Méthodologie juridique', NULL, 0),
(1610, 'DIL1113', 'Institutions judiciaires', NULL, 0),
(1611, 'DIL1121', 'Droit civil: Personnes', NULL, 0),
(1612, 'DIL1122', 'Droit constitutionnel', NULL, 0),
(1613, 'DIL1131', 'Introduction à l?informatique', NULL, 0),
(1614, 'DIL1132', 'Introduction aux réseaux', NULL, 0),
(1615, 'DIL1133', 'Introduction aux systèmes d?exploitation', NULL, 0),
(1616, 'DIL1141', 'Techniques d?expression et de communication', NULL, 0),
(1617, 'DIL1142', 'Leadership', NULL, 0),
(1618, 'DIL1143', 'Développement personnel', NULL, 0),
(1619, 'DIL1144', 'Initiation à l?informatique et à l environnement numérique de travail (ENT)', NULL, 0),
(1620, 'DIL1145', 'Anglais', NULL, 0),
(1621, 'DIL1211', 'Droit Civil: Famille et état-civil', NULL, 0),
(1622, 'DIL1212', 'Droit constitutionnel 2', NULL, 0),
(1623, 'DIL1221', 'Droit des biens 1', NULL, 0),
(1624, 'DIL1222', 'Droit pénal général', NULL, 0),
(1625, 'DIL1231', 'Base de données I', NULL, 0),
(1626, 'DIL1232', 'Modélisation informatique', NULL, 0),
(1627, 'DIL1233', 'Algorithme & programmation informatique I', NULL, 0),
(1628, 'DIL1241', 'Anglais', NULL, 0),
(1629, 'DIL1242', 'PPP (E-portfolio)', NULL, 0),
(1630, 'DIL1243', 'Introduction à l?économie', NULL, 0),
(1631, 'SOCIO3513', ' Terrains et pratiques de l?enquête sociologique', NULL, 0),
(1632, 'MIC2351', 'Anglais (commercial)', NULL, 0),
(1633, 'MIC2352', 'Théories de l\'information et de la communication', NULL, 0),
(1634, 'MIC2451', 'Communication expression écrite et orale', NULL, 0),
(1635, 'MIC2452', 'Relations presse & événementiel', NULL, 0),
(1636, 'SDC4152', 'Conception Productions numeriques et valorisation de contenu sur Web', NULL, 0),
(1637, 'SDC4151', 'Humanites Numeriques', NULL, 0),
(1638, 'SEG3511/PMO', 'Décisions financieres', NULL, 0),
(1639, 'SEG3512/PMO', 'Analyse financiere', NULL, 0),
(1640, 'SEG3513/PMO', 'Gestion Budgetaire', NULL, 0),
(1641, 'SEG3521/PMO', 'Droit du travail', NULL, 0),
(1642, 'SEG3522/PMO', 'Droit commercial et des societes', NULL, 0),
(1643, 'SEG3523/PMO', 'Droit fiscal et pratiques fiscales de l entreprise 1', NULL, 0),
(1644, 'SEG3531/PMO', 'Management de la qualite', NULL, 0),
(1645, 'SEG3532/PMO', 'Gestion de la logistique et de la production', NULL, 0),
(1646, 'SEG3533/PMO', 'Marketing', NULL, 0),
(1647, 'SEG3541/PMO', 'Theories des organisations', NULL, 0),
(1649, 'SEG3542/PMO', 'Entreprenariat', NULL, 0),
(1650, 'SEG3543/PMO', 'Strategie d entreprise', NULL, 0),
(1651, 'SEG3551/PMO', 'Progiciel et SI', NULL, 0),
(1652, 'SEG3552/PMO', 'Communication en entreprise', NULL, 0),
(1653, 'SEG3611/PMO', 'Organisation et pratiques comptables', NULL, 0),
(1654, 'SEG3612/PMO', 'Gestion de la tresorerie', NULL, 0),
(1655, 'SEG3613/PMO', 'Controle budgetaire', NULL, 0),
(1656, 'SEG3621/PMO', 'GRH: Administration du personnel et remuneration', NULL, 0),
(1657, 'SEG3622/PMO', 'Management de projet', NULL, 0),
(1658, 'SEG3631/PMO', 'Administration procedures et fonctionnement de l entreprise', NULL, 0),
(1659, 'SEG3632/PMO', 'Marches publics', NULL, 0),
(1660, 'SEG3633/PMO', 'Finances publiques', NULL, 0),
(1661, 'SEG3634/PMO', 'Economie sociale et solidaire', NULL, 0),
(1662, 'SJP3511/DPR', 'Droit commercial general', NULL, 0),
(1663, 'SJP3512/DPR', 'Theorie generale des obligations', NULL, 0),
(1664, 'SJP3521/DPR', 'Droit administratif II', NULL, 0),
(1665, 'SJP3522/DPR', 'Finances publiques II', NULL, 0),
(1666, 'SJP3531/DPR', 'Droit du travail', NULL, 0),
(1667, 'SJP3532/DPR', 'Droit Fiscal', NULL, 0),
(1669, 'SJP3541/DPR', 'Droit special des contrats', NULL, 0),
(1670, 'SJP3542/DPR', 'Droit processuel', NULL, 0),
(1671, 'SJP3543/DPR', 'Anglais', NULL, 0),
(1672, 'SJP3611/DPR', 'Introduction au droit international prive', NULL, 0),
(1673, 'SJP3621/DPR', 'Droit patrimonial de la famille', NULL, 0),
(1674, 'SJP3631/DPR', 'Droit des suretes', NULL, 0),
(1675, 'SJP3641/DPR', 'Procedure penale', NULL, 0),
(1676, 'SJP3642/DPR', 'Droit des societes commerciales', NULL, 0),
(1677, 'SJP3643/DPR', 'Droit de la securité sociale', NULL, 0),
(1678, 'SJP3644/DPR', 'Droit du Financement', NULL, 0),
(1679, 'SJP3651/DPR', 'Projet Personnel', NULL, 0),
(1680, 'SJP3511/DPU', 'Theorie des relations internationales', NULL, 0),
(1681, 'SJP3521/DPU', 'Droit des organisations internationales', NULL, 0),
(1682, 'SJP3531/DPU', 'Droit de la fonction publique', NULL, 0),
(1683, 'SJP3532/DPU', 'Droit Administratif', NULL, 0),
(1684, 'SJP3541/DPU', 'Droit de la coopération décentralisée', NULL, 0),
(1685, 'SJP3542/DPU', 'Techniques fiscales', NULL, 0),
(1686, 'SJP3543/DPU', 'Finances Publiques', NULL, 0),
(1687, 'SJP3544/DPU', 'Droit social', NULL, 0),
(1688, 'SJP3545/DPU', 'Anglais', NULL, 0),
(1689, 'SJP3611/DPU', 'Droit administratif des biens', NULL, 0),
(1690, 'SJP3621/DPU', 'Droit des marches publics locaux', NULL, 0),
(1691, 'SJP3631/DPU', 'Droit de l?environnement', NULL, 0),
(1692, 'SJP3641/DPU', 'Regionalisme africain', NULL, 0),
(1693, 'SJP3642/DPU', 'Droit de l?urbanisme et de l?amenagement du territoire', NULL, 0),
(1694, 'SJP3643/DPU', 'Droit commercial general', NULL, 0),
(1695, 'SJP3644/DPU', 'Libertes et droits fondamentaux', NULL, 0),
(1696, 'SJP3645/DPU', 'Procedure penale', NULL, 0),
(1697, 'SJP3651/DPU', 'Projet Personnel', NULL, 0),
(1698, 'ANG3611', 'Litterature britannique 6', NULL, 0),
(1699, 'ANG3611', 'Variation linguistique', NULL, 0),
(1700, 'ANG3612', 'Litterature americaine 6', NULL, 0),
(1701, 'ANG3612', 'Sociolinguistique des contacts de langues', NULL, 0),
(1702, 'ANG3621', 'Civilisation africaine anglophone 6', NULL, 0),
(1703, 'ANG3621', 'Theories linguistiques', NULL, 0),
(1704, 'ANG3622', 'Civilisation britannique 6', NULL, 0),
(1705, 'ANG3622', 'Classification des langues', NULL, 0),
(1706, 'ANG3623', 'Civilisation americaine 6', NULL, 0),
(1707, 'ANG3631', 'Theorie litteraire 6', NULL, 0),
(1708, 'ANG3631', 'Politique et amenagement', NULL, 0),
(1709, 'ANG3632', 'Litterature comparee 1', NULL, 0),
(1710, 'ANG3632', 'Langues et identites', NULL, 0),
(1711, 'ANG3633', 'Stylistique 1', NULL, 0),
(1712, 'SOCIO4111', ' Théories et paradigmes en sociologie', 720, 0),
(1713, 'SOCIO4112', 'Theories et paradigmes en anthropologie', 720, 0),
(1714, 'SOCIO4121', ' Methodologie', 721, 0),
(1715, 'SOCIO4122', 'Epistemologie', 721, 0),
(1716, 'SOCIO4123', 'Terrains et pratiques de l enquete sociologique', 721, 0),
(1717, 'SOCIO4131', 'Anglais', 722, 0),
(1718, 'SOCIO4132', 'Informatique', 722, 0),
(1719, 'SOCIO4141', ' Sociologie des religions', 723, 0),
(1720, 'SOCIO4142', 'Religion : permanence et changement au Senegal', 723, 0),
(1721, 'SOCIO4151', 'Theories et politiques educatives', 724, 0),
(1722, 'SOCIO4152', 'Intervention et mediation familiale au Senegal', 724, 0),
(1723, 'SOCIO4161', 'Insertion et entreprenariat solidaire', 725, 0),
(1724, 'SOCIO4162', 'Territoire et responsabilite societale des entreprises', 725, 0),
(1725, 'SOCIO4171', 'Les politiques sportives au Senegal', 726, 0),
(1726, 'SOCIO4172', ' Institutions sportives nationales et internationales', 726, 0),
(1727, 'SOCIO4181', 'Economie solidaire et developpement communautaire', 727, 0),
(1728, 'SOCIO4182', ' Economie territoriale', 727, 0),
(1729, 'SOCIO4191', 'Humanites numeriques', 728, 0),
(1730, 'SOCIO4192', 'Conception, productions numeriques et valorisation de contenus sur le Web', NULL, 0),
(1731, 'MMCS4161', 'Anglais', NULL, 0),
(1744, 'MFC4211', 'Cartographie des risques bancaires', NULL, 0),
(1745, 'MFC4212', 'Evolution des obligations prudentielles de la banques', NULL, 0),
(1746, 'MFC4213', 'La demarche risque et outils associes', NULL, 0),
(1747, 'MFC4221', 'Techniques de prevision', NULL, 0),
(1748, 'MFC4222', 'Fiscalite des Operations & Produits financiers', NULL, 0),
(1749, 'MFC4223', 'Conference de methode', NULL, 0),
(1750, 'MFC4231', 'Methodologie de Recherche', NULL, 0),
(1751, 'MFC4232', 'Comptabilite bancaire', NULL, 0),
(1752, 'MFC4233', 'Techniques d Expression et de Communication', NULL, 0),
(1753, 'MFC4241', 'Anglais', NULL, 0),
(1754, 'MFC4242', 'Choix 1 dans panier EC transversaux', NULL, 0),
(1755, 'MFC4243', 'Choix 2 dans panier EC transversaux', NULL, 0),
(1756, 'MRIV4211', 'Services d annuaire', NULL, 0),
(1757, 'MRIV4212', 'Services d?authentification', NULL, 0),
(1758, 'MRIV4213', 'Bases de donnees', NULL, 0),
(1759, 'MRIV4221', 'JavaScript avance', NULL, 0),
(1760, 'MRIV4222', 'Architecture orientee Service', NULL, 0),
(1761, 'MRIV4231', 'Concepts de base des systemes embarques', NULL, 0),
(1762, 'MRIV4232', 'Introduction aux reseaux de capteurs', NULL, 0),
(1763, 'MRIV4241', 'Reseaux ATM et MPLS', NULL, 0),
(1764, 'MRIV4242', 'Administration  et  supervision des reseaux', NULL, 0),
(1765, 'MRIV4243', 'Etude de performance des applications web', NULL, 0),
(1766, 'MRIV4251', 'Gestion de projet', NULL, 0),
(1767, 'MRIV4252', 'Connaissances de l entreprise', NULL, 0),
(1768, 'MRIV4253', 'Anglais', NULL, 0),
(1770, 'MIL4211', 'Algorithmes distribuees', NULL, 0),
(1771, 'MIL4212', 'Systemes d\'information distribues', NULL, 0),
(1772, 'MIL4213', 'Architecture orientee services et d entreprise', NULL, 0),
(1773, 'MIL4221', 'Ingenierie logicielle', NULL, 0),
(1774, 'MIL4222', 'Technologies d applications WEB', NULL, 0),
(1775, 'MIL4231', 'Securite et confidentialite de l information', NULL, 0),
(1776, 'MIL4232', 'Organisation d un projet informatique', NULL, 0),
(1777, 'MIL4241', 'ANGLAIS', NULL, 0),
(1778, 'MIL4242', 'Culture numérique', NULL, 0),
(1779, 'MIL4243', 'Projet operationnel', NULL, 0),
(1780, 'MMCS4211', 'Introduction aux EDP', NULL, 0),
(1781, 'MMCS4212', 'Methodes des elements finis pour les EDP ', NULL, 0),
(1782, 'MMCS4221', 'Modelisation des phenomenes physiques classiques (Modelisation en mecanique des fluides et en mecanique des milieux poreux)', NULL, 0),
(1783, 'MMCS4222', 'Simulation  numerique de phenomenes physiques (Simulation en mecanique des fluides et mecanique des milieux poreux)', NULL, 0),
(1784, 'MMCS4231', 'Traitement du signal', NULL, 0),
(1785, 'MMCS4232', 'Programmation scientifique 2', NULL, 0),
(1786, 'MMCS4241', ' Statistique inferentielle', NULL, 0),
(1787, 'MMCS4242', 'Statistique multivariee', NULL, 0),
(1788, 'MMCS4251', 'PPP', NULL, 0),
(1789, 'MMCS4252', 'Anglais', NULL, 0),
(1790, 'MDPR4211', 'Anglais juridique', NULL, 0),
(1791, 'MDPR4212', 'Informatique', NULL, 0),
(1792, 'MDPR4221', ' Droit penal des affaires', NULL, 0),
(1793, 'MDPR4222', ' Politique criminelle', NULL, 0),
(1794, 'MDPR4231', 'Fiscalité des entreprises', NULL, 0),
(1795, 'MDPR4232', 'Analyse financiere', NULL, 0),
(1796, 'MDPR4233', ' Fiscalite internationale', NULL, 0),
(1797, 'MDPR4241', 'Regimes matrimoniaux', NULL, 0),
(1798, 'MDPR4242', 'Successions et liberalites', NULL, 0),
(1800, 'MDPR4243', 'Sociologie de la famille', NULL, 0),
(1801, 'MDPU4141', 'Politique migratoire', NULL, 0),
(1802, 'MDPU4142', 'Anglais', NULL, 0),
(1803, 'MDPU4211', 'Droit Public Economique 2', NULL, 0),
(1804, 'MDPU4212', 'Droit International Economique 2', NULL, 0),
(1805, 'MDPU4221', 'Justice Penale Internationale', NULL, 0),
(1806, 'MDPU4222', 'Contentieux Administratif', NULL, 0),
(1807, 'MDPU4231', 'Droit de l Environnement', NULL, 0),
(1808, 'MDPU4232', 'Histoire des Idees Politiques', NULL, 0),
(1809, 'MDPU4241', 'Anglais', NULL, 0),
(1810, 'MDPU4242', 'Technique de redaction administrative', NULL, 0),
(1811, 'MDPR4141', 'Histoire du droit des obligations', NULL, 0),
(1812, 'MDPR4142', 'Philosophie du droit', NULL, 0),
(1813, 'ANG4211', 'Insertion professionnelle', NULL, 0),
(1814, 'ANG4212', 'Outils d insertion', NULL, 0),
(1815, 'ANG4221', 'Gestion de projet', NULL, 0),
(1816, 'ANG4222', 'Entrepreneuriat', NULL, 0),
(1817, 'ANG4231', 'Littérature africaine', NULL, 0),
(1818, 'ANG4232', 'Litterature comparee', NULL, 0),
(1819, 'ANG4241', 'Civilisation africaine', NULL, 0),
(1820, 'ANG4242', 'Interculturalite', NULL, 0),
(1821, 'ANG4251', 'Description et documentation linguistiques', NULL, 0),
(1822, 'ANG4261', 'Orthographe des langues africaines', NULL, 0),
(1823, 'MEE4111', 'Croissance économique, environnement et ressources naturelles', NULL, 0),
(1824, 'MEE4112', 'Informations et incitations', NULL, 0),
(1825, 'MEE4113', 'Economie de la régulation', NULL, 0),
(1826, 'MEE4114', 'Economie du risque et de l\'incertain', NULL, 0),
(1827, 'MEE4121', 'Théorie des jeux : Applications et études de cas', NULL, 0),
(1828, 'MEE4122', 'Economie publique', NULL, 0),
(1829, 'MEE4123', 'Economie industrielle', NULL, 0),
(1830, 'MEE4131', 'Economie de l\'environnement', NULL, 0),
(1831, 'MEE4132', 'Economie des ressources naturelles', NULL, 0),
(1832, 'MEE4133', 'Economie du changement climatique', NULL, 0),
(1833, 'MEE4141', 'Economie de l\'energie', NULL, 0),
(1834, 'MEE4142', 'Energie et développement durable', NULL, 0),
(1835, 'MEE4151', 'Anglais appliqué à l\'environnement et à l\'energie', NULL, 0),
(1836, 'MEE4152', 'Techniques de négociation', NULL, 0),
(1837, 'MEE4153', 'Mondialisation', NULL, 0),
(1838, 'MEE4211', 'Politique économique', NULL, 0),
(1839, 'MEE4212', 'Cycles et Fluctuations', NULL, 0),
(1840, 'MEE4213', 'Economie Circulaire', NULL, 0),
(1841, 'MEE4214', 'Economie du Développement', NULL, 0),
(1842, 'MEE4221', 'Mathématiques : optimisation', NULL, 0),
(1843, 'MEE4222', 'Econométrie des séries temporelles', NULL, 0),
(1844, 'MEE4223', 'Calcul économique et développement durable', NULL, 0),
(1845, 'MEE4224', 'Mode?lisation en e?quilibre ge?ne?ral calculable', NULL, 0),
(1846, 'MEE4231', 'Méthodes d\'évaluation et instruments de la politique environnementale', NULL, 0),
(1847, 'MEE4232', 'Economie de la biodiversité et des services écosystémiques', NULL, 0),
(1848, 'MEE4233', 'Economie industrielle appliquée au secteur de l\'energie', NULL, 0),
(1849, 'MEE4241', 'Anglais appliqué à l\'environnement et à l\'energie', NULL, 0),
(1850, 'MEE4242', 'Prospective', NULL, 0),
(1851, 'MEE4243', 'choix panier EC', NULL, 0),
(1852, 'MAI2321', 'Lois de variables aleatoires', NULL, 0),
(1853, 'MAI2322', 'Simulations Stochastiques', NULL, 0),
(1854, 'MAI2331', 'Algorithme et programmation 3', NULL, 0),
(1855, 'MAI2332', 'Introduction aux  Systèmes  d?information', NULL, 0),
(1856, 'MAI2333', ' Architecture TCP IP', NULL, 0),
(1857, 'MAI2341', 'Approche orientée Objet', NULL, 0),
(1858, 'MAI2342', 'POO', NULL, 0),
(1859, 'MAI2351', 'Sport', NULL, 0),
(1860, 'MAI2352', 'Anglais', NULL, 0),
(1861, 'MAI2411', 'Analyse 4', NULL, 0),
(1862, 'MAI2412', 'Algèbre 4', NULL, 0),
(1863, 'MAI2421', 'Programmation concurrentielle et réseaux', NULL, 0),
(1864, 'MAI2422', 'Algorithme avancé et Complexité', NULL, 0),
(1865, 'MAI2423', 'Système d?exploitation', NULL, 0),
(1866, 'MAI2431', 'Variables complexes', NULL, 0),
(1867, 'MAI2432', 'Systèmes dynamiques', NULL, 0),
(1868, 'MAI2441', 'Anglais', NULL, 0),
(1869, 'MAI2442', 'Service à la communauté', NULL, 0),
(1870, 'MAI2451', 'Modélisation des Systèmes d\'information (UML)', NULL, 0),
(1871, 'MAI2452', 'Bases de données', NULL, 0),
(1872, 'MAI2461', 'Modélisation 2', NULL, 0),
(1873, 'MAI2462', 'Résolution Numérique des EDOs', NULL, 0),
(1874, 'MAI2471', 'Estimation Ponctuelle', NULL, 0),
(1875, 'MAI2472', 'Logiciels Statistiques (Epi info, Stata)', NULL, 0),
(1876, 'IGL2311', 'Analyse 3', NULL, 0),
(1877, 'IGL2312', 'Algébre 3', NULL, 0),
(1878, 'IGL2321', 'Algorithmique et structures de données', NULL, 0),
(1879, 'IGL2322', 'Initiation aux bases de données relationnelles', NULL, 0),
(1880, 'IGL2331', 'Analyse et conception orientée objet', NULL, 0),
(1881, 'IGL2332', 'Introduction aux  Systèmes  d information', NULL, 0),
(1883, 'IGL2341', 'Architecture TCP/IP', NULL, 0),
(1884, 'IGL2342', 'Administration systèmes', NULL, 0),
(1885, 'IGL2351', 'Sport ou Recherche doc ou Techniques exp', NULL, 0),
(1886, 'IGL2352', 'Anglais', NULL, 0),
(1887, 'IGL2411', 'Web design', NULL, 0),
(1888, 'IGL2412', 'Développement web client', NULL, 0),
(1889, 'IGL2413', 'Programmation web évènementielle', NULL, 0),
(1890, 'IGL2421', 'Modélisation des Systèmes d\'information (UML)', NULL, 0),
(1891, 'IGL2422', 'Base de données', NULL, 0),
(1892, 'IGL2431', 'Anglais', NULL, 0),
(1893, 'IGL2432', 'PPP / Service à la communauté', NULL, 0),
(1894, 'IGL2441', 'Analyse de Données', NULL, 0),
(1895, 'IGL2442', 'Analyse de Données', NULL, 0),
(1896, 'IGL2451', 'Système d?exploitation', NULL, 0),
(1897, 'IGL2452', 'Introduction au génie logiciel', NULL, 0),
(1898, 'IGL2461', 'Programmation orientée objet 1', NULL, 0),
(1899, 'IGL2462', 'Programmation web serveur 1', NULL, 0),
(1900, 'RSY2311', 'Analyse 3', NULL, 0),
(1901, 'RSY2312', 'Algèbre 3', NULL, 0),
(1902, 'RSY2321', 'Algorithmique et structures de données', NULL, 0),
(1903, 'RSY2322', 'Initiation aux bases de données relationnelles', NULL, 0),
(1904, 'RSY2331', 'Analyse et conception orientée objet', NULL, 0),
(1905, 'RSY2332', 'Introduction aux  Systèmes d?information', NULL, 0),
(1906, 'RSY2341', 'Architecture TCP/IP', NULL, 0),
(1907, 'RSY2342', 'Administration systèmes', NULL, 0),
(1908, 'RSY2351', 'Sport ou Recherche documentaire ou Techniques d\'expression', NULL, 0),
(1909, 'RSY2352', 'Anglais', NULL, 0),
(1910, 'RSY2411', 'Analyse de Données', NULL, 0),
(1911, 'RSY2412', 'Recherche opérationnelle', NULL, 0),
(1912, 'RSY2421', 'Programmation orientée objet 1', NULL, 0),
(1913, 'RSY2422', 'Environnement de développement mobile', NULL, 0),
(1914, 'RSY2423', 'Système d\'exploitation', NULL, 0),
(1915, 'RSY2431', 'Développement web client', NULL, 0),
(1916, 'RSY2432', 'Développement web dynamique', NULL, 0),
(1917, 'RSY2441', 'Réseaux locaux d\'entreprise', NULL, 0),
(1918, 'RSY2442', 'Administration des services réseaux', NULL, 0),
(1919, 'RSY2451', 'Anglais', NULL, 0),
(1920, 'RSY2452', 'PPP / Service à la communauté', NULL, 0),
(1921, 'RSY3611', 'Technologies VoIP', NULL, 0),
(1922, 'RSY3612', 'Services à valeur ajoutée', NULL, 0),
(1923, 'RSY3621', 'Réseaux d?opérateurs', NULL, 0),
(1924, 'RSY3622', 'Architecture des réseaux mobiles', NULL, 0),
(1925, 'RSY3631', 'Stage / Projet / Mémoire', NULL, 0),
(1926, 'RSY3511', 'Introduction aux systèmes embarqués', NULL, 0),
(1927, 'RSY3512', 'Cloud computing', NULL, 0),
(1928, 'RSY3521', 'Développement mobile', NULL, 0),
(1929, 'RSY3522', 'Programmation orientée objet 2', NULL, 0),
(1930, 'RSY3531', 'Cryptographie', NULL, 0),
(1931, 'RSY3532', 'Sécurité des réseaux d\'entreprises', NULL, 0),
(1932, 'RSY3541', 'Routage Internet', NULL, 0),
(1933, 'RSY3542', 'Technologies des réseaux sans fil', NULL, 0),
(1934, 'RSY3551', 'Anglais', NULL, 0),
(1935, 'RSY3552', 'Gestion de projets informatiques', NULL, 0),
(1936, 'MAI3511', 'Théorie des groupes', NULL, 0),
(1937, 'MAI3512', 'Géometrie', NULL, 0),
(1938, 'MAI3521', 'Calcul Numerique Matriciel', NULL, 0),
(1939, 'MAI3522', 'Introduction à la résolution des EDP', NULL, 0),
(1940, 'MAI3523', 'Méthode des Eléments finis', NULL, 0),
(1941, 'MAI3531', 'Optimisation Lineaire', NULL, 0),
(1942, 'MAI3532', 'Optimisation Non Lineaire', NULL, 0),
(1943, 'MAI3541', 'Topologie générale', NULL, 0),
(1944, 'MAI3551', 'Mesure et intégration', NULL, 0),
(1945, 'MAI3611', 'Calcul différentiel', NULL, 0),
(1946, 'MAI3612', 'Anneaux et corps', NULL, 0),
(1947, 'MAI3621', 'Théorie des files d?attente', NULL, 0),
(1948, 'MAI3622', 'Intégration probabiliste', NULL, 0),
(1949, 'MAI3631', 'Outils mathématiques pour le signal', NULL, 0),
(1950, 'MAI3632', 'Traitement du signal et de l?image', NULL, 0),
(1952, 'MAI3641', 'Outils informatiques pour les mathématiques (sagemaths, maxima)', NULL, 0),
(1953, 'MAI3642', 'Introduction au calcul parallele', NULL, 0),
(1954, 'MAI3651', 'Stage / Projet / Mémoire', NULL, 0),
(1955, 'IGL3511', 'Approche native', NULL, 0),
(1956, 'IGL3512', 'Approche hybride', NULL, 0),
(1957, 'IGL3521', 'Cloud Computing(DevOps)', NULL, 0),
(1958, 'IGL3522', 'Qualité et métrique logiciel', NULL, 0),
(1959, 'IGL3531', 'Programmation web serveur 2', NULL, 0),
(1960, 'IGL3532', 'Développement web avancé 1', NULL, 0),
(1961, 'IGL3541', 'Cryptographie', NULL, 0),
(1962, 'IGL3542', 'Sécurité  des applications', NULL, 0),
(1963, 'IGL3551', 'Administration de bases de données', NULL, 0),
(1964, 'IGL3552', 'Data Analytics', NULL, 0),
(1965, 'IGL3561', 'Anglais', NULL, 0),
(1966, 'IGL3562', 'Gestion de projets informatiques', NULL, 0),
(1967, 'IGL3611', 'XML et Services Web', NULL, 0),
(1968, 'IGL3612', 'Programmation web avancé 2 (Java EE(JSF, Spring Boot, JHIPSTER) ou .Net))', NULL, 0),
(1969, 'IGL3621', 'Langage automate et compilation', NULL, 0),
(1970, 'IGL3622', 'Programmation logique', NULL, 0),
(1971, 'IGL3631', 'Stage / Projet / Mémoire', NULL, 0),
(1972, 'IDA2451', 'Gestion de Projet', NULL, 0),
(1973, 'IDA2452', 'Anglais', NULL, 0),
(1974, 'DWMO2411', 'Langage JAVA', NULL, 0),
(1975, 'DWMO2412', ' JSP et servlet', NULL, 0),
(1976, 'DWMO2421', 'Programmation mobile iOs', NULL, 0),
(1977, 'DWMO2422', 'Programmation mobile avec Android', NULL, 0),
(1978, 'DWMO2431', 'PHP avancé', NULL, 0),
(1979, 'DWMO2432', 'Framework PHP', NULL, 0),
(1980, 'DWMO2441', 'Langage UML', NULL, 0),
(1981, 'DWMO2442', 'IHM (Interace Homme Machine)', NULL, 0),
(1982, 'DJVG2411', 'Langage C++ 1', NULL, 0),
(1983, 'DJVG2412', 'Programmation  sous  UE4 (Unreal Engine 4) 1', NULL, 0),
(1984, 'DJVG2421', 'Jeu Mobile  sous iOS', NULL, 0),
(1985, 'DJVG2422', 'Jeu Mobile  sous Android', NULL, 0),
(1986, 'DJVG2431', 'Fondaments scientifiques pour les Jeux vidéo ', NULL, 0),
(1987, 'DJVG2432', 'Statistique', NULL, 0),
(1988, 'DJVG2441', 'Modélisation 3D', NULL, 0),
(1989, 'DJVG2442', 'Animation 3D', NULL, 0),
(1990, 'DJVG2451', 'Langage C#', NULL, 0),
(1991, 'DJVG2452', 'Programmation  sous Unity', NULL, 0),
(1992, 'DJVG3511', 'Traitement numérique des images', NULL, 0),
(1993, 'DJVG3512', 'IHM (Interace Homme Machine)', NULL, 0),
(1994, 'DJVG3521', 'Conception de Jeux vidéo', NULL, 0),
(1995, 'DJVG3522', 'Mécanisme de Game Player', NULL, 0),
(1996, 'DJVG3531', 'Conception sonore', NULL, 0),
(1997, 'DJVG3532', 'Dessins assistés par ordinateur', NULL, 0),
(1998, 'DJVG3541', 'Langage C++ 2', NULL, 0),
(1999, 'DJVG3542', ' Programmation  sous  UE4 (Unreal Engine 4) 2', NULL, 0),
(2000, 'DJVG3551', 'Sécurisation et optimisation des jeux vidéos', NULL, 0),
(2001, 'DJVG3552', 'Bibliothèque de jeux vidéo', NULL, 0),
(2002, 'DJVG3561', 'Entreprenariat', NULL, 0),
(2003, 'DJVG3562', 'Anglais', NULL, 0),
(2004, 'DWMO3511', 'Technologie connexes de développement web', NULL, 0),
(2005, 'DWMO3512', 'Technologie connexes de développement mobile', NULL, 0),
(2006, 'DWMO3521', 'Architectures logicielles web et mobile', NULL, 0),
(2007, 'DWMO3522', 'Framework JSF', NULL, 0),
(2008, 'DWMO3531', 'Web design', NULL, 0),
(2009, 'DWMO3532', 'Gestionnaires de contenus CMS, web et mobile, LMS', NULL, 0),
(2010, 'DWMO3541', 'Sécurisation et optimisation des applications mobiles et web', NULL, 0),
(2011, 'DWMO3542', 'Techniques de Compression et utilisation d?outils Cryptographique web et mobile', NULL, 0),
(2012, 'DWMO3551', 'E-commerce', NULL, 0),
(2013, 'DWMO3552', 'Entreprenariat', NULL, 0),
(2014, 'DWMO3553', 'Anglais', NULL, 0),
(2015, 'IDA3611', 'Préparation au stage / projet (Méthodologie)', NULL, 0),
(2016, 'IDA3612', 'Stage/Projet & Rapport', NULL, 0),
(2017, 'MAI1232', 'Architecture des ordinateurs', NULL, 0),
(2018, 'MAI1261', 'Techniques de  collecte de données', NULL, 0),
(2019, 'MAI1262', 'Logiciels stat (R et SPSS)', NULL, 0),
(2020, 'MAI1263', 'Analyse de Données Statistiques', NULL, 0),
(2021, 'MAI1271', 'Méthodes des différences finies', NULL, 0),
(2022, 'MAI1272', 'Pratique d?un logiciel de simulation', NULL, 0),
(2023, 'MAI1281', 'Formation psychopédagogique et professionnelle', NULL, 0),
(2024, 'MAI1282', 'Législation scolaire (déontologie)', NULL, 0),
(2025, 'MAI1283', 'Outils d\'élaboration de contenus pédagogiques (Latex, etc..)', NULL, 0),
(2026, 'SOCIO4211', 'Conception et gestion de projets', NULL, 0),
(2027, 'SOCIO4212', 'Suivi et évaluation de projets', NULL, 0),
(2028, 'SOCIO4221', ' Patrimoine matériel et immatériel en Afrique', NULL, 0),
(2029, 'SOCIO4222', ' Le Sénégal dans la mondialisation', NULL, 0),
(2030, 'SOCIO4231', 'Démarche Qualité', NULL, 0),
(2031, 'SOCIO4232', 'Entreprenariat', NULL, 0),
(2032, 'SOCIO4241', 'Méthodologie d\'enquête de terrain', NULL, 0),
(2033, 'SOCIO4242', 'Rapport de terrain', NULL, 0);

-- --------------------------------------------------------

--
-- Structure de la table `gen_maquette`
--

CREATE TABLE `gen_maquette` (
  `id` int NOT NULL,
  `promo` int NOT NULL,
  `programme` int NOT NULL,
  `niveau` int NOT NULL,
  `specialite` int DEFAULT NULL,
  `annee` int DEFAULT NULL,
  `date` timestamp NOT NULL DEFAULT CURRENT_TIMESTAMP ON UPDATE CURRENT_TIMESTAMP
) ENGINE=InnoDB DEFAULT CHARSET=latin1;

--
-- Déchargement des données de la table `gen_maquette`
--

INSERT INTO `gen_maquette` (`id`, `promo`, `programme`, `niveau`, `specialite`, `annee`) VALUES
(134, 1, 3, 4, 39, 5),
(133, 1, 3, 4, 40, 5),
(85, 1, 14, 4, NULL, 5),
(79, 1, 20, 4, 28, 5),
(118, 1, 22, 4, NULL, 5),
(88, 1, 23, 4, NULL, 5),
(117, 1, 24, 4, NULL, 5),
(69, 1, 25, 4, 19, 5),
(68, 1, 25, 4, 20, 5),
(70, 1, 25, 4, 21, 5),
(89, 1, 26, 4, NULL, 5),
(127, 1, 27, 4, NULL, 5),
(126, 1, 28, 4, NULL, 5),
(138, 2, 3, 4, 39, 6),
(139, 2, 3, 4, 40, 6),
(137, 2, 34, 4, NULL, 6),
(67, 3, 1, 3, 13, 5),
(66, 3, 1, 3, 14, 5),
(62, 3, 4, 3, 17, 5),
(131, 3, 4, 3, 37, 5),
(132, 3, 4, 3, 38, 5),
(72, 3, 5, 3, 22, 5),
(73, 3, 5, 3, 23, 5),
(75, 3, 5, 3, 24, 5),
(74, 3, 5, 3, 25, 5),
(77, 3, 6, 3, 26, 5),
(78, 3, 6, 3, 27, 5),
(53, 3, 8, 3, NULL, 5),
(1, 5, 1, 1, NULL, 5),
(63, 5, 1, 2, NULL, 6),
(44, 5, 2, 1, NULL, 5),
(143, 5, 2, 2, 6, 6),
(141, 5, 2, 2, 7, 6),
(142, 5, 2, 2, 8, 6),
(124, 5, 2, 3, 33, 5),
(125, 5, 2, 3, 34, 5),
(123, 5, 2, 3, 35, 5),
(147, 5, 2, 3, 41, 7),
(149, 5, 2, 3, 42, 7),
(148, 5, 2, 3, 43, 7),
(136, 5, 3, 4, 39, 5),
(135, 5, 3, 4, 40, 5),
(23, 5, 4, 1, 3, 5),
(31, 5, 4, 1, 4, 5),
(32, 5, 4, 1, 5, 5),
(57, 5, 4, 2, 9, 6),
(56, 5, 4, 2, 15, 6),
(59, 5, 4, 2, 16, 6),
(61, 5, 4, 3, 17, 7),
(129, 5, 4, 3, 36, 5),
(2, 5, 5, 1, NULL, 5),
(55, 5, 5, 2, NULL, 6),
(43, 5, 7, 1, NULL, 5),
(151, 5, 7, 2, 44, 6),
(150, 5, 7, 2, 45, 6),
(154, 5, 7, 3, 46, 7),
(155, 5, 7, 3, 47, 7),
(45, 5, 8, 1, NULL, 5),
(64, 5, 8, 2, NULL, 6),
(9, 5, 9, 1, NULL, 5),
(42, 5, 10, 1, NULL, 5),
(157, 5, 10, 2, NULL, 6),
(158, 5, 10, 3, NULL, 7),
(3, 5, 11, 1, NULL, 5),
(50, 5, 11, 2, NULL, 6),
(51, 5, 11, 3, NULL, 6),
(121, 5, 11, 3, 31, 5),
(122, 5, 11, 3, 32, 5),
(159, 5, 12, 1, NULL, 5),
(52, 5, 12, 2, NULL, 6),
(60, 5, 12, 3, NULL, 7),
(41, 5, 13, 1, NULL, 5),
(65, 5, 13, 2, NULL, 6),
(156, 5, 13, 3, NULL, 7),
(109, 5, 14, 4, NULL, 5),
(76, 5, 21, 6, NULL, 5),
(119, 5, 22, 4, NULL, 5),
(115, 5, 23, 4, NULL, 5),
(116, 5, 24, 4, NULL, 5),
(90, 5, 25, 4, 19, 5),
(140, 5, 25, 4, 21, 5),
(111, 5, 26, 4, NULL, 5),
(130, 5, 27, 4, NULL, 5),
(128, 5, 28, 4, NULL, 5),
(4, 6, 1, 1, NULL, 6),
(39, 6, 2, 1, NULL, 6),
(38, 6, 4, 1, 3, 6),
(37, 6, 4, 1, 4, 6),
(36, 6, 4, 1, 5, 6),
(40, 6, 4, 2, 9, 7),
(5, 6, 5, 1, NULL, 6),
(46, 6, 5, 2, NULL, 6),
(153, 6, 7, 1, NULL, 6),
(21, 6, 8, 1, NULL, 6),
(161, 6, 9, 1, NULL, 6),
(22, 6, 10, 1, NULL, 6),
(7, 6, 11, 1, NULL, 6),
(33, 6, 11, 2, NULL, 6),
(8, 6, 12, 1, NULL, 6),
(35, 6, 12, 2, NULL, 6),
(18, 6, 13, 1, NULL, 6),
(49, 6, 29, 1, NULL, 6),
(160, 6, 29, 2, NULL, 7);

--
-- Déclencheurs `gen_maquette`
--
DELIMITER $$
CREATE TRIGGER `Before_Insert_Maquette` BEFORE INSERT ON `gen_maquette` FOR EACH ROW BEGIN 
 if exists (select id from gen_maquette where promo=new.promo and programme=new.programme and niveau=new.niveau and specialite=new.specialite and annee=new.annee) or (new.specialite is null and exists (select id from gen_maquette where promo=new.promo and programme=new.programme and niveau=new.niveau and annee=new.annee))
 then
SIGNAL SQLSTATE '45000'
SET MESSAGE_TEXT = 'Maquette dupliquée';
end if;
end
$$
DELIMITER ;

-- --------------------------------------------------------

--
-- Structure de la table `gen_maquette_ue`
--

CREATE TABLE `gen_maquette_ue` (
  `id` int NOT NULL,
  `maquette` int NOT NULL,
  `semestre` int NOT NULL,
  `ue` int NOT NULL,
  `date` timestamp NOT NULL DEFAULT CURRENT_TIMESTAMP
) ENGINE=InnoDB DEFAULT CHARSET=latin1;

--
-- Déchargement des données de la table `gen_maquette_ue`
--

INSERT INTO `gen_maquette_ue` (`id`, `maquette`, `semestre`, `ue`, `date`) VALUES
(1, 1, 1, 1, '2019-06-11 08:43:22'),
(2, 1, 1, 2, '2019-06-11 08:43:22'),
(3, 1, 1, 3, '2019-06-11 08:43:22'),
(4, 1, 2, 6, '2019-06-11 09:08:08'),
(5, 1, 2, 4, '2019-06-11 09:08:08'),
(6, 2, 1, 22, '2019-06-11 09:15:40'),
(7, 2, 1, 23, '2019-06-11 09:15:40'),
(8, 2, 1, 24, '2019-06-11 09:15:40'),
(13, 2, 1, 113, '2019-06-11 09:15:40'),
(14, 2, 2, 91, '2019-06-11 09:20:25'),
(15, 2, 2, 92, '2019-06-11 09:20:25'),
(16, 2, 2, 93, '2019-06-11 09:20:25'),
(17, 2, 2, 216, '2019-06-11 09:20:26'),
(18, 3, 1, 100, '2019-06-11 09:40:43'),
(19, 3, 1, 101, '2019-06-11 09:40:43'),
(20, 3, 1, 102, '2019-06-11 09:40:43'),
(21, 3, 1, 104, '2019-06-11 09:40:43'),
(22, 3, 1, 106, '2019-06-11 09:40:43'),
(23, 3, 2, 217, '2019-06-11 09:45:22'),
(24, 3, 2, 218, '2019-06-11 09:45:23'),
(25, 3, 2, 219, '2019-06-11 09:45:23'),
(26, 3, 2, 220, '2019-06-11 09:45:23'),
(27, 8, 1, 107, '2019-06-11 10:40:48'),
(28, 8, 1, 108, '2019-06-11 10:40:48'),
(29, 8, 1, 109, '2019-06-11 10:40:48'),
(30, 8, 1, 111, '2019-06-11 10:40:48'),
(31, 8, 1, 112, '2019-06-11 10:41:29'),
(32, 8, 2, 221, '2019-06-11 10:53:30'),
(33, 8, 2, 222, '2019-06-11 10:53:30'),
(34, 8, 2, 223, '2019-06-11 10:53:31'),
(35, 8, 2, 224, '2019-06-11 10:53:31'),
(40, 4, 1, 3, '2019-06-11 11:00:12'),
(41, 9, 1, 43, '2019-06-11 11:21:34'),
(43, 9, 1, 45, '2019-06-11 11:21:34'),
(44, 9, 1, 44, '2019-06-11 11:21:34'),
(45, 5, 1, 22, '2019-06-11 11:22:26'),
(46, 5, 1, 23, '2019-06-11 11:22:27'),
(47, 5, 1, 24, '2019-06-11 11:22:27'),
(48, 5, 1, 113, '2019-06-11 11:22:27'),
(49, 4, 2, 6, '2019-06-11 11:22:51'),
(50, 4, 2, 4, '2019-06-11 11:22:51'),
(51, 5, 2, 91, '2019-06-11 11:32:21'),
(52, 5, 2, 92, '2019-06-11 11:32:21'),
(53, 5, 2, 93, '2019-06-11 11:32:21'),
(54, 5, 2, 216, '2019-06-11 11:32:21'),
(55, 7, 1, 100, '2019-06-11 11:35:57'),
(56, 7, 1, 101, '2019-06-11 11:35:57'),
(57, 7, 1, 102, '2019-06-11 11:35:57'),
(58, 7, 1, 104, '2019-06-11 11:35:57'),
(59, 7, 1, 106, '2019-06-11 11:36:47'),
(60, 9, 2, 198, '2019-06-11 11:42:10'),
(61, 9, 2, 199, '2019-06-11 11:42:10'),
(62, 9, 2, 200, '2019-06-11 11:42:10'),
(63, 9, 2, 201, '2019-06-11 11:42:11'),
(64, 9, 1, 117, '2019-06-11 11:48:52'),
(65, 7, 2, 217, '2019-06-11 11:57:57'),
(66, 7, 2, 218, '2019-06-11 11:57:57'),
(67, 7, 2, 219, '2019-06-11 11:57:57'),
(68, 7, 2, 220, '2019-06-11 11:57:57'),
(121, 21, 1, 46, '2019-06-11 16:04:22'),
(122, 21, 1, 48, '2019-06-11 16:04:22'),
(123, 21, 1, 47, '2019-06-11 16:04:22'),
(124, 22, 1, 124, '2019-06-11 16:11:23'),
(125, 22, 1, 125, '2019-06-11 16:11:23'),
(126, 22, 1, 126, '2019-06-11 16:11:23'),
(127, 22, 1, 127, '2019-06-11 16:11:23'),
(128, 22, 1, 128, '2019-06-11 16:11:23'),
(129, 22, 2, 252, '2019-06-11 16:18:23'),
(130, 22, 2, 253, '2019-06-11 16:18:23'),
(131, 22, 2, 254, '2019-06-11 16:18:23'),
(132, 22, 2, 256, '2019-06-11 16:18:23'),
(133, 22, 2, 257, '2019-06-11 16:18:23'),
(134, 22, 2, 258, '2019-06-11 16:18:23'),
(135, 21, 1, 129, '2019-06-11 16:24:09'),
(136, 32, 1, 34, '2019-06-12 09:04:41'),
(137, 32, 1, 35, '2019-06-12 09:04:41'),
(138, 32, 1, 36, '2019-06-12 09:04:41'),
(139, 32, 1, 38, '2019-06-12 09:04:41'),
(140, 33, 3, 323, '2019-06-12 09:29:02'),
(141, 33, 3, 324, '2019-06-12 09:29:02'),
(142, 33, 3, 325, '2019-06-12 09:29:02'),
(143, 33, 3, 326, '2019-06-12 09:29:02'),
(144, 33, 4, 363, '2019-06-12 09:36:32'),
(145, 33, 4, 365, '2019-06-12 09:36:32'),
(146, 33, 4, 366, '2019-06-12 09:36:32'),
(147, 33, 4, 367, '2019-06-12 09:36:32'),
(148, 35, 3, 327, '2019-06-12 09:42:13'),
(149, 35, 3, 328, '2019-06-12 09:42:13'),
(150, 35, 3, 329, '2019-06-12 09:42:13'),
(151, 35, 3, 330, '2019-06-12 09:42:13'),
(152, 35, 4, 358, '2019-06-12 09:45:44'),
(153, 35, 4, 359, '2019-06-12 09:45:44'),
(154, 35, 4, 360, '2019-06-12 09:45:44'),
(155, 35, 4, 364, '2019-06-12 09:45:44'),
(156, 31, 1, 34, '2019-06-12 09:49:56'),
(157, 31, 1, 35, '2019-06-12 09:49:56'),
(158, 31, 1, 36, '2019-06-12 09:49:56'),
(159, 31, 1, 38, '2019-06-12 09:49:56'),
(160, 32, 2, 39, '2019-06-12 09:52:41'),
(161, 32, 2, 40, '2019-06-12 09:52:41'),
(162, 32, 2, 41, '2019-06-12 09:52:41'),
(163, 32, 2, 42, '2019-06-12 09:52:41'),
(164, 32, 2, 260, '2019-06-12 09:52:41'),
(165, 38, 1, 34, '2019-06-12 09:55:04'),
(166, 38, 1, 35, '2019-06-12 09:55:04'),
(167, 38, 1, 36, '2019-06-12 09:55:04'),
(168, 38, 1, 38, '2019-06-12 09:55:04'),
(169, 38, 2, 39, '2019-06-12 09:57:09'),
(170, 38, 2, 40, '2019-06-12 09:57:09'),
(171, 38, 2, 41, '2019-06-12 09:57:09'),
(172, 38, 2, 42, '2019-06-12 09:57:09'),
(173, 38, 2, 114, '2019-06-12 09:57:10'),
(174, 37, 2, 39, '2019-06-12 09:58:29'),
(175, 37, 2, 40, '2019-06-12 09:58:29'),
(176, 37, 2, 41, '2019-06-12 09:58:29'),
(177, 37, 2, 42, '2019-06-12 09:58:29'),
(178, 37, 2, 259, '2019-06-12 09:58:29'),
(179, 36, 2, 39, '2019-06-12 09:59:41'),
(180, 36, 2, 40, '2019-06-12 09:59:41'),
(181, 36, 2, 41, '2019-06-12 09:59:41'),
(182, 36, 2, 42, '2019-06-12 09:59:41'),
(183, 36, 2, 260, '2019-06-12 09:59:41'),
(184, 31, 2, 39, '2019-06-12 10:01:02'),
(185, 31, 2, 40, '2019-06-12 10:01:02'),
(186, 31, 2, 41, '2019-06-12 10:01:02'),
(187, 31, 2, 42, '2019-06-12 10:01:02'),
(188, 31, 2, 259, '2019-06-12 10:01:02'),
(189, 37, 1, 34, '2019-06-12 10:01:49'),
(190, 37, 1, 35, '2019-06-12 10:01:49'),
(191, 37, 1, 36, '2019-06-12 10:01:49'),
(192, 37, 1, 38, '2019-06-12 10:01:49'),
(193, 40, 3, 73, '2019-06-12 10:31:10'),
(194, 40, 3, 74, '2019-06-12 10:31:10'),
(195, 40, 3, 75, '2019-06-12 10:31:10'),
(196, 40, 3, 76, '2019-06-12 10:31:10'),
(197, 40, 3, 77, '2019-06-12 10:31:10'),
(198, 40, 4, 78, '2019-06-12 10:37:48'),
(199, 40, 4, 79, '2019-06-12 10:37:49'),
(200, 40, 4, 80, '2019-06-12 10:37:49'),
(201, 40, 4, 81, '2019-06-12 10:37:49'),
(202, 40, 4, 82, '2019-06-12 10:37:49'),
(203, 23, 1, 34, '2019-06-12 10:41:38'),
(204, 23, 1, 35, '2019-06-12 10:41:39'),
(205, 23, 1, 36, '2019-06-12 10:41:39'),
(206, 23, 1, 38, '2019-06-12 10:41:39'),
(207, 23, 2, 39, '2019-06-12 10:45:49'),
(208, 23, 2, 40, '2019-06-12 10:45:49'),
(209, 23, 2, 41, '2019-06-12 10:45:49'),
(210, 23, 2, 42, '2019-06-12 10:45:50'),
(211, 23, 2, 114, '2019-06-12 10:45:50'),
(212, 41, 1, 118, '2019-06-12 11:17:22'),
(213, 41, 1, 119, '2019-06-12 11:17:22'),
(214, 41, 1, 120, '2019-06-12 11:17:22'),
(215, 41, 1, 122, '2019-06-12 11:19:24'),
(216, 41, 2, 243, '2019-06-12 12:06:12'),
(217, 41, 2, 244, '2019-06-12 12:06:12'),
(218, 41, 2, 245, '2019-06-12 12:06:12'),
(219, 41, 2, 246, '2019-06-12 12:06:12'),
(220, 42, 1, 124, '2019-06-12 12:24:29'),
(221, 42, 1, 125, '2019-06-12 12:24:30'),
(222, 42, 1, 126, '2019-06-12 12:24:30'),
(223, 42, 1, 127, '2019-06-12 12:24:30'),
(224, 42, 1, 128, '2019-06-12 12:24:30'),
(225, 42, 2, 252, '2019-06-12 12:30:57'),
(226, 42, 2, 253, '2019-06-12 12:30:58'),
(227, 42, 2, 254, '2019-06-12 12:30:58'),
(228, 42, 2, 256, '2019-06-12 12:30:58'),
(229, 42, 2, 257, '2019-06-12 12:30:58'),
(230, 42, 2, 258, '2019-06-12 12:30:58'),
(231, 43, 1, 130, '2019-06-12 12:43:45'),
(232, 43, 1, 131, '2019-06-12 12:43:45'),
(233, 43, 1, 132, '2019-06-12 12:43:45'),
(234, 43, 1, 133, '2019-06-12 12:43:45'),
(235, 43, 1, 134, '2019-06-12 12:43:45'),
(236, 43, 2, 238, '2019-06-12 12:48:44'),
(237, 43, 2, 240, '2019-06-12 12:48:44'),
(238, 43, 2, 239, '2019-06-12 12:48:44'),
(239, 43, 2, 241, '2019-06-12 12:48:45'),
(240, 43, 2, 242, '2019-06-12 12:48:45'),
(241, 44, 1, 8, '2019-06-12 13:17:00'),
(242, 44, 1, 9, '2019-06-12 13:17:00'),
(243, 44, 1, 7, '2019-06-12 13:17:00'),
(244, 44, 1, 123, '2019-06-12 13:17:00'),
(245, 44, 1, 10, '2019-06-12 13:17:00'),
(246, 44, 2, 11, '2019-06-12 13:22:31'),
(247, 44, 2, 12, '2019-06-12 13:22:31'),
(248, 44, 2, 13, '2019-06-12 13:22:31'),
(249, 44, 2, 15, '2019-06-12 13:22:31'),
(250, 44, 2, 232, '2019-06-12 13:22:31'),
(251, 44, 2, 237, '2019-06-12 13:22:31'),
(252, 45, 1, 46, '2019-06-12 13:56:46'),
(253, 45, 1, 48, '2019-06-12 13:56:46'),
(254, 45, 1, 47, '2019-06-12 13:56:46'),
(255, 45, 1, 129, '2019-06-12 13:56:46'),
(256, 45, 2, 247, '2019-06-12 14:02:34'),
(257, 45, 2, 248, '2019-06-12 14:02:34'),
(258, 45, 2, 249, '2019-06-12 14:02:35'),
(259, 45, 2, 250, '2019-06-12 14:02:35'),
(260, 50, 3, 323, '2019-06-14 10:18:35'),
(261, 50, 3, 324, '2019-06-14 10:18:36'),
(262, 50, 3, 325, '2019-06-14 10:18:36'),
(263, 50, 3, 326, '2019-06-14 10:18:36'),
(264, 50, 4, 363, '2019-06-14 10:23:42'),
(265, 50, 4, 365, '2019-06-14 10:23:42'),
(266, 50, 4, 366, '2019-06-14 10:23:42'),
(267, 50, 4, 367, '2019-06-14 10:23:42'),
(268, 51, 5, 368, '2019-06-14 10:32:34'),
(269, 51, 5, 371, '2019-06-14 10:32:34'),
(270, 51, 5, 373, '2019-06-14 10:32:34'),
(271, 51, 5, 375, '2019-06-14 10:32:35'),
(272, 52, 3, 327, '2019-06-14 10:39:10'),
(273, 52, 3, 328, '2019-06-14 10:39:10'),
(274, 52, 3, 329, '2019-06-14 10:39:10'),
(275, 52, 3, 330, '2019-06-14 10:39:10'),
(276, 52, 4, 358, '2019-06-14 10:43:25'),
(277, 52, 4, 359, '2019-06-14 10:43:25'),
(278, 52, 4, 360, '2019-06-14 10:43:25'),
(279, 52, 4, 364, '2019-06-14 10:43:25'),
(283, 55, 3, 66, '2019-06-14 11:14:37'),
(284, 55, 3, 67, '2019-06-14 11:14:37'),
(285, 55, 3, 68, '2019-06-14 11:14:37'),
(286, 55, 3, 322, '2019-06-14 11:14:37'),
(287, 56, 3, 73, '2019-06-14 11:55:49'),
(288, 56, 3, 74, '2019-06-14 11:55:49'),
(289, 56, 3, 75, '2019-06-14 11:55:49'),
(290, 56, 3, 76, '2019-06-14 11:55:49'),
(291, 56, 3, 77, '2019-06-14 11:55:49'),
(292, 56, 4, 78, '2019-06-14 12:00:58'),
(293, 56, 4, 79, '2019-06-14 12:00:58'),
(294, 56, 4, 80, '2019-06-14 12:00:58'),
(295, 56, 4, 81, '2019-06-14 12:00:58'),
(296, 56, 4, 82, '2019-06-14 12:00:58'),
(297, 57, 3, 73, '2019-06-14 12:26:15'),
(298, 57, 3, 74, '2019-06-14 12:26:15'),
(299, 57, 3, 75, '2019-06-14 12:26:15'),
(300, 57, 3, 76, '2019-06-14 12:26:15'),
(301, 57, 3, 77, '2019-06-14 12:26:15'),
(302, 55, 4, 69, '2019-06-14 12:28:05'),
(303, 55, 4, 70, '2019-06-14 12:28:05'),
(304, 55, 4, 71, '2019-06-14 12:28:05'),
(305, 55, 4, 72, '2019-06-14 12:28:05'),
(306, 57, 4, 78, '2019-06-14 12:32:34'),
(307, 57, 4, 79, '2019-06-14 12:32:34'),
(308, 57, 4, 80, '2019-06-14 12:32:34'),
(309, 57, 4, 81, '2019-06-14 12:32:34'),
(310, 57, 4, 82, '2019-06-14 12:32:34'),
(311, 59, 3, 73, '2019-06-14 12:43:13'),
(312, 59, 3, 74, '2019-06-14 12:43:14'),
(313, 59, 3, 75, '2019-06-14 12:43:14'),
(314, 59, 3, 76, '2019-06-14 12:43:14'),
(315, 59, 3, 77, '2019-06-14 12:43:14'),
(316, 59, 4, 78, '2019-06-14 12:47:07'),
(317, 59, 4, 79, '2019-06-14 12:47:07'),
(318, 59, 4, 80, '2019-06-14 12:47:07'),
(319, 59, 4, 81, '2019-06-14 12:47:07'),
(320, 59, 4, 82, '2019-06-14 12:47:07'),
(321, 60, 5, 369, '2019-06-14 12:51:52'),
(322, 60, 5, 370, '2019-06-14 12:51:52'),
(323, 60, 5, 372, '2019-06-14 12:51:52'),
(324, 60, 5, 374, '2019-06-14 12:51:52'),
(325, 61, 5, 273, '2019-06-14 13:00:47'),
(326, 61, 5, 274, '2019-06-14 13:00:47'),
(327, 61, 5, 275, '2019-06-14 13:00:47'),
(328, 61, 5, 276, '2019-06-14 13:00:47'),
(329, 61, 5, 277, '2019-06-14 13:00:48'),
(330, 60, 6, 391, '2019-06-14 13:01:03'),
(331, 60, 6, 393, '2019-06-14 13:01:03'),
(332, 60, 6, 394, '2019-06-14 13:01:03'),
(333, 60, 6, 396, '2019-06-14 13:01:03'),
(334, 49, 1, 681, '2019-06-14 13:09:25'),
(335, 49, 1, 682, '2019-06-14 13:09:25'),
(336, 49, 1, 683, '2019-06-14 13:09:25'),
(337, 49, 1, 684, '2019-06-14 13:09:25'),
(338, 49, 2, 685, '2019-06-14 13:16:29'),
(339, 49, 2, 686, '2019-06-14 13:16:29'),
(340, 49, 2, 687, '2019-06-14 13:16:29'),
(341, 49, 2, 688, '2019-06-14 13:16:29'),
(342, 62, 5, 273, '2019-06-14 14:04:02'),
(343, 62, 5, 274, '2019-06-14 14:04:02'),
(344, 62, 5, 275, '2019-06-14 14:04:02'),
(345, 62, 5, 276, '2019-06-14 14:04:02'),
(346, 62, 5, 277, '2019-06-14 14:04:02'),
(347, 62, 6, 412, '2019-06-14 14:08:26'),
(348, 62, 6, 414, '2019-06-14 14:08:26'),
(349, 62, 6, 416, '2019-06-14 14:08:26'),
(350, 63, 3, 49, '2019-06-14 14:26:49'),
(351, 63, 3, 51, '2019-06-14 14:26:49'),
(352, 63, 3, 52, '2019-06-14 14:26:49'),
(353, 63, 3, 53, '2019-06-14 14:26:49'),
(354, 63, 3, 54, '2019-06-14 14:26:49'),
(355, 63, 4, 55, '2019-06-14 14:33:55'),
(356, 63, 4, 56, '2019-06-14 14:33:55'),
(357, 63, 4, 57, '2019-06-14 14:33:55'),
(358, 63, 4, 58, '2019-06-14 14:33:55'),
(359, 63, 4, 59, '2019-06-14 14:33:55'),
(360, 64, 3, 263, '2019-06-14 14:41:33'),
(361, 64, 3, 264, '2019-06-14 14:41:33'),
(362, 64, 3, 265, '2019-06-14 14:41:33'),
(363, 64, 3, 266, '2019-06-14 14:41:33'),
(364, 64, 3, 436, '2019-06-14 14:41:33'),
(365, 64, 4, 267, '2019-06-14 14:57:17'),
(366, 64, 4, 269, '2019-06-14 14:57:17'),
(367, 64, 4, 270, '2019-06-14 14:57:17'),
(368, 64, 4, 271, '2019-06-14 14:57:17'),
(369, 64, 4, 272, '2019-06-14 14:57:17'),
(370, 65, 3, 423, '2019-06-14 15:12:24'),
(371, 65, 3, 424, '2019-06-14 15:12:24'),
(372, 65, 3, 425, '2019-06-14 15:12:25'),
(373, 65, 3, 426, '2019-06-14 15:12:25'),
(374, 65, 4, 427, '2019-06-14 15:17:05'),
(375, 65, 4, 428, '2019-06-14 15:17:05'),
(376, 65, 4, 429, '2019-06-14 15:17:06'),
(377, 65, 4, 430, '2019-06-14 15:17:06'),
(378, 67, 5, 278, '2019-06-14 15:41:52'),
(379, 67, 5, 279, '2019-06-14 15:41:52'),
(380, 67, 5, 280, '2019-06-14 15:41:52'),
(381, 66, 5, 278, '2019-06-14 16:12:34'),
(382, 66, 5, 279, '2019-06-14 16:12:34'),
(383, 66, 5, 280, '2019-06-14 16:12:34'),
(387, 72, 5, 292, '2019-06-18 13:25:45'),
(388, 72, 5, 293, '2019-06-18 13:25:45'),
(389, 72, 5, 294, '2019-06-18 13:25:45'),
(390, 72, 5, 295, '2019-06-18 13:25:45'),
(391, 72, 6, 296, '2019-06-18 13:33:32'),
(392, 72, 6, 297, '2019-06-18 13:33:33'),
(393, 72, 6, 298, '2019-06-18 13:33:33'),
(394, 72, 6, 299, '2019-06-18 13:33:33'),
(395, 73, 5, 281, '2019-06-18 15:27:57'),
(396, 73, 5, 282, '2019-06-18 15:27:57'),
(397, 73, 5, 283, '2019-06-18 15:27:57'),
(398, 73, 5, 284, '2019-06-18 15:27:57'),
(399, 73, 5, 285, '2019-06-18 15:27:57'),
(400, 73, 6, 286, '2019-06-18 15:28:36'),
(401, 73, 6, 287, '2019-06-18 15:28:36'),
(402, 73, 6, 288, '2019-06-18 15:28:36'),
(403, 73, 6, 289, '2019-06-18 15:28:36'),
(404, 73, 6, 290, '2019-06-18 15:28:36'),
(405, 75, 5, 696, '2019-06-18 16:11:34'),
(406, 75, 5, 697, '2019-06-18 16:11:34'),
(407, 75, 5, 698, '2019-06-18 16:11:35'),
(408, 75, 5, 699, '2019-06-18 16:11:35'),
(409, 75, 5, 700, '2019-06-18 16:11:35'),
(410, 75, 6, 701, '2019-06-18 16:17:35'),
(411, 75, 6, 702, '2019-06-18 16:17:35'),
(412, 75, 6, 703, '2019-06-18 16:17:35'),
(413, 76, 11, 311, '2019-06-18 16:41:05'),
(414, 76, 11, 312, '2019-06-18 16:41:05'),
(415, 76, 11, 313, '2019-06-18 16:41:05'),
(416, 76, 11, 314, '2019-06-18 16:41:06'),
(417, 78, 5, 716, '2019-06-19 09:24:57'),
(418, 78, 5, 717, '2019-06-19 09:24:57'),
(419, 78, 5, 718, '2019-06-19 09:24:57'),
(420, 78, 5, 719, '2019-06-19 09:24:57'),
(421, 78, 6, 715, '2019-06-19 09:28:37'),
(422, 78, 6, 714, '2019-06-19 09:28:37'),
(423, 78, 6, 713, '2019-06-19 09:28:37'),
(424, 78, 6, 712, '2019-06-19 09:28:37'),
(425, 77, 5, 704, '2019-06-19 09:33:29'),
(426, 77, 5, 705, '2019-06-19 09:33:29'),
(427, 77, 5, 706, '2019-06-19 09:33:29'),
(428, 77, 5, 707, '2019-06-19 09:33:29'),
(429, 77, 6, 708, '2019-06-19 09:37:49'),
(430, 77, 6, 709, '2019-06-19 09:37:49'),
(431, 77, 6, 710, '2019-06-19 09:37:49'),
(432, 77, 6, 711, '2019-06-19 09:37:50'),
(433, 67, 6, 689, '2019-06-19 09:45:13'),
(434, 67, 6, 690, '2019-06-19 09:45:13'),
(435, 67, 6, 691, '2019-06-19 09:45:13'),
(436, 66, 6, 693, '2019-06-19 09:59:54'),
(437, 66, 6, 694, '2019-06-19 09:59:54'),
(438, 66, 6, 695, '2019-06-19 09:59:54'),
(439, 70, 7, 720, '2019-06-19 12:08:56'),
(440, 70, 7, 721, '2019-06-19 12:08:56'),
(441, 70, 7, 722, '2019-06-19 12:08:56'),
(442, 70, 7, 727, '2019-06-19 12:08:56'),
(443, 70, 7, 728, '2019-06-19 12:08:56'),
(444, 69, 7, 720, '2019-06-19 12:12:01'),
(445, 69, 7, 721, '2019-06-19 12:12:01'),
(446, 69, 7, 722, '2019-06-19 12:12:02'),
(447, 69, 7, 723, '2019-06-19 12:12:02'),
(448, 69, 7, 724, '2019-06-19 12:12:02'),
(449, 68, 7, 720, '2019-06-19 12:14:52'),
(450, 68, 7, 721, '2019-06-19 12:14:52'),
(451, 68, 7, 722, '2019-06-19 12:14:52'),
(452, 68, 7, 725, '2019-06-19 12:14:52'),
(453, 68, 7, 726, '2019-06-19 12:14:52'),
(454, 85, 7, 145, '2019-06-21 09:17:18'),
(455, 85, 7, 146, '2019-06-21 09:17:18'),
(456, 85, 7, 147, '2019-06-21 09:17:18'),
(457, 85, 7, 149, '2019-06-21 09:17:18'),
(458, 90, 7, 724, '2019-06-21 11:38:08'),
(459, 90, 7, 723, '2019-06-21 11:38:10'),
(460, 90, 7, 722, '2019-06-21 11:38:13'),
(461, 90, 7, 721, '2019-06-21 11:38:14'),
(462, 90, 7, 720, '2019-06-21 11:38:16'),
(473, 109, 7, 149, '2019-06-21 11:41:55'),
(474, 109, 7, 147, '2019-06-21 11:41:57'),
(475, 109, 7, 146, '2019-06-21 11:41:59'),
(476, 109, 7, 145, '2019-06-21 11:42:01'),
(477, 89, 7, 168, '2019-06-21 12:01:48'),
(478, 89, 7, 170, '2019-06-21 12:01:48'),
(479, 89, 7, 172, '2019-06-21 12:01:48'),
(480, 89, 7, 173, '2019-06-21 12:01:49'),
(481, 89, 7, 174, '2019-06-21 12:01:49'),
(482, 89, 7, 175, '2019-06-21 12:01:49'),
(483, 111, 7, 175, '2019-06-21 12:08:46'),
(484, 111, 7, 174, '2019-06-21 12:08:48'),
(485, 111, 7, 173, '2019-06-21 12:08:50'),
(486, 111, 7, 172, '2019-06-21 12:08:52'),
(487, 111, 7, 170, '2019-06-21 12:08:53'),
(488, 111, 7, 168, '2019-06-21 12:08:55'),
(489, 88, 7, 163, '2019-06-21 12:16:34'),
(490, 88, 7, 164, '2019-06-21 12:16:34'),
(491, 88, 7, 165, '2019-06-21 12:16:34'),
(492, 88, 7, 166, '2019-06-21 12:16:35'),
(493, 88, 7, 167, '2019-06-21 12:16:35'),
(514, 115, 7, 167, '2019-06-21 12:39:58'),
(520, 115, 7, 166, '2019-06-21 16:46:03'),
(521, 115, 7, 165, '2019-06-21 16:46:03'),
(522, 115, 7, 164, '2019-06-21 16:46:03'),
(523, 115, 7, 163, '2019-06-21 16:46:03'),
(589, 117, 7, 180, '2019-06-24 12:23:28'),
(590, 117, 7, 181, '2019-06-24 12:23:28'),
(591, 117, 7, 182, '2019-06-24 12:23:28'),
(592, 117, 7, 183, '2019-06-24 12:23:28'),
(593, 116, 7, 180, '2019-06-24 12:28:03'),
(594, 116, 7, 181, '2019-06-24 12:28:03'),
(595, 116, 7, 182, '2019-06-24 12:28:03'),
(596, 116, 7, 183, '2019-06-24 12:28:03'),
(597, 118, 7, 184, '2019-06-24 12:51:24'),
(598, 118, 7, 185, '2019-06-24 12:51:24'),
(599, 118, 7, 186, '2019-06-24 12:51:24'),
(600, 118, 8, 627, '2019-06-24 12:51:52'),
(601, 118, 8, 628, '2019-06-24 12:51:52'),
(602, 118, 8, 629, '2019-06-24 12:51:53'),
(603, 119, 8, 629, '2019-06-24 12:52:19'),
(604, 119, 8, 628, '2019-06-24 12:52:19'),
(605, 119, 8, 627, '2019-06-24 12:52:19'),
(606, 119, 7, 186, '2019-06-24 12:52:19'),
(607, 119, 7, 185, '2019-06-24 12:52:19'),
(608, 119, 7, 184, '2019-06-24 12:52:19'),
(609, 117, 8, 729, '2019-06-24 15:25:12'),
(610, 117, 8, 730, '2019-06-24 15:25:13'),
(611, 117, 8, 731, '2019-06-24 15:25:13'),
(612, 117, 8, 732, '2019-06-24 15:25:13'),
(613, 116, 8, 729, '2019-06-24 15:26:55'),
(614, 116, 8, 730, '2019-06-24 15:26:55'),
(615, 116, 8, 731, '2019-06-24 15:26:55'),
(616, 116, 8, 732, '2019-06-24 15:26:55'),
(617, 115, 8, 733, '2019-06-24 16:34:53'),
(618, 115, 8, 734, '2019-06-24 16:34:53'),
(619, 115, 8, 735, '2019-06-24 16:34:53'),
(620, 115, 8, 736, '2019-06-24 16:34:53'),
(621, 115, 8, 737, '2019-06-24 16:34:54'),
(622, 85, 8, 742, '2019-06-25 08:48:23'),
(623, 85, 8, 743, '2019-06-25 08:48:23'),
(624, 85, 8, 744, '2019-06-25 08:48:23'),
(625, 85, 8, 745, '2019-06-25 08:48:23'),
(626, 109, 8, 742, '2019-06-25 08:50:43'),
(627, 109, 8, 743, '2019-06-25 08:50:43'),
(628, 109, 8, 744, '2019-06-25 08:50:43'),
(629, 109, 8, 745, '2019-06-25 08:50:44'),
(630, 89, 8, 746, '2019-06-25 09:01:30'),
(631, 89, 8, 747, '2019-06-25 09:01:30'),
(632, 89, 8, 748, '2019-06-25 09:01:31'),
(633, 89, 8, 749, '2019-06-25 09:01:31'),
(634, 89, 8, 750, '2019-06-25 09:01:31'),
(635, 111, 8, 746, '2019-06-25 09:04:13'),
(636, 111, 8, 747, '2019-06-25 09:04:13'),
(637, 111, 8, 748, '2019-06-25 09:04:13'),
(638, 111, 8, 749, '2019-06-25 09:04:13'),
(639, 111, 8, 750, '2019-06-25 09:04:13'),
(640, 126, 7, 194, '2019-06-25 11:41:53'),
(641, 126, 7, 195, '2019-06-25 11:41:53'),
(642, 126, 7, 196, '2019-06-25 11:41:53'),
(643, 126, 7, 193, '2019-06-25 11:41:53'),
(657, 128, 7, 193, '2019-06-25 11:55:45'),
(658, 128, 7, 196, '2019-06-25 11:55:45'),
(659, 128, 7, 195, '2019-06-25 11:55:45'),
(660, 128, 7, 194, '2019-06-25 11:55:45'),
(663, 127, 7, 176, '2019-06-25 16:13:59'),
(664, 127, 7, 177, '2019-06-25 16:13:59'),
(665, 127, 7, 178, '2019-06-25 16:13:59'),
(666, 127, 7, 179, '2019-06-25 16:13:59'),
(667, 127, 8, 760, '2019-06-25 16:23:33'),
(668, 127, 8, 761, '2019-06-25 16:23:33'),
(669, 127, 8, 762, '2019-06-25 16:23:34'),
(670, 127, 8, 763, '2019-06-25 16:23:34'),
(671, 130, 8, 763, '2019-06-25 16:24:17'),
(672, 130, 8, 762, '2019-06-25 16:24:17'),
(673, 130, 8, 761, '2019-06-25 16:24:17'),
(674, 130, 8, 760, '2019-06-25 16:24:17'),
(675, 130, 7, 179, '2019-06-25 16:24:17'),
(676, 130, 7, 178, '2019-06-25 16:24:18'),
(677, 130, 7, 177, '2019-06-25 16:24:18'),
(678, 130, 7, 176, '2019-06-25 16:24:18'),
(679, 126, 8, 756, '2019-06-25 16:46:17'),
(680, 126, 8, 757, '2019-06-25 16:46:17'),
(681, 126, 8, 758, '2019-06-25 16:46:17'),
(682, 126, 8, 759, '2019-06-25 16:46:17'),
(683, 128, 8, 756, '2019-06-25 16:58:47'),
(684, 128, 8, 757, '2019-06-25 16:58:47'),
(685, 128, 8, 758, '2019-06-25 16:58:47'),
(686, 128, 8, 759, '2019-06-25 16:58:47'),
(687, 134, 7, 307, '2019-06-26 09:00:33'),
(688, 134, 7, 308, '2019-06-26 09:00:33'),
(689, 134, 7, 309, '2019-06-26 09:00:33'),
(690, 134, 7, 310, '2019-06-26 09:00:33'),
(691, 133, 7, 307, '2019-06-26 09:01:10'),
(692, 133, 7, 308, '2019-06-26 09:01:11'),
(693, 133, 7, 191, '2019-06-26 09:01:11'),
(694, 133, 7, 192, '2019-06-26 09:01:11'),
(695, 133, 8, 764, '2019-06-26 09:40:15'),
(696, 133, 8, 765, '2019-06-26 09:40:15'),
(697, 133, 8, 768, '2019-06-26 09:40:15'),
(698, 133, 8, 769, '2019-06-26 09:40:15'),
(699, 135, 8, 769, '2019-06-26 09:53:56'),
(700, 135, 8, 768, '2019-06-26 09:53:56'),
(701, 135, 8, 765, '2019-06-26 09:53:56'),
(702, 135, 8, 764, '2019-06-26 09:53:57'),
(703, 135, 7, 192, '2019-06-26 09:53:57'),
(704, 135, 7, 191, '2019-06-26 09:53:57'),
(705, 135, 7, 308, '2019-06-26 09:53:57'),
(706, 135, 7, 307, '2019-06-26 09:53:57'),
(707, 134, 8, 764, '2019-06-26 09:55:34'),
(708, 134, 8, 765, '2019-06-26 09:55:34'),
(709, 134, 8, 766, '2019-06-26 09:55:34'),
(710, 134, 8, 767, '2019-06-26 09:55:34'),
(711, 136, 8, 767, '2019-06-26 11:41:42'),
(712, 136, 8, 766, '2019-06-26 11:41:42'),
(713, 136, 8, 765, '2019-06-26 11:41:42'),
(714, 136, 8, 764, '2019-06-26 11:41:42'),
(715, 136, 7, 310, '2019-06-26 11:41:42'),
(716, 136, 7, 309, '2019-06-26 11:41:42'),
(717, 136, 7, 308, '2019-06-26 11:41:42'),
(718, 136, 7, 307, '2019-06-26 11:41:42'),
(719, 137, 7, 770, '2019-06-26 12:59:55'),
(720, 137, 7, 771, '2019-06-26 12:59:55'),
(721, 137, 7, 772, '2019-06-26 12:59:55'),
(722, 137, 7, 773, '2019-06-26 12:59:55'),
(723, 137, 7, 775, '2019-06-26 13:00:35'),
(724, 137, 8, 776, '2019-06-26 13:04:13'),
(725, 137, 8, 777, '2019-06-26 13:04:13'),
(726, 137, 8, 778, '2019-06-26 13:04:13'),
(727, 137, 8, 779, '2019-06-26 13:04:13'),
(728, 138, 8, 767, '2019-06-27 09:15:57'),
(729, 138, 8, 766, '2019-06-27 09:15:58'),
(730, 138, 8, 765, '2019-06-27 09:15:58'),
(731, 138, 8, 764, '2019-06-27 09:15:58'),
(732, 138, 7, 310, '2019-06-27 09:15:58'),
(733, 138, 7, 309, '2019-06-27 09:15:58'),
(734, 138, 7, 308, '2019-06-27 09:15:58'),
(735, 138, 7, 307, '2019-06-27 09:15:58'),
(736, 139, 8, 769, '2019-06-27 09:16:42'),
(737, 139, 8, 768, '2019-06-27 09:16:42'),
(738, 139, 8, 765, '2019-06-27 09:16:43'),
(739, 139, 8, 764, '2019-06-27 09:16:43'),
(740, 139, 7, 192, '2019-06-27 09:16:43'),
(741, 139, 7, 191, '2019-06-27 09:16:43'),
(742, 139, 7, 308, '2019-06-27 09:16:43'),
(743, 139, 7, 307, '2019-06-27 09:16:43'),
(744, 140, 7, 728, '2019-07-02 09:24:21'),
(745, 140, 7, 727, '2019-07-02 09:24:21'),
(746, 140, 7, 722, '2019-07-02 09:24:21'),
(747, 140, 7, 721, '2019-07-02 09:24:21'),
(748, 140, 7, 720, '2019-07-02 09:24:21'),
(753, 141, 3, 780, '2019-07-02 11:25:19'),
(754, 141, 3, 781, '2019-07-02 11:25:19'),
(755, 141, 3, 782, '2019-07-02 11:25:19'),
(756, 141, 3, 783, '2019-07-02 11:25:19'),
(757, 141, 3, 784, '2019-07-02 11:25:33'),
(758, 141, 4, 785, '2019-07-02 12:03:46'),
(759, 141, 4, 786, '2019-07-02 12:03:46'),
(760, 141, 4, 787, '2019-07-02 12:03:46'),
(761, 141, 4, 788, '2019-07-02 12:03:46'),
(762, 141, 4, 789, '2019-07-02 12:03:46'),
(763, 141, 4, 790, '2019-07-02 12:03:46'),
(764, 141, 4, 791, '2019-07-02 12:03:46'),
(765, 88, 8, 733, '2019-07-03 15:40:22'),
(766, 88, 8, 734, '2019-07-03 15:40:22'),
(767, 88, 8, 735, '2019-07-03 15:40:23'),
(768, 88, 8, 736, '2019-07-03 15:40:23'),
(769, 88, 8, 737, '2019-07-03 15:40:23'),
(770, 142, 3, 792, '2019-07-04 08:46:37'),
(771, 142, 3, 793, '2019-07-04 08:46:37'),
(772, 142, 3, 794, '2019-07-04 08:46:37'),
(773, 142, 3, 795, '2019-07-04 08:46:37'),
(774, 142, 3, 796, '2019-07-04 08:46:37'),
(775, 142, 4, 797, '2019-07-04 09:14:28'),
(776, 142, 4, 798, '2019-07-04 09:14:28'),
(777, 142, 4, 799, '2019-07-04 09:14:28'),
(778, 142, 4, 800, '2019-07-04 09:14:28'),
(779, 142, 4, 801, '2019-07-04 09:14:28'),
(780, 142, 4, 802, '2019-07-04 09:14:28'),
(781, 143, 3, 808, '2019-07-04 09:35:40'),
(782, 143, 3, 809, '2019-07-04 09:35:41'),
(783, 143, 3, 810, '2019-07-04 09:35:41'),
(784, 143, 3, 811, '2019-07-04 09:35:41'),
(785, 143, 3, 812, '2019-07-04 09:35:41'),
(786, 143, 4, 803, '2019-07-04 09:37:44'),
(787, 143, 4, 804, '2019-07-04 09:37:44'),
(788, 143, 4, 805, '2019-07-04 09:37:44'),
(789, 143, 4, 806, '2019-07-04 09:37:44'),
(790, 143, 4, 807, '2019-07-04 09:37:44'),
(791, 147, 5, 813, '2019-07-04 10:12:52'),
(792, 147, 5, 814, '2019-07-04 10:12:52'),
(793, 147, 5, 815, '2019-07-04 10:12:52'),
(794, 147, 5, 816, '2019-07-04 10:12:52'),
(795, 147, 5, 817, '2019-07-04 10:12:52'),
(796, 147, 6, 818, '2019-07-04 10:17:06'),
(797, 147, 6, 819, '2019-07-04 10:17:06'),
(798, 147, 6, 820, '2019-07-04 10:17:06'),
(799, 148, 5, 826, '2019-07-04 10:42:14'),
(800, 148, 5, 827, '2019-07-04 10:42:14'),
(801, 148, 5, 828, '2019-07-04 10:42:14'),
(802, 148, 5, 829, '2019-07-04 10:42:14'),
(803, 148, 5, 830, '2019-07-04 10:42:14'),
(804, 148, 6, 821, '2019-07-04 10:43:49'),
(805, 148, 6, 822, '2019-07-04 10:43:49'),
(806, 148, 6, 823, '2019-07-04 10:43:49'),
(807, 148, 6, 824, '2019-07-04 10:43:49'),
(808, 148, 6, 825, '2019-07-04 10:43:49'),
(809, 149, 5, 831, '2019-07-04 12:05:41'),
(810, 149, 5, 832, '2019-07-04 12:05:41'),
(811, 149, 5, 833, '2019-07-04 12:05:42'),
(812, 149, 5, 834, '2019-07-04 12:05:42'),
(813, 149, 5, 835, '2019-07-04 12:05:42'),
(814, 149, 5, 836, '2019-07-04 12:05:42'),
(815, 149, 6, 838, '2019-07-04 12:08:36'),
(816, 149, 6, 839, '2019-07-04 12:08:36'),
(817, 149, 6, 837, '2019-07-04 12:08:56'),
(818, 153, 2, 242, '2019-07-04 12:27:13'),
(819, 153, 2, 241, '2019-07-04 12:27:13'),
(820, 153, 2, 239, '2019-07-04 12:27:13'),
(821, 153, 2, 240, '2019-07-04 12:27:13'),
(822, 153, 2, 238, '2019-07-04 12:27:13'),
(823, 153, 1, 134, '2019-07-04 12:27:13'),
(824, 153, 1, 133, '2019-07-04 12:27:13'),
(825, 153, 1, 132, '2019-07-04 12:27:13'),
(826, 153, 1, 131, '2019-07-04 12:27:14'),
(827, 153, 1, 130, '2019-07-04 12:27:14'),
(828, 151, 3, 415, '2019-07-04 13:11:01'),
(829, 151, 3, 417, '2019-07-04 13:11:01'),
(830, 151, 3, 418, '2019-07-04 13:11:01'),
(831, 151, 3, 419, '2019-07-04 13:11:01'),
(832, 151, 3, 420, '2019-07-04 13:11:01'),
(833, 151, 4, 840, '2019-07-04 13:17:58'),
(834, 151, 4, 841, '2019-07-04 13:17:58'),
(835, 151, 4, 842, '2019-07-04 13:17:58'),
(836, 151, 4, 843, '2019-07-04 13:17:58'),
(837, 151, 4, 844, '2019-07-04 13:18:17'),
(838, 150, 3, 415, '2019-07-04 13:23:13'),
(839, 150, 3, 417, '2019-07-04 13:23:14'),
(840, 150, 3, 418, '2019-07-04 13:23:14'),
(841, 150, 3, 419, '2019-07-04 13:23:14'),
(842, 150, 3, 420, '2019-07-04 13:23:14'),
(843, 150, 4, 845, '2019-07-04 13:25:31'),
(844, 150, 4, 846, '2019-07-04 13:25:31'),
(845, 150, 4, 847, '2019-07-04 13:25:31'),
(846, 150, 4, 848, '2019-07-04 13:25:32'),
(847, 150, 4, 849, '2019-07-04 13:25:32'),
(848, 150, 4, 844, '2019-07-04 13:25:48'),
(849, 155, 5, 850, '2019-07-04 15:08:34'),
(850, 155, 5, 851, '2019-07-04 15:08:34'),
(851, 155, 5, 852, '2019-07-04 15:08:34'),
(852, 155, 5, 853, '2019-07-04 15:08:34'),
(853, 155, 5, 854, '2019-07-04 15:08:34'),
(854, 155, 6, 861, '2019-07-04 15:10:33'),
(855, 154, 5, 855, '2019-07-04 15:12:36'),
(856, 154, 5, 856, '2019-07-04 15:12:37'),
(857, 154, 5, 857, '2019-07-04 15:12:37'),
(858, 154, 5, 858, '2019-07-04 15:12:37'),
(859, 154, 5, 859, '2019-07-04 15:12:37'),
(860, 154, 5, 860, '2019-07-04 15:12:37'),
(861, 154, 6, 861, '2019-07-04 15:14:42'),
(862, 18, 1, 118, '2019-07-04 15:34:18'),
(863, 18, 1, 119, '2019-07-04 15:34:18'),
(864, 18, 1, 120, '2019-07-04 15:34:18'),
(865, 18, 1, 122, '2019-07-04 15:34:18'),
(866, 18, 2, 243, '2019-07-04 15:37:51'),
(867, 18, 2, 244, '2019-07-04 15:37:51'),
(868, 18, 2, 245, '2019-07-04 15:37:51'),
(869, 18, 2, 246, '2019-07-04 15:37:51'),
(870, 156, 5, 454, '2019-07-04 15:43:19'),
(871, 156, 5, 455, '2019-07-04 15:43:19'),
(872, 156, 5, 456, '2019-07-04 15:43:19'),
(873, 156, 5, 457, '2019-07-04 15:43:19'),
(874, 156, 6, 470, '2019-07-04 15:45:27'),
(875, 156, 6, 471, '2019-07-04 15:45:27'),
(876, 156, 6, 472, '2019-07-04 15:45:27'),
(877, 157, 3, 448, '2019-07-05 08:35:31'),
(878, 157, 3, 449, '2019-07-05 08:35:31'),
(879, 157, 3, 450, '2019-07-05 08:35:31'),
(880, 157, 3, 451, '2019-07-05 08:35:31'),
(881, 157, 3, 452, '2019-07-05 08:35:31'),
(882, 157, 3, 453, '2019-07-05 08:35:31'),
(883, 157, 4, 464, '2019-07-05 08:38:32'),
(884, 157, 4, 465, '2019-07-05 08:38:32'),
(885, 157, 4, 466, '2019-07-05 08:38:32'),
(886, 157, 4, 467, '2019-07-05 08:38:32'),
(887, 157, 4, 469, '2019-07-05 08:38:32'),
(888, 158, 5, 479, '2019-07-05 08:42:08'),
(889, 158, 5, 480, '2019-07-05 08:42:09'),
(890, 158, 5, 481, '2019-07-05 08:42:09'),
(891, 158, 5, 482, '2019-07-05 08:42:09'),
(892, 158, 5, 483, '2019-07-05 08:42:09'),
(893, 158, 5, 484, '2019-07-05 08:42:09'),
(894, 158, 5, 485, '2019-07-05 08:42:09'),
(895, 158, 6, 489, '2019-07-05 08:47:36'),
(896, 158, 6, 490, '2019-07-05 08:47:37'),
(897, 158, 6, 491, '2019-07-05 08:47:37'),
(898, 53, 5, 438, '2019-07-05 08:51:54'),
(899, 53, 5, 439, '2019-07-05 08:51:54'),
(900, 53, 5, 440, '2019-07-05 08:51:54'),
(901, 53, 5, 442, '2019-07-05 08:51:55'),
(902, 53, 5, 443, '2019-07-05 08:51:55'),
(903, 53, 6, 444, '2019-07-05 08:53:57'),
(904, 53, 6, 445, '2019-07-05 08:53:57'),
(905, 53, 6, 446, '2019-07-05 08:53:57'),
(906, 53, 6, 447, '2019-07-05 08:53:58'),
(907, 159, 2, 224, '2019-07-05 09:05:04'),
(908, 159, 2, 223, '2019-07-05 09:05:04'),
(909, 159, 2, 222, '2019-07-05 09:05:04'),
(910, 159, 2, 221, '2019-07-05 09:05:04'),
(911, 159, 1, 112, '2019-07-05 09:05:04'),
(912, 159, 1, 111, '2019-07-05 09:05:04'),
(913, 159, 1, 109, '2019-07-05 09:05:04'),
(914, 159, 1, 108, '2019-07-05 09:05:04'),
(915, 159, 1, 107, '2019-07-05 09:05:04'),
(924, 161, 1, 117, '2019-07-05 10:13:01'),
(925, 161, 2, 201, '2019-07-05 10:13:01'),
(926, 161, 2, 200, '2019-07-05 10:13:01'),
(927, 161, 2, 199, '2019-07-05 10:13:01'),
(928, 161, 2, 198, '2019-07-05 10:13:01'),
(929, 161, 1, 44, '2019-07-05 10:13:01'),
(930, 161, 1, 45, '2019-07-05 10:13:02'),
(931, 161, 1, 43, '2019-07-05 10:13:02'),
(932, 39, 1, 8, '2019-07-17 08:27:58'),
(933, 39, 1, 9, '2019-07-17 08:27:58'),
(934, 39, 1, 7, '2019-07-17 08:27:58'),
(935, 39, 1, 123, '2019-07-17 08:27:58'),
(936, 39, 1, 10, '2019-07-17 08:28:15'),
(937, 39, 2, 11, '2019-07-17 08:31:44'),
(938, 39, 2, 12, '2019-07-17 08:31:44'),
(939, 39, 2, 13, '2019-07-17 08:31:44'),
(940, 39, 2, 15, '2019-07-17 08:31:44'),
(941, 39, 2, 232, '2019-07-17 08:31:44'),
(942, 39, 2, 237, '2019-07-17 08:31:44'),
(943, 39, 2, 866, '2019-07-17 08:47:17'),
(944, 39, 2, 867, '2019-07-17 08:47:17'),
(945, 39, 2, 868, '2019-07-17 08:47:17'),
(946, 44, 2, 866, '2019-07-17 08:49:06'),
(947, 44, 2, 867, '2019-07-17 08:49:06'),
(948, 44, 2, 868, '2019-07-17 08:49:06'),
(949, 70, 8, 869, '2019-07-23 11:03:10'),
(950, 70, 8, 870, '2019-07-23 11:03:10'),
(951, 70, 8, 872, '2019-07-23 11:03:10'),
(952, 70, 8, 871, '2019-07-23 11:03:10'),
(953, 69, 8, 869, '2019-07-23 11:05:34'),
(954, 69, 8, 870, '2019-07-23 11:05:34'),
(955, 69, 8, 872, '2019-07-23 11:05:34'),
(956, 69, 8, 871, '2019-07-23 11:05:34'),
(957, 68, 8, 869, '2019-07-23 11:07:26'),
(958, 68, 8, 870, '2019-07-23 11:07:26'),
(959, 68, 8, 872, '2019-07-23 11:07:26'),
(960, 68, 8, 871, '2019-07-23 11:07:26'),
(961, 36, 1, 34, '2019-07-23 11:41:19'),
(962, 36, 1, 35, '2019-07-23 11:41:19'),
(963, 36, 1, 36, '2019-07-23 11:41:19'),
(964, 4, 1, 1, '2019-07-24 10:56:25'),
(965, 4, 1, 2, '2019-07-24 10:56:25');

-- --------------------------------------------------------

--
-- Structure de la table `gen_maquette_ue_ec`
--

CREATE TABLE `gen_maquette_ue_ec` (
  `id` int NOT NULL,
  `maquette_ue` int NOT NULL,
  `ec` int DEFAULT NULL,
  `coefficient` int DEFAULT NULL,
  `date` timestamp NOT NULL DEFAULT CURRENT_TIMESTAMP
) ENGINE=InnoDB DEFAULT CHARSET=latin1;

--
-- Déchargement des données de la table `gen_maquette_ue_ec`
--

INSERT INTO `gen_maquette_ue_ec` (`id`, `maquette_ue`, `ec`, `coefficient`, `date`) VALUES
(1, 1, 1, 1, '2019-06-11 08:49:28'),
(2, 1, 2, 1, '2019-06-11 08:50:04'),
(3, 2, 12, 1, '2019-06-11 08:51:28'),
(4, 2, 11, 1, '2019-06-11 08:51:57'),
(5, 3, 14, 1, '2019-06-11 09:05:54'),
(6, 3, 325, 2, '2019-06-11 09:06:22'),
(7, 3, 323, 2, '2019-06-11 09:06:43'),
(8, 5, 16, 1, '2019-06-11 09:08:55'),
(9, 5, 17, 1, '2019-06-11 09:09:11'),
(10, 5, 18, 1, '2019-06-11 09:09:28'),
(11, 4, 557, 1, '2019-06-11 09:09:44'),
(12, 4, 20, 1, '2019-06-11 09:09:59'),
(13, 4, 19, 1, '2019-06-11 09:10:16'),
(14, 6, 78, 1, '2019-06-11 09:16:22'),
(15, 6, 79, 1, '2019-06-11 09:16:39'),
(16, 7, 80, 1, '2019-06-11 09:17:17'),
(18, 7, 81, 1, '2019-06-11 09:17:30'),
(19, 8, 82, 1, '2019-06-11 09:17:50'),
(20, 8, 83, 1, '2019-06-11 09:18:04'),
(21, 13, 305, 1, '2019-06-11 09:19:03'),
(22, 13, 303, 1, '2019-06-11 09:19:14'),
(23, 13, 304, 2, '2019-06-11 09:19:30'),
(24, 13, 302, 1, '2019-06-11 09:19:43'),
(25, 13, 301, 1, '2019-06-11 09:19:54'),
(26, 14, 526, 1, '2019-06-11 09:31:22'),
(27, 14, 527, 1, '2019-06-11 09:31:36'),
(28, 15, 529, 1, '2019-06-11 09:32:02'),
(29, 15, 528, 1, '2019-06-11 09:32:17'),
(30, 16, 532, 1, '2019-06-11 09:32:34'),
(31, 16, 531, 1, '2019-06-11 09:32:47'),
(32, 16, 530, 1, '2019-06-11 09:33:03'),
(33, 17, 533, 1, '2019-06-11 09:34:08'),
(34, 18, 265, 1, '2019-06-11 09:41:03'),
(35, 18, 266, 1, '2019-06-11 09:41:18'),
(36, 19, 267, 1, '2019-06-11 09:41:52'),
(37, 19, 268, 1, '2019-06-11 09:42:05'),
(38, 20, 270, 1, '2019-06-11 09:42:23'),
(39, 20, 269, 1, '2019-06-11 09:42:37'),
(40, 21, 271, 1, '2019-06-11 09:43:10'),
(41, 21, 272, 1, '2019-06-11 09:43:22'),
(42, 22, 285, 1, '2019-06-11 09:43:55'),
(43, 22, 283, 1, '2019-06-11 09:44:08'),
(44, 22, 282, 2, '2019-06-11 09:44:22'),
(45, 22, 284, 1, '2019-06-11 09:44:37'),
(46, 22, 286, 1, '2019-06-11 09:44:48'),
(47, 23, 536, 1, '2019-06-11 09:46:40'),
(48, 23, 537, 1, '2019-06-11 09:46:56'),
(49, 24, 538, 1, '2019-06-11 09:47:56'),
(50, 24, 539, 1, '2019-06-11 09:48:08'),
(51, 25, 540, 1, '2019-06-11 09:48:25'),
(52, 25, 541, 1, '2019-06-11 09:48:39'),
(53, 26, 542, 1, '2019-06-11 09:48:56'),
(54, 26, 544, 1, '2019-06-11 09:49:08'),
(55, 24, 726, 1, '2019-06-11 09:52:38'),
(56, 27, 293, 1, '2019-06-11 10:42:24'),
(57, 27, 294, 1, '2019-06-11 10:42:44'),
(58, 28, 295, 1, '2019-06-11 10:43:47'),
(59, 28, 296, 1, '2019-06-11 10:44:00'),
(60, 29, 297, 1, '2019-06-11 10:44:20'),
(61, 29, 298, 1, '2019-06-11 10:44:38'),
(62, 30, 299, 1, '2019-06-11 10:44:57'),
(63, 30, 300, 1, '2019-06-11 10:45:18'),
(64, 31, 291, 1, '2019-06-11 10:45:53'),
(65, 31, 288, 1, '2019-06-11 10:46:06'),
(66, 31, 290, 2, '2019-06-11 10:46:18'),
(67, 31, 289, 1, '2019-06-11 10:46:35'),
(68, 31, 287, 1, '2019-06-11 10:46:50'),
(69, 32, 545, 1, '2019-06-11 10:56:02'),
(70, 32, 546, 1, '2019-06-11 10:56:25'),
(71, 33, 547, 1, '2019-06-11 10:56:56'),
(72, 33, 548, 1, '2019-06-11 10:57:30'),
(73, 34, 549, 1, '2019-06-11 10:58:04'),
(74, 34, 550, 1, '2019-06-11 10:58:32'),
(75, 35, 551, 1, '2019-06-11 10:58:58'),
(76, 35, 552, 1, '2019-06-11 10:59:19'),
(77, 35, 553, 1, '2019-06-11 10:59:40'),
(86, 45, 78, 1, '2019-06-11 11:23:17'),
(87, 45, 79, 1, '2019-06-11 11:23:36'),
(89, 46, 80, 1, '2019-06-11 11:24:07'),
(91, 46, 81, 1, '2019-06-11 11:24:44'),
(93, 47, 530, 1, '2019-06-11 11:25:23'),
(94, 41, 102, 1, '2019-06-11 11:25:38'),
(95, 41, 103, 1, '2019-06-11 11:25:57'),
(97, 47, 83, 1, '2019-06-11 11:26:17'),
(99, 41, 104, 1, '2019-06-11 11:27:03'),
(104, 43, 108, 1, '2019-06-11 11:28:22'),
(109, 52, 528, 1, '2019-06-11 11:35:25'),
(110, 52, 529, 1, '2019-06-11 11:35:43'),
(111, 53, 530, 1, '2019-06-11 11:37:05'),
(112, 53, 531, 1, '2019-06-11 11:37:24'),
(113, 53, 532, 1, '2019-06-11 11:38:03'),
(114, 55, 265, 1, '2019-06-11 11:39:24'),
(115, 54, 533, 1, '2019-06-11 11:39:30'),
(116, 55, 266, 1, '2019-06-11 11:39:52'),
(117, 56, 268, 1, '2019-06-11 11:40:38'),
(118, 56, 267, 1, '2019-06-11 11:41:41'),
(119, 57, 269, 1, '2019-06-11 11:42:15'),
(120, 57, 270, 1, '2019-06-11 11:42:49'),
(121, 60, 514, 1, '2019-06-11 11:42:50'),
(122, 60, 515, 1, '2019-06-11 11:43:19'),
(123, 60, 516, 1, '2019-06-11 11:43:37'),
(125, 58, 271, 1, '2019-06-11 11:49:34'),
(126, 59, 272, 1, '2019-06-11 11:50:06'),
(127, 59, 285, 1, '2019-06-11 11:51:05'),
(128, 61, 517, 1, '2019-06-11 11:51:30'),
(129, 58, 272, 1, '2019-06-11 11:51:41'),
(130, 61, 518, 1, '2019-06-11 11:51:54'),
(131, 62, 519, 1, '2019-06-11 11:54:23'),
(132, 59, 283, 1, '2019-06-11 11:54:36'),
(133, 62, 520, 1, '2019-06-11 11:54:52'),
(134, 59, 282, 2, '2019-06-11 11:55:21'),
(135, 62, 521, 1, '2019-06-11 11:55:57'),
(136, 59, 284, 1, '2019-06-11 11:56:04'),
(137, 59, 286, 1, '2019-06-11 11:56:33'),
(138, 63, 524, 1, '2019-06-11 11:56:49'),
(139, 65, 536, 1, '2019-06-11 11:58:41'),
(140, 65, 537, 1, '2019-06-11 11:59:16'),
(141, 66, 538, 1, '2019-06-11 11:59:42'),
(142, 66, 726, 1, '2019-06-11 12:00:26'),
(143, 66, 539, 1, '2019-06-11 12:01:54'),
(144, 67, 540, 1, '2019-06-11 12:02:31'),
(145, 67, 541, 1, '2019-06-11 12:03:22'),
(146, 68, 542, 1, '2019-06-11 12:03:57'),
(147, 68, 544, 1, '2019-06-11 12:04:49'),
(227, 44, 308, 1, '2019-06-11 13:25:21'),
(228, 44, 264, 1, '2019-06-11 13:25:36'),
(229, 44, 307, 2, '2019-06-11 13:25:53'),
(230, 44, 263, 1, '2019-06-11 13:26:05'),
(231, 44, 309, 1, '2019-06-11 13:26:20'),
(232, 64, 107, 1, '2019-06-11 13:27:45'),
(233, 64, 105, 1, '2019-06-11 13:28:08'),
(234, 64, 106, 1, '2019-06-11 13:28:23'),
(235, 43, 109, 1, '2019-06-11 13:28:46'),
(236, 43, 110, 1, '2019-06-11 13:29:04'),
(286, 48, 305, 1, '2019-06-11 15:48:15'),
(287, 121, 112, 1, '2019-06-11 16:07:10'),
(288, 121, 111, 1, '2019-06-11 16:07:48'),
(289, 123, 120, 1, '2019-06-11 16:08:44'),
(290, 123, 115, 1, '2019-06-11 16:09:21'),
(291, 123, 113, 1, '2019-06-11 16:10:02'),
(293, 122, 118, 1, '2019-06-11 16:11:57'),
(294, 124, 337, 1, '2019-06-11 16:12:09'),
(295, 124, 338, 1, '2019-06-11 16:12:25'),
(296, 124, 339, 1, '2019-06-11 16:12:42'),
(297, 122, 117, 1, '2019-06-11 16:12:45'),
(298, 125, 340, 1, '2019-06-11 16:13:04'),
(299, 125, 341, 1, '2019-06-11 16:13:38'),
(300, 126, 342, 1, '2019-06-11 16:14:12'),
(301, 126, 343, 1, '2019-06-11 16:14:29'),
(302, 126, 344, 1, '2019-06-11 16:14:44'),
(303, 127, 345, 1, '2019-06-11 16:15:14'),
(304, 127, 346, 1, '2019-06-11 16:15:32'),
(305, 122, 116, 1, '2019-06-11 16:16:10'),
(306, 129, 610, 1, '2019-06-11 16:22:41'),
(307, 129, 612, 1, '2019-06-11 16:22:59'),
(308, 135, 362, 1, '2019-06-11 16:26:41'),
(309, 135, 364, 1, '2019-06-11 16:27:32'),
(310, 135, 361, 2, '2019-06-11 16:28:20'),
(311, 135, 363, 1, '2019-06-11 16:28:46'),
(312, 130, 615, 2, '2019-06-11 16:36:32'),
(313, 130, 616, 1, '2019-06-11 16:36:51'),
(314, 130, 617, 2, '2019-06-11 16:37:17'),
(315, 130, 618, 1, '2019-06-11 16:37:46'),
(316, 131, 619, 1, '2019-06-11 16:38:10'),
(317, 131, 620, 1, '2019-06-11 16:38:28'),
(318, 131, 621, 1, '2019-06-11 16:38:45'),
(319, 132, 623, 2, '2019-06-11 16:39:29'),
(320, 132, 624, 2, '2019-06-11 16:40:50'),
(321, 133, 732, 1, '2019-06-11 16:41:20'),
(322, 133, 626, 1, '2019-06-11 16:44:40'),
(323, 134, 625, 1, '2019-06-11 16:45:07'),
(324, 128, 358, 1, '2019-06-12 08:39:32'),
(325, 140, 788, 1, '2019-06-12 09:30:53'),
(326, 140, 789, 1, '2019-06-12 09:31:56'),
(327, 141, 790, 1, '2019-06-12 09:32:29'),
(328, 141, 791, 1, '2019-06-12 09:32:55'),
(329, 142, 792, 1, '2019-06-12 09:33:40'),
(330, 142, 793, 1, '2019-06-12 09:34:04'),
(334, 144, 871, 1, '2019-06-12 09:37:11'),
(335, 144, 873, 1, '2019-06-12 09:37:32'),
(336, 145, 879, 1, '2019-06-12 09:37:59'),
(337, 145, 871, 1, '2019-06-12 09:38:21'),
(338, 146, 880, 1, '2019-06-12 09:38:54'),
(340, 146, 881, 1, '2019-06-12 09:39:36'),
(341, 147, 882, 1, '2019-06-12 09:39:59'),
(342, 147, 883, 1, '2019-06-12 09:40:49'),
(343, 136, 42, 2, '2019-06-12 09:41:35'),
(344, 136, 98, 1, '2019-06-12 09:41:47'),
(345, 137, 43, 2, '2019-06-12 09:42:04'),
(346, 137, 44, 3, '2019-06-12 09:42:17'),
(347, 148, 798, 1, '2019-06-12 09:42:41'),
(348, 148, 799, 1, '2019-06-12 09:42:58'),
(349, 149, 800, 1, '2019-06-12 09:43:21'),
(350, 149, 801, 1, '2019-06-12 09:43:39'),
(351, 150, 802, 1, '2019-06-12 09:44:01'),
(352, 150, 803, 1, '2019-06-12 09:44:21'),
(353, 151, 804, 1, '2019-06-12 09:44:43'),
(354, 151, 805, 1, '2019-06-12 09:44:59'),
(355, 138, 45, 1, '2019-06-12 09:45:28'),
(356, 138, 46, 1, '2019-06-12 09:45:39'),
(357, 139, 100, 1, '2019-06-12 09:46:05'),
(358, 152, 858, 1, '2019-06-12 09:46:16'),
(359, 139, 50, 1, '2019-06-12 09:46:17'),
(360, 139, 51, 2, '2019-06-12 09:46:29'),
(361, 152, 860, 1, '2019-06-12 09:46:42'),
(362, 139, 27, 1, '2019-06-12 09:46:43'),
(363, 139, 97, 1, '2019-06-12 09:46:55'),
(364, 153, 861, 1, '2019-06-12 09:47:04'),
(365, 153, 862, 1, '2019-06-12 09:47:22'),
(366, 154, 864, 1, '2019-06-12 09:47:46'),
(367, 154, 865, 1, '2019-06-12 09:48:03'),
(368, 155, 868, 1, '2019-06-12 09:48:23'),
(369, 155, 869, 1, '2019-06-12 09:48:38'),
(370, 155, 870, 1, '2019-06-12 09:48:52'),
(371, 156, 98, 1, '2019-06-12 09:52:22'),
(372, 156, 42, 2, '2019-06-12 09:53:02'),
(373, 160, 54, 1, '2019-06-12 09:53:04'),
(374, 160, 52, 2, '2019-06-12 09:53:16'),
(375, 160, 53, 2, '2019-06-12 09:53:28'),
(376, 161, 56, 1, '2019-06-12 09:53:46'),
(377, 161, 55, 1, '2019-06-12 09:54:00'),
(378, 157, 43, 2, '2019-06-12 09:54:28'),
(379, 162, 58, 1, '2019-06-12 09:54:32'),
(380, 162, 57, 1, '2019-06-12 09:54:43'),
(381, 157, 44, 3, '2019-06-12 09:54:46'),
(382, 163, 59, 1, '2019-06-12 09:54:57'),
(383, 163, 60, 1, '2019-06-12 09:55:08'),
(384, 158, 45, 1, '2019-06-12 09:55:16'),
(385, 164, 631, 1, '2019-06-12 09:55:22'),
(386, 165, 42, 2, '2019-06-12 09:55:31'),
(387, 164, 632, 1, '2019-06-12 09:55:33'),
(388, 158, 46, 1, '2019-06-12 09:55:40'),
(389, 165, 98, 1, '2019-06-12 09:55:51'),
(390, 166, 44, 3, '2019-06-12 09:56:14'),
(391, 159, 100, 1, '2019-06-12 09:56:33'),
(392, 166, 43, 2, '2019-06-12 09:56:44'),
(393, 159, 50, 1, '2019-06-12 09:56:50'),
(394, 159, 51, 2, '2019-06-12 09:57:09'),
(395, 167, 45, 1, '2019-06-12 09:57:19'),
(396, 159, 27, 1, '2019-06-12 09:57:34'),
(397, 167, 46, 1, '2019-06-12 09:57:42'),
(398, 159, 97, 1, '2019-06-12 09:57:52'),
(399, 168, 100, 1, '2019-06-12 09:59:10'),
(400, 168, 50, 1, '2019-06-12 09:59:42'),
(401, 168, 51, 2, '2019-06-12 10:00:04'),
(402, 168, 27, 1, '2019-06-12 10:00:47'),
(403, 168, 97, 1, '2019-06-12 10:01:09'),
(404, 184, 54, 1, '2019-06-12 10:01:22'),
(405, 184, 52, 2, '2019-06-12 10:01:33'),
(406, 184, 53, 2, '2019-06-12 10:01:45'),
(407, 185, 56, 1, '2019-06-12 10:01:59'),
(408, 185, 55, 1, '2019-06-12 10:02:12'),
(409, 189, 98, 1, '2019-06-12 10:02:19'),
(410, 186, 58, 1, '2019-06-12 10:02:25'),
(411, 128, 356, 1, '2019-06-12 10:02:29'),
(412, 186, 57, 1, '2019-06-12 10:02:39'),
(413, 187, 59, 1, '2019-06-12 10:02:54'),
(414, 128, 357, 2, '2019-06-12 10:02:57'),
(415, 187, 60, 1, '2019-06-12 10:03:05'),
(416, 189, 42, 2, '2019-06-12 10:03:13'),
(417, 128, 352, 1, '2019-06-12 10:03:15'),
(418, 188, 629, 1, '2019-06-12 10:03:19'),
(419, 188, 630, 1, '2019-06-12 10:03:30'),
(420, 128, 353, 1, '2019-06-12 10:03:32'),
(421, 190, 44, 3, '2019-06-12 10:03:35'),
(422, 190, 43, 2, '2019-06-12 10:03:59'),
(423, 191, 45, 1, '2019-06-12 10:04:20'),
(424, 191, 46, 1, '2019-06-12 10:04:46'),
(425, 169, 52, 2, '2019-06-12 10:05:00'),
(426, 169, 53, 2, '2019-06-12 10:05:47'),
(427, 192, 100, 1, '2019-06-12 10:05:50'),
(428, 169, 54, 1, '2019-06-12 10:06:08'),
(429, 192, 50, 1, '2019-06-12 10:06:09'),
(430, 192, 51, 2, '2019-06-12 10:06:27'),
(431, 170, 55, 1, '2019-06-12 10:06:32'),
(432, 170, 56, 1, '2019-06-12 10:06:48'),
(433, 192, 27, 1, '2019-06-12 10:06:50'),
(434, 192, 97, 1, '2019-06-12 10:07:12'),
(435, 171, 57, 1, '2019-06-12 10:07:14'),
(436, 171, 58, 1, '2019-06-12 10:07:29'),
(437, 172, 59, 1, '2019-06-12 10:07:50'),
(438, 172, 60, 1, '2019-06-12 10:08:05'),
(439, 173, 627, 1, '2019-06-12 10:08:25'),
(440, 173, 628, 1, '2019-06-12 10:08:43'),
(441, 174, 52, 2, '2019-06-12 10:08:58'),
(442, 174, 53, 2, '2019-06-12 10:09:19'),
(443, 174, 54, 1, '2019-06-12 10:09:35'),
(444, 175, 55, 1, '2019-06-12 10:10:40'),
(445, 175, 56, 1, '2019-06-12 10:11:07'),
(446, 176, 58, 1, '2019-06-12 10:11:39'),
(447, 176, 57, 1, '2019-06-12 10:12:00'),
(448, 177, 59, 1, '2019-06-12 10:12:21'),
(449, 177, 60, 1, '2019-06-12 10:12:45'),
(450, 178, 629, 1, '2019-06-12 10:13:24'),
(451, 178, 630, 1, '2019-06-12 10:13:59'),
(452, 193, 232, 3, '2019-06-12 10:31:57'),
(453, 193, 231, 2, '2019-06-12 10:32:14'),
(454, 194, 234, 3, '2019-06-12 10:32:45'),
(455, 194, 233, 2, '2019-06-12 10:33:09'),
(456, 195, 237, 1, '2019-06-12 10:33:35'),
(457, 195, 233, 2, '2019-06-12 10:34:10'),
(458, 196, 239, 1, '2019-06-12 10:34:46'),
(459, 196, 238, 1, '2019-06-12 10:35:10'),
(460, 197, 240, 1, '2019-06-12 10:35:37'),
(461, 197, 241, 1, '2019-06-12 10:35:56'),
(462, 198, 243, 3, '2019-06-12 10:38:18'),
(463, 198, 242, 2, '2019-06-12 10:38:40'),
(464, 199, 245, 3, '2019-06-12 10:39:02'),
(465, 199, 242, 2, '2019-06-12 10:39:23'),
(466, 200, 246, 1, '2019-06-12 10:39:46'),
(467, 201, 247, 1, '2019-06-12 10:40:19'),
(468, 201, 248, 1, '2019-06-12 10:40:51'),
(469, 202, 249, 1, '2019-06-12 10:41:30'),
(470, 203, 98, 1, '2019-06-12 10:41:57'),
(471, 203, 42, 2, '2019-06-12 10:42:08'),
(472, 204, 44, 3, '2019-06-12 10:42:26'),
(473, 202, 251, 1, '2019-06-12 10:42:34'),
(475, 204, 43, 2, '2019-06-12 10:42:39'),
(476, 205, 45, 1, '2019-06-12 10:42:53'),
(477, 205, 46, 1, '2019-06-12 10:43:07'),
(478, 206, 100, 1, '2019-06-12 10:43:32'),
(479, 206, 50, 1, '2019-06-12 10:43:47'),
(480, 206, 51, 2, '2019-06-12 10:44:01'),
(481, 206, 27, 1, '2019-06-12 10:44:17'),
(482, 206, 97, 1, '2019-06-12 10:44:32'),
(483, 207, 54, 1, '2019-06-12 10:46:06'),
(484, 207, 52, 2, '2019-06-12 10:46:17'),
(485, 207, 53, 2, '2019-06-12 10:46:30'),
(486, 208, 56, 1, '2019-06-12 10:46:47'),
(487, 208, 55, 1, '2019-06-12 10:46:58'),
(488, 209, 58, 1, '2019-06-12 10:47:14'),
(489, 209, 57, 1, '2019-06-12 10:47:28'),
(490, 210, 59, 1, '2019-06-12 10:47:43'),
(491, 210, 60, 1, '2019-06-12 10:47:59'),
(492, 211, 628, 1, '2019-06-12 10:48:13'),
(493, 211, 627, 1, '2019-06-12 10:48:25'),
(494, 212, 310, 1, '2019-06-12 11:17:41'),
(495, 212, 311, 1, '2019-06-12 11:17:51'),
(496, 213, 360, 1, '2019-06-12 11:18:08'),
(497, 213, 312, 1, '2019-06-12 11:18:23'),
(498, 213, 313, 1, '2019-06-12 11:18:35'),
(499, 214, 315, 1, '2019-06-12 11:18:52'),
(500, 214, 314, 1, '2019-06-12 11:19:10'),
(501, 215, 331, 2, '2019-06-12 11:19:58'),
(502, 215, 329, 1, '2019-06-12 11:20:11'),
(503, 215, 327, 1, '2019-06-12 11:20:23'),
(505, 215, 1605, 1, '2019-06-12 11:37:04'),
(506, 215, 1606, 1, '2019-06-12 12:05:38'),
(507, 216, 586, 1, '2019-06-12 12:07:11'),
(508, 216, 585, 1, '2019-06-12 12:07:22'),
(509, 217, 587, 1, '2019-06-12 12:07:35'),
(510, 217, 588, 1, '2019-06-12 12:07:46'),
(511, 218, 1132, 1, '2019-06-12 12:08:02'),
(512, 218, 590, 1, '2019-06-12 12:08:13'),
(513, 218, 589, 1, '2019-06-12 12:08:25'),
(514, 219, 592, 1, '2019-06-12 12:08:43'),
(515, 219, 593, 1, '2019-06-12 12:09:24'),
(516, 220, 338, 1, '2019-06-12 12:25:43'),
(517, 220, 337, 1, '2019-06-12 12:26:03'),
(518, 220, 339, 1, '2019-06-12 12:26:14'),
(519, 221, 340, 1, '2019-06-12 12:26:33'),
(520, 221, 341, 1, '2019-06-12 12:26:45'),
(521, 222, 343, 1, '2019-06-12 12:27:01'),
(522, 222, 342, 1, '2019-06-12 12:27:11'),
(523, 222, 344, 1, '2019-06-12 12:27:23'),
(524, 223, 346, 1, '2019-06-12 12:28:15'),
(525, 223, 345, 1, '2019-06-12 12:28:28'),
(528, 224, 358, 1, '2019-06-12 12:29:43'),
(529, 224, 356, 1, '2019-06-12 12:29:54'),
(530, 224, 357, 2, '2019-06-12 12:30:08'),
(531, 224, 352, 1, '2019-06-12 12:30:22'),
(532, 224, 353, 1, '2019-06-12 12:30:34'),
(533, 225, 610, 1, '2019-06-12 12:35:01'),
(534, 225, 612, 1, '2019-06-12 12:35:14'),
(535, 226, 617, 2, '2019-06-12 12:35:27'),
(536, 226, 615, 2, '2019-06-12 12:35:41'),
(537, 226, 618, 1, '2019-06-12 12:35:54'),
(538, 226, 616, 1, '2019-06-12 12:36:06'),
(539, 227, 621, 1, '2019-06-12 12:36:21'),
(540, 227, 619, 1, '2019-06-12 12:36:31'),
(541, 227, 620, 1, '2019-06-12 12:36:43'),
(542, 228, 623, 2, '2019-06-12 12:36:58'),
(543, 228, 624, 2, '2019-06-12 12:37:09'),
(544, 229, 732, 1, '2019-06-12 12:37:22'),
(545, 229, 626, 1, '2019-06-12 12:37:34'),
(546, 230, 625, 1, '2019-06-12 12:38:13'),
(547, 231, 366, 1, '2019-06-12 12:44:00'),
(548, 231, 367, 1, '2019-06-12 12:44:10'),
(549, 232, 369, 1, '2019-06-12 12:44:24'),
(550, 232, 368, 1, '2019-06-12 12:44:37'),
(551, 233, 370, 1, '2019-06-12 12:44:51'),
(552, 233, 371, 1, '2019-06-12 12:45:03'),
(553, 234, 372, 1, '2019-06-12 12:45:20'),
(554, 234, 380, 1, '2019-06-12 12:45:35'),
(555, 235, 379, 1, '2019-06-12 12:45:58'),
(556, 235, 376, 1, '2019-06-12 12:46:32'),
(557, 235, 377, 2, '2019-06-12 12:46:44'),
(558, 235, 375, 1, '2019-06-12 12:46:58'),
(559, 235, 374, 1, '2019-06-12 12:47:11'),
(560, 236, 574, 1, '2019-06-12 12:50:51'),
(561, 236, 575, 1, '2019-06-12 12:51:01'),
(562, 238, 579, 1, '2019-06-12 12:51:24'),
(563, 238, 578, 1, '2019-06-12 12:51:35'),
(564, 237, 576, 1, '2019-06-12 12:51:53'),
(565, 237, 577, 1, '2019-06-12 12:52:13'),
(566, 239, 581, 1, '2019-06-12 12:53:11'),
(567, 239, 580, 1, '2019-06-12 12:53:22'),
(568, 240, 584, 1, '2019-06-12 12:53:57'),
(569, 240, 583, 1, '2019-06-12 12:54:13'),
(570, 240, 582, 1, '2019-06-12 12:54:52'),
(571, 243, 21, 3, '2019-06-12 13:17:18'),
(572, 243, 101, 1, '2019-06-12 13:17:30'),
(573, 243, 22, 2, '2019-06-12 13:17:42'),
(574, 241, 24, 1, '2019-06-12 13:17:56'),
(575, 241, 23, 1, '2019-06-12 13:18:07'),
(576, 242, 25, 1, '2019-06-12 13:18:20'),
(577, 242, 26, 1, '2019-06-12 13:18:30'),
(578, 244, 334, 3, '2019-06-12 13:18:47'),
(579, 244, 335, 2, '2019-06-12 13:18:58'),
(580, 244, 336, 1, '2019-06-12 13:19:10'),
(581, 245, 359, 2, '2019-06-12 13:19:30'),
(582, 245, 355, 1, '2019-06-12 13:19:43'),
(583, 245, 354, 1, '2019-06-12 13:19:53'),
(584, 245, 351, 1, '2019-06-12 13:20:04'),
(585, 245, 349, 1, '2019-06-12 13:20:15'),
(586, 246, 32, 1, '2019-06-12 13:22:45'),
(587, 246, 31, 1, '2019-06-12 13:22:59'),
(588, 247, 33, 1, '2019-06-12 13:23:11'),
(589, 247, 561, 1, '2019-06-12 13:23:25'),
(590, 247, 34, 1, '2019-06-12 13:23:50'),
(591, 248, 35, 2, '2019-06-12 13:24:09'),
(592, 249, 37, 1, '2019-06-12 13:25:18'),
(593, 249, 38, 1, '2019-06-12 13:25:27'),
(594, 250, 562, 1, '2019-06-12 13:26:32'),
(595, 251, 572, 1, '2019-06-12 13:26:47'),
(596, 251, 573, 1, '2019-06-12 13:26:58'),
(597, 252, 112, 1, '2019-06-12 13:57:13'),
(598, 252, 111, 1, '2019-06-12 13:57:37'),
(599, 254, 113, 1, '2019-06-12 13:57:52'),
(600, 254, 120, 1, '2019-06-12 13:58:03'),
(601, 254, 115, 1, '2019-06-12 13:58:21'),
(602, 253, 116, 1, '2019-06-12 13:58:33'),
(603, 253, 118, 1, '2019-06-12 13:58:43'),
(604, 253, 117, 1, '2019-06-12 13:58:54'),
(605, 255, 362, 1, '2019-06-12 13:59:17'),
(606, 255, 364, 1, '2019-06-12 13:59:28'),
(607, 255, 361, 2, '2019-06-12 13:59:40'),
(608, 255, 363, 1, '2019-06-12 13:59:53'),
(610, 256, 595, 1, '2019-06-12 16:18:24'),
(611, 256, 596, 1, '2019-06-12 16:18:36'),
(612, 257, 600, 1, '2019-06-12 16:18:54'),
(613, 257, 599, 1, '2019-06-12 16:21:07'),
(614, 257, 601, 1, '2019-06-12 16:21:53'),
(615, 257, 730, 1, '2019-06-12 16:22:10'),
(616, 257, 731, 1, '2019-06-12 16:22:24'),
(617, 257, 598, 1, '2019-06-12 16:22:35'),
(618, 258, 602, 1, '2019-06-12 16:22:52'),
(619, 258, 604, 1, '2019-06-12 16:23:11'),
(620, 258, 603, 1, '2019-06-12 16:23:26'),
(621, 259, 606, 1, '2019-06-12 16:23:40'),
(622, 260, 788, 1, '2019-06-14 10:19:25'),
(623, 260, 789, 1, '2019-06-14 10:19:53'),
(624, 261, 790, 1, '2019-06-14 10:20:14'),
(625, 261, 791, 1, '2019-06-14 10:20:32'),
(626, 262, 792, 1, '2019-06-14 10:20:55'),
(627, 262, 793, 1, '2019-06-14 10:21:15'),
(628, 263, 794, 1, '2019-06-14 10:21:37'),
(629, 263, 796, 1, '2019-06-14 10:21:58'),
(630, 263, 795, 1, '2019-06-14 10:22:19'),
(632, 264, 871, 1, '2019-06-14 10:25:26'),
(633, 264, 873, 1, '2019-06-14 10:25:44'),
(634, 265, 879, 1, '2019-06-14 10:26:09'),
(635, 265, 877, 1, '2019-06-14 10:26:27'),
(636, 266, 881, 1, '2019-06-14 10:27:00'),
(637, 266, 880, 1, '2019-06-14 10:27:58'),
(638, 267, 882, 1, '2019-06-14 10:28:22'),
(639, 267, 883, 1, '2019-06-14 10:28:54'),
(640, 268, 884, 1, '2019-06-14 10:33:08'),
(641, 268, 885, 1, '2019-06-14 10:33:27'),
(642, 269, 886, 1, '2019-06-14 10:33:53'),
(643, 269, 887, 1, '2019-06-14 10:34:10'),
(644, 270, 888, 1, '2019-06-14 10:34:38'),
(645, 270, 889, 1, '2019-06-14 10:34:58'),
(646, 271, 892, 1, '2019-06-14 10:35:23'),
(647, 271, 894, 1, '2019-06-14 10:35:44'),
(648, 271, 903, 1, '2019-06-14 10:36:05'),
(649, 272, 798, 1, '2019-06-14 10:39:51'),
(650, 272, 799, 1, '2019-06-14 10:40:11'),
(651, 273, 800, 1, '2019-06-14 10:40:37'),
(652, 273, 801, 1, '2019-06-14 10:40:56'),
(653, 274, 803, 1, '2019-06-14 10:41:19'),
(654, 274, 802, 1, '2019-06-14 10:41:38'),
(655, 275, 805, 1, '2019-06-14 10:42:06'),
(656, 275, 804, 1, '2019-06-14 10:42:29'),
(657, 276, 858, 1, '2019-06-14 10:44:00'),
(658, 276, 860, 1, '2019-06-14 10:44:16'),
(659, 277, 861, 1, '2019-06-14 10:44:42'),
(660, 277, 862, 1, '2019-06-14 10:44:59'),
(661, 278, 865, 1, '2019-06-14 10:45:27'),
(663, 278, 864, 1, '2019-06-14 10:46:23'),
(664, 279, 870, 1, '2019-06-14 10:46:47'),
(665, 279, 869, 1, '2019-06-14 10:47:05'),
(666, 279, 868, 1, '2019-06-14 10:47:35'),
(667, 287, 231, 2, '2019-06-14 11:56:17'),
(668, 287, 232, 3, '2019-06-14 11:56:37'),
(669, 288, 233, 2, '2019-06-14 11:57:04'),
(670, 288, 234, 3, '2019-06-14 11:57:20'),
(671, 289, 235, 1, '2019-06-14 11:57:43'),
(672, 289, 237, 1, '2019-06-14 11:58:06'),
(673, 290, 238, 1, '2019-06-14 11:58:36'),
(674, 290, 239, 1, '2019-06-14 11:58:54'),
(675, 291, 240, 1, '2019-06-14 11:59:20'),
(676, 291, 241, 1, '2019-06-14 11:59:38'),
(677, 292, 242, 2, '2019-06-14 12:01:23'),
(678, 292, 243, 3, '2019-06-14 12:01:43'),
(679, 293, 244, 2, '2019-06-14 12:02:06'),
(680, 293, 245, 3, '2019-06-14 12:02:25'),
(681, 294, 246, 1, '2019-06-14 12:02:57'),
(682, 295, 247, 1, '2019-06-14 12:05:00'),
(683, 295, 248, 1, '2019-06-14 12:05:19'),
(684, 296, 249, 1, '2019-06-14 12:05:42'),
(685, 296, 251, 1, '2019-06-14 12:06:01'),
(686, 294, 1607, 1, '2019-06-14 12:21:48'),
(687, 283, 195, 4, '2019-06-14 12:23:07'),
(688, 283, 196, 3, '2019-06-14 12:23:28'),
(689, 283, 198, 3, '2019-06-14 12:24:01'),
(690, 284, 200, 1, '2019-06-14 12:24:27'),
(691, 284, 199, 1, '2019-06-14 12:24:44'),
(692, 285, 202, 1, '2019-06-14 12:25:06'),
(693, 285, 203, 1, '2019-06-14 12:25:32'),
(694, 285, 204, 1, '2019-06-14 12:26:05'),
(695, 286, 787, 2, '2019-06-14 12:26:37'),
(696, 297, 231, 2, '2019-06-14 12:27:20'),
(697, 297, 232, 3, '2019-06-14 12:27:35'),
(698, 302, 207, 1, '2019-06-14 12:28:32'),
(699, 302, 206, 1, '2019-06-14 12:28:51'),
(700, 298, 233, 2, '2019-06-14 12:28:59'),
(701, 303, 209, 1, '2019-06-14 12:29:15'),
(702, 298, 234, 3, '2019-06-14 12:29:15'),
(703, 303, 208, 1, '2019-06-14 12:29:44'),
(704, 299, 235, 1, '2019-06-14 12:29:47'),
(705, 299, 237, 1, '2019-06-14 12:30:03'),
(706, 304, 210, 1, '2019-06-14 12:30:09'),
(707, 300, 238, 1, '2019-06-14 12:30:23'),
(708, 304, 211, 1, '2019-06-14 12:30:38'),
(709, 300, 239, 1, '2019-06-14 12:30:39'),
(710, 301, 240, 1, '2019-06-14 12:30:59'),
(711, 305, 213, 1, '2019-06-14 12:31:02'),
(712, 301, 241, 1, '2019-06-14 12:31:15'),
(713, 305, 212, 1, '2019-06-14 12:31:29'),
(714, 306, 242, 2, '2019-06-14 12:33:04'),
(715, 306, 243, 3, '2019-06-14 12:33:21'),
(716, 307, 244, 2, '2019-06-14 12:33:47'),
(717, 307, 245, 3, '2019-06-14 12:34:02'),
(718, 308, 246, 1, '2019-06-14 12:34:22'),
(719, 308, 1607, 1, '2019-06-14 12:34:38'),
(720, 309, 247, 1, '2019-06-14 12:35:00'),
(721, 309, 248, 1, '2019-06-14 12:35:19'),
(722, 310, 249, 1, '2019-06-14 12:35:59'),
(723, 310, 251, 1, '2019-06-14 12:36:21'),
(724, 311, 231, 2, '2019-06-14 12:43:41'),
(725, 311, 232, 3, '2019-06-14 12:43:56'),
(726, 312, 233, 2, '2019-06-14 12:44:16'),
(727, 312, 234, 3, '2019-06-14 12:44:33'),
(728, 313, 235, 1, '2019-06-14 12:44:53'),
(729, 313, 237, 1, '2019-06-14 12:45:08'),
(730, 314, 238, 1, '2019-06-14 12:45:34'),
(731, 314, 239, 1, '2019-06-14 12:45:48'),
(732, 315, 240, 1, '2019-06-14 12:46:11'),
(733, 315, 241, 1, '2019-06-14 12:46:30'),
(734, 316, 242, 2, '2019-06-14 12:48:59'),
(735, 316, 243, 3, '2019-06-14 12:49:15'),
(736, 317, 244, 2, '2019-06-14 12:49:38'),
(737, 317, 245, 3, '2019-06-14 12:49:56'),
(738, 318, 246, 1, '2019-06-14 12:50:19'),
(739, 318, 1607, 1, '2019-06-14 12:50:35'),
(740, 319, 247, 1, '2019-06-14 12:51:10'),
(741, 319, 248, 1, '2019-06-14 12:51:28'),
(742, 320, 249, 1, '2019-06-14 12:51:50'),
(743, 320, 251, 1, '2019-06-14 12:52:09'),
(744, 321, 890, 1, '2019-06-14 12:52:56'),
(745, 321, 891, 1, '2019-06-14 12:53:46'),
(746, 321, 893, 1, '2019-06-14 12:54:34'),
(747, 322, 895, 1, '2019-06-14 12:55:31'),
(749, 322, 896, 1, '2019-06-14 12:56:44'),
(750, 322, 897, 1, '2019-06-14 12:57:03'),
(751, 323, 898, 1, '2019-06-14 12:57:29'),
(752, 323, 899, 1, '2019-06-14 12:57:51'),
(753, 323, 900, 1, '2019-06-14 12:58:14'),
(754, 324, 901, 1, '2019-06-14 12:58:47'),
(755, 324, 902, 1, '2019-06-14 12:59:11'),
(757, 330, 925, 1, '2019-06-14 13:01:46'),
(759, 330, 926, 1, '2019-06-14 13:02:17'),
(760, 330, 928, 1, '2019-06-14 13:02:42'),
(761, 331, 930, 1, '2019-06-14 13:03:07'),
(762, 331, 935, 1, '2019-06-14 13:03:31'),
(763, 331, 937, 1, '2019-06-14 13:03:59'),
(764, 332, 939, 1, '2019-06-14 13:04:44'),
(765, 332, 948, 1, '2019-06-14 13:05:04'),
(766, 332, 952, 1, '2019-06-14 13:05:25'),
(767, 333, 960, 1, '2019-06-14 13:05:55'),
(769, 333, 958, 1, '2019-06-14 13:06:16'),
(771, 333, 956, 1, '2019-06-14 13:06:35'),
(772, 333, 955, 1, '2019-06-14 13:07:01'),
(773, 333, 953, 1, '2019-06-14 13:07:22'),
(774, 334, 1610, 1, '2019-06-14 13:10:07'),
(775, 334, 1609, 1, '2019-06-14 13:10:30'),
(776, 334, 1608, 1, '2019-06-14 13:10:50'),
(777, 335, 1612, 1, '2019-06-14 13:11:18'),
(778, 335, 1611, 1, '2019-06-14 13:11:41'),
(780, 336, 1615, 1, '2019-06-14 13:12:11'),
(781, 336, 1614, 1, '2019-06-14 13:12:35'),
(782, 336, 1613, 1, '2019-06-14 13:12:55'),
(783, 337, 1620, 1, '2019-06-14 13:13:26'),
(784, 337, 1619, 2, '2019-06-14 13:14:28'),
(785, 337, 1618, 1, '2019-06-14 13:14:50'),
(786, 337, 1617, 1, '2019-06-14 13:15:15'),
(787, 337, 1616, 1, '2019-06-14 13:15:40'),
(788, 338, 1622, 1, '2019-06-14 13:17:00'),
(789, 338, 1621, 1, '2019-06-14 13:17:19'),
(790, 339, 1624, 1, '2019-06-14 13:17:47'),
(792, 339, 1623, 1, '2019-06-14 13:18:09'),
(793, 340, 1627, 1, '2019-06-14 13:18:33'),
(794, 340, 1626, 1, '2019-06-14 13:18:52'),
(795, 340, 1625, 1, '2019-06-14 13:19:10'),
(796, 341, 1630, 1, '2019-06-14 13:19:37'),
(797, 341, 1629, 1, '2019-06-14 13:20:03'),
(798, 341, 1628, 1, '2019-06-14 13:20:27'),
(800, 342, 658, 3, '2019-06-14 14:04:31'),
(801, 342, 659, 2, '2019-06-14 14:04:49'),
(802, 342, 1631, 1, '2019-06-14 14:05:08'),
(803, 343, 660, 3, '2019-06-14 14:05:29'),
(804, 343, 661, 2, '2019-06-14 14:05:44'),
(805, 344, 662, 2, '2019-06-14 14:06:07'),
(806, 344, 663, 2, '2019-06-14 14:06:21'),
(807, 345, 664, 2, '2019-06-14 14:06:39'),
(808, 345, 665, 2, '2019-06-14 14:07:00'),
(809, 346, 666, 2, '2019-06-14 14:07:22'),
(810, 346, 667, 2, '2019-06-14 14:07:38'),
(811, 347, 965, 3, '2019-06-14 14:10:06'),
(812, 347, 968, 3, '2019-06-14 14:11:17'),
(813, 347, 970, 2, '2019-06-14 14:11:35'),
(814, 348, 975, 1, '2019-06-14 14:12:38'),
(815, 348, 977, 1, '2019-06-14 14:12:54'),
(816, 349, 980, 1, '2019-06-14 14:13:26'),
(817, 349, 984, 4, '2019-06-14 14:13:43'),
(818, 350, 126, 1, '2019-06-14 14:27:14'),
(819, 350, 127, 1, '2019-06-14 14:27:30'),
(820, 351, 130, 1, '2019-06-14 14:27:50'),
(821, 351, 131, 1, '2019-06-14 14:28:05'),
(822, 351, 132, 1, '2019-06-14 14:28:22'),
(823, 352, 133, 1, '2019-06-14 14:28:50'),
(824, 352, 134, 1, '2019-06-14 14:29:06'),
(825, 352, 813, 1, '2019-06-14 14:29:23'),
(826, 353, 135, 1, '2019-06-14 14:29:47'),
(827, 353, 136, 1, '2019-06-14 14:30:03'),
(828, 355, 140, 1, '2019-06-14 14:34:28'),
(829, 355, 141, 1, '2019-06-14 14:34:44'),
(830, 356, 142, 1, '2019-06-14 14:35:07'),
(831, 356, 143, 1, '2019-06-14 14:35:32'),
(832, 356, 144, 1, '2019-06-14 14:35:50'),
(833, 357, 145, 1, '2019-06-14 14:36:12'),
(834, 357, 147, 1, '2019-06-14 14:36:30'),
(835, 358, 148, 1, '2019-06-14 14:36:51'),
(836, 358, 149, 1, '2019-06-14 14:37:06'),
(837, 359, 150, 1, '2019-06-14 14:37:28'),
(838, 359, 151, 1, '2019-06-14 14:37:41'),
(839, 359, 152, 1, '2019-06-14 14:37:56'),
(840, 360, 633, 2, '2019-06-14 14:41:59'),
(841, 360, 634, 2, '2019-06-14 14:42:15'),
(842, 360, 635, 2, '2019-06-14 14:42:33'),
(843, 361, 636, 2, '2019-06-14 14:42:54'),
(844, 361, 637, 2, '2019-06-14 14:43:14'),
(845, 361, 638, 2, '2019-06-14 14:43:32'),
(846, 361, 639, 2, '2019-06-14 14:44:03'),
(847, 361, 640, 2, '2019-06-14 14:44:20'),
(848, 362, 641, 2, '2019-06-14 14:44:44'),
(849, 362, 642, 3, '2019-06-14 14:45:08'),
(850, 362, 643, 3, '2019-06-14 14:45:40'),
(851, 363, 644, 3, '2019-06-14 14:46:48'),
(852, 363, 645, 3, '2019-06-14 14:47:05'),
(853, 365, 646, 1, '2019-06-14 14:58:09'),
(854, 365, 647, 1, '2019-06-14 14:58:26'),
(855, 366, 648, 1, '2019-06-14 15:00:21'),
(856, 366, 649, 1, '2019-06-14 15:00:47'),
(857, 366, 650, 1, '2019-06-14 15:01:03'),
(858, 366, 651, 1, '2019-06-14 15:01:20'),
(859, 366, 652, 1, '2019-06-14 15:01:36'),
(860, 367, 653, 3, '2019-06-14 15:02:06'),
(861, 367, 654, 2, '2019-06-14 15:02:22'),
(862, 368, 653, 3, '2019-06-14 15:02:43'),
(863, 368, 654, 2, '2019-06-14 15:03:01'),
(864, 370, 1020, 1, '2019-06-14 15:12:49'),
(865, 370, 1021, 1, '2019-06-14 15:13:04'),
(866, 370, 1022, 1, '2019-06-14 15:13:18'),
(867, 371, 1023, 1, '2019-06-14 15:13:41'),
(868, 371, 1024, 1, '2019-06-14 15:13:55'),
(869, 371, 1025, 1, '2019-06-14 15:14:11'),
(870, 371, 1026, 1, '2019-06-14 15:14:25'),
(871, 372, 1027, 1, '2019-06-14 15:14:45'),
(872, 372, 1028, 1, '2019-06-14 15:15:02'),
(873, 372, 1029, 1, '2019-06-14 15:15:17'),
(874, 373, 1030, 1, '2019-06-14 15:15:39'),
(875, 373, 1059, 1, '2019-06-14 15:15:57'),
(876, 373, 1060, 1, '2019-06-14 15:16:16'),
(877, 374, 1061, 1, '2019-06-14 15:17:41'),
(878, 374, 1062, 1, '2019-06-14 15:17:58'),
(879, 374, 1063, 1, '2019-06-14 15:18:14'),
(880, 374, 1064, 1, '2019-06-14 15:18:28'),
(881, 375, 1065, 1, '2019-06-14 15:18:52'),
(882, 375, 1066, 1, '2019-06-14 15:19:09'),
(883, 376, 1067, 1, '2019-06-14 15:19:29'),
(884, 376, 1068, 1, '2019-06-14 15:19:45'),
(885, 377, 1069, 1, '2019-06-14 15:20:07'),
(886, 377, 1070, 1, '2019-06-14 15:20:25'),
(888, 381, 668, 1, '2019-06-14 16:13:11'),
(889, 381, 669, 1, '2019-06-14 16:13:26'),
(890, 381, 670, 1, '2019-06-14 16:13:43'),
(891, 382, 671, 1, '2019-06-14 16:14:04'),
(892, 382, 673, 1, '2019-06-14 16:14:19'),
(893, 383, 674, 1, '2019-06-14 16:14:49'),
(894, 383, 675, 1, '2019-06-14 16:15:10'),
(895, 364, 1632, 1, '2019-06-14 16:19:32'),
(896, 364, 1633, 1, '2019-06-14 16:19:51'),
(897, 369, 657, 2, '2019-06-14 16:22:52'),
(898, 369, 1635, 2, '2019-06-14 16:26:02'),
(899, 387, 700, 1, '2019-06-18 13:26:07'),
(900, 387, 702, 1, '2019-06-18 13:26:19'),
(901, 387, 701, 1, '2019-06-18 13:26:29'),
(902, 388, 704, 1, '2019-06-18 13:26:43'),
(903, 388, 703, 1, '2019-06-18 13:26:54'),
(904, 389, 706, 1, '2019-06-18 13:27:08'),
(905, 389, 705, 1, '2019-06-18 13:27:19'),
(906, 389, 707, 1, '2019-06-18 13:27:30'),
(907, 390, 709, 1, '2019-06-18 13:27:46'),
(908, 390, 708, 1, '2019-06-18 13:27:57'),
(909, 391, 712, 1, '2019-06-18 13:33:52'),
(910, 391, 711, 1, '2019-06-18 13:34:02'),
(911, 391, 710, 1, '2019-06-18 13:34:15'),
(912, 392, 713, 1, '2019-06-18 13:34:37'),
(913, 393, 717, 1, '2019-06-18 13:35:02'),
(914, 393, 715, 1, '2019-06-18 13:35:15'),
(915, 393, 716, 1, '2019-06-18 13:35:40'),
(916, 394, 718, 1, '2019-06-18 13:35:53'),
(917, 394, 719, 1, '2019-06-18 13:36:05'),
(920, 395, 676, 1, '2019-06-18 15:29:56'),
(922, 395, 677, 1, '2019-06-18 15:31:30'),
(923, 396, 680, 1, '2019-06-18 15:31:49'),
(924, 396, 679, 1, '2019-06-18 15:32:00'),
(925, 396, 678, 1, '2019-06-18 15:32:15'),
(926, 397, 682, 1, '2019-06-18 15:32:31'),
(927, 397, 683, 1, '2019-06-18 15:32:42'),
(928, 397, 681, 1, '2019-06-18 15:32:54'),
(929, 398, 685, 1, '2019-06-18 15:33:14'),
(930, 398, 684, 1, '2019-06-18 15:33:26'),
(931, 399, 686, 1, '2019-06-18 15:34:02'),
(932, 405, 1638, 1, '2019-06-18 16:12:54'),
(933, 405, 1640, 1, '2019-06-18 16:13:06'),
(934, 406, 1642, 1, '2019-06-18 16:13:31'),
(935, 406, 1641, 1, '2019-06-18 16:13:42'),
(936, 406, 1643, 1, '2019-06-18 16:13:54'),
(937, 405, 1639, 1, '2019-06-18 16:14:44'),
(938, 407, 1645, 1, '2019-06-18 16:15:20'),
(939, 407, 1644, 1, '2019-06-18 16:15:31'),
(940, 407, 1646, 1, '2019-06-18 16:15:41'),
(941, 408, 1649, 1, '2019-06-18 16:15:57'),
(942, 408, 1650, 1, '2019-06-18 16:16:06'),
(943, 408, 1647, 1, '2019-06-18 16:16:17'),
(944, 409, 1651, 1, '2019-06-18 16:16:30'),
(945, 409, 1652, 1, '2019-06-18 16:16:41'),
(946, 410, 1655, 1, '2019-06-18 16:18:05'),
(947, 410, 1654, 1, '2019-06-18 16:18:20'),
(948, 410, 1653, 1, '2019-06-18 16:18:33'),
(949, 411, 1656, 1, '2019-06-18 16:18:48'),
(950, 411, 1657, 1, '2019-06-18 16:18:59'),
(951, 412, 1658, 1, '2019-06-18 16:19:18'),
(952, 412, 1661, 1, '2019-06-18 16:19:30'),
(953, 412, 1660, 1, '2019-06-18 16:19:45'),
(954, 412, 1659, 1, '2019-06-18 16:20:04'),
(955, 413, 753, 1, '2019-06-18 16:41:44'),
(956, 413, 754, 1, '2019-06-18 16:41:56'),
(957, 414, 756, 1, '2019-06-18 16:42:12'),
(958, 414, 755, 1, '2019-06-18 16:42:26'),
(959, 415, 758, 1, '2019-06-18 16:42:44'),
(960, 415, 757, 1, '2019-06-18 16:42:56'),
(961, 416, 759, 1, '2019-06-18 16:43:16'),
(962, 416, 761, 1, '2019-06-18 16:43:32'),
(963, 416, 760, 1, '2019-06-18 16:43:45'),
(964, 417, 1680, 1, '2019-06-19 09:25:17'),
(965, 418, 1681, 1, '2019-06-19 09:25:49'),
(966, 419, 1683, 1, '2019-06-19 09:26:41'),
(967, 419, 1682, 1, '2019-06-19 09:26:56'),
(968, 420, 1688, 1, '2019-06-19 09:27:20'),
(969, 420, 1684, 1, '2019-06-19 09:27:30'),
(970, 420, 1687, 1, '2019-06-19 09:27:41'),
(971, 420, 1686, 1, '2019-06-19 09:27:54'),
(972, 420, 1685, 1, '2019-06-19 09:28:04'),
(973, 424, 1694, 1, '2019-06-19 09:30:05'),
(974, 424, 1693, 1, '2019-06-19 09:30:20'),
(975, 424, 1695, 1, '2019-06-19 09:30:35'),
(976, 424, 1696, 1, '2019-06-19 09:30:47'),
(977, 424, 1692, 1, '2019-06-19 09:30:57'),
(978, 423, 1691, 1, '2019-06-19 09:31:52'),
(979, 422, 1690, 1, '2019-06-19 09:32:07'),
(980, 421, 1689, 1, '2019-06-19 09:32:21'),
(981, 425, 1662, 1, '2019-06-19 09:34:56'),
(982, 425, 1663, 1, '2019-06-19 09:35:12'),
(983, 426, 1664, 1, '2019-06-19 09:35:26'),
(984, 426, 1665, 1, '2019-06-19 09:35:40'),
(985, 427, 1666, 1, '2019-06-19 09:35:59'),
(986, 427, 1667, 1, '2019-06-19 09:36:11'),
(987, 428, 1671, 1, '2019-06-19 09:36:27'),
(988, 428, 1670, 1, '2019-06-19 09:36:37'),
(989, 428, 1669, 1, '2019-06-19 09:36:48'),
(990, 429, 1672, 1, '2019-06-19 09:38:48'),
(991, 430, 1673, 1, '2019-06-19 09:39:02'),
(992, 431, 1674, 1, '2019-06-19 09:39:19'),
(994, 432, 1677, 1, '2019-06-19 09:39:34'),
(995, 432, 1676, 1, '2019-06-19 09:39:45'),
(996, 432, 1678, 1, '2019-06-19 09:39:57'),
(997, 432, 1675, 1, '2019-06-19 09:40:14'),
(998, 378, 668, 1, '2019-06-19 09:42:41'),
(999, 378, 670, 1, '2019-06-19 09:42:53'),
(1000, 378, 669, 1, '2019-06-19 09:43:07'),
(1001, 379, 671, 1, '2019-06-19 09:43:21'),
(1002, 379, 673, 1, '2019-06-19 09:43:31'),
(1003, 380, 675, 1, '2019-06-19 09:43:47'),
(1004, 380, 674, 1, '2019-06-19 09:43:59'),
(1005, 433, 1700, 1, '2019-06-19 09:56:10'),
(1006, 433, 1698, 1, '2019-06-19 09:56:23'),
(1007, 434, 1702, 1, '2019-06-19 09:56:47'),
(1008, 434, 1706, 1, '2019-06-19 09:56:58'),
(1009, 434, 1704, 1, '2019-06-19 09:57:12'),
(1010, 435, 1707, 1, '2019-06-19 09:57:46'),
(1011, 435, 1709, 1, '2019-06-19 09:58:02'),
(1012, 435, 1711, 1, '2019-06-19 09:58:13'),
(1013, 436, 1701, 1, '2019-06-19 10:00:35'),
(1014, 436, 1699, 1, '2019-06-19 10:00:46'),
(1015, 437, 1705, 1, '2019-06-19 10:01:02'),
(1016, 437, 1703, 1, '2019-06-19 10:01:12'),
(1017, 438, 1708, 1, '2019-06-19 10:01:32'),
(1018, 438, 1710, 1, '2019-06-19 10:02:04'),
(1019, 439, 1712, 1, '2019-06-19 12:09:12'),
(1020, 439, 1713, 1, '2019-06-19 12:09:22'),
(1021, 440, 1714, 1, '2019-06-19 12:09:34'),
(1022, 440, 1715, 1, '2019-06-19 12:09:44'),
(1023, 440, 1716, 1, '2019-06-19 12:09:54'),
(1027, 442, 1728, 1, '2019-06-19 12:10:46'),
(1028, 442, 1727, 1, '2019-06-19 12:10:57'),
(1029, 443, 1730, 1, '2019-06-19 12:11:11'),
(1030, 443, 1729, 1, '2019-06-19 12:11:23'),
(1031, 444, 1712, 1, '2019-06-19 12:12:17'),
(1032, 444, 1713, 1, '2019-06-19 12:12:27'),
(1033, 445, 1714, 1, '2019-06-19 12:12:40'),
(1034, 445, 1715, 1, '2019-06-19 12:12:50'),
(1035, 445, 1716, 1, '2019-06-19 12:13:01'),
(1036, 446, 1717, 1, '2019-06-19 12:13:14'),
(1037, 446, 1718, 1, '2019-06-19 12:13:26'),
(1038, 447, 1719, 1, '2019-06-19 12:13:39'),
(1039, 447, 1720, 1, '2019-06-19 12:13:53'),
(1040, 448, 1722, 1, '2019-06-19 12:14:13'),
(1041, 448, 1721, 1, '2019-06-19 12:14:24'),
(1042, 449, 1712, 1, '2019-06-19 12:15:08'),
(1043, 449, 1713, 1, '2019-06-19 12:15:20'),
(1044, 450, 1714, 1, '2019-06-19 12:15:35'),
(1045, 450, 1715, 1, '2019-06-19 12:15:48'),
(1046, 450, 1716, 1, '2019-06-19 12:16:00'),
(1047, 451, 1717, 1, '2019-06-19 12:16:26'),
(1048, 451, 1718, 1, '2019-06-19 12:16:38'),
(1049, 452, 1723, 1, '2019-06-19 12:16:55'),
(1050, 452, 1724, 1, '2019-06-19 12:17:13'),
(1051, 453, 1726, 1, '2019-06-19 12:17:47'),
(1052, 453, 1725, 1, '2019-06-19 12:17:58'),
(1053, 441, 1717, 1, '2019-06-20 16:29:32'),
(1054, 441, 1718, 1, '2019-06-20 16:29:43'),
(1693, 477, 452, 2, '2019-06-21 12:12:52'),
(1694, 477, 453, 3, '2019-06-21 12:13:04'),
(1695, 489, 439, 1, '2019-06-21 12:16:57'),
(1696, 489, 440, 1, '2019-06-21 12:17:06'),
(2451, 476, 389, 3, '2019-06-24 08:44:57'),
(2452, 476, 391, 4, '2019-06-24 08:45:08'),
(2453, 476, 390, 3, '2019-06-24 08:46:47'),
(2454, 475, 392, 1, '2019-06-24 08:47:04'),
(2455, 475, 393, 1, '2019-06-24 08:47:15'),
(2456, 474, 394, 1, '2019-06-24 08:47:30'),
(2457, 474, 396, 1, '2019-06-24 08:47:43'),
(2458, 473, 399, 1, '2019-06-24 08:47:54'),
(2459, 473, 397, 1, '2019-06-24 08:48:05'),
(2460, 473, 400, 1, '2019-06-24 08:48:31'),
(2461, 454, 391, 4, '2019-06-24 08:50:08'),
(2463, 454, 389, 3, '2019-06-24 08:50:44'),
(2464, 454, 390, 3, '2019-06-24 08:51:03'),
(2465, 455, 392, 1, '2019-06-24 08:51:22'),
(2466, 455, 393, 1, '2019-06-24 08:51:39'),
(2467, 456, 394, 1, '2019-06-24 08:52:04'),
(2468, 456, 396, 1, '2019-06-24 08:52:14'),
(2469, 457, 399, 1, '2019-06-24 08:52:27'),
(2470, 457, 397, 1, '2019-06-24 08:52:38'),
(2471, 457, 400, 1, '2019-06-24 08:52:48'),
(2472, 489, 766, 1, '2019-06-24 08:53:46'),
(2473, 490, 443, 1, '2019-06-24 08:53:59'),
(2474, 490, 442, 1, '2019-06-24 08:54:09'),
(2475, 491, 445, 1, '2019-06-24 08:54:22'),
(2476, 491, 444, 1, '2019-06-24 08:54:34'),
(2477, 492, 446, 1, '2019-06-24 08:54:47'),
(2478, 492, 447, 1, '2019-06-24 08:54:57'),
(2479, 493, 448, 1, '2019-06-24 08:55:12'),
(2480, 493, 451, 1, '2019-06-24 08:55:22'),
(2481, 493, 449, 1, '2019-06-24 08:55:32'),
(2482, 523, 439, 1, '2019-06-24 08:57:54'),
(2483, 523, 440, 1, '2019-06-24 08:58:04'),
(2484, 523, 766, 1, '2019-06-24 08:58:14'),
(2485, 522, 443, 1, '2019-06-24 08:58:27'),
(2486, 522, 442, 1, '2019-06-24 08:58:49'),
(2487, 521, 445, 1, '2019-06-24 08:59:04'),
(2488, 521, 444, 1, '2019-06-24 08:59:14'),
(2489, 520, 446, 1, '2019-06-24 08:59:30'),
(2490, 520, 447, 1, '2019-06-24 08:59:41'),
(2491, 514, 448, 1, '2019-06-24 08:59:54'),
(2492, 514, 451, 1, '2019-06-24 09:00:05'),
(2493, 514, 449, 1, '2019-06-24 09:00:16'),
(2494, 478, 455, 1, '2019-06-24 09:10:00'),
(2496, 479, 456, 1, '2019-06-24 09:10:24'),
(2497, 480, 457, 1, '2019-06-24 09:10:40'),
(2498, 481, 458, 1, '2019-06-24 09:11:09'),
(2499, 481, 459, 1, '2019-06-24 09:11:52'),
(2500, 482, 1731, 1, '2019-06-24 09:13:35'),
(2501, 488, 452, 2, '2019-06-24 09:14:14'),
(2502, 488, 453, 3, '2019-06-24 09:14:25'),
(2503, 487, 455, 1, '2019-06-24 09:14:45'),
(2504, 486, 456, 1, '2019-06-24 09:15:01'),
(2505, 485, 457, 1, '2019-06-24 09:15:14'),
(2506, 484, 458, 1, '2019-06-24 09:15:30'),
(2507, 484, 459, 1, '2019-06-24 09:15:41'),
(2508, 483, 1731, 1, '2019-06-24 09:16:04'),
(2509, 589, 473, 1, '2019-06-24 12:24:05'),
(2510, 589, 474, 1, '2019-06-24 12:24:21'),
(2511, 589, 472, 1, '2019-06-24 12:24:31'),
(2512, 590, 477, 1, '2019-06-24 12:24:43'),
(2513, 590, 475, 1, '2019-06-24 12:24:54'),
(2514, 590, 476, 1, '2019-06-24 12:25:05'),
(2515, 591, 479, 1, '2019-06-24 12:25:19'),
(2516, 591, 478, 1, '2019-06-24 12:25:30'),
(2517, 591, 480, 1, '2019-06-24 12:25:42'),
(2518, 592, 481, 1, '2019-06-24 12:27:00'),
(2519, 592, 764, 1, '2019-06-24 12:27:11'),
(2520, 592, 763, 1, '2019-06-24 12:27:20'),
(2521, 596, 481, 1, '2019-06-24 12:28:16'),
(2523, 596, 764, 1, '2019-06-24 12:28:43'),
(2524, 596, 763, 1, '2019-06-24 12:28:52'),
(2525, 595, 479, 1, '2019-06-24 12:29:17'),
(2526, 595, 478, 1, '2019-06-24 12:29:33'),
(2527, 595, 480, 1, '2019-06-24 12:29:48'),
(2528, 594, 477, 1, '2019-06-24 12:30:04'),
(2529, 594, 475, 1, '2019-06-24 12:30:14'),
(2530, 594, 476, 1, '2019-06-24 12:30:25'),
(2531, 593, 473, 1, '2019-06-24 12:30:38'),
(2532, 593, 474, 1, '2019-06-24 12:30:48'),
(2533, 593, 472, 1, '2019-06-24 12:31:00'),
(2534, 608, 486, 1, '2019-06-24 12:53:16'),
(2535, 608, 484, 1, '2019-06-24 12:53:25'),
(2536, 608, 485, 1, '2019-06-24 12:53:35'),
(2537, 607, 488, 1, '2019-06-24 12:53:48'),
(2538, 607, 489, 1, '2019-06-24 12:53:58'),
(2539, 607, 487, 1, '2019-06-24 12:54:09'),
(2540, 606, 490, 1, '2019-06-24 12:54:32'),
(2541, 606, 765, 1, '2019-06-24 12:54:46'),
(2542, 606, 491, 1, '2019-06-24 12:54:56'),
(2543, 599, 490, 1, '2019-06-24 12:55:33'),
(2544, 599, 765, 1, '2019-06-24 12:55:44'),
(2545, 599, 491, 1, '2019-06-24 12:55:54'),
(2546, 598, 488, 1, '2019-06-24 12:56:08'),
(2547, 598, 489, 1, '2019-06-24 12:56:18'),
(2548, 598, 487, 1, '2019-06-24 12:56:28'),
(2549, 597, 486, 1, '2019-06-24 12:56:40'),
(2550, 597, 484, 1, '2019-06-24 12:56:50'),
(2551, 597, 485, 1, '2019-06-24 12:57:03'),
(2552, 600, 1463, 1, '2019-06-24 12:57:22'),
(2553, 600, 1464, 1, '2019-06-24 12:57:35'),
(2554, 600, 1465, 1, '2019-06-24 12:57:47'),
(2555, 601, 1468, 1, '2019-06-24 13:40:05'),
(2556, 601, 1466, 1, '2019-06-24 13:40:15'),
(2557, 601, 1467, 1, '2019-06-24 13:40:26'),
(2558, 601, 1469, 1, '2019-06-24 13:40:36'),
(2559, 602, 1470, 1, '2019-06-24 13:40:51'),
(2560, 602, 1471, 1, '2019-06-24 13:41:02'),
(2562, 602, 1473, 1, '2019-06-24 13:41:14'),
(2563, 603, 1470, 1, '2019-06-24 13:42:20'),
(2564, 603, 1471, 1, '2019-06-24 13:42:36'),
(2565, 603, 1473, 1, '2019-06-24 13:42:52'),
(2566, 604, 1468, 1, '2019-06-24 13:44:59'),
(2567, 604, 1466, 1, '2019-06-24 13:45:11'),
(2568, 604, 1467, 1, '2019-06-24 13:45:21'),
(2569, 604, 1469, 1, '2019-06-24 13:45:33'),
(2570, 605, 1463, 1, '2019-06-24 13:46:37'),
(2571, 605, 1464, 1, '2019-06-24 13:47:07'),
(2572, 605, 1465, 1, '2019-06-24 13:47:30'),
(2573, 609, 1744, 1, '2019-06-24 15:31:15'),
(2574, 609, 1745, 1, '2019-06-24 15:33:27'),
(2575, 609, 1746, 1, '2019-06-24 15:34:18'),
(2577, 610, 1749, 1, '2019-06-24 15:50:40'),
(2578, 610, 1748, 1, '2019-06-24 15:50:48'),
(2579, 610, 1747, 1, '2019-06-24 15:50:57'),
(2580, 611, 1751, 1, '2019-06-24 15:51:18'),
(2581, 611, 1750, 1, '2019-06-24 15:51:27'),
(2582, 611, 1752, 1, '2019-06-24 15:51:34'),
(2583, 612, 1753, 1, '2019-06-24 15:57:52'),
(2584, 612, 1754, 1, '2019-06-24 16:01:58'),
(2585, 612, 1755, 1, '2019-06-24 16:02:08'),
(2586, 613, 1744, 1, '2019-06-24 16:03:15'),
(2587, 613, 1745, 1, '2019-06-24 16:03:26'),
(2588, 613, 1746, 1, '2019-06-24 16:03:33'),
(2589, 614, 1749, 1, '2019-06-24 16:03:56'),
(2590, 614, 1748, 1, '2019-06-24 16:04:03'),
(2591, 614, 1747, 1, '2019-06-24 16:04:10'),
(2593, 615, 1751, 1, '2019-06-24 16:09:57'),
(2594, 615, 1750, 1, '2019-06-24 16:10:02'),
(2595, 615, 1752, 1, '2019-06-24 16:10:07'),
(2596, 616, 1753, 1, '2019-06-24 16:10:18'),
(2597, 616, 1754, 1, '2019-06-24 16:10:23'),
(2599, 616, 1755, 1, '2019-06-24 16:10:46'),
(2600, 617, 1758, 1, '2019-06-24 16:35:16'),
(2601, 617, 1756, 1, '2019-06-24 16:35:23'),
(2602, 617, 1757, 1, '2019-06-24 16:35:31'),
(2604, 618, 1760, 1, '2019-06-24 16:35:49'),
(2605, 618, 1759, 1, '2019-06-24 16:35:56'),
(2606, 619, 1761, 1, '2019-06-24 16:36:10'),
(2607, 619, 1762, 1, '2019-06-24 16:36:18'),
(2608, 620, 1764, 1, '2019-06-24 16:36:28'),
(2609, 620, 1765, 1, '2019-06-24 16:36:34'),
(2610, 620, 1763, 1, '2019-06-24 16:36:42'),
(2611, 621, 1768, 1, '2019-06-24 16:36:56'),
(2612, 621, 1767, 1, '2019-06-24 16:37:02'),
(2613, 621, 1766, 1, '2019-06-24 16:37:09'),
(2614, 622, 1770, 3, '2019-06-25 08:48:37'),
(2615, 622, 1772, 4, '2019-06-25 08:48:42'),
(2616, 622, 1771, 3, '2019-06-25 08:48:48'),
(2617, 623, 1773, 1, '2019-06-25 08:49:00'),
(2618, 623, 1774, 1, '2019-06-25 08:49:05'),
(2619, 624, 1776, 1, '2019-06-25 08:49:16'),
(2620, 624, 1775, 1, '2019-06-25 08:49:21'),
(2621, 625, 1777, 1, '2019-06-25 08:49:31'),
(2622, 625, 1778, 1, '2019-06-25 08:49:37'),
(2623, 625, 1779, 2, '2019-06-25 08:49:42'),
(2624, 629, 1777, 1, '2019-06-25 08:50:57'),
(2625, 629, 1778, 1, '2019-06-25 08:51:02'),
(2626, 629, 1779, 2, '2019-06-25 08:51:07'),
(2627, 628, 1776, 1, '2019-06-25 08:51:17'),
(2628, 628, 1775, 1, '2019-06-25 08:51:22'),
(2629, 627, 1773, 1, '2019-06-25 08:51:36'),
(2630, 627, 1774, 1, '2019-06-25 08:51:41'),
(2631, 626, 1770, 3, '2019-06-25 08:51:53'),
(2632, 626, 1772, 4, '2019-06-25 08:52:00'),
(2633, 626, 1771, 3, '2019-06-25 08:52:07'),
(2634, 630, 1780, 1, '2019-06-25 09:01:46'),
(2635, 630, 1781, 1, '2019-06-25 09:01:56'),
(2636, 631, 1782, 1, '2019-06-25 09:02:16'),
(2637, 631, 1783, 1, '2019-06-25 09:02:21'),
(2638, 632, 1785, 1, '2019-06-25 09:02:47'),
(2639, 632, 1784, 1, '2019-06-25 09:02:53'),
(2640, 633, 1786, 1, '2019-06-25 09:03:05'),
(2641, 633, 1787, 1, '2019-06-25 09:03:10'),
(2642, 634, 1789, 1, '2019-06-25 09:03:24'),
(2643, 634, 1788, 1, '2019-06-25 09:03:29'),
(2644, 639, 1789, 1, '2019-06-25 09:04:36'),
(2645, 639, 1788, 1, '2019-06-25 09:04:40'),
(2646, 638, 1786, 1, '2019-06-25 09:04:51'),
(2647, 638, 1787, 1, '2019-06-25 09:04:59'),
(2648, 637, 1785, 1, '2019-06-25 09:05:08'),
(2649, 637, 1784, 1, '2019-06-25 09:05:13'),
(2650, 636, 1782, 1, '2019-06-25 09:05:26'),
(2651, 636, 1783, 1, '2019-06-25 09:05:32'),
(2652, 635, 1780, 1, '2019-06-25 09:05:47'),
(2653, 635, 1781, 1, '2019-06-25 09:05:53'),
(2654, 640, 507, 2, '2019-06-25 12:37:13'),
(2655, 640, 506, 2, '2019-06-25 12:37:18'),
(2656, 641, 508, 2, '2019-06-25 12:37:28'),
(2657, 641, 509, 2, '2019-06-25 12:37:34'),
(2658, 642, 511, 2, '2019-06-25 12:37:44'),
(2659, 642, 510, 2, '2019-06-25 12:37:51'),
(2670, 643, 1802, 2, '2019-06-25 12:43:01'),
(2671, 643, 1801, 2, '2019-06-25 12:43:06'),
(2672, 657, 1802, 1, '2019-06-25 12:51:15'),
(2673, 657, 1801, 1, '2019-06-25 12:51:21'),
(2674, 660, 507, 2, '2019-06-25 12:51:31'),
(2675, 660, 506, 2, '2019-06-25 12:51:37'),
(2676, 659, 508, 2, '2019-06-25 12:51:47'),
(2677, 659, 509, 2, '2019-06-25 12:51:53'),
(2678, 658, 511, 2, '2019-06-25 12:52:06'),
(2679, 658, 510, 2, '2019-06-25 12:52:11'),
(2690, 663, 464, 1, '2019-06-25 16:28:22'),
(2691, 663, 463, 1, '2019-06-25 16:28:33'),
(2692, 664, 466, 1, '2019-06-25 16:29:19'),
(2693, 664, 465, 1, '2019-06-25 16:29:55'),
(2694, 665, 468, 1, '2019-06-25 16:30:47'),
(2695, 665, 467, 1, '2019-06-25 16:30:53'),
(2696, 667, 1790, 1, '2019-06-25 16:33:46'),
(2697, 667, 1791, 1, '2019-06-25 16:33:58'),
(2698, 668, 1792, 1, '2019-06-25 16:34:30'),
(2699, 668, 1793, 1, '2019-06-25 16:35:20'),
(2700, 669, 1795, 1, '2019-06-25 16:35:51'),
(2701, 669, 1794, 1, '2019-06-25 16:35:58'),
(2702, 669, 1796, 1, '2019-06-25 16:36:04'),
(2704, 670, 1797, 1, '2019-06-25 16:36:45'),
(2705, 670, 1800, 1, '2019-06-25 16:36:51'),
(2706, 670, 1798, 1, '2019-06-25 16:36:57'),
(2708, 666, 1811, 1, '2019-06-25 16:42:53'),
(2709, 666, 1812, 1, '2019-06-25 16:43:12'),
(2710, 679, 1804, 2, '2019-06-25 16:46:32'),
(2711, 679, 1803, 2, '2019-06-25 16:46:37'),
(2712, 680, 1806, 2, '2019-06-25 16:46:48'),
(2713, 680, 1805, 2, '2019-06-25 16:46:54'),
(2714, 681, 1807, 2, '2019-06-25 16:47:05'),
(2715, 681, 1808, 2, '2019-06-25 16:47:11'),
(2717, 682, 1809, 2, '2019-06-25 16:47:27'),
(2718, 682, 1810, 1, '2019-06-25 16:47:32'),
(2719, 678, 464, 1, '2019-06-25 16:55:02'),
(2720, 678, 463, 1, '2019-06-25 16:55:08'),
(2721, 677, 466, 1, '2019-06-25 16:55:21'),
(2722, 677, 465, 1, '2019-06-25 16:55:27'),
(2723, 676, 468, 1, '2019-06-25 16:55:38'),
(2724, 676, 467, 1, '2019-06-25 16:55:44'),
(2725, 675, 1811, 1, '2019-06-25 16:55:55'),
(2726, 675, 1812, 1, '2019-06-25 16:56:00'),
(2727, 674, 1790, 1, '2019-06-25 16:56:16'),
(2728, 674, 1791, 1, '2019-06-25 16:56:22'),
(2729, 673, 1792, 1, '2019-06-25 16:56:35'),
(2730, 673, 1793, 1, '2019-06-25 16:56:42'),
(2731, 672, 1795, 1, '2019-06-25 16:56:56'),
(2732, 672, 1794, 1, '2019-06-25 16:57:02'),
(2733, 672, 1796, 1, '2019-06-25 16:57:09'),
(2734, 671, 1797, 1, '2019-06-25 16:57:22'),
(2735, 671, 1800, 1, '2019-06-25 16:57:28'),
(2736, 671, 1798, 1, '2019-06-25 16:57:34'),
(2737, 683, 1804, 2, '2019-06-25 17:03:42'),
(2738, 683, 1803, 2, '2019-06-25 17:03:47'),
(2739, 684, 1806, 2, '2019-06-25 17:03:59'),
(2740, 684, 1805, 2, '2019-06-25 17:04:06'),
(2741, 685, 1807, 2, '2019-06-25 17:04:18'),
(2742, 685, 1808, 2, '2019-06-25 17:04:25'),
(2743, 686, 1809, 2, '2019-06-25 17:04:48'),
(2744, 686, 1810, 1, '2019-06-25 17:04:54'),
(2745, 695, 1813, 1, '2019-06-26 09:41:01'),
(2746, 695, 1814, 1, '2019-06-26 09:41:08'),
(2747, 696, 1816, 1, '2019-06-26 09:41:19'),
(2748, 696, 1815, 1, '2019-06-26 09:41:28'),
(2749, 697, 1821, 1, '2019-06-26 09:43:18'),
(2750, 698, 1822, 1, '2019-06-26 09:43:31'),
(2751, 693, 744, 1, '2019-06-26 09:52:01'),
(2752, 693, 751, 3, '2019-06-26 09:52:15'),
(2753, 694, 752, 1, '2019-06-26 09:52:29'),
(2754, 691, 742, 1, '2019-06-26 09:52:39'),
(2755, 691, 743, 1, '2019-06-26 09:52:46'),
(2756, 692, 746, 1, '2019-06-26 09:52:57'),
(2757, 692, 745, 1, '2019-06-26 09:53:03'),
(2758, 687, 742, 2, '2019-06-26 09:54:17'),
(2759, 687, 743, 3, '2019-06-26 09:54:23'),
(2760, 688, 746, 1, '2019-06-26 09:54:33'),
(2761, 688, 745, 2, '2019-06-26 09:54:39'),
(2762, 689, 748, 1, '2019-06-26 09:54:53'),
(2763, 689, 747, 1, '2019-06-26 09:54:58'),
(2764, 690, 750, 1, '2019-06-26 09:55:07'),
(2765, 690, 749, 1, '2019-06-26 09:55:12'),
(2766, 707, 1813, 1, '2019-06-26 10:00:05'),
(2767, 707, 1814, 1, '2019-06-26 10:00:11'),
(2768, 708, 1816, 1, '2019-06-26 10:00:21'),
(2769, 708, 1815, 1, '2019-06-26 10:00:26'),
(2770, 709, 1817, 1, '2019-06-26 10:00:35'),
(2771, 709, 1818, 1, '2019-06-26 10:00:42'),
(2772, 710, 1819, 1, '2019-06-26 10:01:16'),
(2773, 710, 1820, 1, '2019-06-26 10:01:23'),
(2774, 704, 744, 1, '2019-06-26 11:24:51'),
(2775, 704, 751, 1, '2019-06-26 11:24:58'),
(2776, 703, 752, 1, '2019-06-26 11:25:18'),
(2777, 706, 742, 1, '2019-06-26 11:25:31'),
(2778, 706, 743, 1, '2019-06-26 11:25:37'),
(2779, 705, 746, 1, '2019-06-26 11:25:50'),
(2780, 705, 745, 1, '2019-06-26 11:25:56'),
(2781, 702, 1813, 1, '2019-06-26 11:26:16'),
(2782, 702, 1814, 1, '2019-06-26 11:26:21'),
(2783, 701, 1816, 1, '2019-06-26 11:26:32'),
(2784, 701, 1815, 1, '2019-06-26 11:26:38'),
(2785, 700, 1821, 1, '2019-06-26 11:26:50'),
(2786, 699, 1822, 1, '2019-06-26 11:27:02'),
(2788, 718, 742, 1, '2019-06-26 11:43:38'),
(2789, 718, 743, 1, '2019-06-26 11:43:50'),
(2790, 717, 746, 1, '2019-06-26 11:44:07'),
(2791, 717, 745, 1, '2019-06-26 11:44:13'),
(2792, 716, 748, 1, '2019-06-26 11:44:24'),
(2793, 716, 747, 1, '2019-06-26 11:44:32'),
(2794, 715, 750, 1, '2019-06-26 11:44:44'),
(2795, 715, 749, 1, '2019-06-26 11:44:48'),
(2796, 714, 1813, 1, '2019-06-26 11:45:27'),
(2797, 714, 1814, 1, '2019-06-26 11:45:33'),
(2798, 713, 1816, 1, '2019-06-26 11:45:42'),
(2799, 713, 1815, 1, '2019-06-26 11:45:47'),
(2800, 712, 1817, 1, '2019-06-26 11:45:58'),
(2801, 712, 1818, 1, '2019-06-26 11:46:03'),
(2802, 711, 1819, 1, '2019-06-26 11:46:17'),
(2803, 711, 1820, 1, '2019-06-26 11:46:22'),
(2804, 719, 1823, 1, '2019-06-26 13:00:48'),
(2805, 719, 1825, 1, '2019-06-26 13:00:54'),
(2806, 719, 1826, 1, '2019-06-26 13:00:59'),
(2807, 719, 1824, 1, '2019-06-26 13:01:06'),
(2808, 720, 1829, 1, '2019-06-26 13:01:24'),
(2809, 720, 1828, 1, '2019-06-26 13:01:32'),
(2810, 720, 1827, 1, '2019-06-26 13:01:38'),
(2812, 721, 1830, 1, '2019-06-26 13:01:53');
INSERT INTO `gen_maquette_ue_ec` (`id`, `maquette_ue`, `ec`, `coefficient`, `date`) VALUES
(2813, 721, 1831, 1, '2019-06-26 13:02:00'),
(2814, 721, 1832, 1, '2019-06-26 13:02:11'),
(2816, 722, 1833, 1, '2019-06-26 13:03:03'),
(2817, 722, 1834, 1, '2019-06-26 13:03:07'),
(2818, 723, 1835, 1, '2019-06-26 13:03:21'),
(2819, 723, 1837, 1, '2019-06-26 13:03:26'),
(2820, 723, 1836, 1, '2019-06-26 13:03:32'),
(2821, 731, 1813, 1, '2019-06-27 09:20:41'),
(2822, 731, 1814, 1, '2019-06-27 09:20:47'),
(2823, 730, 1816, 1, '2019-06-27 09:20:57'),
(2824, 730, 1815, 1, '2019-06-27 09:21:02'),
(2825, 729, 1817, 1, '2019-06-27 09:21:13'),
(2826, 729, 1818, 1, '2019-06-27 09:21:18'),
(2827, 728, 1819, 1, '2019-06-27 09:21:29'),
(2828, 728, 1820, 1, '2019-06-27 09:21:34'),
(2829, 735, 742, 1, '2019-06-27 09:22:17'),
(2830, 735, 743, 1, '2019-06-27 09:22:23'),
(2831, 734, 746, 1, '2019-06-27 09:22:34'),
(2832, 734, 745, 1, '2019-06-27 09:22:38'),
(2833, 733, 748, 1, '2019-06-27 09:22:47'),
(2834, 733, 747, 1, '2019-06-27 09:22:54'),
(2835, 732, 750, 1, '2019-06-27 09:23:03'),
(2836, 732, 749, 1, '2019-06-27 09:23:09'),
(2837, 753, 176, 1, '2019-07-02 11:26:06'),
(2838, 753, 175, 1, '2019-07-02 11:26:26'),
(2839, 754, 177, 1, '2019-07-02 11:26:38'),
(2840, 754, 178, 1, '2019-07-02 11:26:43'),
(2842, 755, 1854, 1, '2019-07-02 11:47:44'),
(2843, 755, 1856, 1, '2019-07-02 11:47:53'),
(2844, 755, 1855, 1, '2019-07-02 11:47:59'),
(2845, 756, 1857, 1, '2019-07-02 11:48:34'),
(2846, 756, 1858, 1, '2019-07-02 11:48:43'),
(2847, 757, 1860, 1, '2019-07-02 11:48:54'),
(2848, 757, 1859, 1, '2019-07-02 11:49:00'),
(2849, 758, 1862, 1, '2019-07-02 12:09:11'),
(2850, 758, 1861, 1, '2019-07-02 12:09:21'),
(2851, 759, 1864, 1, '2019-07-02 12:09:40'),
(2852, 759, 1863, 1, '2019-07-02 12:10:13'),
(2853, 759, 1865, 1, '2019-07-02 12:10:20'),
(2854, 760, 1867, 1, '2019-07-02 12:10:58'),
(2855, 760, 1866, 1, '2019-07-02 12:11:03'),
(2856, 761, 1868, 1, '2019-07-02 12:11:33'),
(2857, 761, 1869, 1, '2019-07-02 12:11:39'),
(2858, 762, 1871, 1, '2019-07-02 12:11:49'),
(2860, 763, 1872, 1, '2019-07-02 13:33:29'),
(2861, 763, 1873, 1, '2019-07-02 13:33:35'),
(2862, 764, 1874, 1, '2019-07-02 13:33:49'),
(2863, 764, 1875, 1, '2019-07-02 13:33:56'),
(2864, 765, 1758, 1, '2019-07-03 15:41:24'),
(2865, 765, 1756, 1, '2019-07-03 15:41:30'),
(2866, 765, 1757, 1, '2019-07-03 15:41:35'),
(2867, 766, 1760, 1, '2019-07-03 15:41:46'),
(2868, 766, 1759, 1, '2019-07-03 15:41:56'),
(2869, 767, 1761, 1, '2019-07-03 15:42:07'),
(2870, 767, 1762, 1, '2019-07-03 15:42:13'),
(2871, 768, 1764, 1, '2019-07-03 15:42:31'),
(2872, 768, 1765, 1, '2019-07-03 15:42:37'),
(2873, 768, 1763, 1, '2019-07-03 15:42:47'),
(2874, 769, 1768, 1, '2019-07-03 15:43:03'),
(2875, 769, 1767, 1, '2019-07-03 15:43:17'),
(2876, 769, 1766, 1, '2019-07-03 15:43:24'),
(2877, 770, 1877, 1, '2019-07-04 08:46:55'),
(2878, 770, 1876, 1, '2019-07-04 08:47:00'),
(2879, 771, 1878, 3, '2019-07-04 08:47:11'),
(2880, 771, 1879, 2, '2019-07-04 08:47:17'),
(2881, 772, 1880, 2, '2019-07-04 08:47:29'),
(2882, 772, 1881, 3, '2019-07-04 08:47:34'),
(2883, 773, 1880, 2, '2019-07-04 08:47:44'),
(2884, 773, 1881, 3, '2019-07-04 08:47:49'),
(2885, 774, 1886, 1, '2019-07-04 08:48:00'),
(2886, 774, 1885, 1, '2019-07-04 08:48:05'),
(2887, 775, 1888, 3, '2019-07-04 09:16:50'),
(2888, 775, 1889, 2, '2019-07-04 09:16:56'),
(2889, 775, 1887, 3, '2019-07-04 09:17:01'),
(2890, 776, 1891, 1, '2019-07-04 09:17:11'),
(2891, 776, 1890, 1, '2019-07-04 09:17:16'),
(2892, 777, 1892, 1, '2019-07-04 09:17:26'),
(2893, 777, 1893, 1, '2019-07-04 09:17:31'),
(2894, 778, 1894, 1, '2019-07-04 09:17:42'),
(2895, 778, 1895, 1, '2019-07-04 09:17:48'),
(2896, 779, 1897, 1, '2019-07-04 09:18:03'),
(2897, 779, 1896, 1, '2019-07-04 09:18:08'),
(2898, 780, 1898, 1, '2019-07-04 09:18:20'),
(2899, 780, 1899, 1, '2019-07-04 09:18:25'),
(2900, 781, 1901, 1, '2019-07-04 09:36:02'),
(2901, 781, 1900, 1, '2019-07-04 09:36:07'),
(2902, 782, 1902, 2, '2019-07-04 09:36:18'),
(2903, 782, 1903, 2, '2019-07-04 09:36:24'),
(2904, 783, 1904, 1, '2019-07-04 09:36:35'),
(2905, 783, 1905, 1, '2019-07-04 09:36:40'),
(2906, 784, 1907, 1, '2019-07-04 09:36:52'),
(2907, 784, 1906, 1, '2019-07-04 09:36:57'),
(2908, 785, 1909, 1, '2019-07-04 09:37:07'),
(2909, 785, 1908, 1, '2019-07-04 09:37:12'),
(2910, 786, 1910, 1, '2019-07-04 09:39:06'),
(2911, 786, 1911, 1, '2019-07-04 09:39:11'),
(2912, 787, 1913, 1, '2019-07-04 09:39:22'),
(2913, 787, 1912, 1, '2019-07-04 09:39:28'),
(2914, 787, 1914, 1, '2019-07-04 09:39:33'),
(2915, 788, 1915, 1, '2019-07-04 09:39:46'),
(2916, 788, 1916, 1, '2019-07-04 09:39:51'),
(2917, 789, 1918, 1, '2019-07-04 09:40:40'),
(2918, 789, 1917, 1, '2019-07-04 09:40:45'),
(2919, 790, 1919, 1, '2019-07-04 09:40:54'),
(2920, 790, 1920, 1, '2019-07-04 09:41:00'),
(2921, 791, 1927, 1, '2019-07-04 10:15:24'),
(2922, 791, 1926, 1, '2019-07-04 10:15:30'),
(2923, 792, 1928, 1, '2019-07-04 10:15:41'),
(2924, 792, 1929, 1, '2019-07-04 10:15:48'),
(2925, 793, 1930, 1, '2019-07-04 10:15:57'),
(2926, 793, 1931, 1, '2019-07-04 10:16:01'),
(2927, 794, 1932, 1, '2019-07-04 10:16:13'),
(2928, 794, 1933, 1, '2019-07-04 10:16:22'),
(2929, 795, 1934, 1, '2019-07-04 10:16:42'),
(2930, 795, 1935, 1, '2019-07-04 10:16:47'),
(2931, 796, 1922, 1, '2019-07-04 10:17:29'),
(2932, 796, 1921, 1, '2019-07-04 10:17:34'),
(2933, 797, 1924, 1, '2019-07-04 10:17:48'),
(2934, 797, 1923, 1, '2019-07-04 10:17:54'),
(2935, 798, 1925, 1, '2019-07-04 10:18:04'),
(2936, 799, 1937, 1, '2019-07-04 10:42:27'),
(2937, 799, 1936, 1, '2019-07-04 10:42:31'),
(2938, 800, 1938, 1, '2019-07-04 10:42:40'),
(2939, 800, 1939, 1, '2019-07-04 10:42:44'),
(2940, 800, 1940, 1, '2019-07-04 10:42:49'),
(2941, 801, 1941, 1, '2019-07-04 10:43:00'),
(2942, 801, 1942, 1, '2019-07-04 10:43:06'),
(2943, 802, 1943, 1, '2019-07-04 10:43:22'),
(2944, 803, 1944, 1, '2019-07-04 10:43:31'),
(2945, 804, 1946, 1, '2019-07-04 10:44:02'),
(2946, 804, 1945, 1, '2019-07-04 10:44:07'),
(2947, 805, 1948, 1, '2019-07-04 10:44:18'),
(2948, 805, 1947, 1, '2019-07-04 10:44:24'),
(2949, 806, 1949, 1, '2019-07-04 10:44:35'),
(2950, 806, 1950, 1, '2019-07-04 10:44:39'),
(2951, 807, 1953, 1, '2019-07-04 10:44:49'),
(2952, 807, 1952, 1, '2019-07-04 10:44:54'),
(2953, 808, 1954, 1, '2019-07-04 10:45:06'),
(2954, 809, 1956, 1, '2019-07-04 12:06:02'),
(2955, 809, 1955, 1, '2019-07-04 12:06:07'),
(2956, 810, 1957, 1, '2019-07-04 12:06:55'),
(2957, 810, 1958, 1, '2019-07-04 12:07:02'),
(2958, 811, 1960, 1, '2019-07-04 12:07:13'),
(2959, 811, 1959, 1, '2019-07-04 12:07:17'),
(2960, 812, 1961, 1, '2019-07-04 12:07:29'),
(2961, 812, 1962, 1, '2019-07-04 12:07:34'),
(2962, 813, 1963, 1, '2019-07-04 12:07:46'),
(2963, 813, 1964, 1, '2019-07-04 12:07:51'),
(2964, 814, 1965, 1, '2019-07-04 12:08:03'),
(2965, 814, 1966, 1, '2019-07-04 12:08:08'),
(2966, 817, 1968, 1, '2019-07-04 12:09:08'),
(2967, 817, 1967, 1, '2019-07-04 12:09:14'),
(2968, 815, 1969, 1, '2019-07-04 12:09:26'),
(2969, 815, 1970, 1, '2019-07-04 12:09:31'),
(2970, 816, 1971, 1, '2019-07-04 12:09:40'),
(2971, 827, 366, 1, '2019-07-04 12:32:58'),
(2972, 827, 367, 1, '2019-07-04 12:33:04'),
(2973, 826, 369, 1, '2019-07-04 12:33:18'),
(2974, 826, 368, 1, '2019-07-04 12:33:23'),
(2975, 825, 370, 1, '2019-07-04 12:33:42'),
(2976, 825, 371, 1, '2019-07-04 12:33:46'),
(2977, 824, 372, 1, '2019-07-04 12:33:56'),
(2978, 824, 380, 1, '2019-07-04 12:34:00'),
(2979, 823, 379, 1, '2019-07-04 12:35:06'),
(2980, 823, 376, 1, '2019-07-04 12:44:01'),
(2981, 823, 377, 2, '2019-07-04 12:44:06'),
(2983, 823, 375, 1, '2019-07-04 12:44:17'),
(2984, 823, 374, 1, '2019-07-04 12:44:21'),
(2985, 822, 574, 1, '2019-07-04 12:44:43'),
(2986, 822, 575, 1, '2019-07-04 12:44:47'),
(2987, 820, 579, 1, '2019-07-04 12:44:59'),
(2988, 820, 578, 1, '2019-07-04 12:45:05'),
(2989, 821, 576, 1, '2019-07-04 12:45:15'),
(2990, 821, 577, 1, '2019-07-04 12:45:21'),
(2991, 819, 581, 1, '2019-07-04 12:45:31'),
(2992, 819, 580, 1, '2019-07-04 12:45:35'),
(2993, 818, 584, 1, '2019-07-04 12:45:44'),
(2994, 818, 582, 1, '2019-07-04 12:45:48'),
(2995, 818, 583, 1, '2019-07-04 12:46:01'),
(2997, 828, 987, 1, '2019-07-04 13:11:23'),
(2998, 828, 988, 1, '2019-07-04 13:11:27'),
(2999, 829, 992, 1, '2019-07-04 13:11:36'),
(3000, 829, 990, 1, '2019-07-04 13:11:41'),
(3001, 830, 998, 1, '2019-07-04 13:16:24'),
(3002, 830, 996, 1, '2019-07-04 13:16:29'),
(3003, 831, 1001, 1, '2019-07-04 13:16:40'),
(3004, 831, 1003, 1, '2019-07-04 13:16:45'),
(3005, 832, 1006, 1, '2019-07-04 13:16:53'),
(3006, 832, 1005, 1, '2019-07-04 13:16:58'),
(3007, 832, 1004, 1, '2019-07-04 13:17:03'),
(3008, 833, 1975, 1, '2019-07-04 13:18:34'),
(3009, 833, 1974, 2, '2019-07-04 13:18:44'),
(3010, 834, 1977, 1, '2019-07-04 13:18:53'),
(3011, 834, 1976, 1, '2019-07-04 13:18:58'),
(3012, 835, 1979, 1, '2019-07-04 13:19:07'),
(3013, 835, 1978, 1, '2019-07-04 13:19:10'),
(3014, 836, 1981, 1, '2019-07-04 13:19:30'),
(3015, 836, 1980, 2, '2019-07-04 13:19:35'),
(3016, 837, 1973, 1, '2019-07-04 13:19:47'),
(3017, 837, 1972, 1, '2019-07-04 13:19:59'),
(3018, 838, 987, 1, '2019-07-04 13:23:30'),
(3019, 838, 988, 1, '2019-07-04 13:23:35'),
(3020, 839, 992, 1, '2019-07-04 13:23:45'),
(3021, 839, 990, 1, '2019-07-04 13:23:51'),
(3022, 840, 998, 1, '2019-07-04 13:24:05'),
(3023, 840, 996, 1, '2019-07-04 13:24:10'),
(3024, 841, 1001, 1, '2019-07-04 13:24:20'),
(3025, 841, 1003, 1, '2019-07-04 13:24:28'),
(3026, 842, 1006, 1, '2019-07-04 13:24:37'),
(3027, 842, 1005, 1, '2019-07-04 13:24:42'),
(3028, 842, 1004, 1, '2019-07-04 13:24:48'),
(3029, 848, 1973, 1, '2019-07-04 13:26:01'),
(3030, 848, 1972, 1, '2019-07-04 13:26:05'),
(3031, 843, 1982, 1, '2019-07-04 13:26:15'),
(3032, 843, 1983, 2, '2019-07-04 13:26:20'),
(3033, 844, 1985, 1, '2019-07-04 13:26:29'),
(3034, 844, 1984, 1, '2019-07-04 13:26:34'),
(3035, 845, 1986, 2, '2019-07-04 13:26:44'),
(3036, 845, 1987, 1, '2019-07-04 13:26:51'),
(3037, 846, 1989, 1, '2019-07-04 13:27:02'),
(3038, 846, 1988, 1, '2019-07-04 13:27:06'),
(3039, 847, 1990, 1, '2019-07-04 13:27:17'),
(3040, 847, 1991, 2, '2019-07-04 13:27:21'),
(3041, 849, 2005, 1, '2019-07-04 15:09:02'),
(3042, 849, 2004, 1, '2019-07-04 15:09:07'),
(3043, 850, 2006, 1, '2019-07-04 15:09:16'),
(3044, 850, 2007, 2, '2019-07-04 15:09:20'),
(3045, 851, 2009, 2, '2019-07-04 15:09:31'),
(3046, 851, 2008, 1, '2019-07-04 15:09:36'),
(3047, 852, 2010, 1, '2019-07-04 15:09:46'),
(3048, 852, 2011, 1, '2019-07-04 15:09:51'),
(3049, 853, 2014, 1, '2019-07-04 15:10:00'),
(3050, 853, 2012, 1, '2019-07-04 15:10:06'),
(3051, 853, 2013, 1, '2019-07-04 15:10:11'),
(3052, 854, 2015, 1, '2019-07-04 15:10:46'),
(3054, 854, 2016, 7, '2019-07-04 15:11:40'),
(3055, 855, 1993, 1, '2019-07-04 15:12:50'),
(3056, 855, 1992, 1, '2019-07-04 15:12:54'),
(3057, 856, 1994, 2, '2019-07-04 15:13:04'),
(3058, 856, 1995, 1, '2019-07-04 15:13:09'),
(3059, 857, 1996, 2, '2019-07-04 15:13:20'),
(3060, 857, 1997, 1, '2019-07-04 15:13:25'),
(3061, 858, 1999, 2, '2019-07-04 15:13:36'),
(3062, 858, 1998, 1, '2019-07-04 15:13:42'),
(3063, 859, 2001, 1, '2019-07-04 15:13:52'),
(3064, 859, 2000, 1, '2019-07-04 15:13:59'),
(3065, 860, 2003, 1, '2019-07-04 15:14:13'),
(3066, 860, 2002, 1, '2019-07-04 15:14:18'),
(3067, 861, 2015, 1, '2019-07-04 15:14:58'),
(3068, 861, 2016, 7, '2019-07-04 15:15:05'),
(3070, 862, 310, 1, '2019-07-04 15:35:33'),
(3071, 862, 311, 1, '2019-07-04 15:35:38'),
(3072, 863, 360, 1, '2019-07-04 15:35:49'),
(3073, 863, 312, 1, '2019-07-04 15:35:54'),
(3074, 863, 313, 1, '2019-07-04 15:36:00'),
(3075, 864, 315, 1, '2019-07-04 15:36:12'),
(3076, 864, 314, 1, '2019-07-04 15:36:17'),
(3077, 865, 1606, 1, '2019-07-04 15:36:40'),
(3078, 865, 1605, 1, '2019-07-04 15:37:08'),
(3079, 865, 331, 2, '2019-07-04 15:37:13'),
(3080, 865, 329, 1, '2019-07-04 15:37:18'),
(3081, 865, 327, 1, '2019-07-04 15:37:23'),
(3082, 866, 586, 1, '2019-07-04 15:39:42'),
(3083, 866, 585, 1, '2019-07-04 15:39:46'),
(3084, 867, 587, 1, '2019-07-04 15:39:56'),
(3085, 867, 588, 1, '2019-07-04 15:40:01'),
(3086, 868, 1132, 1, '2019-07-04 15:40:18'),
(3087, 868, 590, 1, '2019-07-04 15:40:22'),
(3088, 868, 589, 1, '2019-07-04 15:40:26'),
(3089, 869, 592, 1, '2019-07-04 15:40:38'),
(3090, 869, 593, 1, '2019-07-04 15:40:42'),
(3091, 869, 1139, 1, '2019-07-04 15:40:48'),
(3092, 870, 1087, 1, '2019-07-04 15:44:04'),
(3093, 870, 1088, 1, '2019-07-04 15:44:09'),
(3094, 871, 1089, 1, '2019-07-04 15:44:18'),
(3095, 871, 1090, 1, '2019-07-04 15:44:22'),
(3096, 872, 1091, 1, '2019-07-04 15:44:33'),
(3097, 872, 1092, 1, '2019-07-04 15:44:37'),
(3098, 873, 1093, 1, '2019-07-04 15:44:51'),
(3099, 873, 1094, 1, '2019-07-04 15:44:58'),
(3100, 874, 1099, 1, '2019-07-04 15:45:41'),
(3101, 874, 1095, 1, '2019-07-04 15:45:44'),
(3102, 874, 1096, 1, '2019-07-04 15:45:48'),
(3103, 874, 1098, 1, '2019-07-04 15:45:52'),
(3104, 875, 1102, 1, '2019-07-04 15:46:03'),
(3105, 875, 1103, 1, '2019-07-04 15:46:14'),
(3106, 875, 1100, 1, '2019-07-04 15:46:20'),
(3107, 877, 1073, 1, '2019-07-05 08:36:15'),
(3108, 877, 1072, 1, '2019-07-05 08:36:20'),
(3109, 878, 1074, 1, '2019-07-05 08:36:28'),
(3110, 878, 1075, 1, '2019-07-05 08:36:35'),
(3111, 879, 1078, 1, '2019-07-05 08:36:48'),
(3112, 879, 1077, 1, '2019-07-05 08:36:52'),
(3113, 879, 1076, 1, '2019-07-05 08:36:57'),
(3114, 880, 1080, 2, '2019-07-05 08:37:08'),
(3115, 880, 1079, 2, '2019-07-05 08:37:12'),
(3116, 880, 1081, 1, '2019-07-05 08:37:16'),
(3117, 881, 1083, 3, '2019-07-05 08:37:26'),
(3118, 881, 1082, 2, '2019-07-05 08:37:30'),
(3119, 882, 1085, 1, '2019-07-05 08:37:40'),
(3120, 882, 1084, 1, '2019-07-05 08:37:43'),
(3121, 883, 1107, 1, '2019-07-05 08:39:22'),
(3122, 883, 1108, 1, '2019-07-05 08:39:26'),
(3123, 883, 1105, 1, '2019-07-05 08:39:31'),
(3124, 884, 1112, 1, '2019-07-05 08:39:41'),
(3125, 884, 1110, 1, '2019-07-05 08:39:46'),
(3126, 884, 1111, 1, '2019-07-05 08:39:50'),
(3127, 885, 1113, 1, '2019-07-05 08:40:00'),
(3128, 885, 1114, 1, '2019-07-05 08:40:04'),
(3129, 887, 1122, 1, '2019-07-05 08:40:15'),
(3130, 887, 1121, 1, '2019-07-05 08:40:20'),
(3131, 887, 1119, 1, '2019-07-05 08:40:23'),
(3132, 886, 1115, 1, '2019-07-05 08:40:52'),
(3133, 886, 1116, 1, '2019-07-05 08:40:56'),
(3134, 886, 1117, 1, '2019-07-05 08:41:00'),
(3135, 888, 1141, 1, '2019-07-05 08:43:25'),
(3136, 888, 1138, 1, '2019-07-05 08:43:29'),
(3137, 889, 1143, 1, '2019-07-05 08:43:39'),
(3138, 889, 1144, 1, '2019-07-05 08:43:45'),
(3139, 890, 1145, 1, '2019-07-05 08:43:55'),
(3140, 890, 1146, 1, '2019-07-05 08:43:59'),
(3143, 891, 1148, 1, '2019-07-05 08:44:30'),
(3144, 891, 1147, 1, '2019-07-05 08:44:35'),
(3145, 892, 1149, 1, '2019-07-05 08:44:45'),
(3146, 892, 1150, 1, '2019-07-05 08:44:49'),
(3147, 893, 1152, 1, '2019-07-05 08:45:01'),
(3148, 893, 1151, 1, '2019-07-05 08:45:07'),
(3149, 894, 1155, 1, '2019-07-05 08:45:15'),
(3150, 894, 1153, 1, '2019-07-05 08:45:19'),
(3151, 894, 1154, 1, '2019-07-05 08:45:25'),
(3152, 895, 1157, 1, '2019-07-05 08:48:00'),
(3153, 895, 1156, 1, '2019-07-05 08:48:04'),
(3154, 896, 1158, 2, '2019-07-05 08:48:13'),
(3155, 896, 1159, 3, '2019-07-05 08:48:18'),
(3156, 897, 1162, 1, '2019-07-05 08:48:27'),
(3157, 897, 1160, 1, '2019-07-05 08:48:31'),
(3158, 897, 1161, 6, '2019-07-05 08:48:35'),
(3159, 898, 1033, 1, '2019-07-05 08:52:17'),
(3160, 898, 1034, 1, '2019-07-05 08:52:21'),
(3161, 899, 1036, 2, '2019-07-05 08:52:29'),
(3162, 899, 1037, 2, '2019-07-05 08:52:33'),
(3163, 899, 1035, 2, '2019-07-05 08:52:37'),
(3164, 900, 1039, 1, '2019-07-05 08:52:48'),
(3165, 900, 1038, 1, '2019-07-05 08:52:51'),
(3166, 900, 1040, 1, '2019-07-05 08:52:55'),
(3167, 901, 1041, 1, '2019-07-05 08:53:07'),
(3168, 901, 1042, 1, '2019-07-05 08:53:11'),
(3169, 902, 1043, 1, '2019-07-05 08:53:19'),
(3170, 902, 1045, 1, '2019-07-05 08:53:23'),
(3171, 902, 1044, 2, '2019-07-05 08:53:28'),
(3172, 903, 1047, 1, '2019-07-05 08:54:10'),
(3173, 903, 1048, 1, '2019-07-05 08:54:14'),
(3174, 903, 1049, 1, '2019-07-05 08:54:18'),
(3175, 904, 1050, 1, '2019-07-05 08:54:29'),
(3176, 904, 1051, 1, '2019-07-05 08:54:33'),
(3177, 905, 1053, 1, '2019-07-05 08:54:42'),
(3178, 905, 1054, 1, '2019-07-05 08:54:46'),
(3179, 905, 1052, 1, '2019-07-05 08:54:49'),
(3180, 906, 1055, 1, '2019-07-05 08:54:59'),
(3181, 906, 1058, 1, '2019-07-05 08:55:02'),
(3182, 906, 1057, 1, '2019-07-05 08:55:06'),
(3183, 906, 1056, 1, '2019-07-05 08:55:10'),
(3201, 931, 104, 1, '2019-07-12 13:01:12'),
(3202, 931, 102, 1, '2019-07-12 13:01:16'),
(3203, 931, 103, 1, '2019-07-12 13:01:20'),
(3204, 930, 109, 1, '2019-07-12 13:01:31'),
(3205, 930, 108, 1, '2019-07-12 13:01:35'),
(3206, 930, 110, 1, '2019-07-12 13:01:39'),
(3207, 924, 107, 1, '2019-07-12 13:01:48'),
(3208, 924, 105, 1, '2019-07-12 13:01:52'),
(3209, 924, 106, 1, '2019-07-12 13:01:58'),
(3210, 929, 308, 1, '2019-07-12 13:02:16'),
(3211, 929, 264, 1, '2019-07-12 13:02:21'),
(3212, 929, 307, 2, '2019-07-12 13:02:26'),
(3213, 929, 263, 1, '2019-07-12 13:02:30'),
(3214, 929, 309, 1, '2019-07-12 13:02:36'),
(3215, 934, 21, 3, '2019-07-17 08:28:30'),
(3216, 934, 101, 1, '2019-07-17 08:28:33'),
(3217, 934, 22, 2, '2019-07-17 08:28:39'),
(3218, 932, 24, 1, '2019-07-17 08:28:48'),
(3219, 932, 23, 1, '2019-07-17 08:28:52'),
(3220, 933, 25, 1, '2019-07-17 08:29:01'),
(3221, 933, 26, 1, '2019-07-17 08:29:04'),
(3223, 936, 359, 2, '2019-07-17 08:30:07'),
(3224, 936, 355, 1, '2019-07-17 08:30:23'),
(3225, 936, 354, 1, '2019-07-17 08:30:27'),
(3226, 936, 351, 1, '2019-07-17 08:30:31'),
(3227, 936, 349, 1, '2019-07-17 08:30:34'),
(3229, 935, 334, 3, '2019-07-17 08:30:48'),
(3230, 935, 335, 2, '2019-07-17 08:30:53'),
(3231, 935, 336, 1, '2019-07-17 08:31:02'),
(3233, 937, 32, 1, '2019-07-17 08:32:05'),
(3235, 937, 31, 1, '2019-07-17 08:34:37'),
(3236, 938, 33, 1, '2019-07-17 08:34:48'),
(3237, 938, 561, 1, '2019-07-17 08:34:51'),
(3238, 938, 34, 1, '2019-07-17 08:34:55'),
(3239, 939, 35, 2, '2019-07-17 08:35:06'),
(3240, 940, 37, 1, '2019-07-17 08:40:21'),
(3241, 940, 38, 1, '2019-07-17 08:40:25'),
(3242, 941, 562, 1, '2019-07-17 08:40:36'),
(3243, 942, 572, 1, '2019-07-17 08:41:02'),
(3244, 942, 573, 1, '2019-07-17 08:41:06'),
(3245, 939, 2017, 1, '2019-07-17 08:46:57'),
(3246, 943, 2020, 1, '2019-07-17 08:47:29'),
(3247, 943, 2019, 1, '2019-07-17 08:47:35'),
(3248, 943, 2018, 1, '2019-07-17 08:47:38'),
(3249, 944, 2021, 1, '2019-07-17 08:47:49'),
(3250, 944, 2022, 1, '2019-07-17 08:47:52'),
(3251, 945, 2023, 1, '2019-07-17 08:48:02'),
(3252, 945, 2024, 1, '2019-07-17 08:48:05'),
(3253, 945, 2025, 1, '2019-07-17 08:48:08'),
(3254, 946, 2020, 1, '2019-07-17 08:49:19'),
(3255, 946, 2019, 1, '2019-07-17 08:49:23'),
(3256, 946, 2018, 1, '2019-07-17 08:49:27'),
(3257, 947, 2021, 1, '2019-07-17 08:49:38'),
(3258, 947, 2022, 1, '2019-07-17 08:49:41'),
(3259, 948, 2023, 1, '2019-07-17 08:49:50'),
(3260, 948, 2024, 1, '2019-07-17 08:49:54'),
(3261, 948, 2025, 1, '2019-07-17 08:49:57'),
(3262, 949, 2026, 1, '2019-07-23 11:03:28'),
(3263, 949, 2027, 1, '2019-07-23 11:03:33'),
(3264, 950, 2029, 1, '2019-07-23 11:03:47'),
(3265, 950, 2028, 1, '2019-07-23 11:03:55'),
(3266, 952, 2032, 2, '2019-07-23 11:04:09'),
(3267, 952, 2033, 5, '2019-07-23 11:04:16'),
(3268, 951, 2030, 1, '2019-07-23 11:04:27'),
(3269, 951, 2031, 1, '2019-07-23 11:04:34'),
(3270, 953, 2026, 1, '2019-07-23 11:05:50'),
(3271, 953, 2027, 1, '2019-07-23 11:05:56'),
(3272, 954, 2029, 1, '2019-07-23 11:06:09'),
(3273, 954, 2028, 1, '2019-07-23 11:06:16'),
(3274, 956, 2032, 2, '2019-07-23 11:06:28'),
(3275, 956, 2033, 5, '2019-07-23 11:06:35'),
(3276, 955, 2030, 1, '2019-07-23 11:06:51'),
(3277, 955, 2031, 1, '2019-07-23 11:06:57'),
(3278, 957, 2026, 1, '2019-07-23 11:07:42'),
(3279, 957, 2027, 1, '2019-07-23 11:07:52'),
(3280, 958, 2029, 1, '2019-07-23 11:08:06'),
(3281, 958, 2028, 1, '2019-07-23 11:08:13'),
(3282, 960, 2032, 2, '2019-07-23 11:08:26'),
(3283, 960, 2033, 5, '2019-07-23 11:08:33'),
(3284, 959, 2030, 1, '2019-07-23 11:08:45'),
(3285, 959, 2031, 1, '2019-07-23 11:08:53'),
(3286, 964, 2, 1, '2019-07-24 10:56:44'),
(3287, 964, 1, 1, '2019-07-24 10:56:51'),
(3288, 965, 11, 1, '2019-07-24 10:57:04'),
(3289, 965, 12, 1, '2019-07-24 10:57:11'),
(3290, 40, 14, 1, '2019-07-24 10:57:35'),
(3291, 40, 325, 2, '2019-07-24 10:57:42'),
(3292, 40, 324, 1, '2019-07-24 10:57:51'),
(3293, 40, 323, 2, '2019-07-24 10:57:58'),
(3294, 3, 324, 1, '2019-07-24 10:58:32'),
(3298, 687, 1856, 2, '2019-07-31 10:35:16');

-- --------------------------------------------------------

--
-- Structure de la table `gen_parcours`
--

CREATE TABLE `gen_parcours` (
  `id` int NOT NULL,
  `designation` text
) ENGINE=InnoDB DEFAULT CHARSET=latin1 COMMENT='Cycle';

--
-- Déchargement des données de la table `gen_parcours`
--

INSERT INTO `gen_parcours` (`id`, `designation`) VALUES
(1, 'Licence'),
(2, 'Master'),
(3, 'Doctorat'),
(4, 'Capacité');

-- --------------------------------------------------------

--
-- Structure de la table `gen_pole`
--

CREATE TABLE `gen_pole` (
  `id` int NOT NULL,
  `code` varchar(20) NOT NULL,
  `designation` varchar(100) NOT NULL,
  `responsable` int DEFAULT NULL,
  `actif` int NOT NULL DEFAULT '0'
) ENGINE=InnoDB DEFAULT CHARSET=latin1;

--
-- Déchargement des données de la table `gen_pole`
--

INSERT INTO `gen_pole` (`id`, `code`, `designation`, `responsable`, `actif`) VALUES
(1, 'LSHE', 'Lettres, Sciences Humaines et de l\'Education', 71, 0),
(2, 'STN', 'Sciences, Technologie et Numérique', 72, 0),
(3, 'SEJA', 'Sciences Economiques, Juridiques et de l\'Administration', 73, 0);

-- --------------------------------------------------------

--
-- Structure de la table `gen_programme`
--

CREATE TABLE `gen_programme` (
  `id` int NOT NULL,
  `code` varchar(45) NOT NULL,
  `intitule` varchar(100) DEFAULT NULL,
  `parcours` int NOT NULL,
  `filiere` int NOT NULL,
  `responsable` int DEFAULT NULL,
  `actif` int NOT NULL DEFAULT '0',
  `date` timestamp NOT NULL DEFAULT CURRENT_TIMESTAMP ON UPDATE CURRENT_TIMESTAMP,
  `codeMesri` varchar(10) DEFAULT NULL
) ENGINE=InnoDB DEFAULT CHARSET=latin1;

--
-- Déchargement des données de la table `gen_programme`
--

INSERT INTO `gen_programme` (`id`, `code`, `intitule`, `parcours`, `filiere`, `responsable`, `actif`, `codeMesri`) VALUES
(1, 'LANG', 'Licence Anglais', 1, 2, NULL, 0, 'I008F0B5'),
(2, 'LMAI', 'Licence Mathématiques Appliquées et Informatique', 1, 1, NULL, 0, 'I008F0B1'),
(3, 'MANG', 'Master Anglais', 2, 2, NULL, 0, 'I008F008'),
(4, 'LSOC', 'Licence Sociologie ', 1, 3, NULL, 0, 'I008F0B4'),
(5, 'LSEG', 'Licence Sciences Economiques et de Gestion', 1, 4, NULL, 0, 'I008F0B2'),
(6, 'LSJP', 'Licence Sciences Juridiques et Politiques', 1, 5, NULL, 0, 'I008F0B3'),
(7, 'LIDA', 'Licence Développement d\'applications : web mobile gaming', 1, 6, NULL, 0, 'I008F001'),
(8, 'LMIC', 'Licence Multimédia-Internet-Communication', 1, 8, NULL, 0, 'I008F0C8'),
(9, 'LAES', 'Licence Administration Economique et Sociale', 1, 7, NULL, 0, 'I008F0C7'),
(10, 'LAGN', 'Licence Arts Graphiques et Numériques', 1, 11, NULL, 0, 'I008F0B5'),
(11, 'LSJ', 'Licence Sciences Juridiques', 1, 12, NULL, 0, 'I008F0B3'),
(12, 'LSPO', 'Licence Science politique', 1, 10, NULL, 0, 'I008F004'),
(13, 'LCD', 'Licence Communication Digitale', 1, 9, NULL, 0, 'I008F003'),
(14, 'MIL', 'Master Ingénierie Logicielle', 2, 1, NULL, 0, 'I008F00C'),
(15, 'LSCE', 'Licence Sciences de l\'Education', 1, 13, NULL, 0, 'I008F005'),
(20, 'MSCE', 'Master Science de l\'éducation', 2, 13, NULL, 0, 'I008F00F'),
(21, 'CAP', 'Capacité', 4, 14, NULL, 0, 'I008F006'),
(22, 'MACG', 'Master Audit et Contrôle de Gestion', 2, 4, NULL, 0, 'I008F007'),
(23, 'MSRIV', 'Master Systèmes Réseaux et Infrastructures Virtuelles', 2, 1, NULL, 0, 'I008F00E'),
(24, 'MFC', 'Master Finance-Comptabilité', 2, 4, NULL, 0, 'I008F00B'),
(25, 'MSOC', 'Master Sociologie', 2, 3, NULL, 0, 'I008F010'),
(26, 'MMCS', 'Master Modélisation et Calcul Scientifique ', 2, 1, NULL, 0, 'I008F00D'),
(27, 'MDPR', 'Master Droit Privé', 2, 12, NULL, 0, 'I008F009'),
(28, 'MDPU', 'Master Droit Public', 2, 12, NULL, 0, 'I008F00A'),
(29, 'DIL', 'Licence Droit et Informatique - Legaltech', 1, 15, NULL, 0, NULL),
(34, 'MEE', 'Economie de l\'Environnement', 2, 4, NULL, 0, NULL);

-- --------------------------------------------------------

--
-- Structure de la table `gen_semestre`
--

CREATE TABLE `gen_semestre` (
  `id` int NOT NULL,
  `code` varchar(5) NOT NULL,
  `designation` varchar(25) NOT NULL,
  `niveau` int NOT NULL,
  `credit` int NOT NULL
) ENGINE=InnoDB DEFAULT CHARSET=latin1;

--
-- Déchargement des données de la table `gen_semestre`
--

INSERT INTO `gen_semestre` (`id`, `code`, `designation`, `niveau`, `credit`) VALUES
(1, 'S1', 'Semestre 1', 1, 30),
(2, 'S2', 'Semestre 2', 1, 30),
(3, 'S3', 'Semestre 3', 2, 30),
(4, 'S4', 'Semestre 4', 2, 30),
(5, 'S5', 'Semestre 5', 3, 30),
(6, 'S6', 'Semestre 6', 3, 30),
(7, 'MS1', 'Semestre 1', 4, 30),
(8, 'MS2', 'Semestre 2', 4, 30),
(9, 'MS3', 'Semestre 3', 5, 30),
(10, 'MS4', 'Semestre 4', 5, 30),
(11, 'CS1', 'Semestre 1', 6, 30),
(12, 'CS2', 'Semestre 2', 6, 30),
(13, 'CS3', 'Semestre 3', 7, 30),
(14, 'CS4', 'Semestre 4', 7, 30);

-- --------------------------------------------------------

--
-- Structure de la table `gen_session`
--

CREATE TABLE `gen_session` (
  `id` int NOT NULL,
  `designation` varchar(25) NOT NULL
) ENGINE=InnoDB DEFAULT CHARSET=latin1;

--
-- Déchargement des données de la table `gen_session`
--

INSERT INTO `gen_session` (`id`, `designation`) VALUES
(1, 'Normale'),
(2, 'Rattrapage');

-- --------------------------------------------------------

--
-- Structure de la table `gen_specialite`
--

CREATE TABLE `gen_specialite` (
  `id` int NOT NULL,
  `intitule` varchar(250) NOT NULL,
  `programme` int NOT NULL,
  `niveau` int DEFAULT NULL,
  `date` timestamp NOT NULL DEFAULT CURRENT_TIMESTAMP ON UPDATE CURRENT_TIMESTAMP
) ENGINE=InnoDB DEFAULT CHARSET=latin1 COMMENT='Parcours';

--
-- Déchargement des données de la table `gen_specialite`
--

INSERT INTO `gen_specialite` (`id`, `intitule`, `programme`, `niveau`) VALUES
(3, 'Religion et Societe', 4, 1),
(4, 'Travail et Organisation', 4, 1),
(5, 'Economie et Developpement', 4, 1),
(6, 'Systemes - Reseaux', 2, 2),
(7, 'Mathematiques - Appliquees', 2, 2),
(8, 'Ingenierie - logicielle', 2, 2),
(9, 'Travail et Organisation', 4, 2),
(12, 'LITTERATURES CIVILISATIONS DU MONDE ANGLOPHONE  ET LINGUISTIQUE-GRAMMAIRE', 1, 3),
(13, 'LITTERATURES CIVILISATIONS DU MONDE ANGLOPHONE', 1, 3),
(14, 'LINGUISTIQUE-GRAMMAIRE', 1, 3),
(15, 'Religion et Societe', 4, 2),
(16, 'Economie et Developpement', 4, 2),
(17, 'Religion et Societe', 4, 3),
(18, 'Religion et Societe', 4, 3),
(19, 'Societe Religions et institutions de socialisation', 25, 4),
(20, 'Sociologie des activites professionnelles', 25, 4),
(21, 'Sociologie economique, dynamiques territoriales et communication sociale', 25, 4),
(22, 'Finance-Comptabilite', 5, 3),
(23, 'Banque - Microfinance - Assurance', 5, 3),
(24, 'Petite et Moyenne Organisation', 5, 3),
(25, 'Economie', 5, 3),
(26, 'Droit Privé', 6, 3),
(27, 'Droit Public', 6, 3),
(28, 'Enseignement et Apprentissage Scolaires', 20, 4),
(29, 'Technologies de l?Éducation', 20, 4),
(30, 'Economie statistique', 5, 3),
(31, 'Droit privé', 11, 3),
(32, 'Droit public', 11, 3),
(33, 'Mathématiques', 2, 3),
(34, 'Réseaux', 2, 3),
(35, 'Génie logiciel', 2, 3),
(36, 'Société, religion et institutions de socialisation', 4, 3),
(37, 'Sociologie des activités professionnelles et sportives', 4, 3),
(38, 'Sociologie économique, dynamiques territoriales et communication', 4, 3),
(39, 'Littérature-Civilisation du monde anglophone', 3, 4),
(40, 'Linguistique-Grammaire', 3, 4),
(41, 'Systemes - Reseaux', 2, 3),
(42, 'Ingenierie - logicielle', 2, 3),
(43, 'Mathematiques - Appliquees', 2, 3),
(44, 'Web et Mobile', 7, 2),
(45, 'Jeu Vidéo', 7, 2),
(46, 'Web et Mobile', 7, 3),
(47, 'Jeu Vidéo', 7, 3);

-- --------------------------------------------------------

--
-- Structure de la table `gen_ue`
--

CREATE TABLE `gen_ue` (
  `id` int NOT NULL,
  `programme` int DEFAULT NULL,
  `semestre` int DEFAULT NULL,
  `code` varchar(45) NOT NULL,
  `credit` int DEFAULT NULL,
  `type` int NOT NULL COMMENT '1: Obligatoire, 2: optionnelle, 3: libre',
  `designation` text,
  `actif` int DEFAULT '0'
) ENGINE=InnoDB DEFAULT CHARSET=latin1;

--
-- Déchargement des données de la table `gen_ue`
--

INSERT INTO `gen_ue` (`id`, `programme`, `semestre`, `code`, `credit`, `type`, `designation`, `actif`) VALUES
(1, 1, 1, 'ANG111', 12, 1, 'Compréhension et Expression I', 0),
(2, 1, 1, 'ANG112', 12, 1, 'Grammaire et Linguistique I', 0),
(3, 1, 1, 'UVS/ANG', 6, 1, 'Ouverture et  Professionnalisation', 0),
(4, 1, 2, 'ANG121', 15, 1, 'Connaissance du monde anglophone', 0),
(6, 1, 2, ' ANG122', 15, 1, 'Traduction et redaction', 0),
(7, 2, 1, 'MAI113', 6, 1, 'Informatique I', 0),
(8, 2, 1, 'MAI111', 6, 1, 'Analyse et Algèbre I', 0),
(9, 2, 1, 'MAI112', 6, 1, 'Probabilités', 0),
(10, 2, 1, 'UVS/MAI', 6, 1, 'Ouverture et Professionnalisation', 0),
(11, 2, 2, 'MAI121', 6, 1, 'Analyse et Algèbre 2', 0),
(12, 2, 2, 'MAI122', 6, 1, 'Mathématiques Appliquées', 0),
(13, 2, 2, 'MAI123', 4, 1, 'Informatique 2', 0),
(15, 2, 2, 'MAI124', 4, 1, 'Systèmes réseaux et outils', 0),
(22, 5, 1, 'SEG111', 9, 1, 'Gestion', 0),
(23, 5, 1, 'SEG112', 9, 1, 'Economie', 0),
(24, 5, 1, 'SEG113', 6, 1, 'Techniques quantitatives', 0),
(29, 6, 1, 'SJP111', NULL, 1, 'Droits civil et constitutionnel & Science politique', 0),
(30, 6, 1, 'SJP112', NULL, 1, 'Méthodologie, Institutions et Histoire', 0),
(31, 6, 1, 'SJP113', NULL, 1, 'Ouverture et  Professionnalisation I (obligatoire)', 0),
(32, 6, 2, 'SJP121', NULL, 1, 'Droits civil et constitutionnel & Philosophie politique', 0),
(33, 6, 2, 'SJP122', NULL, 1, 'Systèmes politique et juridique & Sociologie', 0),
(34, 4, 1, 'SOCIO111', 9, 1, 'Sociologie et Anthropologie', 0),
(35, 4, 1, 'SOCIO112', 9, 1, 'Methodes et techniques de recherche', 0),
(36, 4, 1, 'SOCIO113', 6, 1, 'Démographie (obligatoire)', 0),
(38, 4, 1, 'UVS/SOCIO', 6, 1, 'Ouverture et  Professionnalisation ', 0),
(39, 4, 2, 'SOCIO121', 8, 1, 'Méthodologie II (obligatoire)', 0),
(40, 4, 2, 'SOCIO122', 7, 1, 'Psychologie (obligatoire)', 0),
(41, 4, 2, 'SOCIO123', 7, 1, 'Statistiques (obligatoire)', 0),
(42, 4, 2, 'SOCIO124', 4, 1, 'Ouverture et  Professionnalisation II (obligatoire)', 0),
(43, 9, 1, 'AES111', 8, 1, 'DROIT ET INSTITUTIONS (UE OBLIGATOIRE)', 0),
(44, 9, 1, 'UVS/AES', 6, 1, 'Ouverture et  Professionnalisation', 0),
(45, 9, 1, 'AES113', 8, 1, 'GESTION', 0),
(46, 8, 1, 'MIC111', 9, 1, 'Langues et théories de l\'information et de la communication Esthétique, écritures I', 0),
(47, 8, 1, 'MIC113', 6, 1, 'Outils et méthodes informatiques pour le multimédia Infographie I', 0),
(48, 8, 1, 'MIC112', 9, 1, 'Culture scientifique et traitement de l\'information I', 0),
(49, 1, 3, 'ANG231', 9, 1, 'Compréhension et Expression', 0),
(51, 1, 3, 'ANG232', 9, 1, 'Grammaire et Linguistique', 0),
(52, 1, 3, 'ANG233', 8, 1, 'Etudes Francophones', 0),
(53, 1, 3, 'ANG234', 4, 1, 'Ouverture et professionnalisation', 0),
(54, 1, 3, 'ANG235', 6, 1, 'Histoire de la pensée des pays anglophones', 0),
(55, 1, 4, 'ANG241', 6, 1, 'Pratique de l\'Anglai', 0),
(56, 1, 4, 'ANG242', 8, 1, 'Traduction et Rédaction', 0),
(57, 1, 4, 'ANG243', 4, 1, 'Linguistique et Grammaire', 0),
(58, 1, 4, 'ANG244', 6, 1, 'Etudes françaises', 0),
(59, 1, 4, 'ANG245', 6, 1, 'Littérature des pays anglophones', 0),
(60, 2, 3, 'MAI231', NULL, 1, 'Analyse et Algèbre III', 0),
(61, 2, 3, 'MAI232', NULL, 1, 'Probabilités statistiques II', 0),
(62, 2, 3, 'MAI233', NULL, 1, 'Informatique III', 0),
(63, 2, 4, 'MAI241', NULL, 1, 'Analyse et Algèbre IV', 0),
(64, 2, 4, 'MAI242', NULL, 1, 'Programmation et Réseaux', 0),
(65, 2, 4, 'MAI243', NULL, 1, 'Systèmes d\'Information et Bases de données (SIBD)', 0),
(66, 5, 3, 'SEG231', 10, 1, 'Gestion', 0),
(67, 5, 3, 'SEG232', 10, 1, 'Economie', 0),
(68, 5, 3, 'SEG233', 6, 1, 'Techniques quantitatives', 0),
(69, 5, 4, 'SEG241', 9, 1, 'Gestion', 0),
(70, 5, 4, 'SEG242', 6, 1, 'Economie', 0),
(71, 5, 4, 'SEG243', 8, 1, 'Droit & Psychosociologie', 0),
(72, 5, 4, 'SEG244', 7, 1, 'Ouverture et insertion professionnelle', 0),
(73, 4, 3, 'SOCIO231', 8, 1, 'Théories sociologiques', 0),
(74, 4, 3, 'SOCIO232', 8, 1, 'Méthodologie en sciences sociales', 0),
(75, 4, 3, 'SOCIO233', 8, 1, 'Histoire du Sénégal et de l\'Afrique', 0),
(76, 4, 3, 'SOCIO234', 6, 2, 'Droit et Développement (UE optionnelle)', 0),
(77, 4, 3, 'SOCIO235', 6, 2, 'Education et Famille (UE optionnelle)', 0),
(78, 4, 4, 'SOCIO241', 8, 1, 'Théories anthropologiques', 0),
(79, 4, 4, 'SOCIO242', 8, 1, 'Statistique et Informatique', 0),
(80, 4, 4, 'SOCIO243', 8, 1, 'Langues ', 0),
(81, 4, 4, 'SOCIO244', 6, 2, 'Sociologie Politique et Economique (UE optionnelle)', 0),
(82, 4, 4, 'SOCIO245', 6, 2, 'Sociologie des organisations (UE optionnelle)', 0),
(83, 6, 3, 'SJP231', NULL, 1, 'SJP231', 0),
(84, 6, 3, 'SJP232', NULL, 1, 'SJP232', 0),
(85, 6, 3, 'SJP233', NULL, 1, 'SJP233', 0),
(86, 6, 4, 'SJP241', NULL, 1, 'SJP241', 0),
(87, 6, 4, 'SJP242', NULL, 1, 'SJP242', 0),
(88, 6, 4, 'SJP243', NULL, 1, 'SJP243', 0),
(89, 2, 4, 'MAI244', NULL, 1, 'Métier Technicien en modélisation mathématiques', 0),
(91, 5, 2, 'SEG121', 10, 1, 'Gestion', 0),
(92, 5, 2, 'SEG122', 10, 1, 'Economie', 0),
(93, 5, 2, 'SEG123', 6, 1, 'Techniques quantitatives', 0),
(96, 9, 3, 'AES231', NULL, 1, 'DROIT', 0),
(97, 9, 3, 'AES232', NULL, 1, 'SCIENCES ECONOMIQUES ET SOCIALES', 0),
(98, 9, 3, 'AES233', NULL, 1, 'GESTION', 0),
(99, 9, 3, 'AES234', NULL, 1, 'OUTILS TRANSVERSAUX', 0),
(100, 11, 1, 'SJ111', 8, 1, 'Droit Public I', 0),
(101, 11, 1, 'SJ112', 8, 1, 'Droit Privé I', 0),
(102, 11, 1, 'SJ113', 4, 1, 'Science Politique I', 0),
(104, 11, 1, 'SJ114', 4, 1, 'Méthodologie et Histoire', 0),
(106, 11, 1, 'UVS/SJ', 6, 1, 'Ouverture et  Professionnalisation', 0),
(107, 12, 1, 'SPO111', 7, 1, 'SCIENCE POLITIQUE', 0),
(108, 12, 1, 'SPO112', 7, 1, 'DROIT PUBLIC', 0),
(109, 12, 1, 'SPO113', 7, 1, 'DROIT CIVIL', 0),
(111, 12, 1, 'SPO114', 3, 1, 'Méthodes', 0),
(112, 12, 1, 'UVS/SPO', 6, 1, 'Ouverture et  Professionnalisation ', 0),
(113, 5, 1, 'UVS/SEG', 6, 1, 'Ouverture et  Professionnalisation', 0),
(114, 4, 2, 'SOCIO125', 4, 2, 'Religion et Société I (optionnelle)', 0),
(117, 9, 1, 'AES112', 8, 1, 'SCIENCES ECONOMIQUES ET SOCIALES (UE OBLIGATOIRE)', 0),
(118, 13, 1, 'CD111', 8, 1, 'Théories de la communication', 0),
(119, 13, 1, 'CD112', 10, 1, 'Culture Digitale', 0),
(120, 13, 1, 'CD113', 8, 1, 'Communication visuelle', 0),
(122, 13, 1, 'UVS/CD', 4, 1, 'Professionnalisation ', 0),
(123, 2, 1, 'MAI114', 6, 1, 'Réseaux et maintenance', 0),
(124, 10, 1, 'AGN111', 6, 1, 'Arts et Sociétés', 0),
(125, 10, 1, 'AGN112', 6, 1, 'Sémiologie 1', 0),
(126, 10, 1, 'AGN113', 6, 1, 'Initiation aux outils', 0),
(127, 10, 1, 'AGN114', 6, 1, 'Infographie 1', 0),
(128, 10, 1, 'UVS/AGN', 6, 1, 'Ouverture et  Professionnalisation', 0),
(129, 8, 1, 'UVS/MIC', 6, 1, 'Ouverture et  Professionnalisation', 0),
(130, 7, 1, 'IDA111', 8, 1, 'Algorithmique et Programmation I', 0),
(131, 7, 1, 'IDA112', 6, 1, 'Initiation  à la programmation web coté client I', 0),
(132, 7, 1, 'IDA113', 4, 1, 'Technologie internet ', 0),
(133, 7, 1, 'IDA114', 6, 1, 'Introduction aux applications mobiles ', 0),
(134, 7, 1, 'UVS/IDA', 6, 1, 'Ouverture et  Professionnalisation ', 0),
(138, 28, 1, 'UVS414', NULL, 1, 'Histoire et droit comparé', 0),
(145, 14, 7, 'MIL411', 10, 1, 'Algorithmique et Logiciel', 0),
(146, 14, 7, 'MIL412', 8, 1, 'Représentation des connaissances', 0),
(147, 14, 7, 'MIL413', 4, 1, 'Interaction Homme-Machine', 0),
(149, 14, 7, 'MIL414', 8, 1, 'Ouverture et  Professionnalisation', 0),
(150, 20, 7, 'SCE411', NULL, 2, 'Pratiques Pédagogiques et innovation', 0),
(151, 20, 7, 'SCE412', NULL, 2, 'Analyse de politique éducative', 0),
(152, 20, 7, 'SCE413', NULL, 2, 'Didactique générale', 0),
(153, 20, 7, 'SCE414', NULL, 1, 'Recherche en éducation (I)', 0),
(163, 23, 7, 'MRIV411', 6, 1, 'Informatique I', 0),
(164, 23, 7, 'MRIV412', 6, 1, 'Transmission', 0),
(165, 23, 7, 'MRIV413', 6, 1, 'Virtualisation et Cloud', 0),
(166, 23, 7, 'MRIV414', 6, 1, 'Systèmes et Réseaux avancés I', 0),
(167, 23, 7, 'MRIV415', 6, 1, 'Ouverture & Professionnalisation', 0),
(168, 26, 7, 'MMCS411', 6, 1, 'Méthodes Numériques ', 0),
(170, 26, 7, 'MMCS412', 6, 1, 'Programmation scientifique I', 0),
(172, 26, 7, 'MMCS413', 5, 1, 'Mécanique des milieux continus', 0),
(173, 26, 7, 'MMCS414', 5, 1, 'Equation différentielle et phénomènes de transport', 0),
(174, 26, 7, 'MMCS415', 4, 1, 'Modélisation et simulation', 0),
(175, 26, 7, 'MMCS416', 4, 1, 'Ouverture & Professionnalisation', 0),
(176, 27, 7, 'MDPR411', 12, 1, ' Droit commercial ', 0),
(177, 27, 7, 'MDPR412', 12, 1, ' Droit civil', 0),
(178, 27, 7, 'MDPR413', 6, 1, 'Droit économique  ', 0),
(179, 27, 7, 'MDPR414', 6, 1, 'Histoire et droit compare', 0),
(180, 24, 7, 'MFC411', 9, 1, 'Outils de gestion', 0),
(181, 24, 7, 'MFC412', 9, 1, 'Comptabilite', 0),
(182, 24, 7, 'MFC413', 8, 1, 'Enseignements d\'appui', 0),
(183, 24, 7, 'UVS/MFC', 4, 1, 'Ouverture et  Professionnalisation', 0),
(184, 22, 7, 'MACG411', 12, 1, 'Outils de gestion', 0),
(185, 22, 7, 'MACG412', 12, 1, 'Enseignements fondamentaux', 0),
(186, 22, 7, 'UVS/MACG', 6, 1, 'Ouverture et  Professionnalisation', 0),
(191, 3, 7, 'ANG415', 8, 1, 'Standardisation des langues (linguistiques)', 0),
(192, 3, 7, 'ANG416', 8, 1, 'Orthographe des langues africaines(LINGUISTIQUE)', 0),
(193, 28, 7, 'MDPU414', 8, 1, 'Administration et Economie (obligatoire)', 0),
(194, 28, 7, 'MDPU411', 8, 1, 'UE 1 Droit et Economie (obligatoire)', 0),
(195, 28, 7, 'MDPU412', 8, 1, 'Droit Humanitaire et Régionalisme (obligatoire)', 0),
(196, 28, 7, 'MDPU413', 8, 1, 'Droit et Finances (obligatoire)', 0),
(197, 28, 7, 'UVS/MDPU', NULL, 1, 'Complémentaire (Obligatoire)', 0),
(198, 9, 2, 'AES121', 8, 1, 'DROIT ET INSTITUTIONS', 0),
(199, 9, 2, 'AES122', 7, 1, 'SCIENCES ECONOMIQUES ET SOCIALES', 0),
(200, 9, 2, 'AES123', 9, 1, 'GESTION', 0),
(201, 9, 2, 'AES124', 6, 1, 'OUTILS TRANVERSAUX', 0),
(216, 5, 2, 'SEG124', 4, 1, 'Ouverture et  Professionnalisation', 0),
(217, 11, 2, 'SJ121', 10, 1, 'Droit Public 2', 0),
(218, 11, 2, 'SJ122', 10, 1, 'Droit Privé 2', 0),
(219, 11, 2, 'SJ123', 6, 1, 'Droit comparé et Economie', 0),
(220, 11, 2, 'SJ124', 4, 1, 'Ouverture et  Professionnalisation', 0),
(221, 12, 2, 'SPO121', 8, 1, 'SCIENCE POLITIQUE', 0),
(222, 12, 2, 'SPO122', 8, 1, ' DROIT PUBLIC', 0),
(223, 12, 2, 'SPO123', 8, 1, 'UE3 Introduction aux Sciences sociales', 0),
(224, 12, 2, 'SPO124', 6, 1, 'UE TRANSVERSALE', 0),
(232, 2, 2, 'MAI125', 4, 1, 'Ouverture et professionnalisation', 0),
(237, 2, 2, 'MAI129', 6, 2, 'Administration système (OPTIONNELLE)', 0),
(238, 7, 2, 'IDA121', 6, 1, 'Algorithmique et Programmation 2', 0),
(239, 7, 2, 'IDA123', 6, 1, 'Programmation web coté client 3', 0),
(240, 7, 2, 'IDA122', 6, 1, 'Programmation web coté client 2', 0),
(241, 7, 2, 'IDA124', 6, 1, 'Jeu Vidéo', 0),
(242, 7, 2, 'IDA125', 6, 1, 'Ouverture et  Professionnalisation 2', 0),
(243, 13, 2, 'CD121', 10, 1, 'Technologie multimédia', 0),
(244, 13, 2, 'CD122', 7, 1, 'Introduction aux technologies WEB', 0),
(245, 13, 2, 'CD123', 9, 1, 'Connaissance des organisations', 0),
(246, 13, 2, 'CD124', 4, 1, 'UE - Ouverture et  Professionnalisation', 0),
(247, 8, 2, 'MIC121', 9, 1, 'Conduite de projet, Connaissance des organisations', 0),
(248, 8, 2, 'MIC122', 12, 1, 'Traitement de l\'information', 0),
(249, 8, 2, 'MIC123', 6, 1, 'Langue et Communication', 0),
(250, 8, 2, 'MIC124', 3, 1, 'Ecriture pour le media Numerique', 0),
(252, 10, 2, 'AGN121', 4, 1, 'Cultures africaines', 0),
(253, 10, 2, 'AGN122', 6, 1, 'Audiovisuel 1', 0),
(254, 10, 2, 'AGN123', 6, 1, 'Infographie 2', 0),
(256, 10, 2, 'AGN124', 4, 1, 'Sémiologie 2', 0),
(257, 10, 2, 'AGN125', 6, 1, 'Techniques d\'animation', 0),
(258, 10, 2, 'AGN126', 4, 1, 'Ouverture et  Professionnalisation', 0),
(259, 4, 2, 'SOCIO126', 4, 2, ' Travail et Organisation I (optionnelle)', 0),
(260, 4, 2, 'SOCIO127', 4, 2, ' Economie et Développement I (optionnelle)', 0),
(261, 2, 3, 'MAI234', NULL, 1, ' Informatique IV', 0),
(263, 8, 3, 'MIC231', 6, 1, 'Culture générale et artistique   ', 0),
(264, 8, 3, 'MIC232', 6, 1, 'connaissance de l\'environnement socio-économique   ', 0),
(265, 8, 3, 'MIC233', 6, 1, 'Culture technologique   ', 0),
(266, 8, 3, 'MIC234', 6, 1, 'Développement multimédia   ', 0),
(267, 8, 4, 'MIC241', 4, 1, 'Communication, langue et culture générale', 0),
(269, 8, 4, 'MIC242', 10, 1, 'Culture artistique et connaissance de l\'environnement socio-économique', 0),
(270, 8, 4, 'MIC243', 5, 1, 'Culture scientifique et traitement de l\'information', 0),
(271, 8, 4, 'MIC244', 6, 1, 'Création et intégration des médias numériques', 0),
(272, 8, 4, 'MIC245', 5, 1, 'PPP', 0),
(273, 4, 5, 'SOCIO351', 8, 1, 'Sociologie générale (UE obligatoire)', 0),
(274, 4, 5, 'SOCIO352', 8, 1, 'Méthodologie 1 (UE obligatoire)', 0),
(275, 4, 5, 'SOCIO353', 8, 1, 'Langue et informatique (Obligatoire)', 0),
(276, 4, 5, 'SOCIO354', 6, 2, 'Communication et Sport (UE optionnelle)', 0),
(277, 4, 5, 'SOCIO355', 6, 2, 'Développement et politiques sociales  (UE optionnelle)', 0),
(278, 1, 5, 'ANG351', 11, 1, 'Traduction et Méthodologie', 0),
(279, 1, 5, 'ANG352', 11, 1, 'Grammaire et Linguistique', 0),
(280, 1, 5, 'ANG353', 8, 1, 'Pratique de l\'Anglais', 0),
(281, 5, 5, 'SEG351/BMA', 8, 1, 'Environnement du secteur financier', 0),
(282, 5, 5, 'SEG352/BMA', 8, 1, 'Techniques bancaires', 0),
(283, 5, 5, 'SEG353/BMA', 8, 1, 'Gestion financière', 0),
(284, 5, 5, 'SEG354/BMA', 3, 1, 'Droit et réglementation', 0),
(285, 5, 5, 'SEG355/BMA', 3, 1, 'Ouverture et  Professionnalisation', 0),
(286, 5, 6, 'SEG361/BMA', 9, 1, 'Techniques des assurances', 0),
(287, 5, 6, 'SEG362/BMA', 6, 1, 'Gestion', 0),
(288, 5, 6, 'SEG363/BMA', 6, 1, 'Organisation et réglementation', 0),
(289, 5, 6, 'SEG364/BMA', 6, 1, 'Ouverture et  Professionnalisation', 0),
(290, 5, 6, 'SEG365/BMA', 3, 1, 'Projet professionnel', 0),
(292, 5, 5, 'SEG351/FC', 9, 1, 'Contrôle, finance', 0),
(293, 5, 5, 'SEG352/FC', 6, 1, 'Comptabilité', 0),
(294, 5, 5, 'SEG353/FC', 9, 1, 'Droit', 0),
(295, 5, 5, 'SEG354/FC', 6, 1, 'Pratiques et outils', 0),
(296, 5, 6, 'SEG361/FC', 12, 1, 'Comptabilité, contrôle, finance', 0),
(297, 5, 6, 'SEG362/FC', 6, 1, 'XXXX', 0),
(298, 5, 6, 'SEG363/FC', 9, 1, 'XXXX', 0),
(299, 5, 6, 'SEG364/FC', 3, 1, 'Projet professionnel', 0),
(307, 3, 7, 'ANG411', 7, 1, 'Méthodologie recherche-analyse', 0),
(308, 3, 7, 'ANG412', 7, 1, 'Traduction ', 0),
(309, 3, 7, 'ANG413', 8, 1, 'Littératures du monde anglophone (litterature civilisations du monde anglaise)', 0),
(310, 3, 7, 'ANG414', 8, 1, 'Civilisations du monde anglophone (litterature civilisations du monde anglaise)', 0),
(311, 21, 1, 'CAP111', 8, 1, 'Initiation aux études du droit 1', 0),
(312, 21, 1, 'CAP112', 8, 1, 'Les fondamentaux du droit civil et du droit pénal 1', 0),
(313, 21, 1, 'CAP113', 8, 1, 'Les fondamentaux du droit public 1', 0),
(314, 21, 1, 'CAP114', 6, 1, 'Ouverture et professionnalisation 1', 0),
(322, 5, 3, 'SEG234', 4, 1, 'Ouverture et  Professionnalisation', 0),
(323, 11, 3, 'SJ231', 8, 1, 'Droit Public 3', 0),
(324, 11, 3, 'SJ232', 8, 1, 'Droit Privé 3', 0),
(325, 11, 3, 'SJ233', 8, 1, 'Droit des Biens et Droit  Foncier', 0),
(326, 11, 3, 'SJ234', 6, 1, 'UE TRANSVERSALE', 0),
(327, 12, 3, 'SPO231', 8, 1, 'SCIENCE POLITIQUE', 0),
(328, 12, 3, 'SPO232', 6, 1, 'DROIT', 0),
(329, 12, 3, 'SPO233', 8, 1, 'RELATIONS INTERNATIONALES', 0),
(330, 12, 3, 'SPO234', 8, 1, 'TRANSVERSALE', 0),
(352, 9, 4, 'AES241', NULL, 1, 'DROIT (UE OBLIGATOIRE)', 0),
(354, 9, 4, 'AES242', NULL, 1, 'SCIENCES ECONOMIQUES ET SOCIALES (UE OBLIGATOIRE)', 0),
(355, 9, 4, 'AES243', NULL, 1, 'GESTION (UE OBLIGATOIRE)', 0),
(357, 9, 4, 'AES244', NULL, 1, 'OUTILS TRANSVERSAUX (UE OBLIGATOIRE)', 0),
(358, 12, 4, 'SPO241', 8, 1, 'SPO', 0),
(359, 12, 4, 'SPO242', 6, 1, 'DROIT', 0),
(360, 12, 4, 'SPO243', 8, 1, 'Economie / Sociologie', 0),
(363, 11, 4, 'SJ241', 8, 1, 'Droit Public 4', 0),
(364, 12, 4, 'SPO244', 8, 1, 'TRANSVERSALE', 0),
(365, 11, 4, 'SJ242', 8, 1, 'Droit Privé 4 ', 0),
(366, 11, 4, 'SJ243', 8, 1, 'Institutions et histoires administratives', 0),
(367, 11, 4, 'SJ244', 6, 1, 'TRANSVERSALE', 0),
(368, 11, 5, 'SJ351', 8, 1, 'Droit des affaires', 0),
(369, 12, 5, 'SPO351', 10, 1, 'SCIENCE POLITIQUE', 0),
(370, 12, 5, 'SPO352', 5, 1, 'Administration publique', 0),
(371, 11, 5, 'SJ352', 8, 1, 'Droit de l?entreprise', 0),
(372, 12, 5, 'SPO353', 10, 1, 'Intégrations', 0),
(373, 11, 5, 'SJ353', 8, 1, 'Contentieux', 0),
(374, 12, 5, 'SPO354', 5, 1, 'Méthodes', 0),
(375, 11, 5, 'SJ354', 6, 1, 'TRANSVERSALE', 0),
(376, NULL, 5, 'AGT351', NULL, 1, 'DROIT PUBLIC', 0),
(377, NULL, 5, 'AGT352', NULL, 1, 'POLITIQUE TERRITORIALE', 0),
(378, NULL, 5, 'AGT353', NULL, 1, 'GESTION DES COLLECTIVITES', 0),
(379, NULL, 5, 'AGT354', NULL, 1, 'OUTILS DE GESTION', 0),
(380, NULL, 5, 'GRH351', NULL, 1, 'DROIT', 0),
(381, NULL, 5, 'GRH352', NULL, 1, 'POLITIQUE DE L\'EMPLOI', 0),
(382, NULL, 5, 'GRH353', NULL, 1, 'OUTILS DE GESTION', 0),
(383, NULL, 5, 'GRH354', NULL, 1, 'OUTILS TRANSVERSAUX', 0),
(384, NULL, 5, 'ESS351', NULL, 1, 'MANAGEMENT ET GESTION DES STRUCTURES DE L\'ECONOMIE SOCIALE', 0),
(385, NULL, 5, 'ESS352', NULL, 1, 'OUTILS APPLIQUES DE GESTION', 0),
(386, NULL, 5, 'ESS353', NULL, 1, 'ENTREPRENARIAT', 0),
(387, NULL, 5, 'ESS354', NULL, 1, 'DROIT', 0),
(388, 11, 6, 'SJ361', NULL, 1, 'Droit des Affaires 2', 0),
(389, 11, 6, 'SJ362', NULL, 1, 'Droit des Entreprises 2', 0),
(390, 11, 6, 'SJ363', NULL, 1, 'UE Contentieux 2 ', 0),
(391, 12, 6, 'SPO361', 10, 1, 'SCIENCE POLITIQUE', 0),
(392, 11, 6, 'SJ364', NULL, 1, 'TRANSVERSALE ', 0),
(393, 12, 6, 'SPO362', 5, 1, 'Politique et action publique', 0),
(394, 12, 6, 'SPO363', 10, 1, 'Intégrations', 0),
(395, 11, 6, 'SJ365', NULL, 1, 'Relations intrenationales ', 0),
(396, 12, 6, 'SPO364', 5, 1, 'Ouverture et prefessionalisation', 0),
(397, NULL, 6, 'AGT361', NULL, 1, 'DROIT PUBLIC', 0),
(398, NULL, 6, 'AGT362', NULL, 1, 'GEOGRAPHIE ET GOUVERNANCE', 0),
(399, NULL, 6, 'AGT363', NULL, 1, 'OUTILS D\'INSERTION', 0),
(400, NULL, 6, 'GRH361', NULL, 1, 'DROIT', 0),
(401, NULL, 6, 'GRH362', NULL, 1, 'PRATIQUES DE GRH', 0),
(402, NULL, 6, 'GRH363', NULL, 1, 'OUTILS D\'INSERTION', 0),
(403, NULL, 6, 'ESS361', NULL, 1, 'ECONOMIE', 0),
(404, NULL, 6, 'ESS362', NULL, 1, 'OUTILS DE GESTION', 0),
(405, NULL, 6, 'ESS363', NULL, 1, 'INSERTION PROFESSIONNELLE', 0),
(406, 7, 3, 'DWMG231', NULL, 1, 'Algorithmique et Programmation 3', 0),
(408, 7, 3, 'DWMG232', NULL, 1, 'Bases de données', 0),
(409, 7, 3, 'DWMG234', NULL, 1, 'Programmation web coté serveur (fin)', 0),
(410, 7, 3, 'DWMG235', NULL, 1, 'Programmation coté client 4', 0),
(412, 4, 6, 'SOCIO361', 10, 1, 'Théories et Méthodologie (obligatoire)', 0),
(414, 4, 6, 'SOCIO362', 6, 1, 'Outils de base  (obligatoire)', 0),
(415, 7, 3, 'IDA231', 8, 1, 'Algorithmique et Programmation 3', 0),
(416, 4, 6, 'SOCIO363', 14, 1, 'Immersion dans le monde socioprofessionnel (obligatoire)', 0),
(417, 7, 3, 'IDA232', 6, 1, 'Bases de données', 0),
(418, 7, 3, 'IDA233', 6, 1, 'Programmation web coté serveur (fin)', 0),
(419, 7, 3, 'IDA234', 6, 1, 'Programmation coté client 4', 0),
(420, 7, 3, 'IDA235', 4, 1, 'Ouverture et  Professionnalisation 3', 0),
(421, 15, 1, 'SCE111', NULL, 1, 'Pédagogie générale', 0),
(422, 15, 1, 'SCE112', NULL, 1, 'Enjeux de l?adaptation scolaire', 0),
(423, 13, 3, 'CD231', 8, 1, 'Publicité', 0),
(424, 13, 3, 'CD232', 8, 1, 'Marketing', 0),
(425, 13, 3, 'CD233', 6, 1, 'Strategie de communication', 0),
(426, 13, 3, 'CD234', 8, 1, 'Ateliers arts graphiques', 0),
(427, 13, 4, 'CD241', 10, 1, 'Technologies multimédia', 0),
(428, 13, 4, 'CD242', 8, 1, 'Technologies web', 0),
(429, 13, 4, 'CD243', 8, 1, 'Management de projet', 0),
(430, 13, 4, 'CD244', 4, 1, 'Ouverture et  Professionnalisation', 0),
(436, 8, 3, 'MIC235', 6, 1, 'Communication et langue   ', 0),
(438, 8, 5, 'MIC351', 6, 1, 'Culture générale et artistique  ', 0),
(439, 8, 5, 'MIC352', 6, 1, 'Communication  et Gestion ', 0),
(440, 8, 5, 'MIC353', 6, 1, 'Culture technologique  ', 0),
(442, 8, 5, 'MIC354', 6, 1, 'Développement multimédia  ', 0),
(443, 8, 5, 'MIC355', 6, 1, 'Communication et langue  ', 0),
(444, 8, 6, 'MIC361', 6, 1, 'Culture générale et artistique  ', 0),
(445, 8, 6, 'MIC362', 6, 1, 'connaissance de l\'environnement socio-économique  ', 0),
(446, 8, 6, 'MIC363', 6, 1, 'Développement multimédia  ', 0),
(447, 8, 6, 'MIC364', 12, 1, 'Développement personnel, professionnalisation  ', 0),
(448, 10, 3, 'AGN231', 4, 1, 'Création visuelle 1', 0),
(449, 10, 3, 'AGN232', 6, 1, 'Audiovisuel 2', 0),
(450, 10, 3, 'AGN233', 6, 1, 'Infographie 3', 0),
(451, 10, 3, 'AGN234', 5, 1, 'Techniques d?animation 2', 0),
(452, 10, 3, 'AGN235', 5, 1, 'Post-production', 0),
(453, 10, 3, 'AGN236', 4, 1, 'Ouverture et Professionnalisation', 0),
(454, 13, 5, 'CD351', 10, 1, 'Audiovisuelle Numerique', 0),
(455, 13, 5, 'CD352', 8, 1, 'Communication 2.0', 0),
(456, 13, 5, 'CD353', 8, 1, 'CMS et Integration Web', 0),
(457, 13, 5, 'CD354', 4, 1, 'UE - Ouverture et  Professionnalisation', 0),
(464, 10, 4, 'AGN241', 6, 1, 'Infographie 4', 0),
(465, 10, 4, 'AGN242', 6, 1, 'Techniques d?animation 3', 0),
(466, 10, 4, 'AGN243', 6, 1, 'Audiovisuel', 0),
(467, 10, 4, 'AGN244', 6, 1, 'Post production ', 0),
(469, 10, 4, 'AGN245', 6, 1, 'Ouverture et  Professionnalisation', 0),
(470, 13, 6, 'CD361', 11, 1, 'Digital media management', 0),
(471, 13, 6, 'CD362', 11, 1, 'Veille et innovation', 0),
(472, 13, 6, 'CD363', 8, 1, 'Professionnalisation', 0),
(474, 2, 1, 'LIL111', NULL, 1, 'Mathématiques 1', 0),
(475, 2, 1, 'LIL112', NULL, 1, 'Mathématiques appliquées 1', 0),
(476, 2, 1, 'LIL113', NULL, 1, 'Informatique I', 0),
(477, 2, 1, 'LIL114', NULL, 1, 'Réseaux et maintenance', 0),
(478, 2, 1, 'LIL115', NULL, 1, 'Ouverture & Professionnalisation', 0),
(479, 10, 5, 'AGN351', 2, 1, 'Courants architecturaux et Urbanisme', 0),
(480, 10, 5, 'AGN352', 4, 1, 'Communication audio-visuelle', 0),
(481, 10, 5, 'AGN353', 4, 1, 'Infographie 5', 0),
(482, 10, 5, 'AGN354', 6, 1, 'Techniques d?animation 4', 0),
(483, 10, 5, 'AGN355', 4, 1, 'Méthodes de design', 0),
(484, 10, 5, 'AGN356', 4, 1, 'post-production', 0),
(485, 10, 5, 'AGN357', 6, 1, 'Ouverture et  Professionnalisation', 0),
(486, 2, 2, 'LIL121', NULL, 1, 'Mathématiques 2 ', 0),
(487, 2, 2, 'LIL122', NULL, 1, 'Mathématiques  Appliquées 2', 0),
(488, 2, 2, 'LIL123', NULL, 1, 'Informatique 2', 0),
(489, 10, 6, 'AGN361', 4, 1, 'Économie numérique et culturelle', 0),
(490, 10, 6, 'AGN362', 10, 1, 'Projet professionnel', 0),
(491, 10, 6, 'AGN363', 16, 1, 'Ouverture et  Professionnalisation', 0),
(493, 2, 2, 'LIL124', NULL, 1, 'Systèmes réseaux et outils', 0),
(494, 2, 2, 'LIL125', NULL, 1, 'Ouverture et professionnalisation', 0),
(495, 2, 2, 'LIL126', NULL, 1, '(OPT) Métier Certificat Statisticien 1 ', 0),
(496, 2, 2, 'LIL127', NULL, 1, 'Modélisation calcul numérique programmation scientifique (OPT)', 0),
(497, 2, 2, 'LIL128', NULL, 1, '(OPT) Enseignement de mathématiques', 0),
(498, 2, 2, 'LIL129', NULL, 1, '(OPT) Administration système', 0),
(499, NULL, 1, 'LMA111', NULL, 1, 'Mathématiques 1', 0),
(500, NULL, 1, 'LMA112', NULL, 1, 'Mathématiques appliquées 1', 0),
(501, NULL, 1, 'LMA113', NULL, 1, 'Informatique I', 0),
(503, NULL, 1, 'LMA114', NULL, 1, 'Réseaux et maintenance', 0),
(504, NULL, 1, 'LMA115', NULL, 1, 'Ouverture & Professionnalisation', 0),
(505, 2, 3, 'LIL231', NULL, 1, 'Agébre et Analyse', 0),
(506, 2, 3, 'LIL232', NULL, 1, 'Informatique 1', 0),
(507, 2, 3, 'LIL233', NULL, 1, 'Informatique 2', 0),
(508, NULL, 2, 'LMA121', NULL, 1, 'Mathématiques 2', 0),
(509, NULL, 2, 'LMA122', NULL, 1, 'Mathématiques  Appliquées 2', 0),
(510, NULL, 2, 'LMA123', NULL, 1, 'Informatique 2', 0),
(511, NULL, 2, 'LMA124', NULL, 1, 'Systèmes réseaux et outils', 0),
(512, NULL, 2, 'LMA125', NULL, 1, 'Ouverture et professionnalisation', 0),
(514, 2, 3, 'LIL234', NULL, 1, 'Réseaux et systèmes', 0),
(515, NULL, 2, 'LMA127', NULL, 1, 'Modélisation calcul numérique  programmation scientifique (opt)', 0),
(518, NULL, 2, 'LMA126', NULL, 1, 'Métier Certificat Statisticien 1 (opt)', 0),
(519, NULL, 2, 'LMA128', NULL, 1, 'Enseignement de mathématiques (opt)', 0),
(522, 2, 3, 'LIL235', NULL, 1, 'Humanité et Entreprise', 0),
(523, NULL, 2, 'LMA129', NULL, 1, 'Administration système (opt)', 0),
(524, NULL, 3, 'LMA231', NULL, 1, 'Mathématiques 3', 0),
(525, NULL, 3, 'LMA232', NULL, 1, 'Probabilités', 0),
(526, NULL, 3, 'LMA233', NULL, 1, 'Informatique 3', 0),
(527, NULL, 3, 'LMA234', NULL, 1, 'Informatique 4', 0),
(528, NULL, 3, 'LMA235', NULL, 1, 'Humanité et Entreprise', 0),
(529, NULL, 4, 'LMA241', NULL, 1, 'Mathématiques 4', 0),
(530, NULL, 4, 'LMA242', NULL, 1, 'Programmation avancée', 0),
(531, NULL, 4, 'LMA243', NULL, 1, 'Mathématiques 5', 0),
(532, NULL, 4, 'LMA244', NULL, 1, 'Ouverture et professionnalisation', 0),
(534, NULL, 4, 'LMA246', NULL, 1, 'Modélisation  et Analyse Numerique des EDO (opt)', 0),
(535, NULL, 4, 'LMA247', NULL, 1, 'Statistique Appliquée (opt)', 0),
(536, NULL, 4, 'LMA245', NULL, 1, 'SIBD (opt)', 0),
(538, NULL, 5, 'LMA351', NULL, 1, 'Théorie des groupes et géometrie', 0),
(539, NULL, 5, 'LMA352', NULL, 1, 'Modélisation et simulation', 0),
(540, NULL, 5, 'LMA353', NULL, 1, 'Optimisation', 0),
(541, NULL, 5, 'LMA354', NULL, 1, 'Topologie', 0),
(542, NULL, 5, 'LMA355', NULL, 1, 'Mesure et intégration', 0),
(543, NULL, 6, 'LMA361', NULL, 1, 'Mathématiques 6', 0),
(544, NULL, 6, 'LMA362', NULL, 1, 'Probabilités appliquées', 0),
(545, NULL, 6, 'LMA363', NULL, 1, 'Théorie du signal et outils', 0),
(546, NULL, 6, 'LMA364', NULL, 1, 'Aide aux mathématiques', 0),
(547, NULL, 6, 'LMA365', NULL, 1, 'Professionnalisation', 0),
(548, NULL, 1, 'LANUM111', NULL, 1, 'Intoduction à la Modélisation et à la simulation', 0),
(549, NULL, 1, 'LANUM112', NULL, 1, 'Mathématiques 1    ', 0),
(550, NULL, 1, 'LANUM113', NULL, 1, ' Informatique1           ', 0),
(551, NULL, 1, 'LANUM114', NULL, 1, ' Humanité et bureautique 1', 0),
(552, NULL, 2, 'LANUM121', NULL, 1, ' Calcul numérique', 0),
(553, NULL, 2, 'LANUM122', NULL, 1, 'Mathématiques 2', 0),
(554, NULL, 2, 'LANUM123', NULL, 1, ' Informatique 2', 0),
(555, NULL, 2, 'LANUM124', NULL, 1, ' Informatique 2', 0),
(556, 2, 4, 'LIL241', NULL, 1, 'Développement web', 0),
(557, 2, 4, 'LIL242', NULL, 1, 'SIBD', 0),
(558, 2, 4, 'LIL243', NULL, 1, 'Ouverture et professionnalisation', 0),
(559, 2, 4, 'LIL244', NULL, 1, 'Technicien modélisation mathématique', 0),
(560, 2, 4, 'LIL245', NULL, 1, 'Ingénierie Informatique', 0),
(561, 2, 4, 'LIL246', NULL, 1, 'Programmation', 0),
(562, NULL, 1, 'LSYR111', NULL, 1, 'Analyse et Algèbres 1', 0),
(563, NULL, 1, 'LSYR112', NULL, 1, 'Probabilités', 0),
(564, NULL, 1, 'LSYR113', NULL, 1, 'Informatique I', 0),
(565, NULL, 1, 'LSYR114', NULL, 1, 'Réseaux et maintenance', 0),
(566, NULL, 1, 'LSYR115', NULL, 1, 'Ouverture & Professionnalisation', 0),
(567, NULL, 3, 'LANUM231', NULL, 1, ' Equations diférentielles', 0),
(568, NULL, 3, 'LANUM232', NULL, 1, ' Mathématiques 3', 0),
(569, NULL, 3, 'LANUM233', NULL, 1, '  Informatique 3', 0),
(570, NULL, 3, 'LANUM234', NULL, 1, ' Humanités et bureautique', 0),
(571, NULL, 2, 'LSYR121', NULL, 1, 'Analyse et Algèbres 2', 0),
(572, NULL, 2, 'LSYR122', NULL, 1, 'Mathématiques  Appliquées 1', 0),
(573, NULL, 2, 'LSYR123', NULL, 1, 'Informatique 2', 0),
(574, 2, 5, 'LIL351', NULL, 1, 'Programmation mobile', 0),
(575, NULL, 2, 'LSYR124', NULL, 1, 'Systèmes réseaux et outils', 0),
(576, NULL, 2, 'LSYR125', NULL, 1, 'Ouverture et professionnalisation', 0),
(577, 2, 5, 'LIL352', NULL, 1, 'Qualité logiciel', 0),
(578, NULL, 2, 'LSYR126', NULL, 1, 'Métier Certificat Statisticien 1 (opt)', 0),
(579, 2, 5, 'LIL353', NULL, 1, 'Technologies du web', 0),
(580, NULL, 2, 'LSYR127', NULL, 1, 'Modélisation calcul numérique  programmation scientifique (opt)', 0),
(581, 2, 5, 'LIL354', NULL, 1, 'Sécurité informatique', 0),
(582, NULL, 2, 'LSYR128', NULL, 1, 'Enseignement de mathématiques (opt)', 0),
(583, 2, 5, 'LIL355', NULL, 1, 'Administration bases de données', 0),
(584, NULL, 2, 'LSYR129', NULL, 1, 'Administration système (opt)', 0),
(585, 2, 5, 'LIL356', NULL, 1, 'Ouverture et professionnalisation', 0),
(586, 2, 6, 'LIL361', NULL, 1, 'Programmation avancée', 0),
(587, 2, 6, 'LIL362', NULL, 1, 'Outils et modélisation du Génie logiciel', 0),
(588, 2, 6, 'LIL363', NULL, 1, 'Professionnalisation', 0),
(589, NULL, 4, 'LANUM241 ', NULL, 1, 'Analyse Numérique', 0),
(590, NULL, 4, 'LANUM242', NULL, 1, ' Mathématiques 4', 0),
(591, NULL, 4, 'LANUM243', NULL, 1, '  Physique', 0),
(592, NULL, 4, 'LANUM244', NULL, 1, 'Humanités et Bureautique', 0),
(593, 2, 3, 'LSYR231', NULL, 1, 'Analyse et algèbre 3', 0),
(594, 2, 3, 'LSYR232', NULL, 1, 'Programmation et bases de données', 0),
(595, 2, 3, 'LSYR233', NULL, 1, 'Analyse et système d\'information', 0),
(596, 2, 3, 'LSYR234', NULL, 1, 'Architecture réseaux et systèmes', 0),
(597, 2, 3, 'LSYR235', NULL, 1, 'Humanité et Entreprise', 0),
(598, NULL, 5, 'LANUM351', NULL, 1, ' Optimisation et contrôle', 0),
(599, NULL, 5, 'LANUM352', NULL, 1, ' Mathématiques 5', 0),
(600, 2, 4, 'LSYR241', NULL, 1, 'Analyse de données et optimisation', 0),
(601, NULL, 5, 'LANUM353', NULL, 1, '  Informatique 5', 0),
(602, 2, 4, 'LSYR242', NULL, 1, 'Programmation et systèmes d\'exploitation', 0),
(603, 2, 4, 'LSYR243', NULL, 1, 'Développement web', 0),
(604, NULL, 5, 'LANUM354', NULL, 1, 'Humanités 5', 0),
(605, 2, 4, 'LSYR244', NULL, 1, 'Réseaux et systèmes', 0),
(606, 2, 4, 'LSYR245', NULL, 1, 'Ouverture et professionnalisation', 0),
(607, NULL, 6, 'LANUM361', NULL, 1, 'Modélisation en économie et finance', 0),
(608, NULL, 6, 'LANUM362', NULL, 1, ' Modélisation de systèmes biologiques et de la dynamique des foules et des objets', 0),
(609, NULL, 6, 'LANUM363', NULL, 1, 'Modélisation en mécanique et physique', 0),
(610, NULL, 6, 'LANUM364', NULL, 1, '  Modélisation en système de télécommunication (OPT)', 0),
(611, 2, 5, 'LSYR351', NULL, 1, 'Systèmes embarqués et cloud', 0),
(612, 2, 5, 'LSYR352', NULL, 1, 'Programmation mobile et réseaux', 0),
(613, NULL, 6, 'LANUM366', NULL, 1, 'Projet de fin d\'etude', 0),
(615, 2, 5, 'LSYR353', NULL, 1, 'Sécurité et réseaux', 0),
(616, 2, 5, 'LSYR354', NULL, 1, 'Routage et réseaux sans fil', 0),
(617, 2, 5, 'LSYR355', NULL, 1, 'Ouverture et professionnalisation', 0),
(618, 2, 6, 'LSYR361', NULL, 1, 'Services téléphoniques', 0),
(619, 2, 6, 'LSYR362', NULL, 1, 'Réseaux d\'opérateurs', 0),
(620, 2, 6, 'LSYR363', NULL, 1, 'Professionnalisation', 0),
(621, NULL, 6, 'LANUM365', NULL, 1, ' Modélisation en systèmes robotiques (OPT)', 0),
(623, NULL, 7, 'MAP411', NULL, 1, 'Administration et Economie (obligatoire)', 0),
(624, NULL, 7, 'MAP412', NULL, 1, 'Finances DROPU (Obligatoire)', 0),
(625, NULL, 7, 'MAP413', NULL, 1, 'Environnement(Obligatoire)', 0),
(626, NULL, 7, 'MAP414', NULL, 1, ' Ouverture et professionnalisation(Obligatoire)', 0),
(627, 22, 8, 'MACG421', 12, 1, 'Audit & Fiscalité', 0),
(628, 22, 8, 'MACG422', 12, 1, 'Enseignements d\'appui', 0),
(629, 22, 8, 'MACG423', 6, 1, 'Ouverture et  Professionnalisation', 0),
(630, NULL, 8, 'MAP421', NULL, 1, 'Administration et Economie (Obligatoire) ', 0),
(631, NULL, 8, 'MAP422', NULL, 1, 'Droit et Liberté(Obligatoire)', 0),
(632, NULL, 8, 'MAP423', NULL, 1, 'Analyse et Théorie politique(Obligatoire)', 0),
(633, NULL, 8, 'MAP424', NULL, 1, 'TRANSVERSALE(obligatoire)', 0),
(634, 22, 8, 'MACG531', NULL, 1, 'Gestion', 0),
(635, 22, 8, 'MACG532', NULL, 1, 'Audit 1', 0),
(636, 22, 8, 'MACG533', NULL, 1, 'Audit 2', 0),
(637, 22, 8, 'MACG534', NULL, 1, 'Cadre règlementaire & institutionnel', 0),
(638, 22, 8, 'MACG535', NULL, 1, 'Ouverture et  Professionnalisation', 0),
(639, NULL, 9, 'MAP431', NULL, 1, 'Droit Public Interne', 0),
(640, NULL, 9, 'MAP432', NULL, 1, 'Droit Financier', 0),
(641, NULL, 9, 'MAP433', NULL, 1, 'Contentieux', 0),
(642, NULL, 9, 'MAP434', NULL, 1, 'Complémentaire', 0),
(643, NULL, 10, 'MAP541', NULL, 1, 'Stage', 0),
(644, NULL, 10, 'MAP542', NULL, 1, 'Mémoire', 0),
(645, 22, 8, 'MACG541', NULL, 1, 'Professionnalisation', 0),
(647, NULL, 7, 'MEGT411', NULL, 1, 'ANALYSE ECONOMIQUE FONDAMENTALE', 0),
(648, NULL, 7, 'MEGT412', NULL, 1, 'MANAGEMENT DES TERRITOIRES', 0),
(649, NULL, 7, 'MEGT413', NULL, 1, 'ENVIRONNEMENT JURIDIQUE & INSTITUTIONNEL', 0),
(650, NULL, 9, 'MAP531', NULL, 1, 'Droit Public Interne', 0),
(651, NULL, 7, 'MEGT414', NULL, 1, 'TECHNIQUES QUANTITATIVES', 0),
(652, NULL, 7, 'MEGT415', NULL, 1, 'Ouverture et  Professionnalisation', 0),
(653, NULL, 7, 'MDIP411', NULL, 1, 'Relations Internationales et Economie(Obligatoire)  ', 0),
(654, NULL, 7, 'MDIP412', NULL, 1, 'Droit humanitaire et justice(Obligatoire) ', 0),
(655, NULL, 7, 'MDIP413', NULL, 1, 'Régionalisme et acteurs non étatiques(Obligatoire)', 0),
(656, NULL, 7, 'MDIP414', NULL, 1, 'Complémentaire (Obligatoire)', 0),
(658, NULL, 8, 'MDIP421', NULL, 1, 'Droit  et Théorie(Obligatoire)', 0),
(659, NULL, 8, 'MDIP422', NULL, 1, 'Droits de l?Homme(Obligatoire)', 0),
(660, NULL, 8, 'MDIP423', NULL, 1, 'Histoire(Obligatoire)', 0),
(661, NULL, 8, 'MDIP424', NULL, 1, 'TRANSVERSALE(Obligatoire)', 0),
(662, NULL, 7, 'MEGT421', NULL, 1, 'GOUVERNANCE DES TERRITOIRES', 0),
(663, NULL, 7, 'MEGT422', NULL, 1, 'OUTILS DE GESTION DES COLLECTIVITES TERRITORIALES', 0),
(664, NULL, 7, 'MEGT423', NULL, 1, 'TECHNIQUES QUANTITATIVES', 0),
(665, NULL, 7, 'MEGT424', NULL, 1, 'CADRES INSTITUTIONELS & JURIDIQUES LOCAUX', 0),
(666, NULL, 9, 'MDIP531', NULL, 1, 'Droit international 1 (Obligatoire)', 0),
(667, NULL, 9, 'MDIP532', NULL, 1, 'Droit International 2 (Obligatoire)', 0),
(668, NULL, 9, 'MDIP533', NULL, 1, 'Contentieux (Obligatoire)', 0),
(669, NULL, 9, 'MDIP534', NULL, 1, 'Complémentaire (Obligatoire)', 0),
(670, NULL, 10, 'MDIP541', NULL, 1, 'Stage ', 0),
(671, NULL, 10, 'MDIP542', NULL, 1, 'Mémoire', 0),
(672, NULL, 7, 'MEGT425', NULL, 1, 'Ouverture et  Professionnalisation', 0),
(673, NULL, 8, 'MEGT531', NULL, 1, 'ECONOMIE APPLIQUEE', 0),
(674, NULL, 8, 'MEGT532', NULL, 1, 'MANAGEMENT DES TERRITOIRES', 0),
(675, NULL, 8, 'MEGT533', NULL, 1, 'OUTILS DE GESTION ET DE COMMUNICATION', 0),
(676, NULL, 9, 'MAP532', NULL, 1, 'Droit Financier', 0),
(677, NULL, 8, 'MEGT534', NULL, 1, 'Ouverture et  Professionnalisation', 0),
(678, NULL, 9, 'MAP533', NULL, 1, 'Contentieux', 0),
(679, NULL, 9, 'MAP534', NULL, 1, 'Complémentaire ', 0),
(680, NULL, 10, 'MEG541', NULL, 1, 'Professionnalisation', 0),
(681, 29, NULL, 'DIL111', 7, 1, 'UE 1', 0),
(682, 29, NULL, 'DIL112', 10, 1, 'UE 1', 0),
(683, 29, NULL, 'DIL113', 7, 1, 'UE 3', 0),
(684, 29, NULL, 'DIL114', 6, 1, 'Ouverture et  Professionnalisation', 0),
(685, 29, NULL, 'DIL121', 10, 1, 'UE 1', 0),
(686, 29, NULL, 'DIL122', 6, 1, 'UE 2', 0),
(687, 29, NULL, 'DIL123', 10, 1, 'UE 3', 0),
(688, 29, NULL, 'DIL124', 4, 1, 'Ouverture et  Professionnalisation', 0),
(689, 1, NULL, 'ANG361', 11, 1, 'Litteratures anglophones', 0),
(690, 1, NULL, 'ANG362', 11, 1, 'Civilisations des pays anglophones', 0),
(691, 1, NULL, 'ANG363', 8, 1, 'Techniques littéraires', 0),
(693, 1, NULL, 'ANG361', 11, 1, 'Multilinguisme et contact de langues', 0),
(694, 1, NULL, 'ANG362', 11, 1, 'Théories linguistiques et classification des langues', 0),
(695, 1, NULL, 'ANG363', 8, 1, 'Planification linguistique', 0),
(696, 5, NULL, 'SEG351/PMO', 6, 1, 'Finance', 0),
(697, 5, NULL, 'SEG352/PMO', 6, 1, 'Droit', 0),
(698, 5, NULL, 'SEG353/PMO', 6, 1, 'Management et Strategie', 0),
(699, 5, NULL, 'SEG354/PMO', 6, 1, 'Coneption et Representation des Organisations', 0),
(700, 5, NULL, 'SEG355/PMO', 6, 1, 'Pratiques et outils', 0),
(701, 5, NULL, 'SEG361/PMO', 10, 1, 'Gestion des organisations', 0),
(702, 5, NULL, 'SEG362/PMO', 10, 1, 'Comptabilite ? Controle - Finance', 0),
(703, 5, NULL, 'SEG363/PMO', 10, 1, 'Cadre economique et juridique', 0),
(704, 6, NULL, 'SJP351/DPR', 6, 1, 'XXX', 0),
(705, 6, NULL, 'SJP352/DPR', 6, 1, 'XXX', 0),
(706, 6, NULL, 'SJP353/DPR', 6, 1, 'XXX', 0),
(707, 6, NULL, 'SJP354/DPR', 12, 1, 'XXX', 0),
(708, 6, NULL, 'SJP361/DPR', 7, 1, 'XXX', 0),
(709, 6, NULL, 'SJP362/DPR', 6, 1, 'XXX', 0),
(710, 6, NULL, 'SJP363/DPR', 7, 1, 'XXX', 0),
(711, 6, NULL, 'SJP364/DPR', 10, 1, 'XXX', 0),
(712, 6, NULL, 'SJP364/DPU', 10, 1, 'XXX', 0),
(713, 6, NULL, 'SJP363/DPU', 6, 1, 'XXX', 0),
(714, 6, NULL, 'SJP362/DPU', 7, 1, 'XXX', 0),
(715, 6, NULL, 'SJP361/DPU', 7, 1, 'XXX', 0),
(716, 6, NULL, 'SJP351/DPU', 6, 1, 'XXX', 0),
(717, 6, NULL, 'SJP352/DPU', 6, 1, 'XXX', 0),
(718, 6, NULL, 'SJP353/DPU', 6, 1, 'XXX', 0),
(719, 6, NULL, 'SJP354/DPU', 12, 1, 'XXX', 0),
(720, 25, NULL, 'SOCIO411', 6, 1, 'Theories et paradigmes', 0),
(721, 25, NULL, 'SOCIO412', 6, 1, 'Methodologie de recherche en sciences sociales', 0),
(722, 25, NULL, 'SOCIO413', 4, 1, 'Ouverture et  Professionnalisation', 0),
(723, 25, NULL, 'SOCIO414', 7, 2, 'Religion et societes', 0),
(724, 25, NULL, 'SOCIO415', 7, 2, ' Ecole et Famille', 0),
(725, 25, NULL, 'SOCIO416', 7, 2, 'Travail et Organisation', 0),
(726, 25, NULL, 'SOCIO417', 7, 2, ' Sociologie du sport', 0),
(727, 25, NULL, 'SOCIO418', 7, 2, ' Economie et developpement', 0),
(728, 25, NULL, 'SOCIO419', 7, 2, ' Communication et medias', 0),
(729, 24, NULL, 'MFC421', 9, 1, 'Enseignements de Specialites', 0),
(730, 24, NULL, 'MFC422', 9, 1, 'Enseignements d appui 1', 0),
(731, 24, NULL, 'MFC423', 8, 1, 'Enseignements d appui 2', 0),
(732, 24, NULL, 'MFC424', 4, 1, 'Ouverture et  Professionnalisation', 0),
(733, 23, NULL, 'MRIV421', 6, 1, 'bases d?information et Authentification', 0),
(734, 23, NULL, 'MRIV422', 6, 1, 'Informatique II', 0),
(735, 23, NULL, 'MRIV423', 6, 1, 'Systemes embarques et communiquant', 0),
(736, 23, NULL, 'MRIV424', 6, 1, 'Reseaux operateurs et performances', 0),
(737, 23, NULL, 'MRIV425', 6, 1, 'Ouverture et professionnalisation', 0),
(742, 14, NULL, 'MIL421', 10, 1, 'Architecture logicielle', 0),
(743, 14, NULL, 'MIL422', 8, 1, 'Developpement logiciel', 0),
(744, 14, NULL, 'MIL423', 8, 1, 'Qualite logicielle', 0),
(745, 14, NULL, 'MIL424', 4, 1, 'Ouverture et  Professionnalisation', 0),
(746, 26, NULL, 'MMCS421', 7, 1, 'EDP 1', 0),
(747, 26, NULL, 'MMCS422', 7, 1, 'Mecanique des fluides et milieux poreux', 0),
(748, 26, NULL, 'MMCS423', 6, 1, 'Analyse de Fourier & Programmation scientifique II', 0),
(749, 26, NULL, 'MMCS424', 6, 1, 'Statistique appliquee', 0),
(750, 26, NULL, 'MMCS425', 4, 1, 'Professionnalisation', 0),
(756, 28, NULL, 'MDPU421', 8, 1, 'Droit et Economie', 0),
(757, 28, NULL, 'MDPU422', 8, 1, 'Contentieux', 0),
(758, 28, NULL, 'MDPU423', 8, 1, 'Histoire et Environnement', 0),
(759, 28, NULL, 'MDPU424', 6, 1, 'Transversale', 0),
(760, 27, NULL, 'MDPR421', 8, 1, 'Outils de communication', 0),
(761, 27, NULL, 'MDPR422', 8, 1, 'Droit penal et Science criminelle', 0),
(762, 27, NULL, 'MDPR423', 8, 1, 'Entreprise et chiffres', 0),
(763, 27, NULL, 'MDPR424', 6, 1, 'Famille', 0),
(764, 3, NULL, 'ANG421', 6, 1, 'Projet de recherche - Projet professionnel personnel', 0),
(765, 3, NULL, 'ANG422', 4, 1, 'Ouverture et professionnalisation', 0),
(766, 3, NULL, 'ANG423', 10, 1, 'Litteratures du monde anglophone', 0),
(767, 3, NULL, 'ANG424', 10, 1, 'Civilisations du monde anglophone', 0),
(768, 3, NULL, 'ANG425', 10, 1, 'Description et documentation linguistiques', 0),
(769, 3, NULL, 'ANG426', 10, 1, 'Orthographe des langues africaines', 0),
(770, 34, NULL, 'MEE411', 7, 1, 'Economie fondamentale', 0),
(771, 34, NULL, 'MEE412', 7, 1, 'Economie appliquée', 0),
(772, 34, NULL, 'MEE413', 6, 1, 'Economie & Environnement', 0),
(773, 34, NULL, 'MEE414', 6, 1, 'Economie & Energie', 0),
(775, 34, NULL, 'MEE415', 4, 1, 'Ouverture et  Professionnalisation', 0),
(776, 34, NULL, 'MEE421', 9, 1, 'Economie fondamentale et appliquee', 0),
(777, 34, NULL, 'MEE422', 9, 1, 'Calcul Economie & Techniques Quantitatives', 0),
(778, 34, NULL, 'MEE423', 8, 1, 'Economie de l\'Environnement et de l\'Energie', 0),
(779, 34, NULL, 'MEE424', 4, 1, 'Ouverture et  Professionnalisation', 0),
(780, 2, NULL, 'MAI231', 6, 1, 'Mathématiques 3', 0),
(781, 2, NULL, 'MAI232', 6, 1, 'Probabilités', 0),
(782, 2, NULL, 'MAI233', 8, 1, 'Informatique 3', 0),
(783, 2, NULL, 'MAI234', 6, 1, 'Informatique 4', 0),
(784, 2, NULL, 'MAI235', 4, 1, 'Humanité et Entreprise', 0),
(785, 2, NULL, 'MAI241', 6, 1, 'Mathématiques 4', 0),
(786, 2, NULL, 'MAI242', 8, 1, 'Programmation avancée', 0),
(787, 2, NULL, 'MAI243', 6, 1, 'Mathématiques 5', 0),
(788, 2, NULL, 'MAI244', 4, 1, 'Ouverture et professionnalisation', 0),
(789, 2, NULL, 'MAI245', 6, 2, 'SIBD', 0),
(790, 2, NULL, 'MAI246', 6, 2, 'Modélisation  et Analyse Numerique des EDO', 0),
(791, 2, NULL, 'MAI247', 6, 2, 'Statistique Appliquée', 0),
(792, 2, NULL, 'IGL231', 6, 1, 'Agébre et Analyse', 0),
(793, 2, NULL, 'IGL232', 8, 1, 'Informatique', 0),
(794, 2, NULL, 'IGL233', 6, 1, 'Informatique 1', 0),
(795, 2, NULL, 'IGL234', 6, 1, 'Réseaux et systèmes', 0),
(796, 2, NULL, 'IGL235', 4, 1, 'Humanité et Entreprise', 0),
(797, 2, NULL, 'IGL241', 6, 1, 'Développement web', 0),
(798, 2, NULL, 'IGL242', 4, 1, 'SIBD', 0),
(799, 2, NULL, 'IGL243', 4, 1, 'Ouverture et professionnalisation', 0),
(800, 2, NULL, 'IGL244', 6, 1, 'Technicien modélisation mathématique', 0),
(801, 2, NULL, 'IGL245', 4, 1, 'Ingénierie Informatique', 0),
(802, 2, NULL, 'IGL246', 6, 1, 'Programmation', 0),
(803, 2, NULL, 'RSY241', 6, 1, 'Analyse de données et optimisation', 0),
(804, 2, NULL, 'RSY242', 8, 1, 'Programmation et systèmes d\'exploitation', 0),
(805, 2, NULL, 'RSY243', 6, 1, 'Développement web', 0),
(806, 2, NULL, 'RSY244', 6, 1, 'Réseaux et systèmes', 0),
(807, 2, NULL, 'RSY245', 4, 1, 'Ouverture et professionnalisation', 0),
(808, 2, NULL, 'RSY231', 6, 1, 'Analyse et algèbre 3', 0),
(809, 2, NULL, 'RSY232', 8, 1, 'Programmation et bases de données', 0),
(810, 2, NULL, 'RSY233', 6, 1, 'Analyse et système d\'information', 0),
(811, 2, NULL, 'RSY234', 6, 1, 'Architecture réseaux et systèmes ', 0),
(812, 2, NULL, 'RSY235', 4, 1, 'Humanité et Entreprise', 0),
(813, 2, NULL, 'RSY351', 6, 1, 'Systèmes embarqués et cloud', 0),
(814, 2, NULL, 'RSY352', 6, 1, 'Programmation mobile et réseaux', 0),
(815, 2, NULL, 'RSY353', 6, 1, 'Sécurité et réseaux', 0),
(816, 2, NULL, 'RSY354', 8, 1, 'Routage et réseaux sans fil', 0),
(817, 2, NULL, 'RSY355', 4, 1, 'Ouverture et professionnalisation', 0),
(818, 2, NULL, 'RSY361', 6, 1, 'Services téléphoniques', 0),
(819, 2, NULL, 'RSY362', 6, 1, 'Réseaux d\'opérateurs', 0),
(820, 2, NULL, 'RSY363', 18, 1, 'Professionnalisation', 0),
(821, 2, NULL, 'MAI361', 6, 1, 'Mathématiques 6', 0),
(822, 2, NULL, 'MAI362', 4, 1, 'Probabilités appliquées', 0),
(823, 2, NULL, 'MAI363', 4, 1, 'Théorie du signal et outils', 0),
(824, 2, NULL, 'MAI364', 6, 1, 'Aide aux mathématiques', 0),
(825, 2, NULL, 'MAI365', 10, 1, 'Professionnalisation', 0),
(826, 2, NULL, 'MAI351', 6, 1, 'Théorie des groupes et géometrie', 0),
(827, 2, NULL, 'MAI352', 6, 1, 'Modélisation et simulation', 0),
(828, 2, NULL, 'MAI353', 6, 1, 'Optimisation', 0),
(829, 2, NULL, 'MAI354', 6, 1, 'Topologie', 0),
(830, 2, NULL, 'MAI355', 6, 1, 'Mesure et intégration', 0),
(831, 2, NULL, 'IGL351', 6, 1, 'Programmation mobile', 0),
(832, 2, NULL, 'IGL352', 6, 1, 'Qualité logiciel', 0),
(833, 2, NULL, 'IGL353', 6, 1, 'Technologies du web', 0),
(834, 2, NULL, 'IGL354', 4, 1, 'Sécurité informatique', 0),
(835, 2, NULL, 'IGL355', 4, 1, 'Administration bases de données', 0),
(836, 2, NULL, 'IGL356', 4, 1, 'Ouverture et professionnalisation', 0),
(837, 2, NULL, 'IGL361', 6, 1, 'Programmation avancée', 0),
(838, 2, NULL, 'IGL362', 6, 1, 'Outils et modélisation du Génie logiciel', 0),
(839, 2, NULL, 'IGL363', 18, 1, 'Professionnalisation', 0),
(840, 7, NULL, 'DWMO241', 8, 1, 'Programmation Orientée Objet et Mobile 1', 0),
(841, 7, NULL, 'DWMO242', 6, 1, 'Programmation Orientée Objet et Mobile 2', 0),
(842, 7, NULL, 'DWMO243', 6, 1, 'Développement d?application web 3', 0),
(843, 7, NULL, 'DWMO244', 6, 1, 'Modélisation  Orientée Objet', 0),
(844, 7, NULL, 'IDA245', 6, 3, 'Ouverture et  Professionnalisation 4', 0),
(845, 7, NULL, 'DJVG241', 6, 1, 'Programmation  3D 1', 0),
(846, 7, NULL, 'DJVG242', 4, 1, 'Jeux Mobiles', 0),
(847, 7, NULL, 'DJVG243', 6, 1, 'Outils mathématiques', 0),
(848, 7, NULL, 'DJVG244', 4, 1, 'Multimédia 1', 0),
(849, 7, NULL, 'DJVG245', 6, 1, 'Programmation 3D 2', 0),
(850, 7, NULL, 'DWMO351', 6, 1, 'Technologie connexes de développement', 0),
(851, 7, NULL, 'DWMO352', 6, 1, 'DWMO151: Architectures et applications', 0),
(852, 7, NULL, 'DWMO353', 6, 1, 'Développement d?application  web 2', 0),
(853, 7, NULL, 'DWMO354', 6, 1, 'Sécurité et optimisation', 0),
(854, 7, NULL, 'DWMO355', 6, 1, 'Ouverture et  Professionnalisation 5', 0),
(855, 7, NULL, 'DJVG351', 6, 1, 'Infographie', 0),
(856, 7, NULL, 'DJVG352', 6, 1, 'Réalisation de jeux vidéos', 0),
(857, 7, NULL, 'DJVG353', 6, 1, 'Multimédia 2', 0),
(858, 7, NULL, 'DJVG354', 4, 1, 'Programmation  3D 3', 0),
(859, 7, NULL, 'DJVG355', 4, 1, 'Sécurité et optimisation', 0),
(860, 7, NULL, 'DJVG356', 4, 1, 'Ouverture et  Professionnalisation 5', 0),
(861, 7, NULL, 'IDA361', 30, 1, 'Ouverture et  Professionnalisation 6', 0),
(862, 29, NULL, 'DIL231', NULL, 1, 'UE 1', 0),
(863, 29, NULL, 'DIL232', NULL, 1, 'UE 2', 0),
(864, 29, NULL, 'DIL233', NULL, 1, 'UE 3', 0),
(865, 29, NULL, 'DIL234', NULL, 1, 'Ouverture et  Professionnalisation', 0),
(866, 2, NULL, 'MAI126', 6, 2, 'Métier Certificat', 0),
(867, 2, NULL, 'MAI127', 6, 2, 'Modélisation calcul numérique  programmation scientifique', 0),
(868, 2, NULL, 'MAI128', 6, 2, 'Enseignement de mathématiques', 0),
(869, 25, NULL, 'SOCIO421', 8, 1, ' Management des projets', 0),
(870, 25, NULL, 'SOCIO422', 6, 1, ' Patrimoine et modernité', 0),
(871, 25, NULL, 'socio424', 10, 1, 'Immersion en milieu socioprofessionnel', 0),
(872, 25, NULL, 'socio423', 6, 1, ' Ouverture et Professionnalisation I', 0);

-- --------------------------------------------------------

--
-- Structure de la table `gir_annee_scolaire`
--

CREATE TABLE `gir_annee_scolaire` (
  `id` int NOT NULL,
  `annee` int NOT NULL,
  `anneeScolaire` varchar(10) DEFAULT NULL,
  `enCours` int NOT NULL DEFAULT '0'
) ENGINE=InnoDB DEFAULT CHARSET=latin1;

--
-- Déchargement des données de la table `gir_annee_scolaire`
--

INSERT INTO `gir_annee_scolaire` (`id`, `annee`, `anneeScolaire`, `enCours`) VALUES
(1, 2014, '2013-2014', 0),
(2, 2015, '2014-2015', 0),
(3, 2016, '2015-2016', 0),
(4, 2017, '2016-2017', 0),
(5, 2018, '2017-2018', 0),
(6, 2019, '2018-2019', 1),
(7, 2020, '2019-2020', 0);

-- --------------------------------------------------------

--
-- Structure de la table `gir_cohorte`
--

CREATE TABLE `gir_cohorte` (
  `id` int NOT NULL,
  `cohorte` varchar(50) DEFAULT NULL,
  `commentaires` varchar(25) DEFAULT NULL
) ENGINE=InnoDB DEFAULT CHARSET=latin1;

--
-- Déchargement des données de la table `gir_cohorte`
--

INSERT INTO `gir_cohorte` (`id`, `cohorte`, `commentaires`) VALUES
(1, 'Promo 1', NULL),
(2, 'Promo 2', NULL),
(3, 'Promo 3', NULL),
(4, 'Promo 4', NULL),
(5, 'Promo 5', NULL),
(6, 'Promo 6', NULL);

-- --------------------------------------------------------

--
-- Structure de la table `gir_filiere`
--

CREATE TABLE `gir_filiere` (
  `id` int NOT NULL,
  `code` varchar(20) NOT NULL,
  `designation` varchar(100) NOT NULL,
  `codeMesr` varchar(10) DEFAULT NULL,
  `pole` int DEFAULT NULL
) ENGINE=InnoDB DEFAULT CHARSET=latin1 COMMENT='Cellule pédagogique au lieu de filière';

--
-- Déchargement des données de la table `gir_filiere`
--

INSERT INTO `gir_filiere` (`id`, `code`, `designation`, `codeMesr`, `pole`) VALUES
(1, 'MAI', 'Mathématiques Appliquées et Informatique', 'I008F0B1', 2),
(2, 'ANG', 'Anglais', 'I008F0B5', 1),
(3, 'SOC', 'Sociologie', 'I008F0B4', 1),
(4, 'SEG', 'Sciences Economiques et Gestion', 'I008F0B2', 3),
(5, 'SJP', 'Sciences Juridiques et Politiques', 'I008F0B3', 3),
(6, 'IDA', 'Informatique - Développement d\'Applications (web, mobile, gaming, etc.)', 'I008F001', 2),
(7, 'AES', 'Administration Economique et Sociale', 'I008F0C7', 3),
(8, 'MIC', 'Multimédia, Internet et Communication', 'I008F0C8', 2),
(9, 'CD', 'Communication digitale', 'I008F003', 2),
(10, 'SP', 'Sciences Politiques', 'I008F004', 3),
(11, 'AGN', 'Arts Graphiques et Numériques', 'I008F002', 2),
(12, 'SJ', 'Sciences Juridiques', 'I008F0B3', 3),
(13, 'SCE', 'Sciences de l\'Education', 'I008F005', 1),
(14, 'CAP', 'Capacité', 'I008F006', 3),
(15, 'DIL', 'Droit et Informatique - Legaltech', NULL, 3);

-- --------------------------------------------------------

--
-- Structure de la table `gir_niveau`
--

CREATE TABLE `gir_niveau` (
  `id` int NOT NULL,
  `annee` varchar(10) NOT NULL,
  `niveau` varchar(2) NOT NULL,
  `niveauMesri` varchar(10) DEFAULT NULL,
  `parcours` int NOT NULL
) ENGINE=InnoDB DEFAULT CHARSET=latin1;

--
-- Déchargement des données de la table `gir_niveau`
--

INSERT INTO `gir_niveau` (`id`, `annee`, `niveau`, `niveauMesri`, `parcours`) VALUES
(1, 'Licence 1', 'L1', 'N01', 1),
(2, 'Licence 2', 'L2', 'N02', 1),
(3, 'Licence 3', 'L3', 'N03', 1),
(4, 'Master 1', 'M1', 'N04', 2),
(5, 'Master 2', 'M2', 'N05', 2),
(6, 'Capacité 1', 'C1', NULL, 4),
(7, 'Capacité 2', 'C2', NULL, 4);

-- --------------------------------------------------------

--
-- Structure de la table `gir_option`
--

CREATE TABLE `gir_option` (
  `id` int NOT NULL,
  `intitule` varchar(100) NOT NULL,
  `filiere` int NOT NULL,
  `niveau` int NOT NULL
) ENGINE=InnoDB DEFAULT CHARSET=latin1;

--
-- Déchargement des données de la table `gir_option`
--

INSERT INTO `gir_option` (`id`, `intitule`, `filiere`, `niveau`) VALUES
(1, 'Mathématique', 1, 3),
(2, 'Informatique', 1, 3),
(3, 'Anglais', 2, 3),
(4, 'Communication et Sport', 3, 3),
(5, 'Développement et politiques sociales', 3, 3),
(6, 'Droit Public', 5, 3),
(7, 'Droit Privé', 5, 3),
(8, 'Sciences Politiques', 5, 3),
(9, 'Economie sociale et solidaire', 4, 3),
(10, 'Management des petites et moyennes organisations', 4, 3),
(11, 'Finance comptabilité', 4, 3),
(12, 'Banque – microfinance – assurance', 4, 3);

--
-- Index pour les tables déchargées
--

--
-- Index pour la table `ent_users`
--
ALTER TABLE `ent_users`
  ADD PRIMARY KEY (`id`),
  ADD UNIQUE KEY `mail` (`mail`),
  ADD UNIQUE KEY `login` (`login`),
  ADD UNIQUE KEY `matricule` (`matricule`);

--
-- Index pour la table `gen_ec`
--
ALTER TABLE `gen_ec`
  ADD PRIMARY KEY (`id`),
  ADD KEY `ue` (`ue`);

--
-- Index pour la table `gen_maquette`
--
ALTER TABLE `gen_maquette`
  ADD PRIMARY KEY (`id`),
  ADD UNIQUE KEY `fk_uniq_ligne_maq` (`promo`,`programme`,`niveau`,`specialite`,`annee`),
  ADD KEY `annee_fk` (`annee`),
  ADD KEY `specialisation_fk` (`specialite`),
  ADD KEY `niveau_fk2` (`niveau`),
  ADD KEY `programme_fk3` (`programme`);

--
-- Index pour la table `gen_maquette_ue`
--
ALTER TABLE `gen_maquette_ue`
  ADD PRIMARY KEY (`id`),
  ADD UNIQUE KEY `maquette` (`maquette`,`semestre`,`ue`),
  ADD UNIQUE KEY `fk_uniq_ligne_maque` (`maquette`,`semestre`,`ue`),
  ADD KEY `maquette_fk` (`maquette`),
  ADD KEY `semestre_fk1` (`semestre`),
  ADD KEY `ue_fk3` (`ue`);

--
-- Index pour la table `gen_maquette_ue_ec`
--
ALTER TABLE `gen_maquette_ue_ec`
  ADD PRIMARY KEY (`id`),
  ADD UNIQUE KEY `maquette_ue` (`maquette_ue`,`ec`),
  ADD UNIQUE KEY `fk_uniq_ligne_maque` (`maquette_ue`,`ec`),
  ADD KEY `ec_fk1` (`ec`),
  ADD KEY `maquette_fk` (`maquette_ue`);

--
-- Index pour la table `gen_parcours`
--
ALTER TABLE `gen_parcours`
  ADD PRIMARY KEY (`id`);

--
-- Index pour la table `gen_pole`
--
ALTER TABLE `gen_pole`
  ADD PRIMARY KEY (`id`);

--
-- Index pour la table `gen_programme`
--
ALTER TABLE `gen_programme`
  ADD PRIMARY KEY (`id`),
  ADD UNIQUE KEY `code` (`code`),
  ADD UNIQUE KEY `intitule` (`intitule`),
  ADD KEY `uvs_parcours_ibfk_2` (`parcours`),
  ADD KEY `fk_filiere` (`filiere`),
  ADD KEY `fk_responsable_programme` (`responsable`);

--
-- Index pour la table `gen_semestre`
--
ALTER TABLE `gen_semestre`
  ADD PRIMARY KEY (`id`),
  ADD KEY `niveau_fk4` (`niveau`);

--
-- Index pour la table `gen_session`
--
ALTER TABLE `gen_session`
  ADD PRIMARY KEY (`id`);

--
-- Index pour la table `gen_specialite`
--
ALTER TABLE `gen_specialite`
  ADD PRIMARY KEY (`id`),
  ADD KEY `programme_fk1` (`programme`),
  ADD KEY `niveau_fk1` (`niveau`);

--
-- Index pour la table `gen_ue`
--
ALTER TABLE `gen_ue`
  ADD PRIMARY KEY (`id`),
  ADD KEY `programme` (`programme`),
  ADD KEY `uvs_semestre_ibfk_2` (`semestre`);

--
-- Index pour la table `gir_annee_scolaire`
--
ALTER TABLE `gir_annee_scolaire`
  ADD PRIMARY KEY (`id`);

--
-- Index pour la table `gir_cohorte`
--
ALTER TABLE `gir_cohorte`
  ADD PRIMARY KEY (`id`),
  ADD UNIQUE KEY `id` (`id`);

--
-- Index pour la table `gir_filiere`
--
ALTER TABLE `gir_filiere`
  ADD PRIMARY KEY (`id`);

--
-- Index pour la table `gir_niveau`
--
ALTER TABLE `gir_niveau`
  ADD PRIMARY KEY (`id`);

--
-- Index pour la table `gir_option`
--
ALTER TABLE `gir_option`
  ADD PRIMARY KEY (`id`);

--
-- AUTO_INCREMENT pour les tables déchargées
--

--
-- AUTO_INCREMENT pour la table `ent_users`
--
ALTER TABLE `ent_users`
  MODIFY `id` int NOT NULL AUTO_INCREMENT, AUTO_INCREMENT=3;

--
-- AUTO_INCREMENT pour la table `gen_ec`
--
ALTER TABLE `gen_ec`
  MODIFY `id` int NOT NULL AUTO_INCREMENT, AUTO_INCREMENT=2034;

--
-- AUTO_INCREMENT pour la table `gen_maquette`
--
ALTER TABLE `gen_maquette`
  MODIFY `id` int NOT NULL AUTO_INCREMENT, AUTO_INCREMENT=162;

--
-- AUTO_INCREMENT pour la table `gen_maquette_ue`
--
ALTER TABLE `gen_maquette_ue`
  MODIFY `id` int NOT NULL AUTO_INCREMENT, AUTO_INCREMENT=966;

--
-- AUTO_INCREMENT pour la table `gen_maquette_ue_ec`
--
ALTER TABLE `gen_maquette_ue_ec`
  MODIFY `id` int NOT NULL AUTO_INCREMENT, AUTO_INCREMENT=3299;

--
-- AUTO_INCREMENT pour la table `gen_parcours`
--
ALTER TABLE `gen_parcours`
  MODIFY `id` int NOT NULL AUTO_INCREMENT, AUTO_INCREMENT=5;

--
-- AUTO_INCREMENT pour la table `gen_pole`
--
ALTER TABLE `gen_pole`
  MODIFY `id` int NOT NULL AUTO_INCREMENT, AUTO_INCREMENT=4;

--
-- AUTO_INCREMENT pour la table `gen_programme`
--
ALTER TABLE `gen_programme`
  MODIFY `id` int NOT NULL AUTO_INCREMENT, AUTO_INCREMENT=35;

--
-- AUTO_INCREMENT pour la table `gen_semestre`
--
ALTER TABLE `gen_semestre`
  MODIFY `id` int NOT NULL AUTO_INCREMENT, AUTO_INCREMENT=15;

--
-- AUTO_INCREMENT pour la table `gen_session`
--
ALTER TABLE `gen_session`
  MODIFY `id` int NOT NULL AUTO_INCREMENT, AUTO_INCREMENT=3;

--
-- AUTO_INCREMENT pour la table `gen_specialite`
--
ALTER TABLE `gen_specialite`
  MODIFY `id` int NOT NULL AUTO_INCREMENT, AUTO_INCREMENT=48;

--
-- AUTO_INCREMENT pour la table `gen_ue`
--
ALTER TABLE `gen_ue`
  MODIFY `id` int NOT NULL AUTO_INCREMENT, AUTO_INCREMENT=873;

--
-- AUTO_INCREMENT pour la table `gir_annee_scolaire`
--
ALTER TABLE `gir_annee_scolaire`
  MODIFY `id` int NOT NULL AUTO_INCREMENT, AUTO_INCREMENT=8;

--
-- AUTO_INCREMENT pour la table `gir_cohorte`
--
ALTER TABLE `gir_cohorte`
  MODIFY `id` int NOT NULL AUTO_INCREMENT, AUTO_INCREMENT=7;

--
-- AUTO_INCREMENT pour la table `gir_filiere`
--
ALTER TABLE `gir_filiere`
  MODIFY `id` int NOT NULL AUTO_INCREMENT, AUTO_INCREMENT=16;

--
-- AUTO_INCREMENT pour la table `gir_niveau`
--
ALTER TABLE `gir_niveau`
  MODIFY `id` int NOT NULL AUTO_INCREMENT, AUTO_INCREMENT=8;

--
-- AUTO_INCREMENT pour la table `gir_option`
--
ALTER TABLE `gir_option`
  MODIFY `id` int NOT NULL AUTO_INCREMENT, AUTO_INCREMENT=13;

--
-- Contraintes pour les tables déchargées
--

--
-- Contraintes pour la table `gen_ec`
--
ALTER TABLE `gen_ec`
  ADD CONSTRAINT `uvs_ec_ibfk_1` FOREIGN KEY (`ue`) REFERENCES `gen_ue` (`id`);

--
-- Contraintes pour la table `gen_maquette`
--
ALTER TABLE `gen_maquette`
  ADD CONSTRAINT `annee_fk3` FOREIGN KEY (`annee`) REFERENCES `gir_annee_scolaire` (`id`),
  ADD CONSTRAINT `niveau_fk3` FOREIGN KEY (`niveau`) REFERENCES `gir_niveau` (`id`),
  ADD CONSTRAINT `programme_fk3` FOREIGN KEY (`programme`) REFERENCES `gen_programme` (`id`),
  ADD CONSTRAINT `promo_fk` FOREIGN KEY (`promo`) REFERENCES `gir_cohorte` (`id`),
  ADD CONSTRAINT `specialite_fk3` FOREIGN KEY (`specialite`) REFERENCES `gen_specialite` (`id`);

--
-- Contraintes pour la table `gen_maquette_ue`
--
ALTER TABLE `gen_maquette_ue`
  ADD CONSTRAINT `maquette_fk` FOREIGN KEY (`maquette`) REFERENCES `gen_maquette` (`id`),
  ADD CONSTRAINT `semestre_fk1` FOREIGN KEY (`semestre`) REFERENCES `gen_semestre` (`id`),
  ADD CONSTRAINT `ue_fk3` FOREIGN KEY (`ue`) REFERENCES `gen_ue` (`id`);

--
-- Contraintes pour la table `gen_maquette_ue_ec`
--
ALTER TABLE `gen_maquette_ue_ec`
  ADD CONSTRAINT `ec_fk4` FOREIGN KEY (`ec`) REFERENCES `gen_ec` (`id`),
  ADD CONSTRAINT `maquette_ue_fk` FOREIGN KEY (`maquette_ue`) REFERENCES `gen_maquette_ue` (`id`);

--
-- Contraintes pour la table `gen_programme`
--
ALTER TABLE `gen_programme`
  ADD CONSTRAINT `fk_filiere` FOREIGN KEY (`filiere`) REFERENCES `gir_filiere` (`id`),
  ADD CONSTRAINT `fk_responsable_programme` FOREIGN KEY (`responsable`) REFERENCES `ent_users` (`id`),
  ADD CONSTRAINT `uvs_parcours_ibfk_1` FOREIGN KEY (`parcours`) REFERENCES `gen_parcours` (`id`);

--
-- Contraintes pour la table `gen_semestre`
--
ALTER TABLE `gen_semestre`
  ADD CONSTRAINT `niveau_fk4` FOREIGN KEY (`niveau`) REFERENCES `gir_niveau` (`id`);

--
-- Contraintes pour la table `gen_specialite`
--
ALTER TABLE `gen_specialite`
  ADD CONSTRAINT `fk_niveau_scpecialite` FOREIGN KEY (`niveau`) REFERENCES `gir_niveau` (`id`),
  ADD CONSTRAINT `fk_programme_scpecialite` FOREIGN KEY (`programme`) REFERENCES `gen_programme` (`id`);

--
-- Contraintes pour la table `gen_ue`
--
ALTER TABLE `gen_ue`
  ADD CONSTRAINT `fk_ue_programme1` FOREIGN KEY (`programme`) REFERENCES `gen_programme` (`id`),
  ADD CONSTRAINT `fk_ue_semestre` FOREIGN KEY (`semestre`) REFERENCES `gen_semestre` (`id`);
COMMIT;

/*!40101 SET CHARACTER_SET_CLIENT=@OLD_CHARACTER_SET_CLIENT */;
/*!40101 SET CHARACTER_SET_RESULTS=@OLD_CHARACTER_SET_RESULTS */;
/*!40101 SET COLLATION_CONNECTION=@OLD_COLLATION_CONNECTION */;
